#SampleID,BarcodeSequence,LinkerPrimerSequence,ELN,UnileverSampleID,UnileverStudyNumber,UnileverStudyName,ExternalStudyNumber,ControlSample,ControlID,SampleCollectionDate,SampleCollectionCountry,SampleCollectionCity,SubjectID,Age,Height,Weight,BMI,Sex,Smoker,SmokerInHouse,Ethnicity,FitzpatrickGroup,Menopause,PetsInHouse,WorksWithAnimals,Product,ProductCode,ProductType,Timepoint,TimepointName,InvestigationType,SampleType,VariableRegion,SequencingPlatform,ForwardPrimer,ReversePrimer,Bodysite,SampleSite,SampleSide,SampleCollectionArea,SkinCondition,ImageCaptured,pH,SCORAD,Skicon,TEWL,SebumLevel,VisualDryness,Description
11001,NA,NA,EXP-20-AT8467,,ORL_GUM_2787,Unilever Multisite Microbiome Analysis,NA,No,NA,NA,NA,NA,S001,44,NA,NA,NA,Female,NA,NA,NA,NA,NA,NA,NA,NA,NA,NA,NA,NA,16S,Plaque,V1-V2,Illumina,GAGTTTGATCMTGGCTCAG,TGCTGCCTCCCGTAGGAGT,OralCavity,Plaque,NA,NA,NA,No,NA,NA,NA,NA,NA,NA,11001
11002,NA,NA,EXP-20-AT8467,,ORL_GUM_2787,Unilever Multisite Microbiome Analysis,NA,No,NA,NA,NA,NA,S002,44,NA,NA,NA,Female,NA,NA,NA,NA,NA,NA,NA,NA,NA,NA,NA,NA,16S,Plaque,V1-V2,Illumina,GAGTTTGATCMTGGCTCAG,TGCTGCCTCCCGTAGGAGT,OralCavity,Plaque,NA,NA,NA,No,NA,NA,NA,NA,NA,NA,11002
11003,NA,NA,EXP-20-AT8467,,ORL_GUM_2787,Unilever Multisite Microbiome Analysis,NA,No,NA,NA,NA,NA,S004,37,NA,NA,NA,Female,NA,NA,NA,NA,NA,NA,NA,NA,NA,NA,NA,NA,16S,Plaque,V1-V2,Illumina,GAGTTTGATCMTGGCTCAG,TGCTGCCTCCCGTAGGAGT,OralCavity,Plaque,NA,NA,NA,No,NA,NA,NA,NA,NA,NA,11003
11004,NA,NA,EXP-20-AT8467,,ORL_GUM_2787,Unilever Multisite Microbiome Analysis,NA,No,NA,NA,NA,NA,S005,55,NA,NA,NA,Male,NA,NA,NA,NA,NA,NA,NA,NA,NA,NA,NA,NA,16S,Plaque,V1-V2,Illumina,GAGTTTGATCMTGGCTCAG,TGCTGCCTCCCGTAGGAGT,OralCavity,Plaque,NA,NA,NA,No,NA,NA,NA,NA,NA,NA,11004
11005,NA,NA,EXP-20-AT8467,,ORL_GUM_2787,Unilever Multisite Microbiome Analysis,NA,No,NA,NA,NA,NA,S007,33,NA,NA,NA,Female,NA,NA,NA,NA,NA,NA,NA,NA,NA,NA,NA,NA,16S,Plaque,V1-V2,Illumina,GAGTTTGATCMTGGCTCAG,TGCTGCCTCCCGTAGGAGT,OralCavity,Plaque,NA,NA,NA,No,NA,NA,NA,NA,NA,NA,11005
11006,NA,NA,EXP-20-AT8467,,ORL_GUM_2787,Unilever Multisite Microbiome Analysis,NA,No,NA,NA,NA,NA,S008,43,NA,NA,NA,Female,NA,NA,NA,NA,NA,NA,NA,NA,NA,NA,NA,NA,16S,Plaque,V1-V2,Illumina,GAGTTTGATCMTGGCTCAG,TGCTGCCTCCCGTAGGAGT,OralCavity,Plaque,NA,NA,NA,No,NA,NA,NA,NA,NA,NA,11006
11007,NA,NA,EXP-20-AT8467,,ORL_GUM_2787,Unilever Multisite Microbiome Analysis,NA,No,NA,NA,NA,NA,S010,53,NA,NA,NA,Male,NA,NA,NA,NA,NA,NA,NA,NA,NA,NA,NA,NA,16S,Plaque,V1-V2,Illumina,GAGTTTGATCMTGGCTCAG,TGCTGCCTCCCGTAGGAGT,OralCavity,Plaque,NA,NA,NA,No,NA,NA,NA,NA,NA,NA,11007
11008,NA,NA,EXP-20-AT8467,,ORL_GUM_2787,Unilever Multisite Microbiome Analysis,NA,No,NA,NA,NA,NA,S015,46,NA,NA,NA,Female,NA,NA,NA,NA,NA,NA,NA,NA,NA,NA,NA,NA,16S,Plaque,V1-V2,Illumina,GAGTTTGATCMTGGCTCAG,TGCTGCCTCCCGTAGGAGT,OralCavity,Plaque,NA,NA,NA,No,NA,NA,NA,NA,NA,NA,11008
11009,NA,NA,EXP-20-AT8467,,ORL_GUM_2787,Unilever Multisite Microbiome Analysis,NA,No,NA,NA,NA,NA,S016,28,NA,NA,NA,Male,NA,NA,NA,NA,NA,NA,NA,NA,NA,NA,NA,NA,16S,Plaque,V1-V2,Illumina,GAGTTTGATCMTGGCTCAG,TGCTGCCTCCCGTAGGAGT,OralCavity,Plaque,NA,NA,NA,No,NA,NA,NA,NA,NA,NA,11009
11010,NA,NA,EXP-20-AT8467,,ORL_GUM_2787,Unilever Multisite Microbiome Analysis,NA,No,NA,NA,NA,NA,S018,54,NA,NA,NA,Female,NA,NA,NA,NA,NA,NA,NA,NA,NA,NA,NA,NA,16S,Plaque,V1-V2,Illumina,GAGTTTGATCMTGGCTCAG,TGCTGCCTCCCGTAGGAGT,OralCavity,Plaque,NA,NA,NA,No,NA,NA,NA,NA,NA,NA,11010
11011,NA,NA,EXP-20-AT8467,,ORL_GUM_2787,Unilever Multisite Microbiome Analysis,NA,No,NA,NA,NA,NA,S020,42,NA,NA,NA,Male,NA,NA,NA,NA,NA,NA,NA,NA,NA,NA,NA,NA,16S,Plaque,V1-V2,Illumina,GAGTTTGATCMTGGCTCAG,TGCTGCCTCCCGTAGGAGT,OralCavity,Plaque,NA,NA,NA,No,NA,NA,NA,NA,NA,NA,11011
11012,NA,NA,EXP-20-AT8467,,ORL_GUM_2787,Unilever Multisite Microbiome Analysis,NA,No,NA,NA,NA,NA,S022,41,NA,NA,NA,Female,NA,NA,NA,NA,NA,NA,NA,NA,NA,NA,NA,NA,16S,Plaque,V1-V2,Illumina,GAGTTTGATCMTGGCTCAG,TGCTGCCTCCCGTAGGAGT,OralCavity,Plaque,NA,NA,NA,No,NA,NA,NA,NA,NA,NA,11012
11013,NA,NA,EXP-20-AT8467,,ORL_GUM_2787,Unilever Multisite Microbiome Analysis,NA,No,NA,NA,NA,NA,S023,43,NA,NA,NA,Female,NA,NA,NA,NA,NA,NA,NA,NA,NA,NA,NA,NA,16S,Plaque,V1-V2,Illumina,GAGTTTGATCMTGGCTCAG,TGCTGCCTCCCGTAGGAGT,OralCavity,Plaque,NA,NA,NA,No,NA,NA,NA,NA,NA,NA,11013
11014,NA,NA,EXP-20-AT8467,,ORL_GUM_2787,Unilever Multisite Microbiome Analysis,NA,No,NA,NA,NA,NA,S024,46,NA,NA,NA,Female,NA,NA,NA,NA,NA,NA,NA,NA,NA,NA,NA,NA,16S,Plaque,V1-V2,Illumina,GAGTTTGATCMTGGCTCAG,TGCTGCCTCCCGTAGGAGT,OralCavity,Plaque,NA,NA,NA,No,NA,NA,NA,NA,NA,NA,11014
11015,NA,NA,EXP-20-AT8467,,ORL_GUM_2787,Unilever Multisite Microbiome Analysis,NA,No,NA,NA,NA,NA,S025,42,NA,NA,NA,Female,NA,NA,NA,NA,NA,NA,NA,NA,NA,NA,NA,NA,16S,Plaque,V1-V2,Illumina,GAGTTTGATCMTGGCTCAG,TGCTGCCTCCCGTAGGAGT,OralCavity,Plaque,NA,NA,NA,No,NA,NA,NA,NA,NA,NA,11015
11016,NA,NA,EXP-20-AT8467,,ORL_GUM_2787,Unilever Multisite Microbiome Analysis,NA,No,NA,NA,NA,NA,S027,38,NA,NA,NA,Female,NA,NA,NA,NA,NA,NA,NA,NA,NA,NA,NA,NA,16S,Plaque,V1-V2,Illumina,GAGTTTGATCMTGGCTCAG,TGCTGCCTCCCGTAGGAGT,OralCavity,Plaque,NA,NA,NA,No,NA,NA,NA,NA,NA,NA,11016
11017,NA,NA,EXP-20-AT8467,,ORL_GUM_2787,Unilever Multisite Microbiome Analysis,NA,No,NA,NA,NA,NA,S028,46,NA,NA,NA,Male,NA,NA,NA,NA,NA,NA,NA,NA,NA,NA,NA,NA,16S,Plaque,V1-V2,Illumina,GAGTTTGATCMTGGCTCAG,TGCTGCCTCCCGTAGGAGT,OralCavity,Plaque,NA,NA,NA,No,NA,NA,NA,NA,NA,NA,11017
11018,NA,NA,EXP-20-AT8467,,ORL_GUM_2787,Unilever Multisite Microbiome Analysis,NA,No,NA,NA,NA,NA,S029,29,NA,NA,NA,Female,NA,NA,NA,NA,NA,NA,NA,NA,NA,NA,NA,NA,16S,Plaque,V1-V2,Illumina,GAGTTTGATCMTGGCTCAG,TGCTGCCTCCCGTAGGAGT,OralCavity,Plaque,NA,NA,NA,No,NA,NA,NA,NA,NA,NA,11018
11019,NA,NA,EXP-20-AT8467,,ORL_GUM_2787,Unilever Multisite Microbiome Analysis,NA,No,NA,NA,NA,NA,S030,43,NA,NA,NA,Female,NA,NA,NA,NA,NA,NA,NA,NA,NA,NA,NA,NA,16S,Plaque,V1-V2,Illumina,GAGTTTGATCMTGGCTCAG,TGCTGCCTCCCGTAGGAGT,OralCavity,Plaque,NA,NA,NA,No,NA,NA,NA,NA,NA,NA,11019
11020,NA,NA,EXP-20-AT8467,,ORL_GUM_2787,Unilever Multisite Microbiome Analysis,NA,No,NA,NA,NA,NA,S032,59,NA,NA,NA,Female,NA,NA,NA,NA,NA,NA,NA,NA,NA,NA,NA,NA,16S,Plaque,V1-V2,Illumina,GAGTTTGATCMTGGCTCAG,TGCTGCCTCCCGTAGGAGT,OralCavity,Plaque,NA,NA,NA,No,NA,NA,NA,NA,NA,NA,11020
11083,NA,NA,EXP-20-AT8467,,ORL_GUM_2787,Unilever Multisite Microbiome Analysis,NA,No,NA,NA,NA,NA,S034,35,NA,NA,NA,Male,NA,NA,NA,NA,NA,NA,NA,NA,NA,NA,NA,NA,16S,Plaque,V1-V2,Illumina,GAGTTTGATCMTGGCTCAG,TGCTGCCTCCCGTAGGAGT,OralCavity,Plaque,NA,NA,NA,No,NA,NA,NA,NA,NA,NA,11083
11084,NA,NA,EXP-20-AT8467,,ORL_GUM_2787,Unilever Multisite Microbiome Analysis,NA,No,NA,NA,NA,NA,S037,23,NA,NA,NA,Female,NA,NA,NA,NA,NA,NA,NA,NA,NA,NA,NA,NA,16S,Plaque,V1-V2,Illumina,GAGTTTGATCMTGGCTCAG,TGCTGCCTCCCGTAGGAGT,OralCavity,Plaque,NA,NA,NA,No,NA,NA,NA,NA,NA,NA,11084
11085,NA,NA,EXP-20-AT8467,,ORL_GUM_2787,Unilever Multisite Microbiome Analysis,NA,No,NA,NA,NA,NA,S038,39,NA,NA,NA,Female,NA,NA,NA,NA,NA,NA,NA,NA,NA,NA,NA,NA,16S,Plaque,V1-V2,Illumina,GAGTTTGATCMTGGCTCAG,TGCTGCCTCCCGTAGGAGT,OralCavity,Plaque,NA,NA,NA,No,NA,NA,NA,NA,NA,NA,11085
11086,NA,NA,EXP-20-AT8467,,ORL_GUM_2787,Unilever Multisite Microbiome Analysis,NA,No,NA,NA,NA,NA,S039,46,NA,NA,NA,Female,NA,NA,NA,NA,NA,NA,NA,NA,NA,NA,NA,NA,16S,Plaque,V1-V2,Illumina,GAGTTTGATCMTGGCTCAG,TGCTGCCTCCCGTAGGAGT,OralCavity,Plaque,NA,NA,NA,No,NA,NA,NA,NA,NA,NA,11086
11087,NA,NA,EXP-20-AT8467,,ORL_GUM_2787,Unilever Multisite Microbiome Analysis,NA,No,NA,NA,NA,NA,S040,43,NA,NA,NA,Female,NA,NA,NA,NA,NA,NA,NA,NA,NA,NA,NA,NA,16S,Plaque,V1-V2,Illumina,GAGTTTGATCMTGGCTCAG,TGCTGCCTCCCGTAGGAGT,OralCavity,Plaque,NA,NA,NA,No,NA,NA,NA,NA,NA,NA,11087
11088,NA,NA,EXP-20-AT8467,,ORL_GUM_2787,Unilever Multisite Microbiome Analysis,NA,No,NA,NA,NA,NA,S041,37,NA,NA,NA,Female,NA,NA,NA,NA,NA,NA,NA,NA,NA,NA,NA,NA,16S,Plaque,V1-V2,Illumina,GAGTTTGATCMTGGCTCAG,TGCTGCCTCCCGTAGGAGT,OralCavity,Plaque,NA,NA,NA,No,NA,NA,NA,NA,NA,NA,11088
11089,NA,NA,EXP-20-AT8467,,ORL_GUM_2787,Unilever Multisite Microbiome Analysis,NA,No,NA,NA,NA,NA,S042,48,NA,NA,NA,Female,NA,NA,NA,NA,NA,NA,NA,NA,NA,NA,NA,NA,16S,Plaque,V1-V2,Illumina,GAGTTTGATCMTGGCTCAG,TGCTGCCTCCCGTAGGAGT,OralCavity,Plaque,NA,NA,NA,No,NA,NA,NA,NA,NA,NA,11089
11090,NA,NA,EXP-20-AT8467,,ORL_GUM_2787,Unilever Multisite Microbiome Analysis,NA,No,NA,NA,NA,NA,S043,49,NA,NA,NA,Female,NA,NA,NA,NA,NA,NA,NA,NA,NA,NA,NA,NA,16S,Plaque,V1-V2,Illumina,GAGTTTGATCMTGGCTCAG,TGCTGCCTCCCGTAGGAGT,OralCavity,Plaque,NA,NA,NA,No,NA,NA,NA,NA,NA,NA,11090
11091,NA,NA,EXP-20-AT8467,,ORL_GUM_2787,Unilever Multisite Microbiome Analysis,NA,No,NA,NA,NA,NA,S045,57,NA,NA,NA,Female,NA,NA,NA,NA,NA,NA,NA,NA,NA,NA,NA,NA,16S,Plaque,V1-V2,Illumina,GAGTTTGATCMTGGCTCAG,TGCTGCCTCCCGTAGGAGT,OralCavity,Plaque,NA,NA,NA,No,NA,NA,NA,NA,NA,NA,11091
11092,NA,NA,EXP-20-AT8467,,ORL_GUM_2787,Unilever Multisite Microbiome Analysis,NA,No,NA,NA,NA,NA,S046,42,NA,NA,NA,Female,NA,NA,NA,NA,NA,NA,NA,NA,NA,NA,NA,NA,16S,Plaque,V1-V2,Illumina,GAGTTTGATCMTGGCTCAG,TGCTGCCTCCCGTAGGAGT,OralCavity,Plaque,NA,NA,NA,No,NA,NA,NA,NA,NA,NA,11092
11093,NA,NA,EXP-20-AT8467,,ORL_GUM_2787,Unilever Multisite Microbiome Analysis,NA,No,NA,NA,NA,NA,S047,51,NA,NA,NA,Female,NA,NA,NA,NA,NA,NA,NA,NA,NA,NA,NA,NA,16S,Plaque,V1-V2,Illumina,GAGTTTGATCMTGGCTCAG,TGCTGCCTCCCGTAGGAGT,OralCavity,Plaque,NA,NA,NA,No,NA,NA,NA,NA,NA,NA,11093
11094,NA,NA,EXP-20-AT8467,,ORL_GUM_2787,Unilever Multisite Microbiome Analysis,NA,No,NA,NA,NA,NA,S048,36,NA,NA,NA,Female,NA,NA,NA,NA,NA,NA,NA,NA,NA,NA,NA,NA,16S,Plaque,V1-V2,Illumina,GAGTTTGATCMTGGCTCAG,TGCTGCCTCCCGTAGGAGT,OralCavity,Plaque,NA,NA,NA,No,NA,NA,NA,NA,NA,NA,11094
11095,NA,NA,EXP-20-AT8467,,ORL_GUM_2787,Unilever Multisite Microbiome Analysis,NA,No,NA,NA,NA,NA,S050,45,NA,NA,NA,Female,NA,NA,NA,NA,NA,NA,NA,NA,NA,NA,NA,NA,16S,Plaque,V1-V2,Illumina,GAGTTTGATCMTGGCTCAG,TGCTGCCTCCCGTAGGAGT,OralCavity,Plaque,NA,NA,NA,No,NA,NA,NA,NA,NA,NA,11095
11096,NA,NA,EXP-20-AT8467,,ORL_GUM_2787,Unilever Multisite Microbiome Analysis,NA,No,NA,NA,NA,NA,S051,45,NA,NA,NA,Female,NA,NA,NA,NA,NA,NA,NA,NA,NA,NA,NA,NA,16S,Plaque,V1-V2,Illumina,GAGTTTGATCMTGGCTCAG,TGCTGCCTCCCGTAGGAGT,OralCavity,Plaque,NA,NA,NA,No,NA,NA,NA,NA,NA,NA,11096
11097,NA,NA,EXP-20-AT8467,,ORL_GUM_2787,Unilever Multisite Microbiome Analysis,NA,No,NA,NA,NA,NA,S055,33,NA,NA,NA,Female,NA,NA,NA,NA,NA,NA,NA,NA,NA,NA,NA,NA,16S,Plaque,V1-V2,Illumina,GAGTTTGATCMTGGCTCAG,TGCTGCCTCCCGTAGGAGT,OralCavity,Plaque,NA,NA,NA,No,NA,NA,NA,NA,NA,NA,11097
11098,NA,NA,EXP-20-AT8467,,ORL_GUM_2787,Unilever Multisite Microbiome Analysis,NA,No,NA,NA,NA,NA,S056,34,NA,NA,NA,Female,NA,NA,NA,NA,NA,NA,NA,NA,NA,NA,NA,NA,16S,Plaque,V1-V2,Illumina,GAGTTTGATCMTGGCTCAG,TGCTGCCTCCCGTAGGAGT,OralCavity,Plaque,NA,NA,NA,No,NA,NA,NA,NA,NA,NA,11098
11099,NA,NA,EXP-20-AT8467,,ORL_GUM_2787,Unilever Multisite Microbiome Analysis,NA,No,NA,NA,NA,NA,S058,31,NA,NA,NA,Female,NA,NA,NA,NA,NA,NA,NA,NA,NA,NA,NA,NA,16S,Plaque,V1-V2,Illumina,GAGTTTGATCMTGGCTCAG,TGCTGCCTCCCGTAGGAGT,OralCavity,Plaque,NA,NA,NA,No,NA,NA,NA,NA,NA,NA,11099
11100,NA,NA,EXP-20-AT8467,,ORL_GUM_2787,Unilever Multisite Microbiome Analysis,NA,No,NA,NA,NA,NA,S060,39,NA,NA,NA,Male,NA,NA,NA,NA,NA,NA,NA,NA,NA,NA,NA,NA,16S,Plaque,V1-V2,Illumina,GAGTTTGATCMTGGCTCAG,TGCTGCCTCCCGTAGGAGT,OralCavity,Plaque,NA,NA,NA,No,NA,NA,NA,NA,NA,NA,11100
11101,NA,NA,EXP-20-AT8467,,ORL_GUM_2787,Unilever Multisite Microbiome Analysis,NA,No,NA,NA,NA,NA,S061,48,NA,NA,NA,Female,NA,NA,NA,NA,NA,NA,NA,NA,NA,NA,NA,NA,16S,Plaque,V1-V2,Illumina,GAGTTTGATCMTGGCTCAG,TGCTGCCTCCCGTAGGAGT,OralCavity,Plaque,NA,NA,NA,No,NA,NA,NA,NA,NA,NA,11101
11102,NA,NA,EXP-20-AT8467,,ORL_GUM_2787,Unilever Multisite Microbiome Analysis,NA,No,NA,NA,NA,NA,S062,35,NA,NA,NA,Female,NA,NA,NA,NA,NA,NA,NA,NA,NA,NA,NA,NA,16S,Plaque,V1-V2,Illumina,GAGTTTGATCMTGGCTCAG,TGCTGCCTCCCGTAGGAGT,OralCavity,Plaque,NA,NA,NA,No,NA,NA,NA,NA,NA,NA,11102
11165,NA,NA,EXP-20-AT8467,,ORL_GUM_2787,Unilever Multisite Microbiome Analysis,NA,No,NA,NA,NA,NA,S064,47,NA,NA,NA,Female,NA,NA,NA,NA,NA,NA,NA,NA,NA,NA,NA,NA,16S,Plaque,V1-V2,Illumina,GAGTTTGATCMTGGCTCAG,TGCTGCCTCCCGTAGGAGT,OralCavity,Plaque,NA,NA,NA,No,NA,NA,NA,NA,NA,NA,11165
11166,NA,NA,EXP-20-AT8467,,ORL_GUM_2787,Unilever Multisite Microbiome Analysis,NA,No,NA,NA,NA,NA,S065,55,NA,NA,NA,Female,NA,NA,NA,NA,NA,NA,NA,NA,NA,NA,NA,NA,16S,Plaque,V1-V2,Illumina,GAGTTTGATCMTGGCTCAG,TGCTGCCTCCCGTAGGAGT,OralCavity,Plaque,NA,NA,NA,No,NA,NA,NA,NA,NA,NA,11166
11167,NA,NA,EXP-20-AT8467,,ORL_GUM_2787,Unilever Multisite Microbiome Analysis,NA,No,NA,NA,NA,NA,S066,40,NA,NA,NA,Female,NA,NA,NA,NA,NA,NA,NA,NA,NA,NA,NA,NA,16S,Plaque,V1-V2,Illumina,GAGTTTGATCMTGGCTCAG,TGCTGCCTCCCGTAGGAGT,OralCavity,Plaque,NA,NA,NA,No,NA,NA,NA,NA,NA,NA,11167
11168,NA,NA,EXP-20-AT8467,,ORL_GUM_2787,Unilever Multisite Microbiome Analysis,NA,No,NA,NA,NA,NA,S067,32,NA,NA,NA,Female,NA,NA,NA,NA,NA,NA,NA,NA,NA,NA,NA,NA,16S,Plaque,V1-V2,Illumina,GAGTTTGATCMTGGCTCAG,TGCTGCCTCCCGTAGGAGT,OralCavity,Plaque,NA,NA,NA,No,NA,NA,NA,NA,NA,NA,11168
11169,NA,NA,EXP-20-AT8467,,ORL_GUM_2787,Unilever Multisite Microbiome Analysis,NA,No,NA,NA,NA,NA,S068,43,NA,NA,NA,Female,NA,NA,NA,NA,NA,NA,NA,NA,NA,NA,NA,NA,16S,Plaque,V1-V2,Illumina,GAGTTTGATCMTGGCTCAG,TGCTGCCTCCCGTAGGAGT,OralCavity,Plaque,NA,NA,NA,No,NA,NA,NA,NA,NA,NA,11169
11170,NA,NA,EXP-20-AT8467,,ORL_GUM_2787,Unilever Multisite Microbiome Analysis,NA,No,NA,NA,NA,NA,S069,42,NA,NA,NA,Female,NA,NA,NA,NA,NA,NA,NA,NA,NA,NA,NA,NA,16S,Plaque,V1-V2,Illumina,GAGTTTGATCMTGGCTCAG,TGCTGCCTCCCGTAGGAGT,OralCavity,Plaque,NA,NA,NA,No,NA,NA,NA,NA,NA,NA,11170
11171,NA,NA,EXP-20-AT8467,,ORL_GUM_2787,Unilever Multisite Microbiome Analysis,NA,No,NA,NA,NA,NA,S072,30,NA,NA,NA,Female,NA,NA,NA,NA,NA,NA,NA,NA,NA,NA,NA,NA,16S,Plaque,V1-V2,Illumina,GAGTTTGATCMTGGCTCAG,TGCTGCCTCCCGTAGGAGT,OralCavity,Plaque,NA,NA,NA,No,NA,NA,NA,NA,NA,NA,11171
11172,NA,NA,EXP-20-AT8467,,ORL_GUM_2787,Unilever Multisite Microbiome Analysis,NA,No,NA,NA,NA,NA,S073,45,NA,NA,NA,Female,NA,NA,NA,NA,NA,NA,NA,NA,NA,NA,NA,NA,16S,Plaque,V1-V2,Illumina,GAGTTTGATCMTGGCTCAG,TGCTGCCTCCCGTAGGAGT,OralCavity,Plaque,NA,NA,NA,No,NA,NA,NA,NA,NA,NA,11172
11173,NA,NA,EXP-20-AT8467,,ORL_GUM_2787,Unilever Multisite Microbiome Analysis,NA,No,NA,NA,NA,NA,S076,44,NA,NA,NA,Female,NA,NA,NA,NA,NA,NA,NA,NA,NA,NA,NA,NA,16S,Plaque,V1-V2,Illumina,GAGTTTGATCMTGGCTCAG,TGCTGCCTCCCGTAGGAGT,OralCavity,Plaque,NA,NA,NA,No,NA,NA,NA,NA,NA,NA,11173
11174,NA,NA,EXP-20-AT8467,,ORL_GUM_2787,Unilever Multisite Microbiome Analysis,NA,No,NA,NA,NA,NA,S079,38,NA,NA,NA,Female,NA,NA,NA,NA,NA,NA,NA,NA,NA,NA,NA,NA,16S,Plaque,V1-V2,Illumina,GAGTTTGATCMTGGCTCAG,TGCTGCCTCCCGTAGGAGT,OralCavity,Plaque,NA,NA,NA,No,NA,NA,NA,NA,NA,NA,11174
11175,NA,NA,EXP-20-AT8467,,ORL_GUM_2787,Unilever Multisite Microbiome Analysis,NA,No,NA,NA,NA,NA,S081,51,NA,NA,NA,Female,NA,NA,NA,NA,NA,NA,NA,NA,NA,NA,NA,NA,16S,Plaque,V1-V2,Illumina,GAGTTTGATCMTGGCTCAG,TGCTGCCTCCCGTAGGAGT,OralCavity,Plaque,NA,NA,NA,No,NA,NA,NA,NA,NA,NA,11175
11176,NA,NA,EXP-20-AT8467,,ORL_GUM_2787,Unilever Multisite Microbiome Analysis,NA,No,NA,NA,NA,NA,S082,43,NA,NA,NA,Female,NA,NA,NA,NA,NA,NA,NA,NA,NA,NA,NA,NA,16S,Plaque,V1-V2,Illumina,GAGTTTGATCMTGGCTCAG,TGCTGCCTCCCGTAGGAGT,OralCavity,Plaque,NA,NA,NA,No,NA,NA,NA,NA,NA,NA,11176
11177,NA,NA,EXP-20-AT8467,,ORL_GUM_2787,Unilever Multisite Microbiome Analysis,NA,No,NA,NA,NA,NA,S084,27,NA,NA,NA,Female,NA,NA,NA,NA,NA,NA,NA,NA,NA,NA,NA,NA,16S,Plaque,V1-V2,Illumina,GAGTTTGATCMTGGCTCAG,TGCTGCCTCCCGTAGGAGT,OralCavity,Plaque,NA,NA,NA,No,NA,NA,NA,NA,NA,NA,11177
11178,NA,NA,EXP-20-AT8467,,ORL_GUM_2787,Unilever Multisite Microbiome Analysis,NA,No,NA,NA,NA,NA,S086,36,NA,NA,NA,Female,NA,NA,NA,NA,NA,NA,NA,NA,NA,NA,NA,NA,16S,Plaque,V1-V2,Illumina,GAGTTTGATCMTGGCTCAG,TGCTGCCTCCCGTAGGAGT,OralCavity,Plaque,NA,NA,NA,No,NA,NA,NA,NA,NA,NA,11178
11179,NA,NA,EXP-20-AT8467,,ORL_GUM_2787,Unilever Multisite Microbiome Analysis,NA,No,NA,NA,NA,NA,S087,52,NA,NA,NA,Female,NA,NA,NA,NA,NA,NA,NA,NA,NA,NA,NA,NA,16S,Plaque,V1-V2,Illumina,GAGTTTGATCMTGGCTCAG,TGCTGCCTCCCGTAGGAGT,OralCavity,Plaque,NA,NA,NA,No,NA,NA,NA,NA,NA,NA,11179
11180,NA,NA,EXP-20-AT8467,,ORL_GUM_2787,Unilever Multisite Microbiome Analysis,NA,No,NA,NA,NA,NA,S088,46,NA,NA,NA,Male,NA,NA,NA,NA,NA,NA,NA,NA,NA,NA,NA,NA,16S,Plaque,V1-V2,Illumina,GAGTTTGATCMTGGCTCAG,TGCTGCCTCCCGTAGGAGT,OralCavity,Plaque,NA,NA,NA,No,NA,NA,NA,NA,NA,NA,11180
11181,NA,NA,EXP-20-AT8467,,ORL_GUM_2787,Unilever Multisite Microbiome Analysis,NA,No,NA,NA,NA,NA,S090,41,NA,NA,NA,Female,NA,NA,NA,NA,NA,NA,NA,NA,NA,NA,NA,NA,16S,Plaque,V1-V2,Illumina,GAGTTTGATCMTGGCTCAG,TGCTGCCTCCCGTAGGAGT,OralCavity,Plaque,NA,NA,NA,No,NA,NA,NA,NA,NA,NA,11181
11182,NA,NA,EXP-20-AT8467,,ORL_GUM_2787,Unilever Multisite Microbiome Analysis,NA,No,NA,NA,NA,NA,S093,51,NA,NA,NA,Female,NA,NA,NA,NA,NA,NA,NA,NA,NA,NA,NA,NA,16S,Plaque,V1-V2,Illumina,GAGTTTGATCMTGGCTCAG,TGCTGCCTCCCGTAGGAGT,OralCavity,Plaque,NA,NA,NA,No,NA,NA,NA,NA,NA,NA,11182
11183,NA,NA,EXP-20-AT8467,,ORL_GUM_2787,Unilever Multisite Microbiome Analysis,NA,No,NA,NA,NA,NA,S095,37,NA,NA,NA,Male,NA,NA,NA,NA,NA,NA,NA,NA,NA,NA,NA,NA,16S,Plaque,V1-V2,Illumina,GAGTTTGATCMTGGCTCAG,TGCTGCCTCCCGTAGGAGT,OralCavity,Plaque,NA,NA,NA,No,NA,NA,NA,NA,NA,NA,11183
11184,NA,NA,EXP-20-AT8467,,ORL_GUM_2787,Unilever Multisite Microbiome Analysis,NA,No,NA,NA,NA,NA,S096,35,NA,NA,NA,Female,NA,NA,NA,NA,NA,NA,NA,NA,NA,NA,NA,NA,16S,Plaque,V1-V2,Illumina,GAGTTTGATCMTGGCTCAG,TGCTGCCTCCCGTAGGAGT,OralCavity,Plaque,NA,NA,NA,No,NA,NA,NA,NA,NA,NA,11184
14001,NA,NA,EXP-20-AT8467,,ORL_GUM_2787,Unilever Multisite Microbiome Analysis,NA,No,NA,NA,NA,NA,S001,44,NA,NA,NA,Female,NA,NA,NA,NA,NA,NA,NA,NA,NA,NA,NA,NA,16S,Tongue,V1-V2,Illumina,GAGTTTGATCMTGGCTCAG,TGCTGCCTCCCGTAGGAGT,OralCavity,Tongue,NA,NA,NA,No,NA,NA,NA,NA,NA,NA,14001
14002,NA,NA,EXP-20-AT8467,,ORL_GUM_2787,Unilever Multisite Microbiome Analysis,NA,No,NA,NA,NA,NA,S002,44,NA,NA,NA,Female,NA,NA,NA,NA,NA,NA,NA,NA,NA,NA,NA,NA,16S,Tongue,V1-V2,Illumina,GAGTTTGATCMTGGCTCAG,TGCTGCCTCCCGTAGGAGT,OralCavity,Tongue,NA,NA,NA,No,NA,NA,NA,NA,NA,NA,14002
14003,NA,NA,EXP-20-AT8467,,ORL_GUM_2787,Unilever Multisite Microbiome Analysis,NA,No,NA,NA,NA,NA,S004,37,NA,NA,NA,Female,NA,NA,NA,NA,NA,NA,NA,NA,NA,NA,NA,NA,16S,Tongue,V1-V2,Illumina,GAGTTTGATCMTGGCTCAG,TGCTGCCTCCCGTAGGAGT,OralCavity,Tongue,NA,NA,NA,No,NA,NA,NA,NA,NA,NA,14003
14004,NA,NA,EXP-20-AT8467,,ORL_GUM_2787,Unilever Multisite Microbiome Analysis,NA,No,NA,NA,NA,NA,S005,55,NA,NA,NA,Male,NA,NA,NA,NA,NA,NA,NA,NA,NA,NA,NA,NA,16S,Tongue,V1-V2,Illumina,GAGTTTGATCMTGGCTCAG,TGCTGCCTCCCGTAGGAGT,OralCavity,Tongue,NA,NA,NA,No,NA,NA,NA,NA,NA,NA,14004
14005,NA,NA,EXP-20-AT8467,,ORL_GUM_2787,Unilever Multisite Microbiome Analysis,NA,No,NA,NA,NA,NA,S007,33,NA,NA,NA,Female,NA,NA,NA,NA,NA,NA,NA,NA,NA,NA,NA,NA,16S,Tongue,V1-V2,Illumina,GAGTTTGATCMTGGCTCAG,TGCTGCCTCCCGTAGGAGT,OralCavity,Tongue,NA,NA,NA,No,NA,NA,NA,NA,NA,NA,14005
14006,NA,NA,EXP-20-AT8467,,ORL_GUM_2787,Unilever Multisite Microbiome Analysis,NA,No,NA,NA,NA,NA,S008,43,NA,NA,NA,Female,NA,NA,NA,NA,NA,NA,NA,NA,NA,NA,NA,NA,16S,Tongue,V1-V2,Illumina,GAGTTTGATCMTGGCTCAG,TGCTGCCTCCCGTAGGAGT,OralCavity,Tongue,NA,NA,NA,No,NA,NA,NA,NA,NA,NA,14006
14007,NA,NA,EXP-20-AT8467,,ORL_GUM_2787,Unilever Multisite Microbiome Analysis,NA,No,NA,NA,NA,NA,S010,53,NA,NA,NA,Male,NA,NA,NA,NA,NA,NA,NA,NA,NA,NA,NA,NA,16S,Tongue,V1-V2,Illumina,GAGTTTGATCMTGGCTCAG,TGCTGCCTCCCGTAGGAGT,OralCavity,Tongue,NA,NA,NA,No,NA,NA,NA,NA,NA,NA,14007
14008,NA,NA,EXP-20-AT8467,,ORL_GUM_2787,Unilever Multisite Microbiome Analysis,NA,No,NA,NA,NA,NA,S015,46,NA,NA,NA,Female,NA,NA,NA,NA,NA,NA,NA,NA,NA,NA,NA,NA,16S,Tongue,V1-V2,Illumina,GAGTTTGATCMTGGCTCAG,TGCTGCCTCCCGTAGGAGT,OralCavity,Tongue,NA,NA,NA,No,NA,NA,NA,NA,NA,NA,14008
14009,NA,NA,EXP-20-AT8467,,ORL_GUM_2787,Unilever Multisite Microbiome Analysis,NA,No,NA,NA,NA,NA,S016,28,NA,NA,NA,Male,NA,NA,NA,NA,NA,NA,NA,NA,NA,NA,NA,NA,16S,Tongue,V1-V2,Illumina,GAGTTTGATCMTGGCTCAG,TGCTGCCTCCCGTAGGAGT,OralCavity,Tongue,NA,NA,NA,No,NA,NA,NA,NA,NA,NA,14009
14010,NA,NA,EXP-20-AT8467,,ORL_GUM_2787,Unilever Multisite Microbiome Analysis,NA,No,NA,NA,NA,NA,S018,54,NA,NA,NA,Female,NA,NA,NA,NA,NA,NA,NA,NA,NA,NA,NA,NA,16S,Tongue,V1-V2,Illumina,GAGTTTGATCMTGGCTCAG,TGCTGCCTCCCGTAGGAGT,OralCavity,Tongue,NA,NA,NA,No,NA,NA,NA,NA,NA,NA,14010
14011,NA,NA,EXP-20-AT8467,,ORL_GUM_2787,Unilever Multisite Microbiome Analysis,NA,No,NA,NA,NA,NA,S020,42,NA,NA,NA,Male,NA,NA,NA,NA,NA,NA,NA,NA,NA,NA,NA,NA,16S,Tongue,V1-V2,Illumina,GAGTTTGATCMTGGCTCAG,TGCTGCCTCCCGTAGGAGT,OralCavity,Tongue,NA,NA,NA,No,NA,NA,NA,NA,NA,NA,14011
14012,NA,NA,EXP-20-AT8467,,ORL_GUM_2787,Unilever Multisite Microbiome Analysis,NA,No,NA,NA,NA,NA,S022,41,NA,NA,NA,Female,NA,NA,NA,NA,NA,NA,NA,NA,NA,NA,NA,NA,16S,Tongue,V1-V2,Illumina,GAGTTTGATCMTGGCTCAG,TGCTGCCTCCCGTAGGAGT,OralCavity,Tongue,NA,NA,NA,No,NA,NA,NA,NA,NA,NA,14012
14013,NA,NA,EXP-20-AT8467,,ORL_GUM_2787,Unilever Multisite Microbiome Analysis,NA,No,NA,NA,NA,NA,S023,43,NA,NA,NA,Female,NA,NA,NA,NA,NA,NA,NA,NA,NA,NA,NA,NA,16S,Tongue,V1-V2,Illumina,GAGTTTGATCMTGGCTCAG,TGCTGCCTCCCGTAGGAGT,OralCavity,Tongue,NA,NA,NA,No,NA,NA,NA,NA,NA,NA,14013
14014,NA,NA,EXP-20-AT8467,,ORL_GUM_2787,Unilever Multisite Microbiome Analysis,NA,No,NA,NA,NA,NA,S024,46,NA,NA,NA,Female,NA,NA,NA,NA,NA,NA,NA,NA,NA,NA,NA,NA,16S,Tongue,V1-V2,Illumina,GAGTTTGATCMTGGCTCAG,TGCTGCCTCCCGTAGGAGT,OralCavity,Tongue,NA,NA,NA,No,NA,NA,NA,NA,NA,NA,14014
14015,NA,NA,EXP-20-AT8467,,ORL_GUM_2787,Unilever Multisite Microbiome Analysis,NA,No,NA,NA,NA,NA,S025,42,NA,NA,NA,Female,NA,NA,NA,NA,NA,NA,NA,NA,NA,NA,NA,NA,16S,Tongue,V1-V2,Illumina,GAGTTTGATCMTGGCTCAG,TGCTGCCTCCCGTAGGAGT,OralCavity,Tongue,NA,NA,NA,No,NA,NA,NA,NA,NA,NA,14015
14016,NA,NA,EXP-20-AT8467,,ORL_GUM_2787,Unilever Multisite Microbiome Analysis,NA,No,NA,NA,NA,NA,S027,38,NA,NA,NA,Female,NA,NA,NA,NA,NA,NA,NA,NA,NA,NA,NA,NA,16S,Tongue,V1-V2,Illumina,GAGTTTGATCMTGGCTCAG,TGCTGCCTCCCGTAGGAGT,OralCavity,Tongue,NA,NA,NA,No,NA,NA,NA,NA,NA,NA,14016
14017,NA,NA,EXP-20-AT8467,,ORL_GUM_2787,Unilever Multisite Microbiome Analysis,NA,No,NA,NA,NA,NA,S028,46,NA,NA,NA,Male,NA,NA,NA,NA,NA,NA,NA,NA,NA,NA,NA,NA,16S,Tongue,V1-V2,Illumina,GAGTTTGATCMTGGCTCAG,TGCTGCCTCCCGTAGGAGT,OralCavity,Tongue,NA,NA,NA,No,NA,NA,NA,NA,NA,NA,14017
14018,NA,NA,EXP-20-AT8467,,ORL_GUM_2787,Unilever Multisite Microbiome Analysis,NA,No,NA,NA,NA,NA,S029,29,NA,NA,NA,Female,NA,NA,NA,NA,NA,NA,NA,NA,NA,NA,NA,NA,16S,Tongue,V1-V2,Illumina,GAGTTTGATCMTGGCTCAG,TGCTGCCTCCCGTAGGAGT,OralCavity,Tongue,NA,NA,NA,No,NA,NA,NA,NA,NA,NA,14018
14019,NA,NA,EXP-20-AT8467,,ORL_GUM_2787,Unilever Multisite Microbiome Analysis,NA,No,NA,NA,NA,NA,S030,43,NA,NA,NA,Female,NA,NA,NA,NA,NA,NA,NA,NA,NA,NA,NA,NA,16S,Tongue,V1-V2,Illumina,GAGTTTGATCMTGGCTCAG,TGCTGCCTCCCGTAGGAGT,OralCavity,Tongue,NA,NA,NA,No,NA,NA,NA,NA,NA,NA,14019
14020,NA,NA,EXP-20-AT8467,,ORL_GUM_2787,Unilever Multisite Microbiome Analysis,NA,No,NA,NA,NA,NA,S032,59,NA,NA,NA,Female,NA,NA,NA,NA,NA,NA,NA,NA,NA,NA,NA,NA,16S,Tongue,V1-V2,Illumina,GAGTTTGATCMTGGCTCAG,TGCTGCCTCCCGTAGGAGT,OralCavity,Tongue,NA,NA,NA,No,NA,NA,NA,NA,NA,NA,14020
14083,NA,NA,EXP-20-AT8467,,ORL_GUM_2787,Unilever Multisite Microbiome Analysis,NA,No,NA,NA,NA,NA,S034,35,NA,NA,NA,Male,NA,NA,NA,NA,NA,NA,NA,NA,NA,NA,NA,NA,16S,Tongue,V1-V2,Illumina,GAGTTTGATCMTGGCTCAG,TGCTGCCTCCCGTAGGAGT,OralCavity,Tongue,NA,NA,NA,No,NA,NA,NA,NA,NA,NA,14083
14084,NA,NA,EXP-20-AT8467,,ORL_GUM_2787,Unilever Multisite Microbiome Analysis,NA,No,NA,NA,NA,NA,S037,23,NA,NA,NA,Female,NA,NA,NA,NA,NA,NA,NA,NA,NA,NA,NA,NA,16S,Tongue,V1-V2,Illumina,GAGTTTGATCMTGGCTCAG,TGCTGCCTCCCGTAGGAGT,OralCavity,Tongue,NA,NA,NA,No,NA,NA,NA,NA,NA,NA,14084
14085,NA,NA,EXP-20-AT8467,,ORL_GUM_2787,Unilever Multisite Microbiome Analysis,NA,No,NA,NA,NA,NA,S038,39,NA,NA,NA,Female,NA,NA,NA,NA,NA,NA,NA,NA,NA,NA,NA,NA,16S,Tongue,V1-V2,Illumina,GAGTTTGATCMTGGCTCAG,TGCTGCCTCCCGTAGGAGT,OralCavity,Tongue,NA,NA,NA,No,NA,NA,NA,NA,NA,NA,14085
14086,NA,NA,EXP-20-AT8467,,ORL_GUM_2787,Unilever Multisite Microbiome Analysis,NA,No,NA,NA,NA,NA,S039,46,NA,NA,NA,Female,NA,NA,NA,NA,NA,NA,NA,NA,NA,NA,NA,NA,16S,Tongue,V1-V2,Illumina,GAGTTTGATCMTGGCTCAG,TGCTGCCTCCCGTAGGAGT,OralCavity,Tongue,NA,NA,NA,No,NA,NA,NA,NA,NA,NA,14086
14087,NA,NA,EXP-20-AT8467,,ORL_GUM_2787,Unilever Multisite Microbiome Analysis,NA,No,NA,NA,NA,NA,S040,43,NA,NA,NA,Female,NA,NA,NA,NA,NA,NA,NA,NA,NA,NA,NA,NA,16S,Tongue,V1-V2,Illumina,GAGTTTGATCMTGGCTCAG,TGCTGCCTCCCGTAGGAGT,OralCavity,Tongue,NA,NA,NA,No,NA,NA,NA,NA,NA,NA,14087
14088,NA,NA,EXP-20-AT8467,,ORL_GUM_2787,Unilever Multisite Microbiome Analysis,NA,No,NA,NA,NA,NA,S041,37,NA,NA,NA,Female,NA,NA,NA,NA,NA,NA,NA,NA,NA,NA,NA,NA,16S,Tongue,V1-V2,Illumina,GAGTTTGATCMTGGCTCAG,TGCTGCCTCCCGTAGGAGT,OralCavity,Tongue,NA,NA,NA,No,NA,NA,NA,NA,NA,NA,14088
14089,NA,NA,EXP-20-AT8467,,ORL_GUM_2787,Unilever Multisite Microbiome Analysis,NA,No,NA,NA,NA,NA,S042,48,NA,NA,NA,Female,NA,NA,NA,NA,NA,NA,NA,NA,NA,NA,NA,NA,16S,Tongue,V1-V2,Illumina,GAGTTTGATCMTGGCTCAG,TGCTGCCTCCCGTAGGAGT,OralCavity,Tongue,NA,NA,NA,No,NA,NA,NA,NA,NA,NA,14089
14090,NA,NA,EXP-20-AT8467,,ORL_GUM_2787,Unilever Multisite Microbiome Analysis,NA,No,NA,NA,NA,NA,S043,49,NA,NA,NA,Female,NA,NA,NA,NA,NA,NA,NA,NA,NA,NA,NA,NA,16S,Tongue,V1-V2,Illumina,GAGTTTGATCMTGGCTCAG,TGCTGCCTCCCGTAGGAGT,OralCavity,Tongue,NA,NA,NA,No,NA,NA,NA,NA,NA,NA,14090
14091,NA,NA,EXP-20-AT8467,,ORL_GUM_2787,Unilever Multisite Microbiome Analysis,NA,No,NA,NA,NA,NA,S045,57,NA,NA,NA,Female,NA,NA,NA,NA,NA,NA,NA,NA,NA,NA,NA,NA,16S,Tongue,V1-V2,Illumina,GAGTTTGATCMTGGCTCAG,TGCTGCCTCCCGTAGGAGT,OralCavity,Tongue,NA,NA,NA,No,NA,NA,NA,NA,NA,NA,14091
14092,NA,NA,EXP-20-AT8467,,ORL_GUM_2787,Unilever Multisite Microbiome Analysis,NA,No,NA,NA,NA,NA,S046,42,NA,NA,NA,Female,NA,NA,NA,NA,NA,NA,NA,NA,NA,NA,NA,NA,16S,Tongue,V1-V2,Illumina,GAGTTTGATCMTGGCTCAG,TGCTGCCTCCCGTAGGAGT,OralCavity,Tongue,NA,NA,NA,No,NA,NA,NA,NA,NA,NA,14092
14093,NA,NA,EXP-20-AT8467,,ORL_GUM_2787,Unilever Multisite Microbiome Analysis,NA,No,NA,NA,NA,NA,S047,51,NA,NA,NA,Female,NA,NA,NA,NA,NA,NA,NA,NA,NA,NA,NA,NA,16S,Tongue,V1-V2,Illumina,GAGTTTGATCMTGGCTCAG,TGCTGCCTCCCGTAGGAGT,OralCavity,Tongue,NA,NA,NA,No,NA,NA,NA,NA,NA,NA,14093
14094,NA,NA,EXP-20-AT8467,,ORL_GUM_2787,Unilever Multisite Microbiome Analysis,NA,No,NA,NA,NA,NA,S048,36,NA,NA,NA,Female,NA,NA,NA,NA,NA,NA,NA,NA,NA,NA,NA,NA,16S,Tongue,V1-V2,Illumina,GAGTTTGATCMTGGCTCAG,TGCTGCCTCCCGTAGGAGT,OralCavity,Tongue,NA,NA,NA,No,NA,NA,NA,NA,NA,NA,14094
14095,NA,NA,EXP-20-AT8467,,ORL_GUM_2787,Unilever Multisite Microbiome Analysis,NA,No,NA,NA,NA,NA,S050,45,NA,NA,NA,Female,NA,NA,NA,NA,NA,NA,NA,NA,NA,NA,NA,NA,16S,Tongue,V1-V2,Illumina,GAGTTTGATCMTGGCTCAG,TGCTGCCTCCCGTAGGAGT,OralCavity,Tongue,NA,NA,NA,No,NA,NA,NA,NA,NA,NA,14095
14096,NA,NA,EXP-20-AT8467,,ORL_GUM_2787,Unilever Multisite Microbiome Analysis,NA,No,NA,NA,NA,NA,S051,45,NA,NA,NA,Female,NA,NA,NA,NA,NA,NA,NA,NA,NA,NA,NA,NA,16S,Tongue,V1-V2,Illumina,GAGTTTGATCMTGGCTCAG,TGCTGCCTCCCGTAGGAGT,OralCavity,Tongue,NA,NA,NA,No,NA,NA,NA,NA,NA,NA,14096
14097,NA,NA,EXP-20-AT8467,,ORL_GUM_2787,Unilever Multisite Microbiome Analysis,NA,No,NA,NA,NA,NA,S055,33,NA,NA,NA,Female,NA,NA,NA,NA,NA,NA,NA,NA,NA,NA,NA,NA,16S,Tongue,V1-V2,Illumina,GAGTTTGATCMTGGCTCAG,TGCTGCCTCCCGTAGGAGT,OralCavity,Tongue,NA,NA,NA,No,NA,NA,NA,NA,NA,NA,14097
14098,NA,NA,EXP-20-AT8467,,ORL_GUM_2787,Unilever Multisite Microbiome Analysis,NA,No,NA,NA,NA,NA,S056,34,NA,NA,NA,Female,NA,NA,NA,NA,NA,NA,NA,NA,NA,NA,NA,NA,16S,Tongue,V1-V2,Illumina,GAGTTTGATCMTGGCTCAG,TGCTGCCTCCCGTAGGAGT,OralCavity,Tongue,NA,NA,NA,No,NA,NA,NA,NA,NA,NA,14098
14099,NA,NA,EXP-20-AT8467,,ORL_GUM_2787,Unilever Multisite Microbiome Analysis,NA,No,NA,NA,NA,NA,S058,31,NA,NA,NA,Female,NA,NA,NA,NA,NA,NA,NA,NA,NA,NA,NA,NA,16S,Tongue,V1-V2,Illumina,GAGTTTGATCMTGGCTCAG,TGCTGCCTCCCGTAGGAGT,OralCavity,Tongue,NA,NA,NA,No,NA,NA,NA,NA,NA,NA,14099
14100,NA,NA,EXP-20-AT8467,,ORL_GUM_2787,Unilever Multisite Microbiome Analysis,NA,No,NA,NA,NA,NA,S060,39,NA,NA,NA,Male,NA,NA,NA,NA,NA,NA,NA,NA,NA,NA,NA,NA,16S,Tongue,V1-V2,Illumina,GAGTTTGATCMTGGCTCAG,TGCTGCCTCCCGTAGGAGT,OralCavity,Tongue,NA,NA,NA,No,NA,NA,NA,NA,NA,NA,14100
14101,NA,NA,EXP-20-AT8467,,ORL_GUM_2787,Unilever Multisite Microbiome Analysis,NA,No,NA,NA,NA,NA,S061,48,NA,NA,NA,Female,NA,NA,NA,NA,NA,NA,NA,NA,NA,NA,NA,NA,16S,Tongue,V1-V2,Illumina,GAGTTTGATCMTGGCTCAG,TGCTGCCTCCCGTAGGAGT,OralCavity,Tongue,NA,NA,NA,No,NA,NA,NA,NA,NA,NA,14101
14102,NA,NA,EXP-20-AT8467,,ORL_GUM_2787,Unilever Multisite Microbiome Analysis,NA,No,NA,NA,NA,NA,S062,35,NA,NA,NA,Female,NA,NA,NA,NA,NA,NA,NA,NA,NA,NA,NA,NA,16S,Tongue,V1-V2,Illumina,GAGTTTGATCMTGGCTCAG,TGCTGCCTCCCGTAGGAGT,OralCavity,Tongue,NA,NA,NA,No,NA,NA,NA,NA,NA,NA,14102
14165,NA,NA,EXP-20-AT8467,,ORL_GUM_2787,Unilever Multisite Microbiome Analysis,NA,No,NA,NA,NA,NA,S064,47,NA,NA,NA,Female,NA,NA,NA,NA,NA,NA,NA,NA,NA,NA,NA,NA,16S,Tongue,V1-V2,Illumina,GAGTTTGATCMTGGCTCAG,TGCTGCCTCCCGTAGGAGT,OralCavity,Tongue,NA,NA,NA,No,NA,NA,NA,NA,NA,NA,14165
14166,NA,NA,EXP-20-AT8467,,ORL_GUM_2787,Unilever Multisite Microbiome Analysis,NA,No,NA,NA,NA,NA,S065,55,NA,NA,NA,Female,NA,NA,NA,NA,NA,NA,NA,NA,NA,NA,NA,NA,16S,Tongue,V1-V2,Illumina,GAGTTTGATCMTGGCTCAG,TGCTGCCTCCCGTAGGAGT,OralCavity,Tongue,NA,NA,NA,No,NA,NA,NA,NA,NA,NA,14166
14167,NA,NA,EXP-20-AT8467,,ORL_GUM_2787,Unilever Multisite Microbiome Analysis,NA,No,NA,NA,NA,NA,S066,40,NA,NA,NA,Female,NA,NA,NA,NA,NA,NA,NA,NA,NA,NA,NA,NA,16S,Tongue,V1-V2,Illumina,GAGTTTGATCMTGGCTCAG,TGCTGCCTCCCGTAGGAGT,OralCavity,Tongue,NA,NA,NA,No,NA,NA,NA,NA,NA,NA,14167
14168,NA,NA,EXP-20-AT8467,,ORL_GUM_2787,Unilever Multisite Microbiome Analysis,NA,No,NA,NA,NA,NA,S067,32,NA,NA,NA,Female,NA,NA,NA,NA,NA,NA,NA,NA,NA,NA,NA,NA,16S,Tongue,V1-V2,Illumina,GAGTTTGATCMTGGCTCAG,TGCTGCCTCCCGTAGGAGT,OralCavity,Tongue,NA,NA,NA,No,NA,NA,NA,NA,NA,NA,14168
14169,NA,NA,EXP-20-AT8467,,ORL_GUM_2787,Unilever Multisite Microbiome Analysis,NA,No,NA,NA,NA,NA,S068,43,NA,NA,NA,Female,NA,NA,NA,NA,NA,NA,NA,NA,NA,NA,NA,NA,16S,Tongue,V1-V2,Illumina,GAGTTTGATCMTGGCTCAG,TGCTGCCTCCCGTAGGAGT,OralCavity,Tongue,NA,NA,NA,No,NA,NA,NA,NA,NA,NA,14169
14170,NA,NA,EXP-20-AT8467,,ORL_GUM_2787,Unilever Multisite Microbiome Analysis,NA,No,NA,NA,NA,NA,S069,42,NA,NA,NA,Female,NA,NA,NA,NA,NA,NA,NA,NA,NA,NA,NA,NA,16S,Tongue,V1-V2,Illumina,GAGTTTGATCMTGGCTCAG,TGCTGCCTCCCGTAGGAGT,OralCavity,Tongue,NA,NA,NA,No,NA,NA,NA,NA,NA,NA,14170
14171,NA,NA,EXP-20-AT8467,,ORL_GUM_2787,Unilever Multisite Microbiome Analysis,NA,No,NA,NA,NA,NA,S072,30,NA,NA,NA,Female,NA,NA,NA,NA,NA,NA,NA,NA,NA,NA,NA,NA,16S,Tongue,V1-V2,Illumina,GAGTTTGATCMTGGCTCAG,TGCTGCCTCCCGTAGGAGT,OralCavity,Tongue,NA,NA,NA,No,NA,NA,NA,NA,NA,NA,14171
14172,NA,NA,EXP-20-AT8467,,ORL_GUM_2787,Unilever Multisite Microbiome Analysis,NA,No,NA,NA,NA,NA,S073,45,NA,NA,NA,Female,NA,NA,NA,NA,NA,NA,NA,NA,NA,NA,NA,NA,16S,Tongue,V1-V2,Illumina,GAGTTTGATCMTGGCTCAG,TGCTGCCTCCCGTAGGAGT,OralCavity,Tongue,NA,NA,NA,No,NA,NA,NA,NA,NA,NA,14172
14173,NA,NA,EXP-20-AT8467,,ORL_GUM_2787,Unilever Multisite Microbiome Analysis,NA,No,NA,NA,NA,NA,S076,44,NA,NA,NA,Female,NA,NA,NA,NA,NA,NA,NA,NA,NA,NA,NA,NA,16S,Tongue,V1-V2,Illumina,GAGTTTGATCMTGGCTCAG,TGCTGCCTCCCGTAGGAGT,OralCavity,Tongue,NA,NA,NA,No,NA,NA,NA,NA,NA,NA,14173
14174,NA,NA,EXP-20-AT8467,,ORL_GUM_2787,Unilever Multisite Microbiome Analysis,NA,No,NA,NA,NA,NA,S079,38,NA,NA,NA,Female,NA,NA,NA,NA,NA,NA,NA,NA,NA,NA,NA,NA,16S,Tongue,V1-V2,Illumina,GAGTTTGATCMTGGCTCAG,TGCTGCCTCCCGTAGGAGT,OralCavity,Tongue,NA,NA,NA,No,NA,NA,NA,NA,NA,NA,14174
14175,NA,NA,EXP-20-AT8467,,ORL_GUM_2787,Unilever Multisite Microbiome Analysis,NA,No,NA,NA,NA,NA,S081,51,NA,NA,NA,Female,NA,NA,NA,NA,NA,NA,NA,NA,NA,NA,NA,NA,16S,Tongue,V1-V2,Illumina,GAGTTTGATCMTGGCTCAG,TGCTGCCTCCCGTAGGAGT,OralCavity,Tongue,NA,NA,NA,No,NA,NA,NA,NA,NA,NA,14175
14176,NA,NA,EXP-20-AT8467,,ORL_GUM_2787,Unilever Multisite Microbiome Analysis,NA,No,NA,NA,NA,NA,S082,43,NA,NA,NA,Female,NA,NA,NA,NA,NA,NA,NA,NA,NA,NA,NA,NA,16S,Tongue,V1-V2,Illumina,GAGTTTGATCMTGGCTCAG,TGCTGCCTCCCGTAGGAGT,OralCavity,Tongue,NA,NA,NA,No,NA,NA,NA,NA,NA,NA,14176
14177,NA,NA,EXP-20-AT8467,,ORL_GUM_2787,Unilever Multisite Microbiome Analysis,NA,No,NA,NA,NA,NA,S084,27,NA,NA,NA,Female,NA,NA,NA,NA,NA,NA,NA,NA,NA,NA,NA,NA,16S,Tongue,V1-V2,Illumina,GAGTTTGATCMTGGCTCAG,TGCTGCCTCCCGTAGGAGT,OralCavity,Tongue,NA,NA,NA,No,NA,NA,NA,NA,NA,NA,14177
14178,NA,NA,EXP-20-AT8467,,ORL_GUM_2787,Unilever Multisite Microbiome Analysis,NA,No,NA,NA,NA,NA,S086,36,NA,NA,NA,Female,NA,NA,NA,NA,NA,NA,NA,NA,NA,NA,NA,NA,16S,Tongue,V1-V2,Illumina,GAGTTTGATCMTGGCTCAG,TGCTGCCTCCCGTAGGAGT,OralCavity,Tongue,NA,NA,NA,No,NA,NA,NA,NA,NA,NA,14178
14179,NA,NA,EXP-20-AT8467,,ORL_GUM_2787,Unilever Multisite Microbiome Analysis,NA,No,NA,NA,NA,NA,S087,52,NA,NA,NA,Female,NA,NA,NA,NA,NA,NA,NA,NA,NA,NA,NA,NA,16S,Tongue,V1-V2,Illumina,GAGTTTGATCMTGGCTCAG,TGCTGCCTCCCGTAGGAGT,OralCavity,Tongue,NA,NA,NA,No,NA,NA,NA,NA,NA,NA,14179
14180,NA,NA,EXP-20-AT8467,,ORL_GUM_2787,Unilever Multisite Microbiome Analysis,NA,No,NA,NA,NA,NA,S088,46,NA,NA,NA,Male,NA,NA,NA,NA,NA,NA,NA,NA,NA,NA,NA,NA,16S,Tongue,V1-V2,Illumina,GAGTTTGATCMTGGCTCAG,TGCTGCCTCCCGTAGGAGT,OralCavity,Tongue,NA,NA,NA,No,NA,NA,NA,NA,NA,NA,14180
14181,NA,NA,EXP-20-AT8467,,ORL_GUM_2787,Unilever Multisite Microbiome Analysis,NA,No,NA,NA,NA,NA,S090,41,NA,NA,NA,Female,NA,NA,NA,NA,NA,NA,NA,NA,NA,NA,NA,NA,16S,Tongue,V1-V2,Illumina,GAGTTTGATCMTGGCTCAG,TGCTGCCTCCCGTAGGAGT,OralCavity,Tongue,NA,NA,NA,No,NA,NA,NA,NA,NA,NA,14181
14182,NA,NA,EXP-20-AT8467,,ORL_GUM_2787,Unilever Multisite Microbiome Analysis,NA,No,NA,NA,NA,NA,S093,51,NA,NA,NA,Female,NA,NA,NA,NA,NA,NA,NA,NA,NA,NA,NA,NA,16S,Tongue,V1-V2,Illumina,GAGTTTGATCMTGGCTCAG,TGCTGCCTCCCGTAGGAGT,OralCavity,Tongue,NA,NA,NA,No,NA,NA,NA,NA,NA,NA,14182
14183,NA,NA,EXP-20-AT8467,,ORL_GUM_2787,Unilever Multisite Microbiome Analysis,NA,No,NA,NA,NA,NA,S095,37,NA,NA,NA,Male,NA,NA,NA,NA,NA,NA,NA,NA,NA,NA,NA,NA,16S,Tongue,V1-V2,Illumina,GAGTTTGATCMTGGCTCAG,TGCTGCCTCCCGTAGGAGT,OralCavity,Tongue,NA,NA,NA,No,NA,NA,NA,NA,NA,NA,14183
14184,NA,NA,EXP-20-AT8467,,ORL_GUM_2787,Unilever Multisite Microbiome Analysis,NA,No,NA,NA,NA,NA,S096,35,NA,NA,NA,Female,NA,NA,NA,NA,NA,NA,NA,NA,NA,NA,NA,NA,16S,Tongue,V1-V2,Illumina,GAGTTTGATCMTGGCTCAG,TGCTGCCTCCCGTAGGAGT,OralCavity,Tongue,NA,NA,NA,No,NA,NA,NA,NA,NA,NA,14184
Sample.1,NA,NA,EXP-20-AT8467,,SKN_INF_3308,Unilever Multisite Microbiome Analysis,NA,No,NA,NA,NA,NA,Sub_101,0.666666667,NA,NA,NA,Female,NA,NA,Caucasian,NA,NA,NA,NA,NA,NA,NA,NA,NA,16S,BufferScrub,V1-V2,Illumina,GAGTTTGATCMTGGCTCAG,TGCTGCCTCCCGTAGGAGT,Leg,Thigh,NA,NA,Healthy,No,4.7,NA,36.4,8.3,NA,0,Sample.1
Sample.3,NA,NA,EXP-20-AT8467,,SKN_INF_3308,Unilever Multisite Microbiome Analysis,NA,No,NA,NA,NA,NA,Sub_102,0.583333333,NA,NA,NA,Male,NA,NA,Caucasian,NA,NA,NA,NA,NA,NA,NA,NA,NA,16S,BufferScrub,V1-V2,Illumina,GAGTTTGATCMTGGCTCAG,TGCTGCCTCCCGTAGGAGT,Leg,Thigh,NA,NA,Healthy,No,5.5,NA,35.8,9.89,NA,0,Sample.3
Sample.11,NA,NA,EXP-20-AT8467,,SKN_INF_3308,Unilever Multisite Microbiome Analysis,NA,No,NA,NA,NA,NA,Sub_106,0.666666667,NA,NA,NA,Female,NA,NA,Black,NA,NA,NA,NA,NA,NA,NA,NA,NA,16S,BufferScrub,V1-V2,Illumina,GAGTTTGATCMTGGCTCAG,TGCTGCCTCCCGTAGGAGT,Leg,Thigh,NA,NA,Healthy,No,5.6,NA,34.23,9.5,NA,1,Sample.11
Sample.13,NA,NA,EXP-20-AT8467,,SKN_INF_3308,Unilever Multisite Microbiome Analysis,NA,No,NA,NA,NA,NA,Sub_107,1,NA,NA,NA,Male,NA,NA,MixedRace,NA,NA,NA,NA,NA,NA,NA,NA,NA,16S,BufferScrub,V1-V2,Illumina,GAGTTTGATCMTGGCTCAG,TGCTGCCTCCCGTAGGAGT,Leg,Thigh,NA,NA,Healthy,No,5.5,NA,23.97,6.7,NA,0,Sample.13
Sample.15,NA,NA,EXP-20-AT8467,,SKN_INF_3308,Unilever Multisite Microbiome Analysis,NA,No,NA,NA,NA,NA,Sub_108,0.5,NA,NA,NA,Male,NA,NA,Caucasian,NA,NA,NA,NA,NA,NA,NA,NA,NA,16S,BufferScrub,V1-V2,Illumina,GAGTTTGATCMTGGCTCAG,TGCTGCCTCCCGTAGGAGT,Leg,Thigh,NA,NA,Healthy,No,6.1,NA,23.03,7.7,NA,0,Sample.15
Sample.17,NA,NA,EXP-20-AT8467,,SKN_INF_3308,Unilever Multisite Microbiome Analysis,NA,No,NA,NA,NA,NA,Sub_109,0.5,NA,NA,NA,Male,NA,NA,Caucasian,NA,NA,NA,NA,NA,NA,NA,NA,NA,16S,BufferScrub,V1-V2,Illumina,GAGTTTGATCMTGGCTCAG,TGCTGCCTCCCGTAGGAGT,Leg,Thigh,NA,NA,Healthy,No,5.4,NA,46.6,8.9,NA,0,Sample.17
Sample.19,NA,NA,EXP-20-AT8467,,SKN_INF_3308,Unilever Multisite Microbiome Analysis,NA,No,NA,NA,NA,NA,Sub_110,1.5,NA,NA,NA,Male,NA,NA,Black,NA,NA,NA,NA,NA,NA,NA,NA,NA,16S,BufferScrub,V1-V2,Illumina,GAGTTTGATCMTGGCTCAG,TGCTGCCTCCCGTAGGAGT,Leg,Thigh,NA,NA,Healthy,No,5.4,NA,18.03,11.3,NA,1,Sample.19
Sample.21,NA,NA,EXP-20-AT8467,,SKN_INF_3308,Unilever Multisite Microbiome Analysis,NA,No,NA,NA,NA,NA,Sub_111,0.833333333,NA,NA,NA,Female,NA,NA,Caucasian,NA,NA,NA,NA,NA,NA,NA,NA,NA,16S,BufferScrub,V1-V2,Illumina,GAGTTTGATCMTGGCTCAG,TGCTGCCTCCCGTAGGAGT,Leg,Thigh,NA,NA,Healthy,No,4.9,NA,40.27,10.1,NA,0,Sample.21
Sample.25,NA,NA,EXP-20-AT8467,,SKN_INF_3308,Unilever Multisite Microbiome Analysis,NA,No,NA,NA,NA,NA,Sub_113,1.416666667,NA,NA,NA,Male,NA,NA,NativeAmerican,NA,NA,NA,NA,NA,NA,NA,NA,NA,16S,BufferScrub,V1-V2,Illumina,GAGTTTGATCMTGGCTCAG,TGCTGCCTCCCGTAGGAGT,Leg,Thigh,NA,NA,Healthy,No,5.6,NA,24.2,35.1,NA,1,Sample.25
Sample.29,NA,NA,EXP-20-AT8467,,SKN_INF_3308,Unilever Multisite Microbiome Analysis,NA,No,NA,NA,NA,NA,Sub_115,1.166666667,NA,NA,NA,Female,NA,NA,Caucasian,NA,NA,NA,NA,NA,NA,NA,NA,NA,16S,BufferScrub,V1-V2,Illumina,GAGTTTGATCMTGGCTCAG,TGCTGCCTCCCGTAGGAGT,Leg,Thigh,NA,NA,Healthy,No,6.1,NA,35.7,5.7,NA,0,Sample.29
Sample.31,NA,NA,EXP-20-AT8467,,SKN_INF_3308,Unilever Multisite Microbiome Analysis,NA,No,NA,NA,NA,NA,Sub_116,1.5,NA,NA,NA,Female,NA,NA,Caucasian,NA,NA,NA,NA,NA,NA,NA,NA,NA,16S,BufferScrub,V1-V2,Illumina,GAGTTTGATCMTGGCTCAG,TGCTGCCTCCCGTAGGAGT,Leg,Thigh,NA,NA,Healthy,No,5.5,NA,17.87,11.4,NA,0,Sample.31
Sample.33,NA,NA,EXP-20-AT8467,,SKN_INF_3308,Unilever Multisite Microbiome Analysis,NA,No,NA,NA,NA,NA,Sub_117,0.916666667,NA,NA,NA,Female,NA,NA,Caucasian,NA,NA,NA,NA,NA,NA,NA,NA,NA,16S,BufferScrub,V1-V2,Illumina,GAGTTTGATCMTGGCTCAG,TGCTGCCTCCCGTAGGAGT,Leg,Thigh,NA,NA,Healthy,No,5.5,NA,31.57,14.9,NA,0,Sample.33
Sample.35,NA,NA,EXP-20-AT8467,,SKN_INF_3308,Unilever Multisite Microbiome Analysis,NA,No,NA,NA,NA,NA,Sub_118,1.333333333,NA,NA,NA,Male,NA,NA,Black,NA,NA,NA,NA,NA,NA,NA,NA,NA,16S,BufferScrub,V1-V2,Illumina,GAGTTTGATCMTGGCTCAG,TGCTGCCTCCCGTAGGAGT,Leg,Thigh,NA,NA,Healthy,No,4.9,NA,37.4,28.2,NA,1,Sample.35
Sample.39,NA,NA,EXP-20-AT8467,,SKN_INF_3308,Unilever Multisite Microbiome Analysis,NA,No,NA,NA,NA,NA,Sub_120,0.5,NA,NA,NA,Female,NA,NA,Black,NA,NA,NA,NA,NA,NA,NA,NA,NA,16S,BufferScrub,V1-V2,Illumina,GAGTTTGATCMTGGCTCAG,TGCTGCCTCCCGTAGGAGT,Leg,Thigh,NA,NA,Healthy,No,5.1,NA,37.97,12.4,NA,0,Sample.39
Sample.40,NA,NA,EXP-20-AT8467,,SKN_INF_3308,Unilever Multisite Microbiome Analysis,NA,No,NA,NA,NA,NA,Sub_121,1.166666667,NA,NA,NA,Female,NA,NA,Caucasian,NA,NA,NA,NA,NA,NA,NA,NA,NA,16S,BufferScrub,V1-V2,Illumina,GAGTTTGATCMTGGCTCAG,TGCTGCCTCCCGTAGGAGT,Leg,Thigh,NA,NA,Healthy,No,4.5,NA,30.1,10.8,NA,0,Sample.40
Sample.42,NA,NA,EXP-20-AT8467,,SKN_INF_3308,Unilever Multisite Microbiome Analysis,NA,No,NA,NA,NA,NA,Sub_122,0.75,NA,NA,NA,Female,NA,NA,Black,NA,NA,NA,NA,NA,NA,NA,NA,NA,16S,BufferScrub,V1-V2,Illumina,GAGTTTGATCMTGGCTCAG,TGCTGCCTCCCGTAGGAGT,Leg,Thigh,NA,NA,Healthy,No,4.2,NA,27.37,8.7,NA,0,Sample.42
Sample.46,NA,NA,EXP-20-AT8467,,SKN_INF_3308,Unilever Multisite Microbiome Analysis,NA,No,NA,NA,NA,NA,Sub_124,1.5,NA,NA,NA,Male,NA,NA,Black,NA,NA,NA,NA,NA,NA,NA,NA,NA,16S,BufferScrub,V1-V2,Illumina,GAGTTTGATCMTGGCTCAG,TGCTGCCTCCCGTAGGAGT,Leg,Thigh,NA,NA,Healthy,No,5.7,NA,15.53,10.9,NA,1,Sample.46
Sample.50,NA,NA,EXP-20-AT8467,,SKN_INF_3308,Unilever Multisite Microbiome Analysis,NA,No,NA,NA,NA,NA,Sub_126,0.833333333,NA,NA,NA,Male,NA,NA,Black,NA,NA,NA,NA,NA,NA,NA,NA,NA,16S,BufferScrub,V1-V2,Illumina,GAGTTTGATCMTGGCTCAG,TGCTGCCTCCCGTAGGAGT,Leg,Thigh,NA,NA,Healthy,No,4.3,NA,19.9,9,NA,1,Sample.50
Sample.52,NA,NA,EXP-20-AT8467,,SKN_INF_3308,Unilever Multisite Microbiome Analysis,NA,No,NA,NA,NA,NA,Sub_127,0.833333333,NA,NA,NA,Female,NA,NA,Caucasian,NA,NA,NA,NA,NA,NA,NA,NA,NA,16S,BufferScrub,V1-V2,Illumina,GAGTTTGATCMTGGCTCAG,TGCTGCCTCCCGTAGGAGT,Leg,Thigh,NA,NA,Healthy,No,5.3,NA,41.8,9.6,NA,0,Sample.52
Sample.54,NA,NA,EXP-20-AT8467,,SKN_INF_3308,Unilever Multisite Microbiome Analysis,NA,No,NA,NA,NA,NA,Sub_128,1.25,NA,NA,NA,Female,NA,NA,Caucasian,NA,NA,NA,NA,NA,NA,NA,NA,NA,16S,BufferScrub,V1-V2,Illumina,GAGTTTGATCMTGGCTCAG,TGCTGCCTCCCGTAGGAGT,Leg,Thigh,NA,NA,Healthy,No,5.9,NA,16.4,13.5,NA,0,Sample.54
Sample.56,NA,NA,EXP-20-AT8467,,SKN_INF_3308,Unilever Multisite Microbiome Analysis,NA,No,NA,NA,NA,NA,Sub_129,1,NA,NA,NA,Female,NA,NA,Caucasian,NA,NA,NA,NA,NA,NA,NA,NA,NA,16S,BufferScrub,V1-V2,Illumina,GAGTTTGATCMTGGCTCAG,TGCTGCCTCCCGTAGGAGT,Leg,Thigh,NA,NA,Healthy,No,6,NA,32.6,11.4,NA,0,Sample.56
Sample.58,NA,NA,EXP-20-AT8467,,SKN_INF_3308,Unilever Multisite Microbiome Analysis,NA,No,NA,NA,NA,NA,Sub_130,0.75,NA,NA,NA,Male,NA,NA,MixedRace,NA,NA,NA,NA,NA,NA,NA,NA,NA,16S,BufferScrub,V1-V2,Illumina,GAGTTTGATCMTGGCTCAG,TGCTGCCTCCCGTAGGAGT,Leg,Thigh,NA,NA,Healthy,No,5.5,NA,29.63,14.3,NA,0,Sample.58
Sample.60,NA,NA,EXP-20-AT8467,,SKN_INF_3308,Unilever Multisite Microbiome Analysis,NA,No,NA,NA,NA,NA,Sub_131,0.833333333,NA,NA,NA,Female,NA,NA,Caucasian,NA,NA,NA,NA,NA,NA,NA,NA,NA,16S,BufferScrub,V1-V2,Illumina,GAGTTTGATCMTGGCTCAG,TGCTGCCTCCCGTAGGAGT,Leg,Thigh,NA,NA,Healthy,No,5.6,NA,17.67,13.4,NA,0,Sample.60
Sample.62,NA,NA,EXP-20-AT8467,,SKN_INF_3308,Unilever Multisite Microbiome Analysis,NA,No,NA,NA,NA,NA,Sub_132,1.416666667,NA,NA,NA,Female,NA,NA,Caucasian,NA,NA,NA,NA,NA,NA,NA,NA,NA,16S,BufferScrub,V1-V2,Illumina,GAGTTTGATCMTGGCTCAG,TGCTGCCTCCCGTAGGAGT,Leg,Thigh,NA,NA,Healthy,No,5.8,NA,22.7,12.9,NA,0,Sample.62
Sample.64,NA,NA,EXP-20-AT8467,,SKN_INF_3308,Unilever Multisite Microbiome Analysis,NA,No,NA,NA,NA,NA,Sub_133,0.583333333,NA,NA,NA,Female,NA,NA,Caucasian,NA,NA,NA,NA,NA,NA,NA,NA,NA,16S,BufferScrub,V1-V2,Illumina,GAGTTTGATCMTGGCTCAG,TGCTGCCTCCCGTAGGAGT,Leg,Thigh,NA,NA,Healthy,No,5.8,NA,25.4,19.4,NA,0,Sample.64
Sample.68,NA,NA,EXP-20-AT8467,,SKN_INF_3308,Unilever Multisite Microbiome Analysis,NA,No,NA,NA,NA,NA,Sub_135,1.416666667,NA,NA,NA,Female,NA,NA,MixedRace,NA,NA,NA,NA,NA,NA,NA,NA,NA,16S,BufferScrub,V1-V2,Illumina,GAGTTTGATCMTGGCTCAG,TGCTGCCTCCCGTAGGAGT,Leg,Thigh,NA,NA,Healthy,No,5.7,NA,21.5,13.1,NA,1,Sample.68
Sample.70,NA,NA,EXP-20-AT8467,,SKN_INF_3308,Unilever Multisite Microbiome Analysis,NA,No,NA,NA,NA,NA,Sub_136,1.25,NA,NA,NA,Female,NA,NA,Black,NA,NA,NA,NA,NA,NA,NA,NA,NA,16S,BufferScrub,V1-V2,Illumina,GAGTTTGATCMTGGCTCAG,TGCTGCCTCCCGTAGGAGT,Leg,Thigh,NA,NA,Healthy,No,5.4,NA,16.73,11.1,NA,0.5,Sample.70
Sample.72,NA,NA,EXP-20-AT8467,,SKN_INF_3308,Unilever Multisite Microbiome Analysis,NA,No,NA,NA,NA,NA,Sub_137,1.083333333,NA,NA,NA,Male,NA,NA,MixedRace,NA,NA,NA,NA,NA,NA,NA,NA,NA,16S,BufferScrub,V1-V2,Illumina,GAGTTTGATCMTGGCTCAG,TGCTGCCTCCCGTAGGAGT,Leg,Thigh,NA,NA,Healthy,No,5.8,NA,37.47,12.3,NA,0,Sample.72
Sample.74,NA,NA,EXP-20-AT8467,,SKN_INF_3308,Unilever Multisite Microbiome Analysis,NA,No,NA,NA,NA,NA,Sub_138,0.833333333,NA,NA,NA,Female,NA,NA,Caucasian,NA,NA,NA,NA,NA,NA,NA,NA,NA,16S,BufferScrub,V1-V2,Illumina,GAGTTTGATCMTGGCTCAG,TGCTGCCTCCCGTAGGAGT,Leg,Thigh,NA,NA,Healthy,No,5.3,NA,31.4,14.5,NA,0,Sample.74
Sample.76,NA,NA,EXP-20-AT8467,,SKN_INF_3308,Unilever Multisite Microbiome Analysis,NA,No,NA,NA,NA,NA,Sub_139,0.666666667,NA,NA,NA,Male,NA,NA,Caucasian,NA,NA,NA,NA,NA,NA,NA,NA,NA,16S,BufferScrub,V1-V2,Illumina,GAGTTTGATCMTGGCTCAG,TGCTGCCTCCCGTAGGAGT,Leg,Thigh,NA,NA,Healthy,No,5.3,NA,30.5,15.4,NA,0.5,Sample.76
Sample.80,NA,NA,EXP-20-AT8467,,SKN_INF_3308,Unilever Multisite Microbiome Analysis,NA,No,NA,NA,NA,NA,Sub_141,1.166666667,NA,NA,NA,Female,NA,NA,Caucasian,NA,NA,NA,NA,NA,NA,NA,NA,NA,16S,BufferScrub,V1-V2,Illumina,GAGTTTGATCMTGGCTCAG,TGCTGCCTCCCGTAGGAGT,Leg,Thigh,NA,NA,Healthy,No,5.7,NA,29.33,13.9,NA,0,Sample.80
Sample.84,NA,NA,EXP-20-AT8467,,SKN_INF_3308,Unilever Multisite Microbiome Analysis,NA,No,NA,NA,NA,NA,Sub_143,1.083333333,NA,NA,NA,Male,NA,NA,Caucasian,NA,NA,NA,NA,NA,NA,NA,NA,NA,16S,BufferScrub,V1-V2,Illumina,GAGTTTGATCMTGGCTCAG,TGCTGCCTCCCGTAGGAGT,Leg,Thigh,NA,NA,Healthy,No,5.4,NA,24.47,15.2,NA,0,Sample.84
Sample.86,NA,NA,EXP-20-AT8467,,SKN_INF_3308,Unilever Multisite Microbiome Analysis,NA,No,NA,NA,NA,NA,Sub_144,0.666666667,NA,NA,NA,Male,NA,NA,Caucasian,NA,NA,NA,NA,NA,NA,NA,NA,NA,16S,BufferScrub,V1-V2,Illumina,GAGTTTGATCMTGGCTCAG,TGCTGCCTCCCGTAGGAGT,Leg,Thigh,NA,NA,Healthy,No,5.1,NA,34.33,10.1,NA,0,Sample.86
Sample.88,NA,NA,EXP-20-AT8467,,SKN_INF_3308,Unilever Multisite Microbiome Analysis,NA,No,NA,NA,NA,NA,Sub_145,0.75,NA,NA,NA,Female,NA,NA,Black,NA,NA,NA,NA,NA,NA,NA,NA,NA,16S,BufferScrub,V1-V2,Illumina,GAGTTTGATCMTGGCTCAG,TGCTGCCTCCCGTAGGAGT,Leg,Thigh,NA,NA,Healthy,No,4.8,NA,30.73,8.3,NA,0,Sample.88
Sample.92,NA,NA,EXP-20-AT8467,,SKN_INF_3308,Unilever Multisite Microbiome Analysis,NA,No,NA,NA,NA,NA,Sub_147,1.333333333,NA,NA,NA,Male,NA,NA,Black,NA,NA,NA,NA,NA,NA,NA,NA,NA,16S,BufferScrub,V1-V2,Illumina,GAGTTTGATCMTGGCTCAG,TGCTGCCTCCCGTAGGAGT,Leg,Thigh,NA,NA,Healthy,No,4.9,NA,33.5,37.5,NA,1,Sample.92
Sample.96,NA,NA,EXP-20-AT8467,,SKN_INF_3308,Unilever Multisite Microbiome Analysis,NA,No,NA,NA,NA,NA,Sub_149,1.5,NA,NA,NA,Female,NA,NA,Caucasian,NA,NA,NA,NA,NA,NA,NA,NA,NA,16S,BufferScrub,V1-V2,Illumina,GAGTTTGATCMTGGCTCAG,TGCTGCCTCCCGTAGGAGT,Leg,Thigh,NA,NA,Healthy,No,4.9,NA,40.97,30.3,NA,0.5,Sample.96
Sample.6,NA,NA,EXP-20-AT8467,,SKN_INF_3308,Unilever Multisite Microbiome Analysis,NA,No,NA,NA,NA,NA,Sub_103,0.75,NA,NA,NA,Female,NA,NA,Caucasian,NA,NA,NA,NA,NA,NA,NA,NA,NA,16S,BufferScrub,V1-V2,Illumina,GAGTTTGATCMTGGCTCAG,TGCTGCCTCCCGTAGGAGT,Leg,Thigh,NA,NA,Healthy,No,5.4,NA,24.73,7.3,NA,0,Sample.6
Sample.10,NA,NA,EXP-20-AT8467,,SKN_INF_3308,Unilever Multisite Microbiome Analysis,NA,No,NA,NA,NA,NA,Sub_105,1,NA,NA,NA,Male,NA,NA,Caucasian,NA,NA,NA,NA,NA,NA,NA,NA,NA,16S,BufferScrub,V1-V2,Illumina,GAGTTTGATCMTGGCTCAG,TGCTGCCTCCCGTAGGAGT,Leg,Thigh,NA,NA,Healthy,No,5.2,NA,46.43,10.1,NA,0,Sample.10
Sample.24,NA,NA,EXP-20-AT8467,,SKN_INF_3308,Unilever Multisite Microbiome Analysis,NA,No,NA,NA,NA,NA,Sub_112,0.5,NA,NA,NA,Male,NA,NA,Black,NA,NA,NA,NA,NA,NA,NA,NA,NA,16S,BufferScrub,V1-V2,Illumina,GAGTTTGATCMTGGCTCAG,TGCTGCCTCCCGTAGGAGT,Leg,Thigh,NA,NA,Healthy,No,5.3,NA,35.1,9.5,NA,0.5,Sample.24
Sample.28,NA,NA,EXP-20-AT8467,,SKN_INF_3308,Unilever Multisite Microbiome Analysis,NA,No,NA,NA,NA,NA,Sub_114,1.5,NA,NA,NA,Male,NA,NA,Caucasian,NA,NA,NA,NA,NA,NA,NA,NA,NA,16S,BufferScrub,V1-V2,Illumina,GAGTTTGATCMTGGCTCAG,TGCTGCCTCCCGTAGGAGT,Leg,Thigh,NA,NA,Healthy,No,4.4,NA,21.67,15.1,NA,0.5,Sample.28
Sample.45,NA,NA,EXP-20-AT8467,,SKN_INF_3308,Unilever Multisite Microbiome Analysis,NA,No,NA,NA,NA,NA,Sub_123,0.5,NA,NA,NA,Female,NA,NA,Caucasian,NA,NA,NA,NA,NA,NA,NA,NA,NA,16S,BufferScrub,V1-V2,Illumina,GAGTTTGATCMTGGCTCAG,TGCTGCCTCCCGTAGGAGT,Leg,Thigh,NA,NA,Healthy,No,5.2,NA,26.67,12.5,NA,0,Sample.45
Sample.49,NA,NA,EXP-20-AT8467,,SKN_INF_3308,Unilever Multisite Microbiome Analysis,NA,No,NA,NA,NA,NA,Sub_125,0.916666667,NA,NA,NA,Female,NA,NA,Black,NA,NA,NA,NA,NA,NA,NA,NA,NA,16S,BufferScrub,V1-V2,Illumina,GAGTTTGATCMTGGCTCAG,TGCTGCCTCCCGTAGGAGT,Leg,Thigh,NA,NA,Healthy,No,5.1,NA,27.13,9.2,NA,0.5,Sample.49
Sample.67,NA,NA,EXP-20-AT8467,,SKN_INF_3308,Unilever Multisite Microbiome Analysis,NA,No,NA,NA,NA,NA,Sub_134,0.583333333,NA,NA,NA,Male,NA,NA,Caucasian,NA,NA,NA,NA,NA,NA,NA,NA,NA,16S,BufferScrub,V1-V2,Illumina,GAGTTTGATCMTGGCTCAG,TGCTGCCTCCCGTAGGAGT,Leg,Thigh,NA,NA,Healthy,No,5.6,NA,24.33,15.8,NA,0,Sample.67
Sample.79,NA,NA,EXP-20-AT8467,,SKN_INF_3308,Unilever Multisite Microbiome Analysis,NA,No,NA,NA,NA,NA,Sub_140,0.916666667,NA,NA,NA,Male,NA,NA,Caucasian,NA,NA,NA,NA,NA,NA,NA,NA,NA,16S,BufferScrub,V1-V2,Illumina,GAGTTTGATCMTGGCTCAG,TGCTGCCTCCCGTAGGAGT,Leg,Thigh,NA,NA,Healthy,No,5.6,NA,20.83,17.2,NA,0,Sample.79
Sample.95,NA,NA,EXP-20-AT8467,,SKN_INF_3308,Unilever Multisite Microbiome Analysis,NA,No,NA,NA,NA,NA,Sub_148,1.333333333,NA,NA,NA,Female,NA,NA,Caucasian,NA,NA,NA,NA,NA,NA,NA,NA,NA,16S,BufferScrub,V1-V2,Illumina,GAGTTTGATCMTGGCTCAG,TGCTGCCTCCCGTAGGAGT,Leg,Thigh,NA,NA,Healthy,No,5.2,NA,43.23,10.2,NA,0,Sample.95
Sample.2,NA,NA,EXP-20-AT8467,,SKN_INF_3308,Unilever Multisite Microbiome Analysis,NA,No,NA,NA,NA,NA,Sub_101,0.666666667,NA,NA,NA,Female,NA,NA,Caucasian,NA,NA,NA,NA,NA,NA,NA,NA,NA,16S,BufferScrub,V1-V2,Illumina,GAGTTTGATCMTGGCTCAG,TGCTGCCTCCCGTAGGAGT,Leg,Thigh,NA,NA,Healthy,No,4.9,NA,41.97,7.9,NA,0,Sample.2
Sample.4,NA,NA,EXP-20-AT8467,,SKN_INF_3308,Unilever Multisite Microbiome Analysis,NA,No,NA,NA,NA,NA,Sub_102,0.583333333,NA,NA,NA,Male,NA,NA,Caucasian,NA,NA,NA,NA,NA,NA,NA,NA,NA,16S,BufferScrub,V1-V2,Illumina,GAGTTTGATCMTGGCTCAG,TGCTGCCTCCCGTAGGAGT,Leg,Thigh,NA,NA,Healthy,No,5.7,NA,28.37,13,NA,0,Sample.4
Sample.12,NA,NA,EXP-20-AT8467,,SKN_INF_3308,Unilever Multisite Microbiome Analysis,NA,No,NA,NA,NA,NA,Sub_106,0.666666667,NA,NA,NA,Female,NA,NA,Black,NA,NA,NA,NA,NA,NA,NA,NA,NA,16S,BufferScrub,V1-V2,Illumina,GAGTTTGATCMTGGCTCAG,TGCTGCCTCCCGTAGGAGT,Leg,Thigh,NA,NA,Healthy,No,5.4,NA,30.57,9.8,NA,0,Sample.12
Sample.14,NA,NA,EXP-20-AT8467,,SKN_INF_3308,Unilever Multisite Microbiome Analysis,NA,No,NA,NA,NA,NA,Sub_107,1,NA,NA,NA,Male,NA,NA,MixedRace,NA,NA,NA,NA,NA,NA,NA,NA,NA,16S,BufferScrub,V1-V2,Illumina,GAGTTTGATCMTGGCTCAG,TGCTGCCTCCCGTAGGAGT,Leg,Thigh,NA,NA,Healthy,No,5.2,NA,20.2,13.2,NA,1,Sample.14
Sample.16,NA,NA,EXP-20-AT8467,,SKN_INF_3308,Unilever Multisite Microbiome Analysis,NA,No,NA,NA,NA,NA,Sub_108,0.5,NA,NA,NA,Male,NA,NA,Caucasian,NA,NA,NA,NA,NA,NA,NA,NA,NA,16S,BufferScrub,V1-V2,Illumina,GAGTTTGATCMTGGCTCAG,TGCTGCCTCCCGTAGGAGT,Leg,Thigh,NA,NA,Healthy,No,5.3,NA,20,5,NA,0,Sample.16
Sample.18,NA,NA,EXP-20-AT8467,,SKN_INF_3308,Unilever Multisite Microbiome Analysis,NA,No,NA,NA,NA,NA,Sub_109,0.5,NA,NA,NA,Male,NA,NA,Caucasian,NA,NA,NA,NA,NA,NA,NA,NA,NA,16S,BufferScrub,V1-V2,Illumina,GAGTTTGATCMTGGCTCAG,TGCTGCCTCCCGTAGGAGT,Leg,Thigh,NA,NA,Healthy,No,5.1,NA,47.17,10.3,NA,0,Sample.18
Sample.20,NA,NA,EXP-20-AT8467,,SKN_INF_3308,Unilever Multisite Microbiome Analysis,NA,No,NA,NA,NA,NA,Sub_110,1.5,NA,NA,NA,Male,NA,NA,Black,NA,NA,NA,NA,NA,NA,NA,NA,NA,16S,BufferScrub,V1-V2,Illumina,GAGTTTGATCMTGGCTCAG,TGCTGCCTCCCGTAGGAGT,Leg,Thigh,NA,NA,Healthy,No,5.6,NA,30.6,13.7,NA,0.5,Sample.20
Sample.22,NA,NA,EXP-20-AT8467,,SKN_INF_3308,Unilever Multisite Microbiome Analysis,NA,No,NA,NA,NA,NA,Sub_111,0.833333333,NA,NA,NA,Female,NA,NA,Caucasian,NA,NA,NA,NA,NA,NA,NA,NA,NA,16S,BufferScrub,V1-V2,Illumina,GAGTTTGATCMTGGCTCAG,TGCTGCCTCCCGTAGGAGT,Leg,Thigh,NA,NA,Healthy,No,5.2,NA,34.67,7.7,NA,0,Sample.22
Sample.26,NA,NA,EXP-20-AT8467,,SKN_INF_3308,Unilever Multisite Microbiome Analysis,NA,No,NA,NA,NA,NA,Sub_113,1.416666667,NA,NA,NA,Male,NA,NA,NativeAmerican,NA,NA,NA,NA,NA,NA,NA,NA,NA,16S,BufferScrub,V1-V2,Illumina,GAGTTTGATCMTGGCTCAG,TGCTGCCTCCCGTAGGAGT,Leg,Thigh,NA,NA,Healthy,No,5.3,NA,23.77,13.4,NA,1,Sample.26
Sample.30,NA,NA,EXP-20-AT8467,,SKN_INF_3308,Unilever Multisite Microbiome Analysis,NA,No,NA,NA,NA,NA,Sub_115,1.166666667,NA,NA,NA,Female,NA,NA,Caucasian,NA,NA,NA,NA,NA,NA,NA,NA,NA,16S,BufferScrub,V1-V2,Illumina,GAGTTTGATCMTGGCTCAG,TGCTGCCTCCCGTAGGAGT,Leg,Thigh,NA,NA,Healthy,No,5.3,NA,26.37,7.4,NA,0,Sample.30
Sample.32,NA,NA,EXP-20-AT8467,,SKN_INF_3308,Unilever Multisite Microbiome Analysis,NA,No,NA,NA,NA,NA,Sub_116,1.5,NA,NA,NA,Female,NA,NA,Caucasian,NA,NA,NA,NA,NA,NA,NA,NA,NA,16S,BufferScrub,V1-V2,Illumina,GAGTTTGATCMTGGCTCAG,TGCTGCCTCCCGTAGGAGT,Leg,Thigh,NA,NA,Healthy,No,5.7,NA,25.1,16.3,NA,0,Sample.32
Sample.34,NA,NA,EXP-20-AT8467,,SKN_INF_3308,Unilever Multisite Microbiome Analysis,NA,No,NA,NA,NA,NA,Sub_117,0.916666667,NA,NA,NA,Female,NA,NA,Caucasian,NA,NA,NA,NA,NA,NA,NA,NA,NA,16S,BufferScrub,V1-V2,Illumina,GAGTTTGATCMTGGCTCAG,TGCTGCCTCCCGTAGGAGT,Leg,Thigh,NA,NA,Healthy,No,5.4,NA,25.2,9.4,NA,0,Sample.34
Sample.43,NA,NA,EXP-20-AT8467,,SKN_INF_3308,Unilever Multisite Microbiome Analysis,NA,No,NA,NA,NA,NA,Sub_122,0.75,NA,NA,NA,Female,NA,NA,Black,NA,NA,NA,NA,NA,NA,NA,NA,NA,16S,BufferScrub,V1-V2,Illumina,GAGTTTGATCMTGGCTCAG,TGCTGCCTCCCGTAGGAGT,Leg,Thigh,NA,NA,Healthy,No,4.5,NA,21.37,7.9,NA,0,Sample.43
Sample.47,NA,NA,EXP-20-AT8467,,SKN_INF_3308,Unilever Multisite Microbiome Analysis,NA,No,NA,NA,NA,NA,Sub_124,1.5,NA,NA,NA,Male,NA,NA,Black,NA,NA,NA,NA,NA,NA,NA,NA,NA,16S,BufferScrub,V1-V2,Illumina,GAGTTTGATCMTGGCTCAG,TGCTGCCTCCCGTAGGAGT,Leg,Thigh,NA,NA,Healthy,No,6.1,NA,19.2,12.7,NA,1.5,Sample.47
Sample.55,NA,NA,EXP-20-AT8467,,SKN_INF_3308,Unilever Multisite Microbiome Analysis,NA,No,NA,NA,NA,NA,Sub_128,1.25,NA,NA,NA,Female,NA,NA,Caucasian,NA,NA,NA,NA,NA,NA,NA,NA,NA,16S,BufferScrub,V1-V2,Illumina,GAGTTTGATCMTGGCTCAG,TGCTGCCTCCCGTAGGAGT,Leg,Thigh,NA,NA,Healthy,No,5.2,NA,23.7,13.6,NA,0,Sample.55
SKN.CLN.3086.Sample.9,NA,NA,EXP-20-AT8467,,SKN_CLN_3086,Unilever Multisite Microbiome Analysis,NA,No,NA,NA,NA,NA,Subject1,NA,NA,NA,NA,Female,NA,NA,NA,NA,NA,NA,NA,NA,NA,NA,NA,NA,16S,BufferScrub,V1-V2,Illumina,GAGTTTGATCMTGGCTCAG,TGCTGCCTCCCGTAGGAGT,Arm,VolarForearm,NA,NA,Healthy,No,5.76,NA,197.333,7.2,NA,1,SKN.CLN.3086.Sample.9
SKN.CLN.3086.Sample.25,NA,NA,EXP-20-AT8467,,SKN_CLN_3086,Unilever Multisite Microbiome Analysis,NA,No,NA,NA,NA,NA,Subject2,NA,NA,NA,NA,Female,NA,NA,NA,NA,NA,NA,NA,NA,NA,NA,NA,NA,16S,BufferScrub,V1-V2,Illumina,GAGTTTGATCMTGGCTCAG,TGCTGCCTCCCGTAGGAGT,Arm,VolarForearm,NA,NA,Healthy,No,5.15,NA,190.667,6.1,NA,0,SKN.CLN.3086.Sample.25
SKN.CLN.3086.Sample.41,NA,NA,EXP-20-AT8467,,SKN_CLN_3086,Unilever Multisite Microbiome Analysis,NA,No,NA,NA,NA,NA,Subject3,NA,NA,NA,NA,Female,NA,NA,NA,NA,NA,NA,NA,NA,NA,NA,NA,NA,16S,BufferScrub,V1-V2,Illumina,GAGTTTGATCMTGGCTCAG,TGCTGCCTCCCGTAGGAGT,Arm,VolarForearm,NA,NA,Healthy,No,5.61,NA,225.667,8.1,NA,0,SKN.CLN.3086.Sample.41
SKN.CLN.3086.Sample.57,NA,NA,EXP-20-AT8467,,SKN_CLN_3086,Unilever Multisite Microbiome Analysis,NA,No,NA,NA,NA,NA,Subject4,NA,NA,NA,NA,Female,NA,NA,NA,NA,NA,NA,NA,NA,NA,NA,NA,NA,16S,BufferScrub,V1-V2,Illumina,GAGTTTGATCMTGGCTCAG,TGCTGCCTCCCGTAGGAGT,Arm,VolarForearm,NA,NA,Healthy,No,5.1,NA,170.333,7.1,NA,1,SKN.CLN.3086.Sample.57
SKN.CLN.3086.Sample.73,NA,NA,EXP-20-AT8467,,SKN_CLN_3086,Unilever Multisite Microbiome Analysis,NA,No,NA,NA,NA,NA,Subject5,NA,NA,NA,NA,Female,NA,NA,NA,NA,NA,NA,NA,NA,NA,NA,NA,NA,16S,BufferScrub,V1-V2,Illumina,GAGTTTGATCMTGGCTCAG,TGCTGCCTCCCGTAGGAGT,Arm,VolarForearm,NA,NA,Healthy,No,5.14,NA,184,8.1,NA,1,SKN.CLN.3086.Sample.73
SKN.CLN.3086.Sample.89,NA,NA,EXP-20-AT8467,,SKN_CLN_3086,Unilever Multisite Microbiome Analysis,NA,No,NA,NA,NA,NA,Subject6,NA,NA,NA,NA,Female,NA,NA,NA,NA,NA,NA,NA,NA,NA,NA,NA,NA,16S,BufferScrub,V1-V2,Illumina,GAGTTTGATCMTGGCTCAG,TGCTGCCTCCCGTAGGAGT,Arm,VolarForearm,NA,NA,Healthy,No,4.87,NA,237.333,7.6,NA,0,SKN.CLN.3086.Sample.89
SKN.CLN.3086.Sample.105,NA,NA,EXP-20-AT8467,,SKN_CLN_3086,Unilever Multisite Microbiome Analysis,NA,No,NA,NA,NA,NA,Subject7,NA,NA,NA,NA,Female,NA,NA,NA,NA,NA,NA,NA,NA,NA,NA,NA,NA,16S,BufferScrub,V1-V2,Illumina,GAGTTTGATCMTGGCTCAG,TGCTGCCTCCCGTAGGAGT,Arm,VolarForearm,NA,NA,Healthy,No,5.85,NA,187.667,7.6,NA,1,SKN.CLN.3086.Sample.105
SKN.CLN.3086.Sample.121,NA,NA,EXP-20-AT8467,,SKN_CLN_3086,Unilever Multisite Microbiome Analysis,NA,No,NA,NA,NA,NA,Subject8,NA,NA,NA,NA,Female,NA,NA,NA,NA,NA,NA,NA,NA,NA,NA,NA,NA,16S,BufferScrub,V1-V2,Illumina,GAGTTTGATCMTGGCTCAG,TGCTGCCTCCCGTAGGAGT,Arm,VolarForearm,NA,NA,Healthy,No,5.07,NA,301.667,7.9,NA,1,SKN.CLN.3086.Sample.121
SKN.CLN.3086.Sample.137,NA,NA,EXP-20-AT8467,,SKN_CLN_3086,Unilever Multisite Microbiome Analysis,NA,No,NA,NA,NA,NA,Subject9,NA,NA,NA,NA,Female,NA,NA,NA,NA,NA,NA,NA,NA,NA,NA,NA,NA,16S,BufferScrub,V1-V2,Illumina,GAGTTTGATCMTGGCTCAG,TGCTGCCTCCCGTAGGAGT,Arm,VolarForearm,NA,NA,Healthy,No,4.72,NA,222.667,8.2,NA,0,SKN.CLN.3086.Sample.137
SKN.CLN.3086.Sample.152,NA,NA,EXP-20-AT8467,,SKN_CLN_3086,Unilever Multisite Microbiome Analysis,NA,No,NA,NA,NA,NA,Subject10,NA,NA,NA,NA,Female,NA,NA,NA,NA,NA,NA,NA,NA,NA,NA,NA,NA,16S,BufferScrub,V1-V2,Illumina,GAGTTTGATCMTGGCTCAG,TGCTGCCTCCCGTAGGAGT,Arm,VolarForearm,NA,NA,Healthy,No,5.58,NA,263,8.9,NA,0,SKN.CLN.3086.Sample.152
SKN.CLN.3086.Sample.168,NA,NA,EXP-20-AT8467,,SKN_CLN_3086,Unilever Multisite Microbiome Analysis,NA,No,NA,NA,NA,NA,Subject11,NA,NA,NA,NA,Female,NA,NA,NA,NA,NA,NA,NA,NA,NA,NA,NA,NA,16S,BufferScrub,V1-V2,Illumina,GAGTTTGATCMTGGCTCAG,TGCTGCCTCCCGTAGGAGT,Arm,VolarForearm,NA,NA,Healthy,No,5.1,NA,335,7.4,NA,1,SKN.CLN.3086.Sample.168
SKN.CLN.3086.Sample.184,NA,NA,EXP-20-AT8467,,SKN_CLN_3086,Unilever Multisite Microbiome Analysis,NA,No,NA,NA,NA,NA,Subject12,NA,NA,NA,NA,Female,NA,NA,NA,NA,NA,NA,NA,NA,NA,NA,NA,NA,16S,BufferScrub,V1-V2,Illumina,GAGTTTGATCMTGGCTCAG,TGCTGCCTCCCGTAGGAGT,Arm,VolarForearm,NA,NA,Healthy,No,5.45,NA,269,7.7,NA,1,SKN.CLN.3086.Sample.184
SKN.CLN.3086.Sample.200,NA,NA,EXP-20-AT8467,,SKN_CLN_3086,Unilever Multisite Microbiome Analysis,NA,No,NA,NA,NA,NA,Subject13,NA,NA,NA,NA,Female,NA,NA,NA,NA,NA,NA,NA,NA,NA,NA,NA,NA,16S,BufferScrub,V1-V2,Illumina,GAGTTTGATCMTGGCTCAG,TGCTGCCTCCCGTAGGAGT,Arm,VolarForearm,NA,NA,Healthy,No,4.49,NA,401.333,9.3,NA,0,SKN.CLN.3086.Sample.200
SKN.CLN.3086.Sample.216,NA,NA,EXP-20-AT8467,,SKN_CLN_3086,Unilever Multisite Microbiome Analysis,NA,No,NA,NA,NA,NA,Subject14,NA,NA,NA,NA,Female,NA,NA,NA,NA,NA,NA,NA,NA,NA,NA,NA,NA,16S,BufferScrub,V1-V2,Illumina,GAGTTTGATCMTGGCTCAG,TGCTGCCTCCCGTAGGAGT,Arm,VolarForearm,NA,NA,Healthy,No,5.35,NA,153,8,NA,0,SKN.CLN.3086.Sample.216
SKN.CLN.3086.Sample.228,NA,NA,EXP-20-AT8467,,SKN_CLN_3086,Unilever Multisite Microbiome Analysis,NA,No,NA,NA,NA,NA,Subject15,NA,NA,NA,NA,Female,NA,NA,NA,NA,NA,NA,NA,NA,NA,NA,NA,NA,16S,BufferScrub,V1-V2,Illumina,GAGTTTGATCMTGGCTCAG,TGCTGCCTCCCGTAGGAGT,Arm,VolarForearm,NA,NA,Healthy,No,NA,NA,NA,NA,NA,NA,SKN.CLN.3086.Sample.228
SKN.CLN.3086.Sample.240,NA,NA,EXP-20-AT8467,,SKN_CLN_3086,Unilever Multisite Microbiome Analysis,NA,No,NA,NA,NA,NA,Subject16,NA,NA,NA,NA,Female,NA,NA,NA,NA,NA,NA,NA,NA,NA,NA,NA,NA,16S,BufferScrub,V1-V2,Illumina,GAGTTTGATCMTGGCTCAG,TGCTGCCTCCCGTAGGAGT,Arm,VolarForearm,NA,NA,Healthy,No,6.2,NA,231.333,8.1,NA,1,SKN.CLN.3086.Sample.240
SKN.CLN.3086.Sample.256,NA,NA,EXP-20-AT8467,,SKN_CLN_3086,Unilever Multisite Microbiome Analysis,NA,No,NA,NA,NA,NA,Subject17,NA,NA,NA,NA,Female,NA,NA,NA,NA,NA,NA,NA,NA,NA,NA,NA,NA,16S,BufferScrub,V1-V2,Illumina,GAGTTTGATCMTGGCTCAG,TGCTGCCTCCCGTAGGAGT,Arm,VolarForearm,NA,NA,Healthy,No,5.07,NA,308.333,7.8,NA,0,SKN.CLN.3086.Sample.256
SKN.CLN.3086.Sample.272,NA,NA,EXP-20-AT8467,,SKN_CLN_3086,Unilever Multisite Microbiome Analysis,NA,No,NA,NA,NA,NA,Subject19,NA,NA,NA,NA,Female,NA,NA,NA,NA,NA,NA,NA,NA,NA,NA,NA,NA,16S,BufferScrub,V1-V2,Illumina,GAGTTTGATCMTGGCTCAG,TGCTGCCTCCCGTAGGAGT,Arm,VolarForearm,NA,NA,Healthy,No,4.9,NA,165,6.7,NA,0,SKN.CLN.3086.Sample.272
SKN.CLN.3086.Sample.288,NA,NA,EXP-20-AT8467,,SKN_CLN_3086,Unilever Multisite Microbiome Analysis,NA,No,NA,NA,NA,NA,Subject20,NA,NA,NA,NA,Female,NA,NA,NA,NA,NA,NA,NA,NA,NA,NA,NA,NA,16S,BufferScrub,V1-V2,Illumina,GAGTTTGATCMTGGCTCAG,TGCTGCCTCCCGTAGGAGT,Arm,VolarForearm,NA,NA,Healthy,No,5.87,NA,124.667,8.2,NA,1,SKN.CLN.3086.Sample.288
SKN.CLN.3086.Sample.304,NA,NA,EXP-20-AT8467,,SKN_CLN_3086,Unilever Multisite Microbiome Analysis,NA,No,NA,NA,NA,NA,Subject21,NA,NA,NA,NA,Female,NA,NA,NA,NA,NA,NA,NA,NA,NA,NA,NA,NA,16S,BufferScrub,V1-V2,Illumina,GAGTTTGATCMTGGCTCAG,TGCTGCCTCCCGTAGGAGT,Arm,VolarForearm,NA,NA,Healthy,No,5.38,NA,215,8,NA,0,SKN.CLN.3086.Sample.304
SKN.CLN.3086.Sample.320,NA,NA,EXP-20-AT8467,,SKN_CLN_3086,Unilever Multisite Microbiome Analysis,NA,No,NA,NA,NA,NA,Subject22,NA,NA,NA,NA,Female,NA,NA,NA,NA,NA,NA,NA,NA,NA,NA,NA,NA,16S,BufferScrub,V1-V2,Illumina,GAGTTTGATCMTGGCTCAG,TGCTGCCTCCCGTAGGAGT,Arm,VolarForearm,NA,NA,Healthy,No,5.78,NA,149.333,7.7,NA,0,SKN.CLN.3086.Sample.320
SKN.CLN.3086.Sample.332,NA,NA,EXP-20-AT8467,,SKN_CLN_3086,Unilever Multisite Microbiome Analysis,NA,No,NA,NA,NA,NA,Subject23,NA,NA,NA,NA,Female,NA,NA,NA,NA,NA,NA,NA,NA,NA,NA,NA,NA,16S,BufferScrub,V1-V2,Illumina,GAGTTTGATCMTGGCTCAG,TGCTGCCTCCCGTAGGAGT,Arm,VolarForearm,NA,NA,Healthy,No,N/A,NA,N/A,N/A,NA,N/A,SKN.CLN.3086.Sample.332
SKN.CLN.3086.Sample.344,NA,NA,EXP-20-AT8467,,SKN_CLN_3086,Unilever Multisite Microbiome Analysis,NA,No,NA,NA,NA,NA,Subject24,NA,NA,NA,NA,Female,NA,NA,NA,NA,NA,NA,NA,NA,NA,NA,NA,NA,16S,BufferScrub,V1-V2,Illumina,GAGTTTGATCMTGGCTCAG,TGCTGCCTCCCGTAGGAGT,Arm,VolarForearm,NA,NA,Healthy,No,5.08,NA,251.333,8,NA,0,SKN.CLN.3086.Sample.344
SKN.CLN.3086.Sample.360,NA,NA,EXP-20-AT8467,,SKN_CLN_3086,Unilever Multisite Microbiome Analysis,NA,No,NA,NA,NA,NA,Subject30,NA,NA,NA,NA,Female,NA,NA,NA,NA,NA,NA,NA,NA,NA,NA,NA,NA,16S,BufferScrub,V1-V2,Illumina,GAGTTTGATCMTGGCTCAG,TGCTGCCTCCCGTAGGAGT,Arm,VolarForearm,NA,NA,Healthy,No,5.22,NA,251,7.7,NA,0,SKN.CLN.3086.Sample.360
SKN.CLN.3086.Sample.13,NA,NA,EXP-20-AT8467,,SKN_CLN_3086,Unilever Multisite Microbiome Analysis,NA,No,NA,NA,NA,NA,Subject1,NA,NA,NA,NA,Female,NA,NA,NA,NA,NA,NA,NA,NA,NA,NA,NA,NA,16S,BufferScrub,V1-V2,Illumina,GAGTTTGATCMTGGCTCAG,TGCTGCCTCCCGTAGGAGT,Arm,VolarForearm,NA,NA,Healthy,No,5.7,NA,196,7.4,NA,1,SKN.CLN.3086.Sample.13
SKN.CLN.3086.Sample.29,NA,NA,EXP-20-AT8467,,SKN_CLN_3086,Unilever Multisite Microbiome Analysis,NA,No,NA,NA,NA,NA,Subject2,NA,NA,NA,NA,Female,NA,NA,NA,NA,NA,NA,NA,NA,NA,NA,NA,NA,16S,BufferScrub,V1-V2,Illumina,GAGTTTGATCMTGGCTCAG,TGCTGCCTCCCGTAGGAGT,Arm,VolarForearm,NA,NA,Healthy,No,5.3,NA,178.333,6.1,NA,0,SKN.CLN.3086.Sample.29
SKN.CLN.3086.Sample.45,NA,NA,EXP-20-AT8467,,SKN_CLN_3086,Unilever Multisite Microbiome Analysis,NA,No,NA,NA,NA,NA,Subject3,NA,NA,NA,NA,Female,NA,NA,NA,NA,NA,NA,NA,NA,NA,NA,NA,NA,16S,BufferScrub,V1-V2,Illumina,GAGTTTGATCMTGGCTCAG,TGCTGCCTCCCGTAGGAGT,Arm,VolarForearm,NA,NA,Healthy,No,5.35,NA,271.333,8.6,NA,0,SKN.CLN.3086.Sample.45
SKN.CLN.3086.Sample.61,NA,NA,EXP-20-AT8467,,SKN_CLN_3086,Unilever Multisite Microbiome Analysis,NA,No,NA,NA,NA,NA,Subject4,NA,NA,NA,NA,Female,NA,NA,NA,NA,NA,NA,NA,NA,NA,NA,NA,NA,16S,BufferScrub,V1-V2,Illumina,GAGTTTGATCMTGGCTCAG,TGCTGCCTCCCGTAGGAGT,Arm,VolarForearm,NA,NA,Healthy,No,5.11,NA,125.333,6.8,NA,1,SKN.CLN.3086.Sample.61
SKN.CLN.3086.Sample.77,NA,NA,EXP-20-AT8467,,SKN_CLN_3086,Unilever Multisite Microbiome Analysis,NA,No,NA,NA,NA,NA,Subject5,NA,NA,NA,NA,Female,NA,NA,NA,NA,NA,NA,NA,NA,NA,NA,NA,NA,16S,BufferScrub,V1-V2,Illumina,GAGTTTGATCMTGGCTCAG,TGCTGCCTCCCGTAGGAGT,Arm,VolarForearm,NA,NA,Healthy,No,4.91,NA,234.333,7.4,NA,1,SKN.CLN.3086.Sample.77
SKN.CLN.3086.Sample.93,NA,NA,EXP-20-AT8467,,SKN_CLN_3086,Unilever Multisite Microbiome Analysis,NA,No,NA,NA,NA,NA,Subject6,NA,NA,NA,NA,Female,NA,NA,NA,NA,NA,NA,NA,NA,NA,NA,NA,NA,16S,BufferScrub,V1-V2,Illumina,GAGTTTGATCMTGGCTCAG,TGCTGCCTCCCGTAGGAGT,Arm,VolarForearm,NA,NA,Healthy,No,4.77,NA,216.667,8.2,NA,0,SKN.CLN.3086.Sample.93
SKN.CLN.3086.Sample.109,NA,NA,EXP-20-AT8467,,SKN_CLN_3086,Unilever Multisite Microbiome Analysis,NA,No,NA,NA,NA,NA,Subject7,NA,NA,NA,NA,Female,NA,NA,NA,NA,NA,NA,NA,NA,NA,NA,NA,NA,16S,BufferScrub,V1-V2,Illumina,GAGTTTGATCMTGGCTCAG,TGCTGCCTCCCGTAGGAGT,Arm,VolarForearm,NA,NA,Healthy,No,5.76,NA,158.333,8.2,NA,1,SKN.CLN.3086.Sample.109
SKN.CLN.3086.Sample.125,NA,NA,EXP-20-AT8467,,SKN_CLN_3086,Unilever Multisite Microbiome Analysis,NA,No,NA,NA,NA,NA,Subject8,NA,NA,NA,NA,Female,NA,NA,NA,NA,NA,NA,NA,NA,NA,NA,NA,NA,16S,BufferScrub,V1-V2,Illumina,GAGTTTGATCMTGGCTCAG,TGCTGCCTCCCGTAGGAGT,Arm,VolarForearm,NA,NA,Healthy,No,4.94,NA,269,6.6,NA,1,SKN.CLN.3086.Sample.125
SKN.CLN.3086.Sample.141,NA,NA,EXP-20-AT8467,,SKN_CLN_3086,Unilever Multisite Microbiome Analysis,NA,No,NA,NA,NA,NA,Subject9,NA,NA,NA,NA,Female,NA,NA,NA,NA,NA,NA,NA,NA,NA,NA,NA,NA,16S,BufferScrub,V1-V2,Illumina,GAGTTTGATCMTGGCTCAG,TGCTGCCTCCCGTAGGAGT,Arm,VolarForearm,NA,NA,Healthy,No,4.39,NA,219.333,7.7,NA,0,SKN.CLN.3086.Sample.141
SKN.CLN.3086.Sample.156,NA,NA,EXP-20-AT8467,,SKN_CLN_3086,Unilever Multisite Microbiome Analysis,NA,No,NA,NA,NA,NA,Subject10,NA,NA,NA,NA,Female,NA,NA,NA,NA,NA,NA,NA,NA,NA,NA,NA,NA,16S,BufferScrub,V1-V2,Illumina,GAGTTTGATCMTGGCTCAG,TGCTGCCTCCCGTAGGAGT,Arm,VolarForearm,NA,NA,Healthy,No,5.63,NA,205.333,8.8,NA,1,SKN.CLN.3086.Sample.156
SKN.CLN.3086.Sample.172,NA,NA,EXP-20-AT8467,,SKN_CLN_3086,Unilever Multisite Microbiome Analysis,NA,No,NA,NA,NA,NA,Subject11,NA,NA,NA,NA,Female,NA,NA,NA,NA,NA,NA,NA,NA,NA,NA,NA,NA,16S,BufferScrub,V1-V2,Illumina,GAGTTTGATCMTGGCTCAG,TGCTGCCTCCCGTAGGAGT,Arm,VolarForearm,NA,NA,Healthy,No,5.12,NA,308.667,7.5,NA,1,SKN.CLN.3086.Sample.172
SKN.CLN.3086.Sample.188,NA,NA,EXP-20-AT8467,,SKN_CLN_3086,Unilever Multisite Microbiome Analysis,NA,No,NA,NA,NA,NA,Subject12,NA,NA,NA,NA,Female,NA,NA,NA,NA,NA,NA,NA,NA,NA,NA,NA,NA,16S,BufferScrub,V1-V2,Illumina,GAGTTTGATCMTGGCTCAG,TGCTGCCTCCCGTAGGAGT,Arm,VolarForearm,NA,NA,Healthy,No,5.48,NA,320,8.7,NA,1,SKN.CLN.3086.Sample.188
SKN.CLN.3086.Sample.204,NA,NA,EXP-20-AT8467,,SKN_CLN_3086,Unilever Multisite Microbiome Analysis,NA,No,NA,NA,NA,NA,Subject13,NA,NA,NA,NA,Female,NA,NA,NA,NA,NA,NA,NA,NA,NA,NA,NA,NA,16S,BufferScrub,V1-V2,Illumina,GAGTTTGATCMTGGCTCAG,TGCTGCCTCCCGTAGGAGT,Arm,VolarForearm,NA,NA,Healthy,No,4.78,NA,208,9.1,NA,0,SKN.CLN.3086.Sample.204
SKN.CLN.3086.Sample.220,NA,NA,EXP-20-AT8467,,SKN_CLN_3086,Unilever Multisite Microbiome Analysis,NA,No,NA,NA,NA,NA,Subject14,NA,NA,NA,NA,Female,NA,NA,NA,NA,NA,NA,NA,NA,NA,NA,NA,NA,16S,BufferScrub,V1-V2,Illumina,GAGTTTGATCMTGGCTCAG,TGCTGCCTCCCGTAGGAGT,Arm,VolarForearm,NA,NA,Healthy,No,5.29,NA,148,7.5,NA,0,SKN.CLN.3086.Sample.220
SKN.CLN.3086.Sample.230,NA,NA,EXP-20-AT8467,,SKN_CLN_3086,Unilever Multisite Microbiome Analysis,NA,No,NA,NA,NA,NA,Subject15,NA,NA,NA,NA,Female,NA,NA,NA,NA,NA,NA,NA,NA,NA,NA,NA,NA,16S,BufferScrub,V1-V2,Illumina,GAGTTTGATCMTGGCTCAG,TGCTGCCTCCCGTAGGAGT,Arm,VolarForearm,NA,NA,Healthy,No,NA,NA,NA,NA,NA,NA,SKN.CLN.3086.Sample.230
SKN.CLN.3086.Sample.244,NA,NA,EXP-20-AT8467,,SKN_CLN_3086,Unilever Multisite Microbiome Analysis,NA,No,NA,NA,NA,NA,Subject16,NA,NA,NA,NA,Female,NA,NA,NA,NA,NA,NA,NA,NA,NA,NA,NA,NA,16S,BufferScrub,V1-V2,Illumina,GAGTTTGATCMTGGCTCAG,TGCTGCCTCCCGTAGGAGT,Arm,VolarForearm,NA,NA,Healthy,No,6.18,NA,209,8.8,NA,1,SKN.CLN.3086.Sample.244
SKN.CLN.3086.Sample.260,NA,NA,EXP-20-AT8467,,SKN_CLN_3086,Unilever Multisite Microbiome Analysis,NA,No,NA,NA,NA,NA,Subject17,NA,NA,NA,NA,Female,NA,NA,NA,NA,NA,NA,NA,NA,NA,NA,NA,NA,16S,BufferScrub,V1-V2,Illumina,GAGTTTGATCMTGGCTCAG,TGCTGCCTCCCGTAGGAGT,Arm,VolarForearm,NA,NA,Healthy,No,5.49,NA,291.667,8.1,NA,0,SKN.CLN.3086.Sample.260
SKN.CLN.3086.Sample.276,NA,NA,EXP-20-AT8467,,SKN_CLN_3086,Unilever Multisite Microbiome Analysis,NA,No,NA,NA,NA,NA,Subject19,NA,NA,NA,NA,Female,NA,NA,NA,NA,NA,NA,NA,NA,NA,NA,NA,NA,16S,BufferScrub,V1-V2,Illumina,GAGTTTGATCMTGGCTCAG,TGCTGCCTCCCGTAGGAGT,Arm,VolarForearm,NA,NA,Healthy,No,4.96,NA,129.333,6.7,NA,0,SKN.CLN.3086.Sample.276
SKN.CLN.3086.Sample.292,NA,NA,EXP-20-AT8467,,SKN_CLN_3086,Unilever Multisite Microbiome Analysis,NA,No,NA,NA,NA,NA,Subject20,NA,NA,NA,NA,Female,NA,NA,NA,NA,NA,NA,NA,NA,NA,NA,NA,NA,16S,BufferScrub,V1-V2,Illumina,GAGTTTGATCMTGGCTCAG,TGCTGCCTCCCGTAGGAGT,Arm,VolarForearm,NA,NA,Healthy,No,5.6,NA,131,7.3,NA,1,SKN.CLN.3086.Sample.292
SKN.CLN.3086.Sample.308,NA,NA,EXP-20-AT8467,,SKN_CLN_3086,Unilever Multisite Microbiome Analysis,NA,No,NA,NA,NA,NA,Subject21,NA,NA,NA,NA,Female,NA,NA,NA,NA,NA,NA,NA,NA,NA,NA,NA,NA,16S,BufferScrub,V1-V2,Illumina,GAGTTTGATCMTGGCTCAG,TGCTGCCTCCCGTAGGAGT,Arm,VolarForearm,NA,NA,Healthy,No,5.42,NA,236.333,8.3,NA,0,SKN.CLN.3086.Sample.308
SKN.CLN.3086.Sample.324,NA,NA,EXP-20-AT8467,,SKN_CLN_3086,Unilever Multisite Microbiome Analysis,NA,No,NA,NA,NA,NA,Subject22,NA,NA,NA,NA,Female,NA,NA,NA,NA,NA,NA,NA,NA,NA,NA,NA,NA,16S,BufferScrub,V1-V2,Illumina,GAGTTTGATCMTGGCTCAG,TGCTGCCTCCCGTAGGAGT,Arm,VolarForearm,NA,NA,Healthy,No,5.66,NA,163.667,7.8,NA,0,SKN.CLN.3086.Sample.324
SKN.CLN.3086.Sample.334,NA,NA,EXP-20-AT8467,,SKN_CLN_3086,Unilever Multisite Microbiome Analysis,NA,No,NA,NA,NA,NA,Subject23,NA,NA,NA,NA,Female,NA,NA,NA,NA,NA,NA,NA,NA,NA,NA,NA,NA,16S,BufferScrub,V1-V2,Illumina,GAGTTTGATCMTGGCTCAG,TGCTGCCTCCCGTAGGAGT,Arm,VolarForearm,NA,NA,Healthy,No,N/A,NA,N/A,N/A,NA,N/A,SKN.CLN.3086.Sample.334
SKN.CLN.3086.Sample.348,NA,NA,EXP-20-AT8467,,SKN_CLN_3086,Unilever Multisite Microbiome Analysis,NA,No,NA,NA,NA,NA,Subject24,NA,NA,NA,NA,Female,NA,NA,NA,NA,NA,NA,NA,NA,NA,NA,NA,NA,16S,BufferScrub,V1-V2,Illumina,GAGTTTGATCMTGGCTCAG,TGCTGCCTCCCGTAGGAGT,Arm,VolarForearm,NA,NA,Healthy,No,5.27,NA,198.333,7.4,NA,0,SKN.CLN.3086.Sample.348
SKN.CLN.3086.Sample.364,NA,NA,EXP-20-AT8467,,SKN_CLN_3086,Unilever Multisite Microbiome Analysis,NA,No,NA,NA,NA,NA,Subject30,NA,NA,NA,NA,Female,NA,NA,NA,NA,NA,NA,NA,NA,NA,NA,NA,NA,16S,BufferScrub,V1-V2,Illumina,GAGTTTGATCMTGGCTCAG,TGCTGCCTCCCGTAGGAGT,Arm,VolarForearm,NA,NA,Healthy,No,5.6,NA,272.333,7,NA,0,SKN.CLN.3086.Sample.364
SKN.CLN.3086.Sample.14,NA,NA,EXP-20-AT8467,,SKN_CLN_3086,Unilever Multisite Microbiome Analysis,NA,No,NA,NA,NA,NA,Subject1,NA,NA,NA,NA,Female,NA,NA,NA,NA,NA,NA,NA,NA,NA,NA,NA,NA,16S,BufferScrub,V1-V2,Illumina,GAGTTTGATCMTGGCTCAG,TGCTGCCTCCCGTAGGAGT,Arm,VolarForearm,NA,NA,Healthy,No,6.44,NA,174.667,6.6,NA,0,SKN.CLN.3086.Sample.14
SKN.CLN.3086.Sample.30,NA,NA,EXP-20-AT8467,,SKN_CLN_3086,Unilever Multisite Microbiome Analysis,NA,No,NA,NA,NA,NA,Subject2,NA,NA,NA,NA,Female,NA,NA,NA,NA,NA,NA,NA,NA,NA,NA,NA,NA,16S,BufferScrub,V1-V2,Illumina,GAGTTTGATCMTGGCTCAG,TGCTGCCTCCCGTAGGAGT,Arm,VolarForearm,NA,NA,Healthy,No,6.19,NA,129.667,7.4,NA,0,SKN.CLN.3086.Sample.30
SKN.CLN.3086.Sample.46,NA,NA,EXP-20-AT8467,,SKN_CLN_3086,Unilever Multisite Microbiome Analysis,NA,No,NA,NA,NA,NA,Subject3,NA,NA,NA,NA,Female,NA,NA,NA,NA,NA,NA,NA,NA,NA,NA,NA,NA,16S,BufferScrub,V1-V2,Illumina,GAGTTTGATCMTGGCTCAG,TGCTGCCTCCCGTAGGAGT,Arm,VolarForearm,NA,NA,Healthy,No,6.46,NA,197,8.2,NA,0,SKN.CLN.3086.Sample.46
SKN.CLN.3086.Sample.62,NA,NA,EXP-20-AT8467,,SKN_CLN_3086,Unilever Multisite Microbiome Analysis,NA,No,NA,NA,NA,NA,Subject4,NA,NA,NA,NA,Female,NA,NA,NA,NA,NA,NA,NA,NA,NA,NA,NA,NA,16S,BufferScrub,V1-V2,Illumina,GAGTTTGATCMTGGCTCAG,TGCTGCCTCCCGTAGGAGT,Arm,VolarForearm,NA,NA,Healthy,No,6.18,NA,110,7,NA,0,SKN.CLN.3086.Sample.62
SKN.CLN.3086.Sample.78,NA,NA,EXP-20-AT8467,,SKN_CLN_3086,Unilever Multisite Microbiome Analysis,NA,No,NA,NA,NA,NA,Subject5,NA,NA,NA,NA,Female,NA,NA,NA,NA,NA,NA,NA,NA,NA,NA,NA,NA,16S,BufferScrub,V1-V2,Illumina,GAGTTTGATCMTGGCTCAG,TGCTGCCTCCCGTAGGAGT,Arm,VolarForearm,NA,NA,Healthy,No,5.63,NA,93.333,8.4,NA,0,SKN.CLN.3086.Sample.78
SKN.CLN.3086.Sample.94,NA,NA,EXP-20-AT8467,,SKN_CLN_3086,Unilever Multisite Microbiome Analysis,NA,No,NA,NA,NA,NA,Subject6,NA,NA,NA,NA,Female,NA,NA,NA,NA,NA,NA,NA,NA,NA,NA,NA,NA,16S,BufferScrub,V1-V2,Illumina,GAGTTTGATCMTGGCTCAG,TGCTGCCTCCCGTAGGAGT,Arm,VolarForearm,NA,NA,Healthy,No,5.73,NA,146.333,9.1,NA,0,SKN.CLN.3086.Sample.94
SKN.CLN.3086.Sample.110,NA,NA,EXP-20-AT8467,,SKN_CLN_3086,Unilever Multisite Microbiome Analysis,NA,No,NA,NA,NA,NA,Subject7,NA,NA,NA,NA,Female,NA,NA,NA,NA,NA,NA,NA,NA,NA,NA,NA,NA,16S,BufferScrub,V1-V2,Illumina,GAGTTTGATCMTGGCTCAG,TGCTGCCTCCCGTAGGAGT,Arm,VolarForearm,NA,NA,Healthy,No,6.82,NA,101.667,7.7,NA,0,SKN.CLN.3086.Sample.110
SKN.CLN.3086.Sample.126,NA,NA,EXP-20-AT8467,,SKN_CLN_3086,Unilever Multisite Microbiome Analysis,NA,No,NA,NA,NA,NA,Subject8,NA,NA,NA,NA,Female,NA,NA,NA,NA,NA,NA,NA,NA,NA,NA,NA,NA,16S,BufferScrub,V1-V2,Illumina,GAGTTTGATCMTGGCTCAG,TGCTGCCTCCCGTAGGAGT,Arm,VolarForearm,NA,NA,Healthy,No,6.31,NA,179.333,9,NA,0,SKN.CLN.3086.Sample.126
SKN.CLN.3086.Sample.142,NA,NA,EXP-20-AT8467,,SKN_CLN_3086,Unilever Multisite Microbiome Analysis,NA,No,NA,NA,NA,NA,Subject9,NA,NA,NA,NA,Female,NA,NA,NA,NA,NA,NA,NA,NA,NA,NA,NA,NA,16S,BufferScrub,V1-V2,Illumina,GAGTTTGATCMTGGCTCAG,TGCTGCCTCCCGTAGGAGT,Arm,VolarForearm,NA,NA,Healthy,No,6.88,NA,102,8.7,NA,0,SKN.CLN.3086.Sample.142
SKN.CLN.3086.Sample.157,NA,NA,EXP-20-AT8467,,SKN_CLN_3086,Unilever Multisite Microbiome Analysis,NA,No,NA,NA,NA,NA,Subject10,NA,NA,NA,NA,Female,NA,NA,NA,NA,NA,NA,NA,NA,NA,NA,NA,NA,16S,BufferScrub,V1-V2,Illumina,GAGTTTGATCMTGGCTCAG,TGCTGCCTCCCGTAGGAGT,Arm,VolarForearm,NA,NA,Healthy,No,6.33,NA,120.667,9.4,NA,0,SKN.CLN.3086.Sample.157
SKN.CLN.3086.Sample.173,NA,NA,EXP-20-AT8467,,SKN_CLN_3086,Unilever Multisite Microbiome Analysis,NA,No,NA,NA,NA,NA,Subject11,NA,NA,NA,NA,Female,NA,NA,NA,NA,NA,NA,NA,NA,NA,NA,NA,NA,16S,BufferScrub,V1-V2,Illumina,GAGTTTGATCMTGGCTCAG,TGCTGCCTCCCGTAGGAGT,Arm,VolarForearm,NA,NA,Healthy,No,6.19,NA,191.667,8,NA,0,SKN.CLN.3086.Sample.173
SKN.CLN.3086.Sample.189,NA,NA,EXP-20-AT8467,,SKN_CLN_3086,Unilever Multisite Microbiome Analysis,NA,No,NA,NA,NA,NA,Subject12,NA,NA,NA,NA,Female,NA,NA,NA,NA,NA,NA,NA,NA,NA,NA,NA,NA,16S,BufferScrub,V1-V2,Illumina,GAGTTTGATCMTGGCTCAG,TGCTGCCTCCCGTAGGAGT,Arm,VolarForearm,NA,NA,Healthy,No,6.28,NA,170.333,7.7,NA,0,SKN.CLN.3086.Sample.189
SKN.CLN.3086.Sample.1,NA,NA,EXP-20-AT8467,,SKN_CLN_3086,Unilever Multisite Microbiome Analysis,NA,No,NA,NA,NA,NA,Subject1,NA,NA,NA,NA,Female,NA,NA,NA,NA,NA,NA,NA,NA,NA,NA,NA,NA,16S,BufferScrub,V1-V2,Illumina,GAGTTTGATCMTGGCTCAG,TGCTGCCTCCCGTAGGAGT,Face,Cheek,NA,NA,Healthy,No,5.37,NA,308,9.4,NA,0,SKN.CLN.3086.Sample.1
SKN.CLN.3086.Sample.17,NA,NA,EXP-20-AT8467,,SKN_CLN_3086,Unilever Multisite Microbiome Analysis,NA,No,NA,NA,NA,NA,Subject2,NA,NA,NA,NA,Female,NA,NA,NA,NA,NA,NA,NA,NA,NA,NA,NA,NA,16S,BufferScrub,V1-V2,Illumina,GAGTTTGATCMTGGCTCAG,TGCTGCCTCCCGTAGGAGT,Face,Cheek,NA,NA,Healthy,No,5.07,NA,233.667,16,NA,0,SKN.CLN.3086.Sample.17
SKN.CLN.3086.Sample.33,NA,NA,EXP-20-AT8467,,SKN_CLN_3086,Unilever Multisite Microbiome Analysis,NA,No,NA,NA,NA,NA,Subject3,NA,NA,NA,NA,Female,NA,NA,NA,NA,NA,NA,NA,NA,NA,NA,NA,NA,16S,BufferScrub,V1-V2,Illumina,GAGTTTGATCMTGGCTCAG,TGCTGCCTCCCGTAGGAGT,Face,Cheek,NA,NA,Healthy,No,5.11,NA,415.667,7.7,NA,0,SKN.CLN.3086.Sample.33
SKN.CLN.3086.Sample.49,NA,NA,EXP-20-AT8467,,SKN_CLN_3086,Unilever Multisite Microbiome Analysis,NA,No,NA,NA,NA,NA,Subject4,NA,NA,NA,NA,Female,NA,NA,NA,NA,NA,NA,NA,NA,NA,NA,NA,NA,16S,BufferScrub,V1-V2,Illumina,GAGTTTGATCMTGGCTCAG,TGCTGCCTCCCGTAGGAGT,Face,Cheek,NA,NA,Healthy,No,5.29,NA,274,8.7,NA,0,SKN.CLN.3086.Sample.49
SKN.CLN.3086.Sample.65,NA,NA,EXP-20-AT8467,,SKN_CLN_3086,Unilever Multisite Microbiome Analysis,NA,No,NA,NA,NA,NA,Subject5,NA,NA,NA,NA,Female,NA,NA,NA,NA,NA,NA,NA,NA,NA,NA,NA,NA,16S,BufferScrub,V1-V2,Illumina,GAGTTTGATCMTGGCTCAG,TGCTGCCTCCCGTAGGAGT,Face,Cheek,NA,NA,Healthy,No,4.79,NA,430.667,10.2,NA,0,SKN.CLN.3086.Sample.65
SKN.CLN.3086.Sample.81,NA,NA,EXP-20-AT8467,,SKN_CLN_3086,Unilever Multisite Microbiome Analysis,NA,No,NA,NA,NA,NA,Subject6,NA,NA,NA,NA,Female,NA,NA,NA,NA,NA,NA,NA,NA,NA,NA,NA,NA,16S,BufferScrub,V1-V2,Illumina,GAGTTTGATCMTGGCTCAG,TGCTGCCTCCCGTAGGAGT,Face,Cheek,NA,NA,Healthy,No,4.71,NA,325,10.1,NA,1,SKN.CLN.3086.Sample.81
SKN.CLN.3086.Sample.97,NA,NA,EXP-20-AT8467,,SKN_CLN_3086,Unilever Multisite Microbiome Analysis,NA,No,NA,NA,NA,NA,Subject7,NA,NA,NA,NA,Female,NA,NA,NA,NA,NA,NA,NA,NA,NA,NA,NA,NA,16S,BufferScrub,V1-V2,Illumina,GAGTTTGATCMTGGCTCAG,TGCTGCCTCCCGTAGGAGT,Face,Cheek,NA,NA,Healthy,No,5.79,NA,335.667,9.4,NA,0,SKN.CLN.3086.Sample.97
SKN.CLN.3086.Sample.113,NA,NA,EXP-20-AT8467,,SKN_CLN_3086,Unilever Multisite Microbiome Analysis,NA,No,NA,NA,NA,NA,Subject8,NA,NA,NA,NA,Female,NA,NA,NA,NA,NA,NA,NA,NA,NA,NA,NA,NA,16S,BufferScrub,V1-V2,Illumina,GAGTTTGATCMTGGCTCAG,TGCTGCCTCCCGTAGGAGT,Face,Cheek,NA,NA,Healthy,No,4.86,NA,254.333,9.4,NA,0,SKN.CLN.3086.Sample.113
SKN.CLN.3086.Sample.129,NA,NA,EXP-20-AT8467,,SKN_CLN_3086,Unilever Multisite Microbiome Analysis,NA,No,NA,NA,NA,NA,Subject9,NA,NA,NA,NA,Female,NA,NA,NA,NA,NA,NA,NA,NA,NA,NA,NA,NA,16S,BufferScrub,V1-V2,Illumina,GAGTTTGATCMTGGCTCAG,TGCTGCCTCCCGTAGGAGT,Face,Cheek,NA,NA,Healthy,No,5.03,NA,146.667,14.5,NA,1,SKN.CLN.3086.Sample.129
SKN.CLN.3086.Sample.145,NA,NA,EXP-20-AT8467,,SKN_CLN_3086,Unilever Multisite Microbiome Analysis,NA,No,NA,NA,NA,NA,Subject10,NA,NA,NA,NA,Female,NA,NA,NA,NA,NA,NA,NA,NA,NA,NA,NA,NA,16S,BufferScrub,V1-V2,Illumina,GAGTTTGATCMTGGCTCAG,TGCTGCCTCCCGTAGGAGT,Face,Cheek,NA,NA,Healthy,No,5.93,NA,345.333,17.3,NA,1,SKN.CLN.3086.Sample.145
SKN.CLN.3086.Sample.160,NA,NA,EXP-20-AT8467,,SKN_CLN_3086,Unilever Multisite Microbiome Analysis,NA,No,NA,NA,NA,NA,Subject11,NA,NA,NA,NA,Female,NA,NA,NA,NA,NA,NA,NA,NA,NA,NA,NA,NA,16S,BufferScrub,V1-V2,Illumina,GAGTTTGATCMTGGCTCAG,TGCTGCCTCCCGTAGGAGT,Face,Cheek,NA,NA,Healthy,No,5.17,NA,353,12.1,NA,0,SKN.CLN.3086.Sample.160
SKN.CLN.3086.Sample.176,NA,NA,EXP-20-AT8467,,SKN_CLN_3086,Unilever Multisite Microbiome Analysis,NA,No,NA,NA,NA,NA,Subject12,NA,NA,NA,NA,Female,NA,NA,NA,NA,NA,NA,NA,NA,NA,NA,NA,NA,16S,BufferScrub,V1-V2,Illumina,GAGTTTGATCMTGGCTCAG,TGCTGCCTCCCGTAGGAGT,Face,Cheek,NA,NA,Healthy,No,5.51,NA,722,14.3,NA,1,SKN.CLN.3086.Sample.176
SKN.CLN.3086.Sample.192,NA,NA,EXP-20-AT8467,,SKN_CLN_3086,Unilever Multisite Microbiome Analysis,NA,No,NA,NA,NA,NA,Subject13,NA,NA,NA,NA,Female,NA,NA,NA,NA,NA,NA,NA,NA,NA,NA,NA,NA,16S,BufferScrub,V1-V2,Illumina,GAGTTTGATCMTGGCTCAG,TGCTGCCTCCCGTAGGAGT,Face,Cheek,NA,NA,Healthy,No,5.61,NA,253.667,15.7,NA,0,SKN.CLN.3086.Sample.192
SKN.CLN.3086.Sample.208,NA,NA,EXP-20-AT8467,,SKN_CLN_3086,Unilever Multisite Microbiome Analysis,NA,No,NA,NA,NA,NA,Subject14,NA,NA,NA,NA,Female,NA,NA,NA,NA,NA,NA,NA,NA,NA,NA,NA,NA,16S,BufferScrub,V1-V2,Illumina,GAGTTTGATCMTGGCTCAG,TGCTGCCTCCCGTAGGAGT,Face,Cheek,NA,NA,Healthy,No,5.38,NA,146,12.7,NA,1,SKN.CLN.3086.Sample.208
SKN.CLN.3086.Sample.224,NA,NA,EXP-20-AT8467,,SKN_CLN_3086,Unilever Multisite Microbiome Analysis,NA,No,NA,NA,NA,NA,Subject15,NA,NA,NA,NA,Female,NA,NA,NA,NA,NA,NA,NA,NA,NA,NA,NA,NA,16S,BufferScrub,V1-V2,Illumina,GAGTTTGATCMTGGCTCAG,TGCTGCCTCCCGTAGGAGT,Face,Cheek,NA,NA,Healthy,No,NA,NA,NA,NA,NA,NA,SKN.CLN.3086.Sample.224
SKN.CLN.3086.Sample.232,NA,NA,EXP-20-AT8467,,SKN_CLN_3086,Unilever Multisite Microbiome Analysis,NA,No,NA,NA,NA,NA,Subject16,NA,NA,NA,NA,Female,NA,NA,NA,NA,NA,NA,NA,NA,NA,NA,NA,NA,16S,BufferScrub,V1-V2,Illumina,GAGTTTGATCMTGGCTCAG,TGCTGCCTCCCGTAGGAGT,Face,Cheek,NA,NA,Healthy,No,5.98,NA,417.667,8.4,NA,0,SKN.CLN.3086.Sample.232
SKN.CLN.3086.Sample.248,NA,NA,EXP-20-AT8467,,SKN_CLN_3086,Unilever Multisite Microbiome Analysis,NA,No,NA,NA,NA,NA,Subject17,NA,NA,NA,NA,Female,NA,NA,NA,NA,NA,NA,NA,NA,NA,NA,NA,NA,16S,BufferScrub,V1-V2,Illumina,GAGTTTGATCMTGGCTCAG,TGCTGCCTCCCGTAGGAGT,Face,Cheek,NA,NA,Healthy,No,5.49,NA,192.333,9.7,NA,0,SKN.CLN.3086.Sample.248
SKN.CLN.3086.Sample.264,NA,NA,EXP-20-AT8467,,SKN_CLN_3086,Unilever Multisite Microbiome Analysis,NA,No,NA,NA,NA,NA,Subject19,NA,NA,NA,NA,Female,NA,NA,NA,NA,NA,NA,NA,NA,NA,NA,NA,NA,16S,BufferScrub,V1-V2,Illumina,GAGTTTGATCMTGGCTCAG,TGCTGCCTCCCGTAGGAGT,Face,Cheek,NA,NA,Healthy,No,5.21,NA,145.667,9.9,NA,0,SKN.CLN.3086.Sample.264
SKN.CLN.3086.Sample.280,NA,NA,EXP-20-AT8467,,SKN_CLN_3086,Unilever Multisite Microbiome Analysis,NA,No,NA,NA,NA,NA,Subject20,NA,NA,NA,NA,Female,NA,NA,NA,NA,NA,NA,NA,NA,NA,NA,NA,NA,16S,BufferScrub,V1-V2,Illumina,GAGTTTGATCMTGGCTCAG,TGCTGCCTCCCGTAGGAGT,Face,Cheek,NA,NA,Healthy,No,5.57,NA,190,11.7,NA,0,SKN.CLN.3086.Sample.280
SKN.CLN.3086.Sample.296,NA,NA,EXP-20-AT8467,,SKN_CLN_3086,Unilever Multisite Microbiome Analysis,NA,No,NA,NA,NA,NA,Subject21,NA,NA,NA,NA,Female,NA,NA,NA,NA,NA,NA,NA,NA,NA,NA,NA,NA,16S,BufferScrub,V1-V2,Illumina,GAGTTTGATCMTGGCTCAG,TGCTGCCTCCCGTAGGAGT,Face,Cheek,NA,NA,Healthy,No,5.87,NA,237,12.5,NA,0,SKN.CLN.3086.Sample.296
SKN.CLN.3086.Sample.328,NA,NA,EXP-20-AT8467,,SKN_CLN_3086,Unilever Multisite Microbiome Analysis,NA,No,NA,NA,NA,NA,Subject23,NA,NA,NA,NA,Female,NA,NA,NA,NA,NA,NA,NA,NA,NA,NA,NA,NA,16S,BufferScrub,V1-V2,Illumina,GAGTTTGATCMTGGCTCAG,TGCTGCCTCCCGTAGGAGT,Face,Cheek,NA,NA,Healthy,No,N/A,NA,N/A,N/A,NA,N/A,SKN.CLN.3086.Sample.328
SKN.CLN.3086.Sample.336,NA,NA,EXP-20-AT8467,,SKN_CLN_3086,Unilever Multisite Microbiome Analysis,NA,No,NA,NA,NA,NA,Subject24,NA,NA,NA,NA,Female,NA,NA,NA,NA,NA,NA,NA,NA,NA,NA,NA,NA,16S,BufferScrub,V1-V2,Illumina,GAGTTTGATCMTGGCTCAG,TGCTGCCTCCCGTAGGAGT,Face,Cheek,NA,NA,Healthy,No,5.38,NA,295,9.6,NA,0,SKN.CLN.3086.Sample.336
SKN.CLN.3086.Sample.352,NA,NA,EXP-20-AT8467,,SKN_CLN_3086,Unilever Multisite Microbiome Analysis,NA,No,NA,NA,NA,NA,Subject30,NA,NA,NA,NA,Female,NA,NA,NA,NA,NA,NA,NA,NA,NA,NA,NA,NA,16S,BufferScrub,V1-V2,Illumina,GAGTTTGATCMTGGCTCAG,TGCTGCCTCCCGTAGGAGT,Face,Cheek,NA,NA,Healthy,No,5,NA,535.333,8.3,NA,0,SKN.CLN.3086.Sample.352
SKN.CLN.3086.Sample.316,NA,NA,EXP-20-AT8467,,SKN_CLN_3086,Unilever Multisite Microbiome Analysis,NA,No,NA,NA,NA,NA,Subject22,NA,NA,NA,NA,Female,NA,NA,NA,NA,NA,NA,NA,NA,NA,NA,NA,NA,16S,BufferScrub,V1-V2,Illumina,GAGTTTGATCMTGGCTCAG,TGCTGCCTCCCGTAGGAGT,Face,Cheek,NA,NA,Healthy,No,5.56,NA,178.333,13,NA,0,SKN.CLN.3086.Sample.316
SKN.CLN.3086.Sample.5,NA,NA,EXP-20-AT8467,,SKN_CLN_3086,Unilever Multisite Microbiome Analysis,NA,No,NA,NA,NA,NA,Subject1,NA,NA,NA,NA,Female,NA,NA,NA,NA,NA,NA,NA,NA,NA,NA,NA,NA,16S,BufferScrub,V1-V2,Illumina,GAGTTTGATCMTGGCTCAG,TGCTGCCTCCCGTAGGAGT,Face,Cheek,NA,NA,Healthy,No,5.57,NA,321.333,10.5,NA,0,SKN.CLN.3086.Sample.5
SKN.CLN.3086.Sample.21,NA,NA,EXP-20-AT8467,,SKN_CLN_3086,Unilever Multisite Microbiome Analysis,NA,No,NA,NA,NA,NA,Subject2,NA,NA,NA,NA,Female,NA,NA,NA,NA,NA,NA,NA,NA,NA,NA,NA,NA,16S,BufferScrub,V1-V2,Illumina,GAGTTTGATCMTGGCTCAG,TGCTGCCTCCCGTAGGAGT,Face,Cheek,NA,NA,Healthy,No,4.88,NA,236.333,19.1,NA,0,SKN.CLN.3086.Sample.21
SKN.CLN.3086.Sample.37,NA,NA,EXP-20-AT8467,,SKN_CLN_3086,Unilever Multisite Microbiome Analysis,NA,No,NA,NA,NA,NA,Subject3,NA,NA,NA,NA,Female,NA,NA,NA,NA,NA,NA,NA,NA,NA,NA,NA,NA,16S,BufferScrub,V1-V2,Illumina,GAGTTTGATCMTGGCTCAG,TGCTGCCTCCCGTAGGAGT,Face,Cheek,NA,NA,Healthy,No,5.2,NA,467,6.9,NA,0,SKN.CLN.3086.Sample.37
SKN.CLN.3086.Sample.53,NA,NA,EXP-20-AT8467,,SKN_CLN_3086,Unilever Multisite Microbiome Analysis,NA,No,NA,NA,NA,NA,Subject4,NA,NA,NA,NA,Female,NA,NA,NA,NA,NA,NA,NA,NA,NA,NA,NA,NA,16S,BufferScrub,V1-V2,Illumina,GAGTTTGATCMTGGCTCAG,TGCTGCCTCCCGTAGGAGT,Face,Cheek,NA,NA,Healthy,No,4.98,NA,271,10.2,NA,0,SKN.CLN.3086.Sample.53
SKN.CLN.3086.Sample.69,NA,NA,EXP-20-AT8467,,SKN_CLN_3086,Unilever Multisite Microbiome Analysis,NA,No,NA,NA,NA,NA,Subject5,NA,NA,NA,NA,Female,NA,NA,NA,NA,NA,NA,NA,NA,NA,NA,NA,NA,16S,BufferScrub,V1-V2,Illumina,GAGTTTGATCMTGGCTCAG,TGCTGCCTCCCGTAGGAGT,Face,Cheek,NA,NA,Healthy,No,4.65,NA,375.333,10.3,NA,0,SKN.CLN.3086.Sample.69
SKN.CLN.3086.Sample.85,NA,NA,EXP-20-AT8467,,SKN_CLN_3086,Unilever Multisite Microbiome Analysis,NA,No,NA,NA,NA,NA,Subject6,NA,NA,NA,NA,Female,NA,NA,NA,NA,NA,NA,NA,NA,NA,NA,NA,NA,16S,BufferScrub,V1-V2,Illumina,GAGTTTGATCMTGGCTCAG,TGCTGCCTCCCGTAGGAGT,Face,Cheek,NA,NA,Healthy,No,4.6,NA,337.667,9.9,NA,1,SKN.CLN.3086.Sample.85
SKN.CLN.3086.Sample.101,NA,NA,EXP-20-AT8467,,SKN_CLN_3086,Unilever Multisite Microbiome Analysis,NA,No,NA,NA,NA,NA,Subject7,NA,NA,NA,NA,Female,NA,NA,NA,NA,NA,NA,NA,NA,NA,NA,NA,NA,16S,BufferScrub,V1-V2,Illumina,GAGTTTGATCMTGGCTCAG,TGCTGCCTCCCGTAGGAGT,Face,Cheek,NA,NA,Healthy,No,5.73,NA,499.667,10.9,NA,0,SKN.CLN.3086.Sample.101
SKN.CLN.3086.Sample.117,NA,NA,EXP-20-AT8467,,SKN_CLN_3086,Unilever Multisite Microbiome Analysis,NA,No,NA,NA,NA,NA,Subject8,NA,NA,NA,NA,Female,NA,NA,NA,NA,NA,NA,NA,NA,NA,NA,NA,NA,16S,BufferScrub,V1-V2,Illumina,GAGTTTGATCMTGGCTCAG,TGCTGCCTCCCGTAGGAGT,Face,Cheek,NA,NA,Healthy,No,5,NA,316.667,12,NA,0,SKN.CLN.3086.Sample.117
SKN.CLN.3086.Sample.133,NA,NA,EXP-20-AT8467,,SKN_CLN_3086,Unilever Multisite Microbiome Analysis,NA,No,NA,NA,NA,NA,Subject9,NA,NA,NA,NA,Female,NA,NA,NA,NA,NA,NA,NA,NA,NA,NA,NA,NA,16S,BufferScrub,V1-V2,Illumina,GAGTTTGATCMTGGCTCAG,TGCTGCCTCCCGTAGGAGT,Face,Cheek,NA,NA,Healthy,No,5.3,NA,131.333,14.9,NA,1,SKN.CLN.3086.Sample.133
SKN.CLN.3086.Sample.148,NA,NA,EXP-20-AT8467,,SKN_CLN_3086,Unilever Multisite Microbiome Analysis,NA,No,NA,NA,NA,NA,Subject10,NA,NA,NA,NA,Female,NA,NA,NA,NA,NA,NA,NA,NA,NA,NA,NA,NA,16S,BufferScrub,V1-V2,Illumina,GAGTTTGATCMTGGCTCAG,TGCTGCCTCCCGTAGGAGT,Face,Cheek,NA,NA,Healthy,No,5.64,NA,305,16.9,NA,1,SKN.CLN.3086.Sample.148
SKN.CLN.3086.Sample.164,NA,NA,EXP-20-AT8467,,SKN_CLN_3086,Unilever Multisite Microbiome Analysis,NA,No,NA,NA,NA,NA,Subject11,NA,NA,NA,NA,Female,NA,NA,NA,NA,NA,NA,NA,NA,NA,NA,NA,NA,16S,BufferScrub,V1-V2,Illumina,GAGTTTGATCMTGGCTCAG,TGCTGCCTCCCGTAGGAGT,Face,Cheek,NA,NA,Healthy,No,5.13,NA,328.667,10.6,NA,0,SKN.CLN.3086.Sample.164
SKN.CLN.3086.Sample.180,NA,NA,EXP-20-AT8467,,SKN_CLN_3086,Unilever Multisite Microbiome Analysis,NA,No,NA,NA,NA,NA,Subject12,NA,NA,NA,NA,Female,NA,NA,NA,NA,NA,NA,NA,NA,NA,NA,NA,NA,16S,BufferScrub,V1-V2,Illumina,GAGTTTGATCMTGGCTCAG,TGCTGCCTCCCGTAGGAGT,Face,Cheek,NA,NA,Healthy,No,5.33,NA,619.333,17.6,NA,1,SKN.CLN.3086.Sample.180
SKN.CLN.3086.Sample.196,NA,NA,EXP-20-AT8467,,SKN_CLN_3086,Unilever Multisite Microbiome Analysis,NA,No,NA,NA,NA,NA,Subject13,NA,NA,NA,NA,Female,NA,NA,NA,NA,NA,NA,NA,NA,NA,NA,NA,NA,16S,BufferScrub,V1-V2,Illumina,GAGTTTGATCMTGGCTCAG,TGCTGCCTCCCGTAGGAGT,Face,Cheek,NA,NA,Healthy,No,5.3,NA,199.667,13.3,NA,0,SKN.CLN.3086.Sample.196
SKN.CLN.3086.Sample.212,NA,NA,EXP-20-AT8467,,SKN_CLN_3086,Unilever Multisite Microbiome Analysis,NA,No,NA,NA,NA,NA,Subject14,NA,NA,NA,NA,Female,NA,NA,NA,NA,NA,NA,NA,NA,NA,NA,NA,NA,16S,BufferScrub,V1-V2,Illumina,GAGTTTGATCMTGGCTCAG,TGCTGCCTCCCGTAGGAGT,Face,Cheek,NA,NA,Healthy,No,5.36,NA,165.667,12.8,NA,0,SKN.CLN.3086.Sample.212
SKN.CLN.3086.Sample.226,NA,NA,EXP-20-AT8467,,SKN_CLN_3086,Unilever Multisite Microbiome Analysis,NA,No,NA,NA,NA,NA,Subject15,NA,NA,NA,NA,Female,NA,NA,NA,NA,NA,NA,NA,NA,NA,NA,NA,NA,16S,BufferScrub,V1-V2,Illumina,GAGTTTGATCMTGGCTCAG,TGCTGCCTCCCGTAGGAGT,Face,Cheek,NA,NA,Healthy,No,NA,NA,NA,NA,NA,NA,SKN.CLN.3086.Sample.226
SKN.CLN.3086.Sample.236,NA,NA,EXP-20-AT8467,,SKN_CLN_3086,Unilever Multisite Microbiome Analysis,NA,No,NA,NA,NA,NA,Subject16,NA,NA,NA,NA,Female,NA,NA,NA,NA,NA,NA,NA,NA,NA,NA,NA,NA,16S,BufferScrub,V1-V2,Illumina,GAGTTTGATCMTGGCTCAG,TGCTGCCTCCCGTAGGAGT,Face,Cheek,NA,NA,Healthy,No,6.3,NA,400.333,10.2,NA,0,SKN.CLN.3086.Sample.236
SKN.CLN.3086.Sample.252,NA,NA,EXP-20-AT8467,,SKN_CLN_3086,Unilever Multisite Microbiome Analysis,NA,No,NA,NA,NA,NA,Subject17,NA,NA,NA,NA,Female,NA,NA,NA,NA,NA,NA,NA,NA,NA,NA,NA,NA,16S,BufferScrub,V1-V2,Illumina,GAGTTTGATCMTGGCTCAG,TGCTGCCTCCCGTAGGAGT,Face,Cheek,NA,NA,Healthy,No,5.48,NA,217,12.4,NA,0,SKN.CLN.3086.Sample.252
SKN.CLN.3086.Sample.268,NA,NA,EXP-20-AT8467,,SKN_CLN_3086,Unilever Multisite Microbiome Analysis,NA,No,NA,NA,NA,NA,Subject19,NA,NA,NA,NA,Female,NA,NA,NA,NA,NA,NA,NA,NA,NA,NA,NA,NA,16S,BufferScrub,V1-V2,Illumina,GAGTTTGATCMTGGCTCAG,TGCTGCCTCCCGTAGGAGT,Face,Cheek,NA,NA,Healthy,No,5.15,NA,133.667,13.6,NA,0,SKN.CLN.3086.Sample.268
SKN.CLN.3086.Sample.284,NA,NA,EXP-20-AT8467,,SKN_CLN_3086,Unilever Multisite Microbiome Analysis,NA,No,NA,NA,NA,NA,Subject20,NA,NA,NA,NA,Female,NA,NA,NA,NA,NA,NA,NA,NA,NA,NA,NA,NA,16S,BufferScrub,V1-V2,Illumina,GAGTTTGATCMTGGCTCAG,TGCTGCCTCCCGTAGGAGT,Face,Cheek,NA,NA,Healthy,No,5.64,NA,152.667,13,NA,0,SKN.CLN.3086.Sample.284
SKN.CLN.3086.Sample.300,NA,NA,EXP-20-AT8467,,SKN_CLN_3086,Unilever Multisite Microbiome Analysis,NA,No,NA,NA,NA,NA,Subject21,NA,NA,NA,NA,Female,NA,NA,NA,NA,NA,NA,NA,NA,NA,NA,NA,NA,16S,BufferScrub,V1-V2,Illumina,GAGTTTGATCMTGGCTCAG,TGCTGCCTCCCGTAGGAGT,Face,Cheek,NA,NA,Healthy,No,5.67,NA,150,12.3,NA,0,SKN.CLN.3086.Sample.300
SKN.CLN.3086.Sample.330,NA,NA,EXP-20-AT8467,,SKN_CLN_3086,Unilever Multisite Microbiome Analysis,NA,No,NA,NA,NA,NA,Subject23,NA,NA,NA,NA,Female,NA,NA,NA,NA,NA,NA,NA,NA,NA,NA,NA,NA,16S,BufferScrub,V1-V2,Illumina,GAGTTTGATCMTGGCTCAG,TGCTGCCTCCCGTAGGAGT,Face,Cheek,NA,NA,Healthy,No,N/A,NA,N/A,N/A,NA,N/A,SKN.CLN.3086.Sample.330
SKN.CLN.3086.Sample.340,NA,NA,EXP-20-AT8467,,SKN_CLN_3086,Unilever Multisite Microbiome Analysis,NA,No,NA,NA,NA,NA,Subject24,NA,NA,NA,NA,Female,NA,NA,NA,NA,NA,NA,NA,NA,NA,NA,NA,NA,16S,BufferScrub,V1-V2,Illumina,GAGTTTGATCMTGGCTCAG,TGCTGCCTCCCGTAGGAGT,Face,Cheek,NA,NA,Healthy,No,5.35,NA,268,8.6,NA,0,SKN.CLN.3086.Sample.340
SKN.CLN.3086.Sample.356,NA,NA,EXP-20-AT8467,,SKN_CLN_3086,Unilever Multisite Microbiome Analysis,NA,No,NA,NA,NA,NA,Subject30,NA,NA,NA,NA,Female,NA,NA,NA,NA,NA,NA,NA,NA,NA,NA,NA,NA,16S,BufferScrub,V1-V2,Illumina,GAGTTTGATCMTGGCTCAG,TGCTGCCTCCCGTAGGAGT,Face,Cheek,NA,NA,Healthy,No,4.66,NA,562.333,9.2,NA,0,SKN.CLN.3086.Sample.356
SKN.CLN.3086.Sample.6,NA,NA,EXP-20-AT8467,,SKN_CLN_3086,Unilever Multisite Microbiome Analysis,NA,No,NA,NA,NA,NA,Subject1,NA,NA,NA,NA,Female,NA,NA,NA,NA,NA,NA,NA,NA,NA,NA,NA,NA,16S,BufferScrub,V1-V2,Illumina,GAGTTTGATCMTGGCTCAG,TGCTGCCTCCCGTAGGAGT,Face,Cheek,NA,NA,Healthy,No,4.2,NA,315.333,10.2,NA,0,SKN.CLN.3086.Sample.6
SKN.CLN.3086.Sample.22,NA,NA,EXP-20-AT8467,,SKN_CLN_3086,Unilever Multisite Microbiome Analysis,NA,No,NA,NA,NA,NA,Subject2,NA,NA,NA,NA,Female,NA,NA,NA,NA,NA,NA,NA,NA,NA,NA,NA,NA,16S,BufferScrub,V1-V2,Illumina,GAGTTTGATCMTGGCTCAG,TGCTGCCTCCCGTAGGAGT,Face,Cheek,NA,NA,Healthy,No,5.87,NA,193,22.8,NA,0,SKN.CLN.3086.Sample.22
SKN.CLN.3086.Sample.38,NA,NA,EXP-20-AT8467,,SKN_CLN_3086,Unilever Multisite Microbiome Analysis,NA,No,NA,NA,NA,NA,Subject3,NA,NA,NA,NA,Female,NA,NA,NA,NA,NA,NA,NA,NA,NA,NA,NA,NA,16S,BufferScrub,V1-V2,Illumina,GAGTTTGATCMTGGCTCAG,TGCTGCCTCCCGTAGGAGT,Face,Cheek,NA,NA,Healthy,No,5.94,NA,492,8.4,NA,0,SKN.CLN.3086.Sample.38
SKN.CLN.3086.Sample.54,NA,NA,EXP-20-AT8467,,SKN_CLN_3086,Unilever Multisite Microbiome Analysis,NA,No,NA,NA,NA,NA,Subject4,NA,NA,NA,NA,Female,NA,NA,NA,NA,NA,NA,NA,NA,NA,NA,NA,NA,16S,BufferScrub,V1-V2,Illumina,GAGTTTGATCMTGGCTCAG,TGCTGCCTCCCGTAGGAGT,Face,Cheek,NA,NA,Healthy,No,7.38,NA,162.667,11.8,NA,0,SKN.CLN.3086.Sample.54
SKN.CLN.3086.Sample.70,NA,NA,EXP-20-AT8467,,SKN_CLN_3086,Unilever Multisite Microbiome Analysis,NA,No,NA,NA,NA,NA,Subject5,NA,NA,NA,NA,Female,NA,NA,NA,NA,NA,NA,NA,NA,NA,NA,NA,NA,16S,BufferScrub,V1-V2,Illumina,GAGTTTGATCMTGGCTCAG,TGCTGCCTCCCGTAGGAGT,Face,Cheek,NA,NA,Healthy,No,5.86,NA,290.667,12.4,NA,0,SKN.CLN.3086.Sample.70
SKN.CLN.3086.Sample.86,NA,NA,EXP-20-AT8467,,SKN_CLN_3086,Unilever Multisite Microbiome Analysis,NA,No,NA,NA,NA,NA,Subject6,NA,NA,NA,NA,Female,NA,NA,NA,NA,NA,NA,NA,NA,NA,NA,NA,NA,16S,BufferScrub,V1-V2,Illumina,GAGTTTGATCMTGGCTCAG,TGCTGCCTCCCGTAGGAGT,Face,Cheek,NA,NA,Healthy,No,5.26,NA,214.333,11.9,NA,0,SKN.CLN.3086.Sample.86
SKN.CLN.3086.Sample.102,NA,NA,EXP-20-AT8467,,SKN_CLN_3086,Unilever Multisite Microbiome Analysis,NA,No,NA,NA,NA,NA,Subject7,NA,NA,NA,NA,Female,NA,NA,NA,NA,NA,NA,NA,NA,NA,NA,NA,NA,16S,BufferScrub,V1-V2,Illumina,GAGTTTGATCMTGGCTCAG,TGCTGCCTCCCGTAGGAGT,Face,Cheek,NA,NA,Healthy,No,5.59,NA,369.333,10.7,NA,0,SKN.CLN.3086.Sample.102
SKN.CLN.3086.Sample.118,NA,NA,EXP-20-AT8467,,SKN_CLN_3086,Unilever Multisite Microbiome Analysis,NA,No,NA,NA,NA,NA,Subject8,NA,NA,NA,NA,Female,NA,NA,NA,NA,NA,NA,NA,NA,NA,NA,NA,NA,16S,BufferScrub,V1-V2,Illumina,GAGTTTGATCMTGGCTCAG,TGCTGCCTCCCGTAGGAGT,Face,Cheek,NA,NA,Healthy,No,6.13,NA,225,11.2,NA,0,SKN.CLN.3086.Sample.118
SKN.CLN.3086.Sample.134,NA,NA,EXP-20-AT8467,,SKN_CLN_3086,Unilever Multisite Microbiome Analysis,NA,No,NA,NA,NA,NA,Subject9,NA,NA,NA,NA,Female,NA,NA,NA,NA,NA,NA,NA,NA,NA,NA,NA,NA,16S,BufferScrub,V1-V2,Illumina,GAGTTTGATCMTGGCTCAG,TGCTGCCTCCCGTAGGAGT,Face,Cheek,NA,NA,Healthy,No,5.86,NA,121.667,16.6,NA,1,SKN.CLN.3086.Sample.134
SKN.CLN.3086.Sample.149,NA,NA,EXP-20-AT8467,,SKN_CLN_3086,Unilever Multisite Microbiome Analysis,NA,No,NA,NA,NA,NA,Subject10,NA,NA,NA,NA,Female,NA,NA,NA,NA,NA,NA,NA,NA,NA,NA,NA,NA,16S,BufferScrub,V1-V2,Illumina,GAGTTTGATCMTGGCTCAG,TGCTGCCTCCCGTAGGAGT,Face,Cheek,NA,NA,Healthy,No,6.27,NA,260,20.7,NA,1,SKN.CLN.3086.Sample.149
SKN.CLN.3086.Sample.165,NA,NA,EXP-20-AT8467,,SKN_CLN_3086,Unilever Multisite Microbiome Analysis,NA,No,NA,NA,NA,NA,Subject11,NA,NA,NA,NA,Female,NA,NA,NA,NA,NA,NA,NA,NA,NA,NA,NA,NA,16S,BufferScrub,V1-V2,Illumina,GAGTTTGATCMTGGCTCAG,TGCTGCCTCCCGTAGGAGT,Face,Cheek,NA,NA,Healthy,No,6.06,NA,213.667,9.7,NA,0,SKN.CLN.3086.Sample.165
SKN.CLN.3086.Sample.181,NA,NA,EXP-20-AT8467,,SKN_CLN_3086,Unilever Multisite Microbiome Analysis,NA,No,NA,NA,NA,NA,Subject12,NA,NA,NA,NA,Female,NA,NA,NA,NA,NA,NA,NA,NA,NA,NA,NA,NA,16S,BufferScrub,V1-V2,Illumina,GAGTTTGATCMTGGCTCAG,TGCTGCCTCCCGTAGGAGT,Face,Cheek,NA,NA,Healthy,No,5.84,NA,539.333,18.1,NA,0,SKN.CLN.3086.Sample.181
SKN.CLN.3086.Sample.197,NA,NA,EXP-20-AT8467,,SKN_CLN_3086,Unilever Multisite Microbiome Analysis,NA,No,NA,NA,NA,NA,Subject13,NA,NA,NA,NA,Female,NA,NA,NA,NA,NA,NA,NA,NA,NA,NA,NA,NA,16S,BufferScrub,V1-V2,Illumina,GAGTTTGATCMTGGCTCAG,TGCTGCCTCCCGTAGGAGT,Face,Cheek,NA,NA,Healthy,No,5.58,NA,255.333,16,NA,0,SKN.CLN.3086.Sample.197
SKN.BAR.2874.1,NA,NA,EXP-20-AT8467,,SKN_BAR_2874,Unilever Multisite Microbiome Analysis,NA,No,NA,NA,NA,NA,60,33,NA,NA,NA,Female,NA,NA,Caucasian,NA,NA,NA,NA,NA,NA,NA,NA,NA,16S,BufferScrub,V1-V2,Illumina,GAGTTTGATCMTGGCTCAG,TGCTGCCTCCCGTAGGAGT,Leg,Shin,NA,NA,Healthy,No,NA,NA,NA,NA,NA,NA,SKN.BAR.2874.1
SKN.BAR.2874.4,NA,NA,EXP-20-AT8467,,SKN_BAR_2874,Unilever Multisite Microbiome Analysis,NA,No,NA,NA,NA,NA,62,23,NA,NA,NA,Female,NA,NA,Caucasian,NA,NA,NA,NA,NA,NA,NA,NA,NA,16S,BufferScrub,V1-V2,Illumina,GAGTTTGATCMTGGCTCAG,TGCTGCCTCCCGTAGGAGT,Leg,Shin,NA,NA,Healthy,No,NA,NA,NA,NA,NA,NA,SKN.BAR.2874.4
SKN.BAR.2874.9,NA,NA,EXP-20-AT8467,,SKN_BAR_2874,Unilever Multisite Microbiome Analysis,NA,No,NA,NA,NA,NA,65,43,NA,NA,NA,Female,NA,NA,Caucasian,NA,NA,NA,NA,NA,NA,NA,NA,NA,16S,BufferScrub,V1-V2,Illumina,GAGTTTGATCMTGGCTCAG,TGCTGCCTCCCGTAGGAGT,Leg,Shin,NA,NA,Healthy,No,NA,NA,NA,NA,NA,NA,SKN.BAR.2874.9
SKN.BAR.2874.10,NA,NA,EXP-20-AT8467,,SKN_BAR_2874,Unilever Multisite Microbiome Analysis,NA,No,NA,NA,NA,NA,66,27,NA,NA,NA,Female,NA,NA,Caucasian,NA,NA,NA,NA,NA,NA,NA,NA,NA,16S,BufferScrub,V1-V2,Illumina,GAGTTTGATCMTGGCTCAG,TGCTGCCTCCCGTAGGAGT,Leg,Shin,NA,NA,Healthy,No,NA,NA,NA,NA,NA,NA,SKN.BAR.2874.10
SKN.BAR.2874.11,NA,NA,EXP-20-AT8467,,SKN_BAR_2874,Unilever Multisite Microbiome Analysis,NA,No,NA,NA,NA,NA,67,32,NA,NA,NA,Female,NA,NA,Caucasian,NA,NA,NA,NA,NA,NA,NA,NA,NA,16S,BufferScrub,V1-V2,Illumina,GAGTTTGATCMTGGCTCAG,TGCTGCCTCCCGTAGGAGT,Leg,Shin,NA,NA,Healthy,No,NA,NA,NA,NA,NA,NA,SKN.BAR.2874.11
SKN.BAR.2874.12,NA,NA,EXP-20-AT8467,,SKN_BAR_2874,Unilever Multisite Microbiome Analysis,NA,No,NA,NA,NA,NA,68,30,NA,NA,NA,Female,NA,NA,Caucasian,NA,NA,NA,NA,NA,NA,NA,NA,NA,16S,BufferScrub,V1-V2,Illumina,GAGTTTGATCMTGGCTCAG,TGCTGCCTCCCGTAGGAGT,Leg,Shin,NA,NA,Healthy,No,NA,NA,NA,NA,NA,NA,SKN.BAR.2874.12
SKN.BAR.2874.19,NA,NA,EXP-20-AT8467,,SKN_BAR_2874,Unilever Multisite Microbiome Analysis,NA,No,NA,NA,NA,NA,72,35,NA,NA,NA,Female,NA,NA,Caucasian,NA,NA,NA,NA,NA,NA,NA,NA,NA,16S,BufferScrub,V1-V2,Illumina,GAGTTTGATCMTGGCTCAG,TGCTGCCTCCCGTAGGAGT,Leg,Shin,NA,NA,Healthy,No,NA,NA,NA,NA,NA,NA,SKN.BAR.2874.19
SKN.BAR.2874.22,NA,NA,EXP-20-AT8467,,SKN_BAR_2874,Unilever Multisite Microbiome Analysis,NA,No,NA,NA,NA,NA,74,35,NA,NA,NA,Female,NA,NA,Caucasian,NA,NA,NA,NA,NA,NA,NA,NA,NA,16S,BufferScrub,V1-V2,Illumina,GAGTTTGATCMTGGCTCAG,TGCTGCCTCCCGTAGGAGT,Leg,Shin,NA,NA,Healthy,No,NA,NA,NA,NA,NA,NA,SKN.BAR.2874.22
SKN.BAR.2874.29,NA,NA,EXP-20-AT8467,,SKN_BAR_2874,Unilever Multisite Microbiome Analysis,NA,No,NA,NA,NA,NA,78,53,NA,NA,NA,Female,NA,NA,Caucasian,NA,NA,NA,NA,NA,NA,NA,NA,NA,16S,BufferScrub,V1-V2,Illumina,GAGTTTGATCMTGGCTCAG,TGCTGCCTCCCGTAGGAGT,Leg,Shin,NA,NA,Healthy,No,NA,NA,NA,NA,NA,NA,SKN.BAR.2874.29
SKN.BAR.2874.30,NA,NA,EXP-20-AT8467,,SKN_BAR_2874,Unilever Multisite Microbiome Analysis,NA,No,NA,NA,NA,NA,79,53,NA,NA,NA,Female,NA,NA,Caucasian,NA,NA,NA,NA,NA,NA,NA,NA,NA,16S,BufferScrub,V1-V2,Illumina,GAGTTTGATCMTGGCTCAG,TGCTGCCTCCCGTAGGAGT,Leg,Shin,NA,NA,Healthy,No,NA,NA,NA,NA,NA,NA,SKN.BAR.2874.30
SKN.BAR.2874.33,NA,NA,EXP-20-AT8467,,SKN_BAR_2874,Unilever Multisite Microbiome Analysis,NA,No,NA,NA,NA,NA,81,27,NA,NA,NA,Female,NA,NA,Caucasian,NA,NA,NA,NA,NA,NA,NA,NA,NA,16S,BufferScrub,V1-V2,Illumina,GAGTTTGATCMTGGCTCAG,TGCTGCCTCCCGTAGGAGT,Leg,Shin,NA,NA,Healthy,No,NA,NA,NA,NA,NA,NA,SKN.BAR.2874.33
SKN.BAR.2874.107,NA,NA,EXP-20-AT8467,,SKN_BAR_2874,Unilever Multisite Microbiome Analysis,NA,No,NA,NA,NA,NA,2,23,NA,NA,NA,Female,NA,NA,Caucasian,NA,NA,NA,NA,NA,NA,NA,NA,NA,16S,BufferScrub,V1-V2,Illumina,GAGTTTGATCMTGGCTCAG,TGCTGCCTCCCGTAGGAGT,Leg,Shin,NA,NA,Healthy,No,NA,NA,NA,NA,NA,NA,SKN.BAR.2874.107
SKN.BAR.2874.108,NA,NA,EXP-20-AT8467,,SKN_BAR_2874,Unilever Multisite Microbiome Analysis,NA,No,NA,NA,NA,NA,3,35,NA,NA,NA,Female,NA,NA,Caucasian,NA,NA,NA,NA,NA,NA,NA,NA,NA,16S,BufferScrub,V1-V2,Illumina,GAGTTTGATCMTGGCTCAG,TGCTGCCTCCCGTAGGAGT,Leg,Shin,NA,NA,Healthy,No,NA,NA,NA,NA,NA,NA,SKN.BAR.2874.108
SKN.BAR.2874.119,NA,NA,EXP-20-AT8467,,SKN_BAR_2874,Unilever Multisite Microbiome Analysis,NA,No,NA,NA,NA,NA,9,34,NA,NA,NA,Female,NA,NA,Caucasian,NA,NA,NA,NA,NA,NA,NA,NA,NA,16S,BufferScrub,V1-V2,Illumina,GAGTTTGATCMTGGCTCAG,TGCTGCCTCCCGTAGGAGT,Leg,Shin,NA,NA,Healthy,No,NA,NA,NA,NA,NA,NA,SKN.BAR.2874.119
SKN.BAR.2874.120,NA,NA,EXP-20-AT8467,,SKN_BAR_2874,Unilever Multisite Microbiome Analysis,NA,No,NA,NA,NA,NA,10,35,NA,NA,NA,Female,NA,NA,Caucasian,NA,NA,NA,NA,NA,NA,NA,NA,NA,16S,BufferScrub,V1-V2,Illumina,GAGTTTGATCMTGGCTCAG,TGCTGCCTCCCGTAGGAGT,Leg,Shin,NA,NA,Healthy,No,NA,NA,NA,NA,NA,NA,SKN.BAR.2874.120
SKN.BAR.2874.129,NA,NA,EXP-20-AT8467,,SKN_BAR_2874,Unilever Multisite Microbiome Analysis,NA,No,NA,NA,NA,NA,15,44,NA,NA,NA,Female,NA,NA,Caucasian,NA,NA,NA,NA,NA,NA,NA,NA,NA,16S,BufferScrub,V1-V2,Illumina,GAGTTTGATCMTGGCTCAG,TGCTGCCTCCCGTAGGAGT,Leg,Shin,NA,NA,Healthy,No,NA,NA,NA,NA,NA,NA,SKN.BAR.2874.129
SKN.BAR.2874.133,NA,NA,EXP-20-AT8467,,SKN_BAR_2874,Unilever Multisite Microbiome Analysis,NA,No,NA,NA,NA,NA,18,33,NA,NA,NA,Female,NA,NA,Caucasian,NA,NA,NA,NA,NA,NA,NA,NA,NA,16S,BufferScrub,V1-V2,Illumina,GAGTTTGATCMTGGCTCAG,TGCTGCCTCCCGTAGGAGT,Leg,Shin,NA,NA,Healthy,No,NA,NA,NA,NA,NA,NA,SKN.BAR.2874.133
SKN.BAR.2874.134,NA,NA,EXP-20-AT8467,,SKN_BAR_2874,Unilever Multisite Microbiome Analysis,NA,No,NA,NA,NA,NA,19,38,NA,NA,NA,Female,NA,NA,Caucasian,NA,NA,NA,NA,NA,NA,NA,NA,NA,16S,BufferScrub,V1-V2,Illumina,GAGTTTGATCMTGGCTCAG,TGCTGCCTCCCGTAGGAGT,Leg,Shin,NA,NA,Healthy,No,NA,NA,NA,NA,NA,NA,SKN.BAR.2874.134
SKN.BAR.2874.135,NA,NA,EXP-20-AT8467,,SKN_BAR_2874,Unilever Multisite Microbiome Analysis,NA,No,NA,NA,NA,NA,20,37,NA,NA,NA,Female,NA,NA,Caucasian,NA,NA,NA,NA,NA,NA,NA,NA,NA,16S,BufferScrub,V1-V2,Illumina,GAGTTTGATCMTGGCTCAG,TGCTGCCTCCCGTAGGAGT,Leg,Shin,NA,NA,Healthy,No,NA,NA,NA,NA,NA,NA,SKN.BAR.2874.135
SKN.BAR.2874.136,NA,NA,EXP-20-AT8467,,SKN_BAR_2874,Unilever Multisite Microbiome Analysis,NA,No,NA,NA,NA,NA,21,26,NA,NA,NA,Female,NA,NA,Caucasian,NA,NA,NA,NA,NA,NA,NA,NA,NA,16S,BufferScrub,V1-V2,Illumina,GAGTTTGATCMTGGCTCAG,TGCTGCCTCCCGTAGGAGT,Leg,Shin,NA,NA,Healthy,No,NA,NA,NA,NA,NA,NA,SKN.BAR.2874.136
SKN.BAR.2874.139,NA,NA,EXP-20-AT8467,,SKN_BAR_2874,Unilever Multisite Microbiome Analysis,NA,No,NA,NA,NA,NA,23,22,NA,NA,NA,Female,NA,NA,Caucasian,NA,NA,NA,NA,NA,NA,NA,NA,NA,16S,BufferScrub,V1-V2,Illumina,GAGTTTGATCMTGGCTCAG,TGCTGCCTCCCGTAGGAGT,Leg,Shin,NA,NA,Healthy,No,NA,NA,NA,NA,NA,NA,SKN.BAR.2874.139
SKN.BAR.2874.140,NA,NA,EXP-20-AT8467,,SKN_BAR_2874,Unilever Multisite Microbiome Analysis,NA,No,NA,NA,NA,NA,24,37,NA,NA,NA,Female,NA,NA,Caucasian,NA,NA,NA,NA,NA,NA,NA,NA,NA,16S,BufferScrub,V1-V2,Illumina,GAGTTTGATCMTGGCTCAG,TGCTGCCTCCCGTAGGAGT,Leg,Shin,NA,NA,Healthy,No,NA,NA,NA,NA,NA,NA,SKN.BAR.2874.140
SKN.BAR.2874.141,NA,NA,EXP-20-AT8467,,SKN_BAR_2874,Unilever Multisite Microbiome Analysis,NA,No,NA,NA,NA,NA,25,48,NA,NA,NA,Female,NA,NA,Caucasian,NA,NA,NA,NA,NA,NA,NA,NA,NA,16S,BufferScrub,V1-V2,Illumina,GAGTTTGATCMTGGCTCAG,TGCTGCCTCCCGTAGGAGT,Leg,Shin,NA,NA,Healthy,No,NA,NA,NA,NA,NA,NA,SKN.BAR.2874.141
SKN.BAR.2874.142,NA,NA,EXP-20-AT8467,,SKN_BAR_2874,Unilever Multisite Microbiome Analysis,NA,No,NA,NA,NA,NA,26,36,NA,NA,NA,Female,NA,NA,Caucasian,NA,NA,NA,NA,NA,NA,NA,NA,NA,16S,BufferScrub,V1-V2,Illumina,GAGTTTGATCMTGGCTCAG,TGCTGCCTCCCGTAGGAGT,Leg,Shin,NA,NA,Healthy,No,NA,NA,NA,NA,NA,NA,SKN.BAR.2874.142
SKN.BAR.2874.145,NA,NA,EXP-20-AT8467,,SKN_BAR_2874,Unilever Multisite Microbiome Analysis,NA,No,NA,NA,NA,NA,28,27,NA,NA,NA,Female,NA,NA,Caucasian,NA,NA,NA,NA,NA,NA,NA,NA,NA,16S,BufferScrub,V1-V2,Illumina,GAGTTTGATCMTGGCTCAG,TGCTGCCTCCCGTAGGAGT,Leg,Shin,NA,NA,Healthy,No,NA,NA,NA,NA,NA,NA,SKN.BAR.2874.145
SKN.BAR.2874.146,NA,NA,EXP-20-AT8467,,SKN_BAR_2874,Unilever Multisite Microbiome Analysis,NA,No,NA,NA,NA,NA,29,50,NA,NA,NA,Female,NA,NA,Caucasian,NA,NA,NA,NA,NA,NA,NA,NA,NA,16S,BufferScrub,V1-V2,Illumina,GAGTTTGATCMTGGCTCAG,TGCTGCCTCCCGTAGGAGT,Leg,Shin,NA,NA,Healthy,No,NA,NA,NA,NA,NA,NA,SKN.BAR.2874.146
SKN.BAR.2874.147,NA,NA,EXP-20-AT8467,,SKN_BAR_2874,Unilever Multisite Microbiome Analysis,NA,No,NA,NA,NA,NA,30,35,NA,NA,NA,Female,NA,NA,Caucasian,NA,NA,NA,NA,NA,NA,NA,NA,NA,16S,BufferScrub,V1-V2,Illumina,GAGTTTGATCMTGGCTCAG,TGCTGCCTCCCGTAGGAGT,Leg,Shin,NA,NA,Healthy,No,NA,NA,NA,NA,NA,NA,SKN.BAR.2874.147
SKN.BAR.2874.154,NA,NA,EXP-20-AT8467,,SKN_BAR_2874,Unilever Multisite Microbiome Analysis,NA,No,NA,NA,NA,NA,34,42,NA,NA,NA,Female,NA,NA,Caucasian,NA,NA,NA,NA,NA,NA,NA,NA,NA,16S,BufferScrub,V1-V2,Illumina,GAGTTTGATCMTGGCTCAG,TGCTGCCTCCCGTAGGAGT,Leg,Shin,NA,NA,Healthy,No,NA,NA,NA,NA,NA,NA,SKN.BAR.2874.154
SKN.BAR.2874.155,NA,NA,EXP-20-AT8467,,SKN_BAR_2874,Unilever Multisite Microbiome Analysis,NA,No,NA,NA,NA,NA,35,42,NA,NA,NA,Female,NA,NA,Caucasian,NA,NA,NA,NA,NA,NA,NA,NA,NA,16S,BufferScrub,V1-V2,Illumina,GAGTTTGATCMTGGCTCAG,TGCTGCCTCCCGTAGGAGT,Leg,Shin,NA,NA,Healthy,No,NA,NA,NA,NA,NA,NA,SKN.BAR.2874.155
SKN.BAR.2874.160,NA,NA,EXP-20-AT8467,,SKN_BAR_2874,Unilever Multisite Microbiome Analysis,NA,No,NA,NA,NA,NA,38,38,NA,NA,NA,Female,NA,NA,Caucasian,NA,NA,NA,NA,NA,NA,NA,NA,NA,16S,BufferScrub,V1-V2,Illumina,GAGTTTGATCMTGGCTCAG,TGCTGCCTCCCGTAGGAGT,Leg,Shin,NA,NA,Healthy,No,NA,NA,NA,NA,NA,NA,SKN.BAR.2874.160
SKN.BAR.2874.161,NA,NA,EXP-20-AT8467,,SKN_BAR_2874,Unilever Multisite Microbiome Analysis,NA,No,NA,NA,NA,NA,39,43,NA,NA,NA,Female,NA,NA,Caucasian,NA,NA,NA,NA,NA,NA,NA,NA,NA,16S,BufferScrub,V1-V2,Illumina,GAGTTTGATCMTGGCTCAG,TGCTGCCTCCCGTAGGAGT,Leg,Shin,NA,NA,Healthy,No,NA,NA,NA,NA,NA,NA,SKN.BAR.2874.161
SKN.BAR.2874.166,NA,NA,EXP-20-AT8467,,SKN_BAR_2874,Unilever Multisite Microbiome Analysis,NA,No,NA,NA,NA,NA,42,21,NA,NA,NA,Female,NA,NA,Caucasian,NA,NA,NA,NA,NA,NA,NA,NA,NA,16S,BufferScrub,V1-V2,Illumina,GAGTTTGATCMTGGCTCAG,TGCTGCCTCCCGTAGGAGT,Leg,Shin,NA,NA,Healthy,No,NA,NA,NA,NA,NA,NA,SKN.BAR.2874.166
SKN.BAR.2874.167,NA,NA,EXP-20-AT8467,,SKN_BAR_2874,Unilever Multisite Microbiome Analysis,NA,No,NA,NA,NA,NA,43,36,NA,NA,NA,Female,NA,NA,Caucasian,NA,NA,NA,NA,NA,NA,NA,NA,NA,16S,BufferScrub,V1-V2,Illumina,GAGTTTGATCMTGGCTCAG,TGCTGCCTCCCGTAGGAGT,Leg,Shin,NA,NA,Healthy,No,NA,NA,NA,NA,NA,NA,SKN.BAR.2874.167
SKN.BAR.2874.174,NA,NA,EXP-20-AT8467,,SKN_BAR_2874,Unilever Multisite Microbiome Analysis,NA,No,NA,NA,NA,NA,47,45,NA,NA,NA,Female,NA,NA,Caucasian,NA,NA,NA,NA,NA,NA,NA,NA,NA,16S,BufferScrub,V1-V2,Illumina,GAGTTTGATCMTGGCTCAG,TGCTGCCTCCCGTAGGAGT,Leg,Shin,NA,NA,Healthy,No,NA,NA,NA,NA,NA,NA,SKN.BAR.2874.174
SKN.BAR.2874.175,NA,NA,EXP-20-AT8467,,SKN_BAR_2874,Unilever Multisite Microbiome Analysis,NA,No,NA,NA,NA,NA,48,37,NA,NA,NA,Female,NA,NA,Caucasian,NA,NA,NA,NA,NA,NA,NA,NA,NA,16S,BufferScrub,V1-V2,Illumina,GAGTTTGATCMTGGCTCAG,TGCTGCCTCCCGTAGGAGT,Leg,Shin,NA,NA,Healthy,No,NA,NA,NA,NA,NA,NA,SKN.BAR.2874.175
SKN.BAR.2874.176,NA,NA,EXP-20-AT8467,,SKN_BAR_2874,Unilever Multisite Microbiome Analysis,NA,No,NA,NA,NA,NA,49,26,NA,NA,NA,Female,NA,NA,Caucasian,NA,NA,NA,NA,NA,NA,NA,NA,NA,16S,BufferScrub,V1-V2,Illumina,GAGTTTGATCMTGGCTCAG,TGCTGCCTCCCGTAGGAGT,Leg,Shin,NA,NA,Healthy,No,NA,NA,NA,NA,NA,NA,SKN.BAR.2874.176
SKN.BAR.2874.179,NA,NA,EXP-20-AT8467,,SKN_BAR_2874,Unilever Multisite Microbiome Analysis,NA,No,NA,NA,NA,NA,51,44,NA,NA,NA,Female,NA,NA,Caucasian,NA,NA,NA,NA,NA,NA,NA,NA,NA,16S,BufferScrub,V1-V2,Illumina,GAGTTTGATCMTGGCTCAG,TGCTGCCTCCCGTAGGAGT,Leg,Shin,NA,NA,Healthy,No,NA,NA,NA,NA,NA,NA,SKN.BAR.2874.179
SKN.BAR.2874.182,NA,NA,EXP-20-AT8467,,SKN_BAR_2874,Unilever Multisite Microbiome Analysis,NA,No,NA,NA,NA,NA,53,21,NA,NA,NA,Female,NA,NA,Caucasian,NA,NA,NA,NA,NA,NA,NA,NA,NA,16S,BufferScrub,V1-V2,Illumina,GAGTTTGATCMTGGCTCAG,TGCTGCCTCCCGTAGGAGT,Leg,Shin,NA,NA,Healthy,No,NA,NA,NA,NA,NA,NA,SKN.BAR.2874.182
SKN.BAR.2874.183,NA,NA,EXP-20-AT8467,,SKN_BAR_2874,Unilever Multisite Microbiome Analysis,NA,No,NA,NA,NA,NA,54,51,NA,NA,NA,Female,NA,NA,Caucasian,NA,NA,NA,NA,NA,NA,NA,NA,NA,16S,BufferScrub,V1-V2,Illumina,GAGTTTGATCMTGGCTCAG,TGCTGCCTCCCGTAGGAGT,Leg,Shin,NA,NA,Healthy,No,NA,NA,NA,NA,NA,NA,SKN.BAR.2874.183
SKN.BAR.2874.186,NA,NA,EXP-20-AT8467,,SKN_BAR_2874,Unilever Multisite Microbiome Analysis,NA,No,NA,NA,NA,NA,56,45,NA,NA,NA,Female,NA,NA,Caucasian,NA,NA,NA,NA,NA,NA,NA,NA,NA,16S,BufferScrub,V1-V2,Illumina,GAGTTTGATCMTGGCTCAG,TGCTGCCTCCCGTAGGAGT,Leg,Shin,NA,NA,Healthy,No,NA,NA,NA,NA,NA,NA,SKN.BAR.2874.186
SKN.BAR.2874.187,NA,NA,EXP-20-AT8467,,SKN_BAR_2874,Unilever Multisite Microbiome Analysis,NA,No,NA,NA,NA,NA,57,53,NA,NA,NA,Female,NA,NA,Caucasian,NA,NA,NA,NA,NA,NA,NA,NA,NA,16S,BufferScrub,V1-V2,Illumina,GAGTTTGATCMTGGCTCAG,TGCTGCCTCCCGTAGGAGT,Leg,Shin,NA,NA,Healthy,No,NA,NA,NA,NA,NA,NA,SKN.BAR.2874.187
SKN.CLN.3486.Sample.3,NA,NA,EXP-20-AT8467,,SKN_CLN_3486,Unilever Multisite Microbiome Analysis,NA,No,NA,NA,NA,NA,Sub_1,30,NA,NA,NA,Female,NA,NA,Caucasian,NA,NA,NA,NA,NA,NA,NA,NA,NA,16S,BufferScrub,V1-V2,Illumina,GAGTTTGATCMTGGCTCAG,TGCTGCCTCCCGTAGGAGT,Leg,Shin,NA,NA,Healthy,No,NA,NA,NA,NA,NA,NA,SKN.CLN.3486.Sample.3
SKN.CLN.3486.Sample.73,NA,NA,EXP-20-AT8467,,SKN_CLN_3486,Unilever Multisite Microbiome Analysis,NA,No,NA,NA,NA,NA,Sub_10,26,NA,NA,NA,Female,NA,NA,Caucasian,NA,NA,NA,NA,NA,NA,NA,NA,NA,16S,BufferScrub,V1-V2,Illumina,GAGTTTGATCMTGGCTCAG,TGCTGCCTCCCGTAGGAGT,Leg,Shin,NA,NA,Healthy,No,NA,NA,NA,NA,NA,NA,SKN.CLN.3486.Sample.73
SKN.CLN.3486.Sample.156,NA,NA,EXP-20-AT8467,,SKN_CLN_3486,Unilever Multisite Microbiome Analysis,NA,No,NA,NA,NA,NA,Sub_12,40,NA,NA,NA,Female,NA,NA,Caucasian,NA,NA,NA,NA,NA,NA,NA,NA,NA,16S,BufferScrub,V1-V2,Illumina,GAGTTTGATCMTGGCTCAG,TGCTGCCTCCCGTAGGAGT,Leg,Shin,NA,NA,Healthy,No,NA,NA,NA,NA,NA,NA,SKN.CLN.3486.Sample.156
SKN.CLN.3486.Sample.161,NA,NA,EXP-20-AT8467,,SKN_CLN_3486,Unilever Multisite Microbiome Analysis,NA,No,NA,NA,NA,NA,Sub_13,27,NA,NA,NA,Female,NA,NA,Caucasian,NA,NA,NA,NA,NA,NA,NA,NA,NA,16S,BufferScrub,V1-V2,Illumina,GAGTTTGATCMTGGCTCAG,TGCTGCCTCCCGTAGGAGT,Leg,Shin,NA,NA,Healthy,No,NA,NA,NA,NA,NA,NA,SKN.CLN.3486.Sample.161
SKN.CLN.3486.Sample.165,NA,NA,EXP-20-AT8467,,SKN_CLN_3486,Unilever Multisite Microbiome Analysis,NA,No,NA,NA,NA,NA,Sub_14,44,NA,NA,NA,Female,NA,NA,Caucasian,NA,NA,NA,NA,NA,NA,NA,NA,NA,16S,BufferScrub,V1-V2,Illumina,GAGTTTGATCMTGGCTCAG,TGCTGCCTCCCGTAGGAGT,Leg,Shin,NA,NA,Healthy,No,NA,NA,NA,NA,NA,NA,SKN.CLN.3486.Sample.165
SKN.CLN.3486.Sample.168,NA,NA,EXP-20-AT8467,,SKN_CLN_3486,Unilever Multisite Microbiome Analysis,NA,No,NA,NA,NA,NA,Sub_15,42,NA,NA,NA,Female,NA,NA,Caucasian,NA,NA,NA,NA,NA,NA,NA,NA,NA,16S,BufferScrub,V1-V2,Illumina,GAGTTTGATCMTGGCTCAG,TGCTGCCTCCCGTAGGAGT,Leg,Shin,NA,NA,Healthy,No,NA,NA,NA,NA,NA,NA,SKN.CLN.3486.Sample.168
SKN.CLN.3486.Sample.204,NA,NA,EXP-20-AT8467,,SKN_CLN_3486,Unilever Multisite Microbiome Analysis,NA,No,NA,NA,NA,NA,Sub_16,27,NA,NA,NA,Female,NA,NA,Caucasian,NA,NA,NA,NA,NA,NA,NA,NA,NA,16S,BufferScrub,V1-V2,Illumina,GAGTTTGATCMTGGCTCAG,TGCTGCCTCCCGTAGGAGT,Leg,Shin,NA,NA,Healthy,No,NA,NA,NA,NA,NA,NA,SKN.CLN.3486.Sample.204
SKN.CLN.3486.Sample.210,NA,NA,EXP-20-AT8467,,SKN_CLN_3486,Unilever Multisite Microbiome Analysis,NA,No,NA,NA,NA,NA,Sub_17,21,NA,NA,NA,Female,NA,NA,Caucasian,NA,NA,NA,NA,NA,NA,NA,NA,NA,16S,BufferScrub,V1-V2,Illumina,GAGTTTGATCMTGGCTCAG,TGCTGCCTCCCGTAGGAGT,Leg,Shin,NA,NA,Healthy,No,NA,NA,NA,NA,NA,NA,SKN.CLN.3486.Sample.210
SKN.CLN.3486.Sample.217,NA,NA,EXP-20-AT8467,,SKN_CLN_3486,Unilever Multisite Microbiome Analysis,NA,No,NA,NA,NA,NA,Sub_18,26,NA,NA,NA,Female,NA,NA,Caucasian,NA,NA,NA,NA,NA,NA,NA,NA,NA,16S,BufferScrub,V1-V2,Illumina,GAGTTTGATCMTGGCTCAG,TGCTGCCTCCCGTAGGAGT,Leg,Shin,NA,NA,Healthy,No,NA,NA,NA,NA,NA,NA,SKN.CLN.3486.Sample.217
SKN.CLN.3486.Sample.219,NA,NA,EXP-20-AT8467,,SKN_CLN_3486,Unilever Multisite Microbiome Analysis,NA,No,NA,NA,NA,NA,Sub_19,38,NA,NA,NA,Female,NA,NA,Caucasian,NA,NA,NA,NA,NA,NA,NA,NA,NA,16S,BufferScrub,V1-V2,Illumina,GAGTTTGATCMTGGCTCAG,TGCTGCCTCCCGTAGGAGT,Leg,Shin,NA,NA,Healthy,No,NA,NA,NA,NA,NA,NA,SKN.CLN.3486.Sample.219
SKN.CLN.3486.Sample.28,NA,NA,EXP-20-AT8467,,SKN_CLN_3486,Unilever Multisite Microbiome Analysis,NA,No,NA,NA,NA,NA,Sub_2,50,NA,NA,NA,Female,NA,NA,Caucasian,NA,NA,NA,NA,NA,NA,NA,NA,NA,16S,BufferScrub,V1-V2,Illumina,GAGTTTGATCMTGGCTCAG,TGCTGCCTCCCGTAGGAGT,Leg,Shin,NA,NA,Healthy,No,NA,NA,NA,NA,NA,NA,SKN.CLN.3486.Sample.28
SKN.CLN.3486.Sample.226,NA,NA,EXP-20-AT8467,,SKN_CLN_3486,Unilever Multisite Microbiome Analysis,NA,No,NA,NA,NA,NA,Sub_20,41,NA,NA,NA,Female,NA,NA,Caucasian,NA,NA,NA,NA,NA,NA,NA,NA,NA,16S,BufferScrub,V1-V2,Illumina,GAGTTTGATCMTGGCTCAG,TGCTGCCTCCCGTAGGAGT,Leg,Shin,NA,NA,Healthy,No,NA,NA,NA,NA,NA,NA,SKN.CLN.3486.Sample.226
SKN.CLN.3486.Sample.259,NA,NA,EXP-20-AT8467,,SKN_CLN_3486,Unilever Multisite Microbiome Analysis,NA,No,NA,NA,NA,NA,Sub_22,42,NA,NA,NA,Female,NA,NA,Caucasian,NA,NA,NA,NA,NA,NA,NA,NA,NA,16S,BufferScrub,V1-V2,Illumina,GAGTTTGATCMTGGCTCAG,TGCTGCCTCCCGTAGGAGT,Leg,Shin,NA,NA,Healthy,No,NA,NA,NA,NA,NA,NA,SKN.CLN.3486.Sample.259
SKN.CLN.3486.Sample.267,NA,NA,EXP-20-AT8467,,SKN_CLN_3486,Unilever Multisite Microbiome Analysis,NA,No,NA,NA,NA,NA,Sub_23,26,NA,NA,NA,Female,NA,NA,Caucasian,NA,NA,NA,NA,NA,NA,NA,NA,NA,16S,BufferScrub,V1-V2,Illumina,GAGTTTGATCMTGGCTCAG,TGCTGCCTCCCGTAGGAGT,Leg,Shin,NA,NA,Healthy,No,NA,NA,NA,NA,NA,NA,SKN.CLN.3486.Sample.267
SKN.CLN.3486.Sample.273,NA,NA,EXP-20-AT8467,,SKN_CLN_3486,Unilever Multisite Microbiome Analysis,NA,No,NA,NA,NA,NA,Sub_24,31,NA,NA,NA,Female,NA,NA,Caucasian,NA,NA,NA,NA,NA,NA,NA,NA,NA,16S,BufferScrub,V1-V2,Illumina,GAGTTTGATCMTGGCTCAG,TGCTGCCTCCCGTAGGAGT,Leg,Shin,NA,NA,Healthy,No,NA,NA,NA,NA,NA,NA,SKN.CLN.3486.Sample.273
SKN.CLN.3486.Sample.274,NA,NA,EXP-20-AT8467,,SKN_CLN_3486,Unilever Multisite Microbiome Analysis,NA,No,NA,NA,NA,NA,Sub_25,27,NA,NA,NA,Female,NA,NA,Caucasian,NA,NA,NA,NA,NA,NA,NA,NA,NA,16S,BufferScrub,V1-V2,Illumina,GAGTTTGATCMTGGCTCAG,TGCTGCCTCCCGTAGGAGT,Leg,Shin,NA,NA,Healthy,No,NA,NA,NA,NA,NA,NA,SKN.CLN.3486.Sample.274
SKN.CLN.3486.Sample.6,NA,NA,EXP-20-AT8467,,SKN_CLN_3486,Unilever Multisite Microbiome Analysis,NA,No,NA,NA,NA,NA,Sub_3,22,NA,NA,NA,Female,NA,NA,Caucasian,NA,NA,NA,NA,NA,NA,NA,NA,NA,16S,BufferScrub,V1-V2,Illumina,GAGTTTGATCMTGGCTCAG,TGCTGCCTCCCGTAGGAGT,Leg,Shin,NA,NA,Healthy,No,NA,NA,NA,NA,NA,NA,SKN.CLN.3486.Sample.6
SKN.CLN.3486.Sample.35,NA,NA,EXP-20-AT8467,,SKN_CLN_3486,Unilever Multisite Microbiome Analysis,NA,No,NA,NA,NA,NA,Sub_5,43,NA,NA,NA,Female,NA,NA,Caucasian,NA,NA,NA,NA,NA,NA,NA,NA,NA,16S,BufferScrub,V1-V2,Illumina,GAGTTTGATCMTGGCTCAG,TGCTGCCTCCCGTAGGAGT,Leg,Shin,NA,NA,Healthy,No,NA,NA,NA,NA,NA,NA,SKN.CLN.3486.Sample.35
SKN.CLN.3486.Sample.152,NA,NA,EXP-20-AT8467,,SKN_CLN_3486,Unilever Multisite Microbiome Analysis,NA,No,NA,NA,NA,NA,Sub_6,32,NA,NA,NA,Female,NA,NA,Caucasian,NA,NA,NA,NA,NA,NA,NA,NA,NA,16S,BufferScrub,V1-V2,Illumina,GAGTTTGATCMTGGCTCAG,TGCTGCCTCCCGTAGGAGT,Leg,Shin,NA,NA,Healthy,No,NA,NA,NA,NA,NA,NA,SKN.CLN.3486.Sample.152
SKN.CLN.3486.Sample.22,NA,NA,EXP-20-AT8467,,SKN_CLN_3486,Unilever Multisite Microbiome Analysis,NA,No,NA,NA,NA,NA,Sub_7,23,NA,NA,NA,Female,NA,NA,Caucasian,NA,NA,NA,NA,NA,NA,NA,NA,NA,16S,BufferScrub,V1-V2,Illumina,GAGTTTGATCMTGGCTCAG,TGCTGCCTCCCGTAGGAGT,Leg,Shin,NA,NA,Healthy,No,NA,NA,NA,NA,NA,NA,SKN.CLN.3486.Sample.22
SKN.CLN.3486.Sample.11,NA,NA,EXP-20-AT8467,,SKN_CLN_3486,Unilever Multisite Microbiome Analysis,NA,No,NA,NA,NA,NA,Sub_8,24,NA,NA,NA,Female,NA,NA,Caucasian,NA,NA,NA,NA,NA,NA,NA,NA,NA,16S,BufferScrub,V1-V2,Illumina,GAGTTTGATCMTGGCTCAG,TGCTGCCTCCCGTAGGAGT,Leg,Shin,NA,NA,Healthy,No,NA,NA,NA,NA,NA,NA,SKN.CLN.3486.Sample.11
SKN.CLN.3486.Sample.43,NA,NA,EXP-20-AT8467,,SKN_CLN_3486,Unilever Multisite Microbiome Analysis,NA,No,NA,NA,NA,NA,Sub_9,21,NA,NA,NA,Female,NA,NA,Caucasian,NA,NA,NA,NA,NA,NA,NA,NA,NA,16S,BufferScrub,V1-V2,Illumina,GAGTTTGATCMTGGCTCAG,TGCTGCCTCCCGTAGGAGT,Leg,Shin,NA,NA,Healthy,No,NA,NA,NA,NA,NA,NA,SKN.CLN.3486.Sample.43
RC.deo.38,NA,NA,EXP-20-AT8467,,DEO_CSN_0988,Unilever Multisite Microbiome Analysis,NA,No,NA,NA,NA,NA,43,NA,NA,NA,NA,Female,NA,NA,NA,NA,NA,NA,NA,NA,NA,NA,NA,NA,16S,BufferScrub,V1-V2,Illumina,GAGTTTGATCMTGGCTCAG,TGCTGCCTCCCGTAGGAGT,Axilla,Axilla,NA,NA,NA,No,NA,NA,NA,NA,NA,NA,RC.deo.38
RC.deo.39,NA,NA,EXP-20-AT8467,,DEO_CSN_0988,Unilever Multisite Microbiome Analysis,NA,No,NA,NA,NA,NA,40,NA,NA,NA,NA,Female,NA,NA,NA,NA,NA,NA,NA,NA,NA,NA,NA,NA,16S,BufferScrub,V1-V2,Illumina,GAGTTTGATCMTGGCTCAG,TGCTGCCTCCCGTAGGAGT,Axilla,Axilla,NA,NA,NA,No,NA,NA,NA,NA,NA,NA,RC.deo.39
RC.deo.41,NA,NA,EXP-20-AT8467,,DEO_CSN_0988,Unilever Multisite Microbiome Analysis,NA,No,NA,NA,NA,NA,27,NA,NA,NA,NA,Female,NA,NA,NA,NA,NA,NA,NA,NA,NA,NA,NA,NA,16S,BufferScrub,V1-V2,Illumina,GAGTTTGATCMTGGCTCAG,TGCTGCCTCCCGTAGGAGT,Axilla,Axilla,NA,NA,NA,No,NA,NA,NA,NA,NA,NA,RC.deo.41
RC.deo.43,NA,NA,EXP-20-AT8467,,DEO_CSN_0988,Unilever Multisite Microbiome Analysis,NA,No,NA,NA,NA,NA,14,NA,NA,NA,NA,Female,NA,NA,NA,NA,NA,NA,NA,NA,NA,NA,NA,NA,16S,BufferScrub,V1-V2,Illumina,GAGTTTGATCMTGGCTCAG,TGCTGCCTCCCGTAGGAGT,Axilla,Axilla,NA,NA,NA,No,NA,NA,NA,NA,NA,NA,RC.deo.43
RC.deo.47,NA,NA,EXP-20-AT8467,,DEO_CSN_0988,Unilever Multisite Microbiome Analysis,NA,No,NA,NA,NA,NA,2,NA,NA,NA,NA,Female,NA,NA,NA,NA,NA,NA,NA,NA,NA,NA,NA,NA,16S,BufferScrub,V1-V2,Illumina,GAGTTTGATCMTGGCTCAG,TGCTGCCTCCCGTAGGAGT,Axilla,Axilla,NA,NA,NA,No,NA,NA,NA,NA,NA,NA,RC.deo.47
RC.deo.50,NA,NA,EXP-20-AT8467,,DEO_CSN_0988,Unilever Multisite Microbiome Analysis,NA,No,NA,NA,NA,NA,18,NA,NA,NA,NA,Female,NA,NA,NA,NA,NA,NA,NA,NA,NA,NA,NA,NA,16S,BufferScrub,V1-V2,Illumina,GAGTTTGATCMTGGCTCAG,TGCTGCCTCCCGTAGGAGT,Axilla,Axilla,NA,NA,NA,No,NA,NA,NA,NA,NA,NA,RC.deo.50
RC.deo.52,NA,NA,EXP-20-AT8467,,DEO_CSN_0988,Unilever Multisite Microbiome Analysis,NA,No,NA,NA,NA,NA,28,NA,NA,NA,NA,Female,NA,NA,NA,NA,NA,NA,NA,NA,NA,NA,NA,NA,16S,BufferScrub,V1-V2,Illumina,GAGTTTGATCMTGGCTCAG,TGCTGCCTCCCGTAGGAGT,Axilla,Axilla,NA,NA,NA,No,NA,NA,NA,NA,NA,NA,RC.deo.52
RC.deo.54,NA,NA,EXP-20-AT8467,,DEO_CSN_0988,Unilever Multisite Microbiome Analysis,NA,No,NA,NA,NA,NA,34,NA,NA,NA,NA,Female,NA,NA,NA,NA,NA,NA,NA,NA,NA,NA,NA,NA,16S,BufferScrub,V1-V2,Illumina,GAGTTTGATCMTGGCTCAG,TGCTGCCTCCCGTAGGAGT,Axilla,Axilla,NA,NA,NA,No,NA,NA,NA,NA,NA,NA,RC.deo.54
RC.deo.55,NA,NA,EXP-20-AT8467,,DEO_CSN_0988,Unilever Multisite Microbiome Analysis,NA,No,NA,NA,NA,NA,49,NA,NA,NA,NA,Female,NA,NA,NA,NA,NA,NA,NA,NA,NA,NA,NA,NA,16S,BufferScrub,V1-V2,Illumina,GAGTTTGATCMTGGCTCAG,TGCTGCCTCCCGTAGGAGT,Axilla,Axilla,NA,NA,NA,No,NA,NA,NA,NA,NA,NA,RC.deo.55
RC.deo.58,NA,NA,EXP-20-AT8467,,DEO_CSN_0988,Unilever Multisite Microbiome Analysis,NA,No,NA,NA,NA,NA,6,NA,NA,NA,NA,Female,NA,NA,NA,NA,NA,NA,NA,NA,NA,NA,NA,NA,16S,BufferScrub,V1-V2,Illumina,GAGTTTGATCMTGGCTCAG,TGCTGCCTCCCGTAGGAGT,Axilla,Axilla,NA,NA,NA,No,NA,NA,NA,NA,NA,NA,RC.deo.58
RC.deo.60,NA,NA,EXP-20-AT8467,,DEO_CSN_0988,Unilever Multisite Microbiome Analysis,NA,No,NA,NA,NA,NA,20,NA,NA,NA,NA,Female,NA,NA,NA,NA,NA,NA,NA,NA,NA,NA,NA,NA,16S,BufferScrub,V1-V2,Illumina,GAGTTTGATCMTGGCTCAG,TGCTGCCTCCCGTAGGAGT,Axilla,Axilla,NA,NA,NA,No,NA,NA,NA,NA,NA,NA,RC.deo.60
RC.deo.61,NA,NA,EXP-20-AT8467,,DEO_CSN_0988,Unilever Multisite Microbiome Analysis,NA,No,NA,NA,NA,NA,45,NA,NA,NA,NA,Female,NA,NA,NA,NA,NA,NA,NA,NA,NA,NA,NA,NA,16S,BufferScrub,V1-V2,Illumina,GAGTTTGATCMTGGCTCAG,TGCTGCCTCCCGTAGGAGT,Axilla,Axilla,NA,NA,NA,No,NA,NA,NA,NA,NA,NA,RC.deo.61
RC.deo.63,NA,NA,EXP-20-AT8467,,DEO_CSN_0988,Unilever Multisite Microbiome Analysis,NA,No,NA,NA,NA,NA,10,NA,NA,NA,NA,Female,NA,NA,NA,NA,NA,NA,NA,NA,NA,NA,NA,NA,16S,BufferScrub,V1-V2,Illumina,GAGTTTGATCMTGGCTCAG,TGCTGCCTCCCGTAGGAGT,Axilla,Axilla,NA,NA,NA,No,NA,NA,NA,NA,NA,NA,RC.deo.63
RC.deo.65,NA,NA,EXP-20-AT8467,,DEO_CSN_0988,Unilever Multisite Microbiome Analysis,NA,No,NA,NA,NA,NA,32,NA,NA,NA,NA,Female,NA,NA,NA,NA,NA,NA,NA,NA,NA,NA,NA,NA,16S,BufferScrub,V1-V2,Illumina,GAGTTTGATCMTGGCTCAG,TGCTGCCTCCCGTAGGAGT,Axilla,Axilla,NA,NA,NA,No,NA,NA,NA,NA,NA,NA,RC.deo.65
RC.deo.67,NA,NA,EXP-20-AT8467,,DEO_CSN_0988,Unilever Multisite Microbiome Analysis,NA,No,NA,NA,NA,NA,7,NA,NA,NA,NA,Female,NA,NA,NA,NA,NA,NA,NA,NA,NA,NA,NA,NA,16S,BufferScrub,V1-V2,Illumina,GAGTTTGATCMTGGCTCAG,TGCTGCCTCCCGTAGGAGT,Axilla,Axilla,NA,NA,NA,No,NA,NA,NA,NA,NA,NA,RC.deo.67
RC.deo.69,NA,NA,EXP-20-AT8467,,DEO_CSN_0988,Unilever Multisite Microbiome Analysis,NA,No,NA,NA,NA,NA,11,NA,NA,NA,NA,Female,NA,NA,NA,NA,NA,NA,NA,NA,NA,NA,NA,NA,16S,BufferScrub,V1-V2,Illumina,GAGTTTGATCMTGGCTCAG,TGCTGCCTCCCGTAGGAGT,Axilla,Axilla,NA,NA,NA,No,NA,NA,NA,NA,NA,NA,RC.deo.69
RC.deo.71,NA,NA,EXP-20-AT8467,,DEO_CSN_0988,Unilever Multisite Microbiome Analysis,NA,No,NA,NA,NA,NA,9,NA,NA,NA,NA,Female,NA,NA,NA,NA,NA,NA,NA,NA,NA,NA,NA,NA,16S,BufferScrub,V1-V2,Illumina,GAGTTTGATCMTGGCTCAG,TGCTGCCTCCCGTAGGAGT,Axilla,Axilla,NA,NA,NA,No,NA,NA,NA,NA,NA,NA,RC.deo.71
RC.deo.73,NA,NA,EXP-20-AT8467,,DEO_CSN_0988,Unilever Multisite Microbiome Analysis,NA,No,NA,NA,NA,NA,46,NA,NA,NA,NA,Female,NA,NA,NA,NA,NA,NA,NA,NA,NA,NA,NA,NA,16S,BufferScrub,V1-V2,Illumina,GAGTTTGATCMTGGCTCAG,TGCTGCCTCCCGTAGGAGT,Axilla,Axilla,NA,NA,NA,No,NA,NA,NA,NA,NA,NA,RC.deo.73
RC.deo.76,NA,NA,EXP-20-AT8467,,DEO_CSN_0988,Unilever Multisite Microbiome Analysis,NA,No,NA,NA,NA,NA,42,NA,NA,NA,NA,Female,NA,NA,NA,NA,NA,NA,NA,NA,NA,NA,NA,NA,16S,BufferScrub,V1-V2,Illumina,GAGTTTGATCMTGGCTCAG,TGCTGCCTCCCGTAGGAGT,Axilla,Axilla,NA,NA,NA,No,NA,NA,NA,NA,NA,NA,RC.deo.76
RC.deo.78,NA,NA,EXP-20-AT8467,,DEO_CSN_0988,Unilever Multisite Microbiome Analysis,NA,No,NA,NA,NA,NA,50,NA,NA,NA,NA,Female,NA,NA,NA,NA,NA,NA,NA,NA,NA,NA,NA,NA,16S,BufferScrub,V1-V2,Illumina,GAGTTTGATCMTGGCTCAG,TGCTGCCTCCCGTAGGAGT,Axilla,Axilla,NA,NA,NA,No,NA,NA,NA,NA,NA,NA,RC.deo.78
RC.deo.80,NA,NA,EXP-20-AT8467,,DEO_CSN_0988,Unilever Multisite Microbiome Analysis,NA,No,NA,NA,NA,NA,25,NA,NA,NA,NA,Female,NA,NA,NA,NA,NA,NA,NA,NA,NA,NA,NA,NA,16S,BufferScrub,V1-V2,Illumina,GAGTTTGATCMTGGCTCAG,TGCTGCCTCCCGTAGGAGT,Axilla,Axilla,NA,NA,NA,No,NA,NA,NA,NA,NA,NA,RC.deo.80
RC.deo.82,NA,NA,EXP-20-AT8467,,DEO_CSN_0988,Unilever Multisite Microbiome Analysis,NA,No,NA,NA,NA,NA,16,NA,NA,NA,NA,Female,NA,NA,NA,NA,NA,NA,NA,NA,NA,NA,NA,NA,16S,BufferScrub,V1-V2,Illumina,GAGTTTGATCMTGGCTCAG,TGCTGCCTCCCGTAGGAGT,Axilla,Axilla,NA,NA,NA,No,NA,NA,NA,NA,NA,NA,RC.deo.82
RC.deo.84,NA,NA,EXP-20-AT8467,,DEO_CSN_0988,Unilever Multisite Microbiome Analysis,NA,No,NA,NA,NA,NA,31,NA,NA,NA,NA,Female,NA,NA,NA,NA,NA,NA,NA,NA,NA,NA,NA,NA,16S,BufferScrub,V1-V2,Illumina,GAGTTTGATCMTGGCTCAG,TGCTGCCTCCCGTAGGAGT,Axilla,Axilla,NA,NA,NA,No,NA,NA,NA,NA,NA,NA,RC.deo.84
RC.deo.86,NA,NA,EXP-20-AT8467,,DEO_CSN_0988,Unilever Multisite Microbiome Analysis,NA,No,NA,NA,NA,NA,23,NA,NA,NA,NA,Female,NA,NA,NA,NA,NA,NA,NA,NA,NA,NA,NA,NA,16S,BufferScrub,V1-V2,Illumina,GAGTTTGATCMTGGCTCAG,TGCTGCCTCCCGTAGGAGT,Axilla,Axilla,NA,NA,NA,No,NA,NA,NA,NA,NA,NA,RC.deo.86
RC.deo.87,NA,NA,EXP-20-AT8467,,DEO_CSN_0988,Unilever Multisite Microbiome Analysis,NA,No,NA,NA,NA,NA,22,NA,NA,NA,NA,Female,NA,NA,NA,NA,NA,NA,NA,NA,NA,NA,NA,NA,16S,BufferScrub,V1-V2,Illumina,GAGTTTGATCMTGGCTCAG,TGCTGCCTCCCGTAGGAGT,Axilla,Axilla,NA,NA,NA,No,NA,NA,NA,NA,NA,NA,RC.deo.87
RC.deo.89,NA,NA,EXP-20-AT8467,,DEO_CSN_0988,Unilever Multisite Microbiome Analysis,NA,No,NA,NA,NA,NA,26,NA,NA,NA,NA,Female,NA,NA,NA,NA,NA,NA,NA,NA,NA,NA,NA,NA,16S,BufferScrub,V1-V2,Illumina,GAGTTTGATCMTGGCTCAG,TGCTGCCTCCCGTAGGAGT,Axilla,Axilla,NA,NA,NA,No,NA,NA,NA,NA,NA,NA,RC.deo.89
RC.deo.91,NA,NA,EXP-20-AT8467,,DEO_CSN_0988,Unilever Multisite Microbiome Analysis,NA,No,NA,NA,NA,NA,39,NA,NA,NA,NA,Female,NA,NA,NA,NA,NA,NA,NA,NA,NA,NA,NA,NA,16S,BufferScrub,V1-V2,Illumina,GAGTTTGATCMTGGCTCAG,TGCTGCCTCCCGTAGGAGT,Axilla,Axilla,NA,NA,NA,No,NA,NA,NA,NA,NA,NA,RC.deo.91
RC.deo.93,NA,NA,EXP-20-AT8467,,DEO_CSN_0988,Unilever Multisite Microbiome Analysis,NA,No,NA,NA,NA,NA,41,NA,NA,NA,NA,Female,NA,NA,NA,NA,NA,NA,NA,NA,NA,NA,NA,NA,16S,BufferScrub,V1-V2,Illumina,GAGTTTGATCMTGGCTCAG,TGCTGCCTCCCGTAGGAGT,Axilla,Axilla,NA,NA,NA,No,NA,NA,NA,NA,NA,NA,RC.deo.93
RC.deo.96,NA,NA,EXP-20-AT8467,,DEO_CSN_0988,Unilever Multisite Microbiome Analysis,NA,No,NA,NA,NA,NA,30,NA,NA,NA,NA,Female,NA,NA,NA,NA,NA,NA,NA,NA,NA,NA,NA,NA,16S,BufferScrub,V1-V2,Illumina,GAGTTTGATCMTGGCTCAG,TGCTGCCTCCCGTAGGAGT,Axilla,Axilla,NA,NA,NA,No,NA,NA,NA,NA,NA,NA,RC.deo.96
RC.deo.98,NA,NA,EXP-20-AT8467,,DEO_CSN_0988,Unilever Multisite Microbiome Analysis,NA,No,NA,NA,NA,NA,29,NA,NA,NA,NA,Female,NA,NA,NA,NA,NA,NA,NA,NA,NA,NA,NA,NA,16S,BufferScrub,V1-V2,Illumina,GAGTTTGATCMTGGCTCAG,TGCTGCCTCCCGTAGGAGT,Axilla,Axilla,NA,NA,NA,No,NA,NA,NA,NA,NA,NA,RC.deo.98
RC.deo.99,NA,NA,EXP-20-AT8467,,DEO_CSN_0989,Unilever Multisite Microbiome Analysis,NA,No,NA,NA,NA,NA,3,NA,NA,NA,NA,Female,NA,NA,NA,NA,NA,NA,NA,NA,NA,NA,NA,NA,16S,BufferScrub,V1-V2,Illumina,GAGTTTGATCMTGGCTCAG,TGCTGCCTCCCGTAGGAGT,Axilla,Axilla,NA,NA,NA,No,NA,NA,NA,NA,NA,NA,RC.deo.99
CS1021C.Sample.102,NA,NA,EXP-20-AT8467,,CS1021,Unilever Multisite Microbiome Analysis,NA,No,NA,NA,NA,NA,25,NA,NA,NA,NA,Female,NA,NA,NA,NA,NA,NA,NA,NA,NA,NA,NA,NA,16S,BufferScrub,V1-V2,Illumina,GAGTTTGATCMTGGCTCAG,TGCTGCCTCCCGTAGGAGT,Axilla,Axilla,NA,NA,NA,No,NA,NA,NA,NA,NA,NA,CS1021C.Sample.102
CS1021C.Sample.103,NA,NA,EXP-20-AT8467,,CS1021,Unilever Multisite Microbiome Analysis,NA,No,NA,NA,NA,NA,13,NA,NA,NA,NA,Female,NA,NA,NA,NA,NA,NA,NA,NA,NA,NA,NA,NA,16S,BufferScrub,V1-V2,Illumina,GAGTTTGATCMTGGCTCAG,TGCTGCCTCCCGTAGGAGT,Axilla,Axilla,NA,NA,NA,No,NA,NA,NA,NA,NA,NA,CS1021C.Sample.103
CS1021C.Sample.105,NA,NA,EXP-20-AT8467,,CS1021,Unilever Multisite Microbiome Analysis,NA,No,NA,NA,NA,NA,33,NA,NA,NA,NA,Female,NA,NA,NA,NA,NA,NA,NA,NA,NA,NA,NA,NA,16S,BufferScrub,V1-V2,Illumina,GAGTTTGATCMTGGCTCAG,TGCTGCCTCCCGTAGGAGT,Axilla,Axilla,NA,NA,NA,No,NA,NA,NA,NA,NA,NA,CS1021C.Sample.105
CS1021C.Sample.109,NA,NA,EXP-20-AT8467,,CS1021,Unilever Multisite Microbiome Analysis,NA,No,NA,NA,NA,NA,18,NA,NA,NA,NA,Female,NA,NA,NA,NA,NA,NA,NA,NA,NA,NA,NA,NA,16S,BufferScrub,V1-V2,Illumina,GAGTTTGATCMTGGCTCAG,TGCTGCCTCCCGTAGGAGT,Axilla,Axilla,NA,NA,NA,No,NA,NA,NA,NA,NA,NA,CS1021C.Sample.109
CS1021C.Sample.111,NA,NA,EXP-20-AT8467,,CS1021,Unilever Multisite Microbiome Analysis,NA,No,NA,NA,NA,NA,27,NA,NA,NA,NA,Female,NA,NA,NA,NA,NA,NA,NA,NA,NA,NA,NA,NA,16S,BufferScrub,V1-V2,Illumina,GAGTTTGATCMTGGCTCAG,TGCTGCCTCCCGTAGGAGT,Axilla,Axilla,NA,NA,NA,No,NA,NA,NA,NA,NA,NA,CS1021C.Sample.111
CS1021C.Sample.112,NA,NA,EXP-20-AT8467,,CS1021,Unilever Multisite Microbiome Analysis,NA,No,NA,NA,NA,NA,5,NA,NA,NA,NA,Female,NA,NA,NA,NA,NA,NA,NA,NA,NA,NA,NA,NA,16S,BufferScrub,V1-V2,Illumina,GAGTTTGATCMTGGCTCAG,TGCTGCCTCCCGTAGGAGT,Axilla,Axilla,NA,NA,NA,No,NA,NA,NA,NA,NA,NA,CS1021C.Sample.112
CS1021C.Sample.113,NA,NA,EXP-20-AT8467,,CS1021,Unilever Multisite Microbiome Analysis,NA,No,NA,NA,NA,NA,6,NA,NA,NA,NA,Female,NA,NA,NA,NA,NA,NA,NA,NA,NA,NA,NA,NA,16S,BufferScrub,V1-V2,Illumina,GAGTTTGATCMTGGCTCAG,TGCTGCCTCCCGTAGGAGT,Axilla,Axilla,NA,NA,NA,No,NA,NA,NA,NA,NA,NA,CS1021C.Sample.113
CS1021C.Sample.114,NA,NA,EXP-20-AT8467,,CS1021,Unilever Multisite Microbiome Analysis,NA,No,NA,NA,NA,NA,54,NA,NA,NA,NA,Female,NA,NA,NA,NA,NA,NA,NA,NA,NA,NA,NA,NA,16S,BufferScrub,V1-V2,Illumina,GAGTTTGATCMTGGCTCAG,TGCTGCCTCCCGTAGGAGT,Axilla,Axilla,NA,NA,NA,No,NA,NA,NA,NA,NA,NA,CS1021C.Sample.114
CS1021C.Sample.115,NA,NA,EXP-20-AT8467,,CS1021,Unilever Multisite Microbiome Analysis,NA,No,NA,NA,NA,NA,30,NA,NA,NA,NA,Female,NA,NA,NA,NA,NA,NA,NA,NA,NA,NA,NA,NA,16S,BufferScrub,V1-V2,Illumina,GAGTTTGATCMTGGCTCAG,TGCTGCCTCCCGTAGGAGT,Axilla,Axilla,NA,NA,NA,No,NA,NA,NA,NA,NA,NA,CS1021C.Sample.115
CS1021C.Sample.118,NA,NA,EXP-20-AT8467,,CS1021,Unilever Multisite Microbiome Analysis,NA,No,NA,NA,NA,NA,35,NA,NA,NA,NA,Female,NA,NA,NA,NA,NA,NA,NA,NA,NA,NA,NA,NA,16S,BufferScrub,V1-V2,Illumina,GAGTTTGATCMTGGCTCAG,TGCTGCCTCCCGTAGGAGT,Axilla,Axilla,NA,NA,NA,No,NA,NA,NA,NA,NA,NA,CS1021C.Sample.118
CS1021C.Sample.121,NA,NA,EXP-20-AT8467,,CS1021,Unilever Multisite Microbiome Analysis,NA,No,NA,NA,NA,NA,58,NA,NA,NA,NA,Female,NA,NA,NA,NA,NA,NA,NA,NA,NA,NA,NA,NA,16S,BufferScrub,V1-V2,Illumina,GAGTTTGATCMTGGCTCAG,TGCTGCCTCCCGTAGGAGT,Axilla,Axilla,NA,NA,NA,No,NA,NA,NA,NA,NA,NA,CS1021C.Sample.121
CS1021C.Sample.125,NA,NA,EXP-20-AT8467,,CS1021,Unilever Multisite Microbiome Analysis,NA,No,NA,NA,NA,NA,44,NA,NA,NA,NA,Female,NA,NA,NA,NA,NA,NA,NA,NA,NA,NA,NA,NA,16S,BufferScrub,V1-V2,Illumina,GAGTTTGATCMTGGCTCAG,TGCTGCCTCCCGTAGGAGT,Axilla,Axilla,NA,NA,NA,No,NA,NA,NA,NA,NA,NA,CS1021C.Sample.125
CS1021C.Sample.128,NA,NA,EXP-20-AT8467,,CS1021,Unilever Multisite Microbiome Analysis,NA,No,NA,NA,NA,NA,29,NA,NA,NA,NA,Female,NA,NA,NA,NA,NA,NA,NA,NA,NA,NA,NA,NA,16S,BufferScrub,V1-V2,Illumina,GAGTTTGATCMTGGCTCAG,TGCTGCCTCCCGTAGGAGT,Axilla,Axilla,NA,NA,NA,No,NA,NA,NA,NA,NA,NA,CS1021C.Sample.128
CS1021C.Sample.129,NA,NA,EXP-20-AT8467,,CS1021,Unilever Multisite Microbiome Analysis,NA,No,NA,NA,NA,NA,34,NA,NA,NA,NA,Female,NA,NA,NA,NA,NA,NA,NA,NA,NA,NA,NA,NA,16S,BufferScrub,V1-V2,Illumina,GAGTTTGATCMTGGCTCAG,TGCTGCCTCCCGTAGGAGT,Axilla,Axilla,NA,NA,NA,No,NA,NA,NA,NA,NA,NA,CS1021C.Sample.129
CS1021C.Sample.90,NA,NA,EXP-20-AT8467,,CS1021,Unilever Multisite Microbiome Analysis,NA,No,NA,NA,NA,NA,48,NA,NA,NA,NA,Female,NA,NA,NA,NA,NA,NA,NA,NA,NA,NA,NA,NA,16S,BufferScrub,V1-V2,Illumina,GAGTTTGATCMTGGCTCAG,TGCTGCCTCCCGTAGGAGT,Axilla,Axilla,NA,NA,NA,No,NA,NA,NA,NA,NA,NA,CS1021C.Sample.90
CS1021C.Sample.92,NA,NA,EXP-20-AT8467,,CS1021,Unilever Multisite Microbiome Analysis,NA,No,NA,NA,NA,NA,45,NA,NA,NA,NA,Female,NA,NA,NA,NA,NA,NA,NA,NA,NA,NA,NA,NA,16S,BufferScrub,V1-V2,Illumina,GAGTTTGATCMTGGCTCAG,TGCTGCCTCCCGTAGGAGT,Axilla,Axilla,NA,NA,NA,No,NA,NA,NA,NA,NA,NA,CS1021C.Sample.92
CS1021C.Sample.93,NA,NA,EXP-20-AT8467,,CS1021,Unilever Multisite Microbiome Analysis,NA,No,NA,NA,NA,NA,50,NA,NA,NA,NA,Female,NA,NA,NA,NA,NA,NA,NA,NA,NA,NA,NA,NA,16S,BufferScrub,V1-V2,Illumina,GAGTTTGATCMTGGCTCAG,TGCTGCCTCCCGTAGGAGT,Axilla,Axilla,NA,NA,NA,No,NA,NA,NA,NA,NA,NA,CS1021C.Sample.93
CS1021C.Sample.94,NA,NA,EXP-20-AT8467,,CS1021,Unilever Multisite Microbiome Analysis,NA,No,NA,NA,NA,NA,3,NA,NA,NA,NA,Female,NA,NA,NA,NA,NA,NA,NA,NA,NA,NA,NA,NA,16S,BufferScrub,V1-V2,Illumina,GAGTTTGATCMTGGCTCAG,TGCTGCCTCCCGTAGGAGT,Axilla,Axilla,NA,NA,NA,No,NA,NA,NA,NA,NA,NA,CS1021C.Sample.94
CS1021C.Sample.95,NA,NA,EXP-20-AT8467,,CS1021,Unilever Multisite Microbiome Analysis,NA,No,NA,NA,NA,NA,7,NA,NA,NA,NA,Female,NA,NA,NA,NA,NA,NA,NA,NA,NA,NA,NA,NA,16S,BufferScrub,V1-V2,Illumina,GAGTTTGATCMTGGCTCAG,TGCTGCCTCCCGTAGGAGT,Axilla,Axilla,NA,NA,NA,No,NA,NA,NA,NA,NA,NA,CS1021C.Sample.95
CS1021C.Sample.96,NA,NA,EXP-20-AT8467,,CS1021,Unilever Multisite Microbiome Analysis,NA,No,NA,NA,NA,NA,24,NA,NA,NA,NA,Female,NA,NA,NA,NA,NA,NA,NA,NA,NA,NA,NA,NA,16S,BufferScrub,V1-V2,Illumina,GAGTTTGATCMTGGCTCAG,TGCTGCCTCCCGTAGGAGT,Axilla,Axilla,NA,NA,NA,No,NA,NA,NA,NA,NA,NA,CS1021C.Sample.96
CS1021C.Sample.98,NA,NA,EXP-20-AT8467,,CS1021,Unilever Multisite Microbiome Analysis,NA,No,NA,NA,NA,NA,12,NA,NA,NA,NA,Female,NA,NA,NA,NA,NA,NA,NA,NA,NA,NA,NA,NA,16S,BufferScrub,V1-V2,Illumina,GAGTTTGATCMTGGCTCAG,TGCTGCCTCCCGTAGGAGT,Axilla,Axilla,NA,NA,NA,No,NA,NA,NA,NA,NA,NA,CS1021C.Sample.98
CS1021C.Sample.99,NA,NA,EXP-20-AT8467,,CS1021,Unilever Multisite Microbiome Analysis,NA,No,NA,NA,NA,NA,9,NA,NA,NA,NA,Female,NA,NA,NA,NA,NA,NA,NA,NA,NA,NA,NA,NA,16S,BufferScrub,V1-V2,Illumina,GAGTTTGATCMTGGCTCAG,TGCTGCCTCCCGTAGGAGT,Axilla,Axilla,NA,NA,NA,No,NA,NA,NA,NA,NA,NA,CS1021C.Sample.99
B1.2952Sub201R2T01,NA,NA,EXP-20-AT8467,,SKN_CLN_2952,Unilever Multisite Microbiome Analysis,NA,No,NA,NA,NA,NA,Sub_201,60,NA,NA,NA,Female,NA,NA,Caucasian,NA,NA,NA,NA,NA,NA,NA,NA,NA,16S,BufferScrub,V1-V2,Illumina,GAGTTTGATCMTGGCTCAG,TGCTGCCTCCCGTAGGAGT,Leg,Shin,NA,NA,Healthy,No,NA,NA,NA,NA,NA,NA,B1.2952Sub201R2T01
B1.2952Sub203R1T01,NA,NA,EXP-20-AT8467,,SKN_CLN_2952,Unilever Multisite Microbiome Analysis,NA,No,NA,NA,NA,NA,Sub_203,61,NA,NA,NA,Female,NA,NA,Caucasian,NA,NA,NA,NA,NA,NA,NA,NA,NA,16S,BufferScrub,V1-V2,Illumina,GAGTTTGATCMTGGCTCAG,TGCTGCCTCCCGTAGGAGT,Leg,Shin,NA,NA,Healthy,No,NA,NA,NA,NA,NA,NA,B1.2952Sub203R1T01
B1.2952Sub204L1T01,NA,NA,EXP-20-AT8467,,SKN_CLN_2952,Unilever Multisite Microbiome Analysis,NA,No,NA,NA,NA,NA,Sub_204,63,NA,NA,NA,Female,NA,NA,Caucasian,NA,NA,NA,NA,NA,NA,NA,NA,NA,16S,BufferScrub,V1-V2,Illumina,GAGTTTGATCMTGGCTCAG,TGCTGCCTCCCGTAGGAGT,Leg,Shin,NA,NA,Healthy,No,NA,NA,NA,NA,NA,NA,B1.2952Sub204L1T01
B2.2952Sub205L2T01,NA,NA,EXP-20-AT8467,,SKN_CLN_2952,Unilever Multisite Microbiome Analysis,NA,No,NA,NA,NA,NA,Sub_205,56,NA,NA,NA,Female,NA,NA,Caucasian,NA,NA,NA,NA,NA,NA,NA,NA,NA,16S,BufferScrub,V1-V2,Illumina,GAGTTTGATCMTGGCTCAG,TGCTGCCTCCCGTAGGAGT,Leg,Shin,NA,NA,Healthy,No,NA,NA,NA,NA,NA,NA,B2.2952Sub205L2T01
B2.2952Sub206R2T01,NA,NA,EXP-20-AT8467,,SKN_CLN_2952,Unilever Multisite Microbiome Analysis,NA,No,NA,NA,NA,NA,Sub_206,58,NA,NA,NA,Female,NA,NA,Caucasian,NA,NA,NA,NA,NA,NA,NA,NA,NA,16S,BufferScrub,V1-V2,Illumina,GAGTTTGATCMTGGCTCAG,TGCTGCCTCCCGTAGGAGT,Leg,Shin,NA,NA,Healthy,No,NA,NA,NA,NA,NA,NA,B2.2952Sub206R2T01
B2.2952Sub207R2T01,NA,NA,EXP-20-AT8467,,SKN_CLN_2952,Unilever Multisite Microbiome Analysis,NA,No,NA,NA,NA,NA,Sub_207,54,NA,NA,NA,Female,NA,NA,Caucasian,NA,NA,NA,NA,NA,NA,NA,NA,NA,16S,BufferScrub,V1-V2,Illumina,GAGTTTGATCMTGGCTCAG,TGCTGCCTCCCGTAGGAGT,Leg,Shin,NA,NA,Healthy,No,NA,NA,NA,NA,NA,NA,B2.2952Sub207R2T01
B3.2952Sub209R1T01,NA,NA,EXP-20-AT8467,,SKN_CLN_2952,Unilever Multisite Microbiome Analysis,NA,No,NA,NA,NA,NA,Sub_209,31,NA,NA,NA,Female,NA,NA,Caucasian,NA,NA,NA,NA,NA,NA,NA,NA,NA,16S,BufferScrub,V1-V2,Illumina,GAGTTTGATCMTGGCTCAG,TGCTGCCTCCCGTAGGAGT,Leg,Shin,NA,NA,Healthy,No,NA,NA,NA,NA,NA,NA,B3.2952Sub209R1T01
B3.2952Sub211L2T01,NA,NA,EXP-20-AT8467,,SKN_CLN_2952,Unilever Multisite Microbiome Analysis,NA,No,NA,NA,NA,NA,Sub_211,54,NA,NA,NA,Female,NA,NA,Caucasian,NA,NA,NA,NA,NA,NA,NA,NA,NA,16S,BufferScrub,V1-V2,Illumina,GAGTTTGATCMTGGCTCAG,TGCTGCCTCCCGTAGGAGT,Leg,Shin,NA,NA,Healthy,No,NA,NA,NA,NA,NA,NA,B3.2952Sub211L2T01
B4.2952Sub212L1T01,NA,NA,EXP-20-AT8467,,SKN_CLN_2952,Unilever Multisite Microbiome Analysis,NA,No,NA,NA,NA,NA,Sub_212,60,NA,NA,NA,Female,NA,NA,Caucasian,NA,NA,NA,NA,NA,NA,NA,NA,NA,16S,BufferScrub,V1-V2,Illumina,GAGTTTGATCMTGGCTCAG,TGCTGCCTCCCGTAGGAGT,Leg,Shin,NA,NA,Healthy,No,NA,NA,NA,NA,NA,NA,B4.2952Sub212L1T01
B4.2952Sub213R1T01,NA,NA,EXP-20-AT8467,,SKN_CLN_2952,Unilever Multisite Microbiome Analysis,NA,No,NA,NA,NA,NA,Sub_213,65,NA,NA,NA,Female,NA,NA,Caucasian,NA,NA,NA,NA,NA,NA,NA,NA,NA,16S,BufferScrub,V1-V2,Illumina,GAGTTTGATCMTGGCTCAG,TGCTGCCTCCCGTAGGAGT,Leg,Shin,NA,NA,Healthy,No,NA,NA,NA,NA,NA,NA,B4.2952Sub213R1T01
B4.2952Sub214L2T01,NA,NA,EXP-20-AT8467,,SKN_CLN_2952,Unilever Multisite Microbiome Analysis,NA,No,NA,NA,NA,NA,Sub_214,47,NA,NA,NA,Female,NA,NA,Caucasian,NA,NA,NA,NA,NA,NA,NA,NA,NA,16S,BufferScrub,V1-V2,Illumina,GAGTTTGATCMTGGCTCAG,TGCTGCCTCCCGTAGGAGT,Leg,Shin,NA,NA,Healthy,No,NA,NA,NA,NA,NA,NA,B4.2952Sub214L2T01
B5.2952Sub215L2T01,NA,NA,EXP-20-AT8467,,SKN_CLN_2952,Unilever Multisite Microbiome Analysis,NA,No,NA,NA,NA,NA,Sub_215,41,NA,NA,NA,Female,NA,NA,Caucasian,NA,NA,NA,NA,NA,NA,NA,NA,NA,16S,BufferScrub,V1-V2,Illumina,GAGTTTGATCMTGGCTCAG,TGCTGCCTCCCGTAGGAGT,Leg,Shin,NA,NA,Healthy,No,NA,NA,NA,NA,NA,NA,B5.2952Sub215L2T01
B5.2952Sub217R1T01,NA,NA,EXP-20-AT8467,,SKN_CLN_2952,Unilever Multisite Microbiome Analysis,NA,No,NA,NA,NA,NA,Sub_217,21,NA,NA,NA,Female,NA,NA,Caucasian,NA,NA,NA,NA,NA,NA,NA,NA,NA,16S,BufferScrub,V1-V2,Illumina,GAGTTTGATCMTGGCTCAG,TGCTGCCTCCCGTAGGAGT,Leg,Shin,NA,NA,Healthy,No,NA,NA,NA,NA,NA,NA,B5.2952Sub217R1T01
B5.2952Sub218L1T01,NA,NA,EXP-20-AT8467,,SKN_CLN_2952,Unilever Multisite Microbiome Analysis,NA,No,NA,NA,NA,NA,Sub_218,62,NA,NA,NA,Female,NA,NA,Caucasian,NA,NA,NA,NA,NA,NA,NA,NA,NA,16S,BufferScrub,V1-V2,Illumina,GAGTTTGATCMTGGCTCAG,TGCTGCCTCCCGTAGGAGT,Leg,Shin,NA,NA,Healthy,No,NA,NA,NA,NA,NA,NA,B5.2952Sub218L1T01
B6.2952Sub222L1T01,NA,NA,EXP-20-AT8467,,SKN_CLN_2952,Unilever Multisite Microbiome Analysis,NA,No,NA,NA,NA,NA,Sub_222,61,NA,NA,NA,Female,NA,NA,Caucasian,NA,NA,NA,NA,NA,NA,NA,NA,NA,16S,BufferScrub,V1-V2,Illumina,GAGTTTGATCMTGGCTCAG,TGCTGCCTCCCGTAGGAGT,Leg,Shin,NA,NA,Healthy,No,NA,NA,NA,NA,NA,NA,B6.2952Sub222L1T01
B6.2952Sub223R2T01,NA,NA,EXP-20-AT8467,,SKN_CLN_2952,Unilever Multisite Microbiome Analysis,NA,No,NA,NA,NA,NA,Sub_223,28,NA,NA,NA,Female,NA,NA,Caucasian,NA,NA,NA,NA,NA,NA,NA,NA,NA,16S,BufferScrub,V1-V2,Illumina,GAGTTTGATCMTGGCTCAG,TGCTGCCTCCCGTAGGAGT,Leg,Shin,NA,NA,Healthy,No,NA,NA,NA,NA,NA,NA,B6.2952Sub223R2T01
B7.2952Sub225L2T01,NA,NA,EXP-20-AT8467,,SKN_CLN_2952,Unilever Multisite Microbiome Analysis,NA,No,NA,NA,NA,NA,Sub_225,38,NA,NA,NA,Female,NA,NA,Caucasian,NA,NA,NA,NA,NA,NA,NA,NA,NA,16S,BufferScrub,V1-V2,Illumina,GAGTTTGATCMTGGCTCAG,TGCTGCCTCCCGTAGGAGT,Leg,Shin,NA,NA,Healthy,No,NA,NA,NA,NA,NA,NA,B7.2952Sub225L2T01
B7.2952Sub227L1T01,NA,NA,EXP-20-AT8467,,SKN_CLN_2952,Unilever Multisite Microbiome Analysis,NA,No,NA,NA,NA,NA,Sub_227,40,NA,NA,NA,Female,NA,NA,Caucasian,NA,NA,NA,NA,NA,NA,NA,NA,NA,16S,BufferScrub,V1-V2,Illumina,GAGTTTGATCMTGGCTCAG,TGCTGCCTCCCGTAGGAGT,Leg,Shin,NA,NA,Healthy,No,NA,NA,NA,NA,NA,NA,B7.2952Sub227L1T01
SKN.CLN.3301.Sample1,NA,NA,EXP-20-AT8467,,SKN_CLN_3301,Unilever Multisite Microbiome Analysis,NA,No,NA,NA,NA,NA,Sub_2,22,NA,NA,NA,Female,NA,NA,Caucasian,NA,NA,NA,NA,NA,NA,NA,NA,NA,16S,BufferScrub,V1-V2,Illumina,GAGTTTGATCMTGGCTCAG,TGCTGCCTCCCGTAGGAGT,Leg,Shin,NA,NA,Healthy,No,NA,NA,NA,NA,NA,NA,SKN.CLN.3301.Sample1
SKN.CLN.3301.Sample101,NA,NA,EXP-20-AT8467,,SKN_CLN_3301,Unilever Multisite Microbiome Analysis,NA,No,NA,NA,NA,NA,Sub_7,47,NA,NA,NA,Female,NA,NA,Caucasian,NA,NA,NA,NA,NA,NA,NA,NA,NA,16S,BufferScrub,V1-V2,Illumina,GAGTTTGATCMTGGCTCAG,TGCTGCCTCCCGTAGGAGT,Leg,Shin,NA,NA,Healthy,No,NA,NA,NA,NA,NA,NA,SKN.CLN.3301.Sample101
SKN.CLN.3301.Sample121,NA,NA,EXP-20-AT8467,,SKN_CLN_3301,Unilever Multisite Microbiome Analysis,NA,No,NA,NA,NA,NA,Sub_12,56,NA,NA,NA,Female,NA,NA,Caucasian,NA,NA,NA,NA,NA,NA,NA,NA,NA,16S,BufferScrub,V1-V2,Illumina,GAGTTTGATCMTGGCTCAG,TGCTGCCTCCCGTAGGAGT,Leg,Shin,NA,NA,Healthy,No,NA,NA,NA,NA,NA,NA,SKN.CLN.3301.Sample121
SKN.CLN.3301.Sample133,NA,NA,EXP-20-AT8467,,SKN_CLN_3301,Unilever Multisite Microbiome Analysis,NA,No,NA,NA,NA,NA,Sub_13,20,NA,NA,NA,Female,NA,NA,Caucasian,NA,NA,NA,NA,NA,NA,NA,NA,NA,16S,BufferScrub,V1-V2,Illumina,GAGTTTGATCMTGGCTCAG,TGCTGCCTCCCGTAGGAGT,Leg,Shin,NA,NA,Healthy,No,NA,NA,NA,NA,NA,NA,SKN.CLN.3301.Sample133
SKN.CLN.3301.Sample153,NA,NA,EXP-20-AT8467,,SKN_CLN_3301,Unilever Multisite Microbiome Analysis,NA,No,NA,NA,NA,NA,Sub_9,19,NA,NA,NA,Female,NA,NA,Caucasian,NA,NA,NA,NA,NA,NA,NA,NA,NA,16S,BufferScrub,V1-V2,Illumina,GAGTTTGATCMTGGCTCAG,TGCTGCCTCCCGTAGGAGT,Leg,Shin,NA,NA,Healthy,No,NA,NA,NA,NA,NA,NA,SKN.CLN.3301.Sample153
SKN.CLN.3301.Sample173,NA,NA,EXP-20-AT8467,,SKN_CLN_3301,Unilever Multisite Microbiome Analysis,NA,No,NA,NA,NA,NA,Sub_14,64,NA,NA,NA,Female,NA,NA,Caucasian,NA,NA,NA,NA,NA,NA,NA,NA,NA,16S,BufferScrub,V1-V2,Illumina,GAGTTTGATCMTGGCTCAG,TGCTGCCTCCCGTAGGAGT,Leg,Shin,NA,NA,Healthy,No,NA,NA,NA,NA,NA,NA,SKN.CLN.3301.Sample173
SKN.CLN.3301.Sample181,NA,NA,EXP-20-AT8467,,SKN_CLN_3301,Unilever Multisite Microbiome Analysis,NA,No,NA,NA,NA,NA,Sub_10,42,NA,NA,NA,Female,NA,NA,Caucasian,NA,NA,NA,NA,NA,NA,NA,NA,NA,16S,BufferScrub,V1-V2,Illumina,GAGTTTGATCMTGGCTCAG,TGCTGCCTCCCGTAGGAGT,Leg,Shin,NA,NA,Healthy,No,NA,NA,NA,NA,NA,NA,SKN.CLN.3301.Sample181
SKN.CLN.3301.Sample205,NA,NA,EXP-20-AT8467,,SKN_CLN_3301,Unilever Multisite Microbiome Analysis,NA,No,NA,NA,NA,NA,Sub_19,65,NA,NA,NA,Female,NA,NA,Caucasian,NA,NA,NA,NA,NA,NA,NA,NA,NA,16S,BufferScrub,V1-V2,Illumina,GAGTTTGATCMTGGCTCAG,TGCTGCCTCCCGTAGGAGT,Leg,Shin,NA,NA,Healthy,No,NA,NA,NA,NA,NA,NA,SKN.CLN.3301.Sample205
SKN.CLN.3301.Sample209,NA,NA,EXP-20-AT8467,,SKN_CLN_3301,Unilever Multisite Microbiome Analysis,NA,No,NA,NA,NA,NA,Sub_25,40,NA,NA,NA,Female,NA,NA,Caucasian,NA,NA,NA,NA,NA,NA,NA,NA,NA,16S,BufferScrub,V1-V2,Illumina,GAGTTTGATCMTGGCTCAG,TGCTGCCTCCCGTAGGAGT,Leg,Shin,NA,NA,Healthy,No,NA,NA,NA,NA,NA,NA,SKN.CLN.3301.Sample209
SKN.CLN.3301.Sample233,NA,NA,EXP-20-AT8467,,SKN_CLN_3301,Unilever Multisite Microbiome Analysis,NA,No,NA,NA,NA,NA,Sub_20,55,NA,NA,NA,Female,NA,NA,Caucasian,NA,NA,NA,NA,NA,NA,NA,NA,NA,16S,BufferScrub,V1-V2,Illumina,GAGTTTGATCMTGGCTCAG,TGCTGCCTCCCGTAGGAGT,Leg,Shin,NA,NA,Healthy,No,NA,NA,NA,NA,NA,NA,SKN.CLN.3301.Sample233
SKN.CLN.3301.Sample25,NA,NA,EXP-20-AT8467,,SKN_CLN_3301,Unilever Multisite Microbiome Analysis,NA,No,NA,NA,NA,NA,Sub_3,24,NA,NA,NA,Female,NA,NA,Caucasian,NA,NA,NA,NA,NA,NA,NA,NA,NA,16S,BufferScrub,V1-V2,Illumina,GAGTTTGATCMTGGCTCAG,TGCTGCCTCCCGTAGGAGT,Leg,Shin,NA,NA,Healthy,No,NA,NA,NA,NA,NA,NA,SKN.CLN.3301.Sample25
SKN.CLN.3301.Sample253,NA,NA,EXP-20-AT8467,,SKN_CLN_3301,Unilever Multisite Microbiome Analysis,NA,No,NA,NA,NA,NA,Sub_21,49,NA,NA,NA,Female,NA,NA,Caucasian,NA,NA,NA,NA,NA,NA,NA,NA,NA,16S,BufferScrub,V1-V2,Illumina,GAGTTTGATCMTGGCTCAG,TGCTGCCTCCCGTAGGAGT,Leg,Shin,NA,NA,Healthy,No,NA,NA,NA,NA,NA,NA,SKN.CLN.3301.Sample253
SKN.CLN.3301.Sample265,NA,NA,EXP-20-AT8467,,SKN_CLN_3301,Unilever Multisite Microbiome Analysis,NA,No,NA,NA,NA,NA,Sub_22,56,NA,NA,NA,Female,NA,NA,Caucasian,NA,NA,NA,NA,NA,NA,NA,NA,NA,16S,BufferScrub,V1-V2,Illumina,GAGTTTGATCMTGGCTCAG,TGCTGCCTCCCGTAGGAGT,Leg,Shin,NA,NA,Healthy,No,NA,NA,NA,NA,NA,NA,SKN.CLN.3301.Sample265
SKN.CLN.3301.Sample277,NA,NA,EXP-20-AT8467,,SKN_CLN_3301,Unilever Multisite Microbiome Analysis,NA,No,NA,NA,NA,NA,Sub_23,25,NA,NA,NA,Female,NA,NA,Caucasian,NA,NA,NA,NA,NA,NA,NA,NA,NA,16S,BufferScrub,V1-V2,Illumina,GAGTTTGATCMTGGCTCAG,TGCTGCCTCCCGTAGGAGT,Leg,Shin,NA,NA,Healthy,No,NA,NA,NA,NA,NA,NA,SKN.CLN.3301.Sample277
SKN.CLN.3301.Sample301,NA,NA,EXP-20-AT8467,,SKN_CLN_3301,Unilever Multisite Microbiome Analysis,NA,No,NA,NA,NA,NA,Sub_18,55,NA,NA,NA,Female,NA,NA,Caucasian,NA,NA,NA,NA,NA,NA,NA,NA,NA,16S,BufferScrub,V1-V2,Illumina,GAGTTTGATCMTGGCTCAG,TGCTGCCTCCCGTAGGAGT,Leg,Shin,NA,NA,Healthy,No,NA,NA,NA,NA,NA,NA,SKN.CLN.3301.Sample301
SKN.CLN.3301.Sample305,NA,NA,EXP-20-AT8467,,SKN_CLN_3301,Unilever Multisite Microbiome Analysis,NA,No,NA,NA,NA,NA,Sub_17,54,NA,NA,NA,Female,NA,NA,Caucasian,NA,NA,NA,NA,NA,NA,NA,NA,NA,16S,BufferScrub,V1-V2,Illumina,GAGTTTGATCMTGGCTCAG,TGCTGCCTCCCGTAGGAGT,Leg,Shin,NA,NA,Healthy,No,NA,NA,NA,NA,NA,NA,SKN.CLN.3301.Sample305
SKN.CLN.3301.Sample325,NA,NA,EXP-20-AT8467,,SKN_CLN_3301,Unilever Multisite Microbiome Analysis,NA,No,NA,NA,NA,NA,Sub_28,21,NA,NA,NA,Female,NA,NA,Caucasian,NA,NA,NA,NA,NA,NA,NA,NA,NA,16S,BufferScrub,V1-V2,Illumina,GAGTTTGATCMTGGCTCAG,TGCTGCCTCCCGTAGGAGT,Leg,Shin,NA,NA,Healthy,No,NA,NA,NA,NA,NA,NA,SKN.CLN.3301.Sample325
SKN.CLN.3301.Sample337,NA,NA,EXP-20-AT8467,,SKN_CLN_3301,Unilever Multisite Microbiome Analysis,NA,No,NA,NA,NA,NA,Sub_26,61,NA,NA,NA,Female,NA,NA,Caucasian,NA,NA,NA,NA,NA,NA,NA,NA,NA,16S,BufferScrub,V1-V2,Illumina,GAGTTTGATCMTGGCTCAG,TGCTGCCTCCCGTAGGAGT,Leg,Shin,NA,NA,Healthy,No,NA,NA,NA,NA,NA,NA,SKN.CLN.3301.Sample337
SKN.CLN.3301.Sample361,NA,NA,EXP-20-AT8467,,SKN_CLN_3301,Unilever Multisite Microbiome Analysis,NA,No,NA,NA,NA,NA,Sub_29,36,NA,NA,NA,Female,NA,NA,Caucasian,NA,NA,NA,NA,NA,NA,NA,NA,NA,16S,BufferScrub,V1-V2,Illumina,GAGTTTGATCMTGGCTCAG,TGCTGCCTCCCGTAGGAGT,Leg,Shin,NA,NA,Healthy,No,NA,NA,NA,NA,NA,NA,SKN.CLN.3301.Sample361
SKN.CLN.3301.Sample373,NA,NA,EXP-20-AT8467,,SKN_CLN_3301,Unilever Multisite Microbiome Analysis,NA,No,NA,NA,NA,NA,Sub_32,20,NA,NA,NA,Female,NA,NA,Caucasian,NA,NA,NA,NA,NA,NA,NA,NA,NA,16S,BufferScrub,V1-V2,Illumina,GAGTTTGATCMTGGCTCAG,TGCTGCCTCCCGTAGGAGT,Leg,Shin,NA,NA,Healthy,No,NA,NA,NA,NA,NA,NA,SKN.CLN.3301.Sample373
SKN.CLN.3301.Sample397,NA,NA,EXP-20-AT8467,,SKN_CLN_3301,Unilever Multisite Microbiome Analysis,NA,No,NA,NA,NA,NA,Sub_30,24,NA,NA,NA,Female,NA,NA,Caucasian,NA,NA,NA,NA,NA,NA,NA,NA,NA,16S,BufferScrub,V1-V2,Illumina,GAGTTTGATCMTGGCTCAG,TGCTGCCTCCCGTAGGAGT,Leg,Shin,NA,NA,Healthy,No,NA,NA,NA,NA,NA,NA,SKN.CLN.3301.Sample397
SKN.CLN.3301.Sample45,NA,NA,EXP-20-AT8467,,SKN_CLN_3301,Unilever Multisite Microbiome Analysis,NA,No,NA,NA,NA,NA,Sub_1,50,NA,NA,NA,Female,NA,NA,Caucasian,NA,NA,NA,NA,NA,NA,NA,NA,NA,16S,BufferScrub,V1-V2,Illumina,GAGTTTGATCMTGGCTCAG,TGCTGCCTCCCGTAGGAGT,Leg,Shin,NA,NA,Healthy,No,NA,NA,NA,NA,NA,NA,SKN.CLN.3301.Sample45
SKN.CLN.3301.Sample61,NA,NA,EXP-20-AT8467,,SKN_CLN_3301,Unilever Multisite Microbiome Analysis,NA,No,NA,NA,NA,NA,Sub_11,24,NA,NA,NA,Female,NA,NA,Caucasian,NA,NA,NA,NA,NA,NA,NA,NA,NA,16S,BufferScrub,V1-V2,Illumina,GAGTTTGATCMTGGCTCAG,TGCTGCCTCCCGTAGGAGT,Leg,Shin,NA,NA,Healthy,No,NA,NA,NA,NA,NA,NA,SKN.CLN.3301.Sample61
SKN.CLN.3301.Sample77,NA,NA,EXP-20-AT8467,,SKN_CLN_3301,Unilever Multisite Microbiome Analysis,NA,No,NA,NA,NA,NA,Sub_15,18,NA,NA,NA,Female,NA,NA,Caucasian,NA,NA,NA,NA,NA,NA,NA,NA,NA,16S,BufferScrub,V1-V2,Illumina,GAGTTTGATCMTGGCTCAG,TGCTGCCTCCCGTAGGAGT,Leg,Shin,NA,NA,Healthy,No,NA,NA,NA,NA,NA,NA,SKN.CLN.3301.Sample77
SKN.CLN.3301.Sample81,NA,NA,EXP-20-AT8467,,SKN_CLN_3301,Unilever Multisite Microbiome Analysis,NA,No,NA,NA,NA,NA,Sub_5,22,NA,NA,NA,Female,NA,NA,Caucasian,NA,NA,NA,NA,NA,NA,NA,NA,NA,16S,BufferScrub,V1-V2,Illumina,GAGTTTGATCMTGGCTCAG,TGCTGCCTCCCGTAGGAGT,Leg,Shin,NA,NA,Healthy,No,NA,NA,NA,NA,NA,NA,SKN.CLN.3301.Sample81
37F.1134.v2.Bacteria,NA,NA,EXP-20-AT8467,,HAI-BIO-3252,Unilever Multisite Microbiome Analysis,NA,No,NA,NA,NA,NA,1134,32,NA,NA,NA,Female,NA,NA,NA,NA,NA,NA,NA,NA,NA,NA,NA,NA,16S,BufferScrub,V1-V2,Illumina,GAGTTTGATCMTGGCTCAG,TGCTGCCTCCCGTAGGAGT,Scalp,Scalp,NA,NA,NA,No,NA,NA,NA,NA,NA,NA,37F.1134.v2.Bacteria
7F.1007.v2.Bacteria,NA,NA,EXP-20-AT8467,,HAI-BIO-3252,Unilever Multisite Microbiome Analysis,NA,No,NA,NA,NA,NA,1007,29,NA,NA,NA,Female,NA,NA,NA,NA,NA,NA,NA,NA,NA,NA,NA,NA,16S,BufferScrub,V1-V2,Illumina,GAGTTTGATCMTGGCTCAG,TGCTGCCTCCCGTAGGAGT,Scalp,Scalp,NA,NA,NA,No,NA,NA,NA,NA,NA,NA,7F.1007.v2.Bacteria
9F.1091.v2.Bacteria,NA,NA,EXP-20-AT8467,,HAI-BIO-3252,Unilever Multisite Microbiome Analysis,NA,No,NA,NA,NA,NA,1091,27,NA,NA,NA,Female,NA,NA,NA,NA,NA,NA,NA,NA,NA,NA,NA,NA,16S,BufferScrub,V1-V2,Illumina,GAGTTTGATCMTGGCTCAG,TGCTGCCTCCCGTAGGAGT,Scalp,Scalp,NA,NA,NA,No,NA,NA,NA,NA,NA,NA,9F.1091.v2.Bacteria
18F.1120.v2.Bacteria,NA,NA,EXP-20-AT8467,,HAI-BIO-3252,Unilever Multisite Microbiome Analysis,NA,No,NA,NA,NA,NA,1120,44,NA,NA,NA,Female,NA,NA,NA,NA,NA,NA,NA,NA,NA,NA,NA,NA,16S,BufferScrub,V1-V2,Illumina,GAGTTTGATCMTGGCTCAG,TGCTGCCTCCCGTAGGAGT,Scalp,Scalp,NA,NA,NA,No,NA,NA,NA,NA,NA,NA,18F.1120.v2.Bacteria
20F.1051.v2.Bacteria,NA,NA,EXP-20-AT8467,,HAI-BIO-3252,Unilever Multisite Microbiome Analysis,NA,No,NA,NA,NA,NA,1051,31,NA,NA,NA,Female,NA,NA,NA,NA,NA,NA,NA,NA,NA,NA,NA,NA,16S,BufferScrub,V1-V2,Illumina,GAGTTTGATCMTGGCTCAG,TGCTGCCTCCCGTAGGAGT,Scalp,Scalp,NA,NA,NA,No,NA,NA,NA,NA,NA,NA,20F.1051.v2.Bacteria
27F.1100.v2.Bacteria,NA,NA,EXP-20-AT8467,,HAI-BIO-3252,Unilever Multisite Microbiome Analysis,NA,No,NA,NA,NA,NA,1100,31,NA,NA,NA,Female,NA,NA,NA,NA,NA,NA,NA,NA,NA,NA,NA,NA,16S,BufferScrub,V1-V2,Illumina,GAGTTTGATCMTGGCTCAG,TGCTGCCTCCCGTAGGAGT,Scalp,Scalp,NA,NA,NA,No,NA,NA,NA,NA,NA,NA,27F.1100.v2.Bacteria
30F.1090.v2.Bacteria,NA,NA,EXP-20-AT8467,,HAI-BIO-3252,Unilever Multisite Microbiome Analysis,NA,No,NA,NA,NA,NA,1090,47,NA,NA,NA,Female,NA,NA,NA,NA,NA,NA,NA,NA,NA,NA,NA,NA,16S,BufferScrub,V1-V2,Illumina,GAGTTTGATCMTGGCTCAG,TGCTGCCTCCCGTAGGAGT,Scalp,Scalp,NA,NA,NA,No,NA,NA,NA,NA,NA,NA,30F.1090.v2.Bacteria
32F.1020.v2.Bacteria,NA,NA,EXP-20-AT8467,,HAI-BIO-3252,Unilever Multisite Microbiome Analysis,NA,No,NA,NA,NA,NA,1020,32,NA,NA,NA,Female,NA,NA,NA,NA,NA,NA,NA,NA,NA,NA,NA,NA,16S,BufferScrub,V1-V2,Illumina,GAGTTTGATCMTGGCTCAG,TGCTGCCTCCCGTAGGAGT,Scalp,Scalp,NA,NA,NA,No,NA,NA,NA,NA,NA,NA,32F.1020.v2.Bacteria
39F.1099.v2.Bacteria,NA,NA,EXP-20-AT8467,,HAI-BIO-3252,Unilever Multisite Microbiome Analysis,NA,No,NA,NA,NA,NA,1099,29,NA,NA,NA,Female,NA,NA,NA,NA,NA,NA,NA,NA,NA,NA,NA,NA,16S,BufferScrub,V1-V2,Illumina,GAGTTTGATCMTGGCTCAG,TGCTGCCTCCCGTAGGAGT,Scalp,Scalp,NA,NA,NA,No,NA,NA,NA,NA,NA,NA,39F.1099.v2.Bacteria
41F.1084.v2.Bacteria,NA,NA,EXP-20-AT8467,,HAI-BIO-3252,Unilever Multisite Microbiome Analysis,NA,No,NA,NA,NA,NA,1084,44,NA,NA,NA,Female,NA,NA,NA,NA,NA,NA,NA,NA,NA,NA,NA,NA,16S,BufferScrub,V1-V2,Illumina,GAGTTTGATCMTGGCTCAG,TGCTGCCTCCCGTAGGAGT,Scalp,Scalp,NA,NA,NA,No,NA,NA,NA,NA,NA,NA,41F.1084.v2.Bacteria
48F.1038.v2.Bacteria,NA,NA,EXP-20-AT8467,,HAI-BIO-3252,Unilever Multisite Microbiome Analysis,NA,No,NA,NA,NA,NA,1038,33,NA,NA,NA,Female,NA,NA,NA,NA,NA,NA,NA,NA,NA,NA,NA,NA,16S,BufferScrub,V1-V2,Illumina,GAGTTTGATCMTGGCTCAG,TGCTGCCTCCCGTAGGAGT,Scalp,Scalp,NA,NA,NA,No,NA,NA,NA,NA,NA,NA,48F.1038.v2.Bacteria
50F.1022.v2.Bacteria,NA,NA,EXP-20-AT8467,,HAI-BIO-3252,Unilever Multisite Microbiome Analysis,NA,No,NA,NA,NA,NA,1022,34,NA,NA,NA,Female,NA,NA,NA,NA,NA,NA,NA,NA,NA,NA,NA,NA,16S,BufferScrub,V1-V2,Illumina,GAGTTTGATCMTGGCTCAG,TGCTGCCTCCCGTAGGAGT,Scalp,Scalp,NA,NA,NA,No,NA,NA,NA,NA,NA,NA,50F.1022.v2.Bacteria
53F.1004.v2.Bacteria,NA,NA,EXP-20-AT8467,,HAI-BIO-3252,Unilever Multisite Microbiome Analysis,NA,No,NA,NA,NA,NA,1004,39,NA,NA,NA,Female,NA,NA,NA,NA,NA,NA,NA,NA,NA,NA,NA,NA,16S,BufferScrub,V1-V2,Illumina,GAGTTTGATCMTGGCTCAG,TGCTGCCTCCCGTAGGAGT,Scalp,Scalp,NA,NA,NA,No,NA,NA,NA,NA,NA,NA,53F.1004.v2.Bacteria
55F.1018.v2.Bacteria,NA,NA,EXP-20-AT8467,,HAI-BIO-3252,Unilever Multisite Microbiome Analysis,NA,No,NA,NA,NA,NA,1018,53,NA,NA,NA,Female,NA,NA,NA,NA,NA,NA,NA,NA,NA,NA,NA,NA,16S,BufferScrub,V1-V2,Illumina,GAGTTTGATCMTGGCTCAG,TGCTGCCTCCCGTAGGAGT,Scalp,Scalp,NA,NA,NA,No,NA,NA,NA,NA,NA,NA,55F.1018.v2.Bacteria
62F.1009.v2.Bacteria,NA,NA,EXP-20-AT8467,,HAI-BIO-3252,Unilever Multisite Microbiome Analysis,NA,No,NA,NA,NA,NA,1009,45,NA,NA,NA,Female,NA,NA,NA,NA,NA,NA,NA,NA,NA,NA,NA,NA,16S,BufferScrub,V1-V2,Illumina,GAGTTTGATCMTGGCTCAG,TGCTGCCTCCCGTAGGAGT,Scalp,Scalp,NA,NA,NA,No,NA,NA,NA,NA,NA,NA,62F.1009.v2.Bacteria
64F.1014.v2.Bacteria,NA,NA,EXP-20-AT8467,,HAI-BIO-3252,Unilever Multisite Microbiome Analysis,NA,No,NA,NA,NA,NA,1014,28,NA,NA,NA,Female,NA,NA,NA,NA,NA,NA,NA,NA,NA,NA,NA,NA,16S,BufferScrub,V1-V2,Illumina,GAGTTTGATCMTGGCTCAG,TGCTGCCTCCCGTAGGAGT,Scalp,Scalp,NA,NA,NA,No,NA,NA,NA,NA,NA,NA,64F.1014.v2.Bacteria
73F.1063.v2.Bacteria,NA,NA,EXP-20-AT8467,,HAI-BIO-3252,Unilever Multisite Microbiome Analysis,NA,No,NA,NA,NA,NA,1063,46,NA,NA,NA,Female,NA,NA,NA,NA,NA,NA,NA,NA,NA,NA,NA,NA,16S,BufferScrub,V1-V2,Illumina,GAGTTTGATCMTGGCTCAG,TGCTGCCTCCCGTAGGAGT,Scalp,Scalp,NA,NA,NA,No,NA,NA,NA,NA,NA,NA,73F.1063.v2.Bacteria
75F.1096.v2.Bacteria,NA,NA,EXP-20-AT8467,,HAI-BIO-3252,Unilever Multisite Microbiome Analysis,NA,No,NA,NA,NA,NA,1096,38,NA,NA,NA,Female,NA,NA,NA,NA,NA,NA,NA,NA,NA,NA,NA,NA,16S,BufferScrub,V1-V2,Illumina,GAGTTTGATCMTGGCTCAG,TGCTGCCTCCCGTAGGAGT,Scalp,Scalp,NA,NA,NA,No,NA,NA,NA,NA,NA,NA,75F.1096.v2.Bacteria
78F.1067.v2.Bacteria,NA,NA,EXP-20-AT8467,,HAI-BIO-3252,Unilever Multisite Microbiome Analysis,NA,No,NA,NA,NA,NA,1067,46,NA,NA,NA,Female,NA,NA,NA,NA,NA,NA,NA,NA,NA,NA,NA,NA,16S,BufferScrub,V1-V2,Illumina,GAGTTTGATCMTGGCTCAG,TGCTGCCTCCCGTAGGAGT,Scalp,Scalp,NA,NA,NA,No,NA,NA,NA,NA,NA,NA,78F.1067.v2.Bacteria
80F.1003.v2.Bacteria,NA,NA,EXP-20-AT8467,,HAI-BIO-3252,Unilever Multisite Microbiome Analysis,NA,No,NA,NA,NA,NA,1003,51,NA,NA,NA,Female,NA,NA,NA,NA,NA,NA,NA,NA,NA,NA,NA,NA,16S,BufferScrub,V1-V2,Illumina,GAGTTTGATCMTGGCTCAG,TGCTGCCTCCCGTAGGAGT,Scalp,Scalp,NA,NA,NA,No,NA,NA,NA,NA,NA,NA,80F.1003.v2.Bacteria
85F.1008.v2.Bacteria,NA,NA,EXP-20-AT8467,,HAI-BIO-3252,Unilever Multisite Microbiome Analysis,NA,No,NA,NA,NA,NA,1008,40,NA,NA,NA,Female,NA,NA,NA,NA,NA,NA,NA,NA,NA,NA,NA,NA,16S,BufferScrub,V1-V2,Illumina,GAGTTTGATCMTGGCTCAG,TGCTGCCTCCCGTAGGAGT,Scalp,Scalp,NA,NA,NA,No,NA,NA,NA,NA,NA,NA,85F.1008.v2.Bacteria
91F.1132.v2.Bacteria,NA,NA,EXP-20-AT8467,,HAI-BIO-3252,Unilever Multisite Microbiome Analysis,NA,No,NA,NA,NA,NA,1132,42,NA,NA,NA,Female,NA,NA,NA,NA,NA,NA,NA,NA,NA,NA,NA,NA,16S,BufferScrub,V1-V2,Illumina,GAGTTTGATCMTGGCTCAG,TGCTGCCTCCCGTAGGAGT,Scalp,Scalp,NA,NA,NA,No,NA,NA,NA,NA,NA,NA,91F.1132.v2.Bacteria
96F.1010.v2.Bacteria,NA,NA,EXP-20-AT8467,,HAI-BIO-3252,Unilever Multisite Microbiome Analysis,NA,No,NA,NA,NA,NA,1010,31,NA,NA,NA,Female,NA,NA,NA,NA,NA,NA,NA,NA,NA,NA,NA,NA,16S,BufferScrub,V1-V2,Illumina,GAGTTTGATCMTGGCTCAG,TGCTGCCTCCCGTAGGAGT,Scalp,Scalp,NA,NA,NA,No,NA,NA,NA,NA,NA,NA,96F.1010.v2.Bacteria
98F.1083.v2.Bacteria,NA,NA,EXP-20-AT8467,,HAI-BIO-3252,Unilever Multisite Microbiome Analysis,NA,No,NA,NA,NA,NA,1083,49,NA,NA,NA,Female,NA,NA,NA,NA,NA,NA,NA,NA,NA,NA,NA,NA,16S,BufferScrub,V1-V2,Illumina,GAGTTTGATCMTGGCTCAG,TGCTGCCTCCCGTAGGAGT,Scalp,Scalp,NA,NA,NA,No,NA,NA,NA,NA,NA,NA,98F.1083.v2.Bacteria
103F.1048.v2.Bacteria,NA,NA,EXP-20-AT8467,,HAI-BIO-3252,Unilever Multisite Microbiome Analysis,NA,No,NA,NA,NA,NA,1048,54,NA,NA,NA,Female,NA,NA,NA,NA,NA,NA,NA,NA,NA,NA,NA,NA,16S,BufferScrub,V1-V2,Illumina,GAGTTTGATCMTGGCTCAG,TGCTGCCTCCCGTAGGAGT,Scalp,Scalp,NA,NA,NA,No,NA,NA,NA,NA,NA,NA,103F.1048.v2.Bacteria
105F.1109.v2.Bacteria,NA,NA,EXP-20-AT8467,,HAI-BIO-3252,Unilever Multisite Microbiome Analysis,NA,No,NA,NA,NA,NA,1109,36,NA,NA,NA,Female,NA,NA,NA,NA,NA,NA,NA,NA,NA,NA,NA,NA,16S,BufferScrub,V1-V2,Illumina,GAGTTTGATCMTGGCTCAG,TGCTGCCTCCCGTAGGAGT,Scalp,Scalp,NA,NA,NA,No,NA,NA,NA,NA,NA,NA,105F.1109.v2.Bacteria
112F.1006.v2.Bacteria,NA,NA,EXP-20-AT8467,,HAI-BIO-3252,Unilever Multisite Microbiome Analysis,NA,No,NA,NA,NA,NA,1006,53,NA,NA,NA,Female,NA,NA,NA,NA,NA,NA,NA,NA,NA,NA,NA,NA,16S,BufferScrub,V1-V2,Illumina,GAGTTTGATCMTGGCTCAG,TGCTGCCTCCCGTAGGAGT,Scalp,Scalp,NA,NA,NA,No,NA,NA,NA,NA,NA,NA,112F.1006.v2.Bacteria
114F.1102.v2.Bacteria,NA,NA,EXP-20-AT8467,,HAI-BIO-3252,Unilever Multisite Microbiome Analysis,NA,No,NA,NA,NA,NA,1102,33,NA,NA,NA,Female,NA,NA,NA,NA,NA,NA,NA,NA,NA,NA,NA,NA,16S,BufferScrub,V1-V2,Illumina,GAGTTTGATCMTGGCTCAG,TGCTGCCTCCCGTAGGAGT,Scalp,Scalp,NA,NA,NA,No,NA,NA,NA,NA,NA,NA,114F.1102.v2.Bacteria
117F.1019.v2.Bacteria,NA,NA,EXP-20-AT8467,,HAI-BIO-3252,Unilever Multisite Microbiome Analysis,NA,No,NA,NA,NA,NA,1019,38,NA,NA,NA,Female,NA,NA,NA,NA,NA,NA,NA,NA,NA,NA,NA,NA,16S,BufferScrub,V1-V2,Illumina,GAGTTTGATCMTGGCTCAG,TGCTGCCTCCCGTAGGAGT,Scalp,Scalp,NA,NA,NA,No,NA,NA,NA,NA,NA,NA,117F.1019.v2.Bacteria
