#SampleID,BarcodeSequence,LinkerPrimerSequence,ELN,UnileverSampleID,UnileverStudyNumber,Age,ControlID,ControlSample,Ethnicity,ExternalStudyNumber,Product,ProductType,SampleCollectionCity,SampleCollectionCountry,Sex,SubjectID,Timepoint,TimepointName,InvestigationType,SampleType,VariableRegion,SequencingPlatform,ForwardPrimer,ReversePrimer,Bodysite,AdherentDandruffScore,ImageCaptured,ItchingScore,SampleCollectionArea,ScalpCondition,ScalpSubcondition,SebumLevel,TEWL,TWHS,SRARun,Description
SRR6215317,NA,NA,EXP-22-AL9791,SRR6215317,ExternalCoconutOilBacteria,34,NA,No,Indian,https://doi.org/10.1038/s41598-021-86454-1,Oil,Oil,Bangalore,India,Female,1,1,Day_0,16S,Swab,V3,Illumina,CTACTCCTACGGGAGGCAGCAG,CATCTATTACCGCGGCTGCTGGC,Scalp,0,No,0,4,Healthy,NA,5,24.73,0,SRR6215317,SRR6215317
SRR6215274,NA,NA,EXP-22-AL9791,SRR6215274,ExternalCoconutOilBacteria,34,NA,No,Indian,https://doi.org/10.1038/s41598-021-86454-1,Oil,Oil,Bangalore,India,Female,1,2,Day_84,16S,Swab,V3,Illumina,CTACTCCTACGGGAGGCAGCAG,CATCTATTACCGCGGCTGCTGGC,Scalp,0,No,0,4,Healthy,NA,2,19,0,SRR6215102,SRR6215102
SRR6215156,NA,NA,EXP-22-AL9791,SRR6215156,ExternalCoconutOilBacteria,34,NA,No,Indian,https://doi.org/10.1038/s41598-021-86454-1,Oil,Oil,Bangalore,India,Female,1,3,Day_112,16S,Swab,V3,Illumina,CTACTCCTACGGGAGGCAGCAG,CATCTATTACCGCGGCTGCTGGC,Scalp,0,No,,4,Healthy,NA,0,24.33,0.25,SRR6215107,SRR6215107
SRR6215102,NA,NA,EXP-22-AL9791,SRR6215102,ExternalCoconutOilBacteria,32,NA,No,Indian,https://doi.org/10.1038/s41598-021-86454-1,Oil,Oil,Bangalore,India,Female,2,1,Day_0,16S,Swab,V3,Illumina,CTACTCCTACGGGAGGCAGCAG,CATCTATTACCGCGGCTGCTGGC,Scalp,0,No,1,4,Healthy,NA,5,23.7,0,SRR6215105,SRR6215105
SRR6215275,NA,NA,EXP-22-AL9791,SRR6215275,ExternalCoconutOilBacteria,32,NA,No,Indian,https://doi.org/10.1038/s41598-021-86454-1,Oil,Oil,Bangalore,India,Female,2,2,Day_84,16S,Swab,V3,Illumina,CTACTCCTACGGGAGGCAGCAG,CATCTATTACCGCGGCTGCTGGC,Scalp,0,No,1,4,Healthy,NA,2,23.97,0,SRR6215313,SRR6215313
SRR6215228,NA,NA,EXP-22-AL9791,SRR6215228,ExternalCoconutOilBacteria,32,NA,No,Indian,https://doi.org/10.1038/s41598-021-86454-1,Oil,Oil,Bangalore,India,Female,2,3,Day_112,16S,Swab,V3,Illumina,CTACTCCTACGGGAGGCAGCAG,CATCTATTACCGCGGCTGCTGGC,Scalp,0,No,,4,Healthy,NA,15,22.7,0,SRR6215098,SRR6215098
SRR6215107,NA,NA,EXP-22-AL9791,SRR6215107,ExternalCoconutOilBacteria,31,NA,No,Indian,https://doi.org/10.1038/s41598-021-86454-1,Discontinued,Discontinued,Bangalore,India,Female,3,1,Day_0,16S,Swab,V3,Illumina,CTACTCCTACGGGAGGCAGCAG,CATCTATTACCGCGGCTGCTGGC,Scalp,0,No,1,4,Healthy,NA,8,16.73,0,SRR6215101,SRR6215101
SRR6215272,NA,NA,EXP-22-AL9791,SRR6215272,ExternalCoconutOilBacteria,38,NA,No,Indian,https://doi.org/10.1038/s41598-021-86454-1,Shampoo,Shampoo,Bangalore,India,Female,4,1,Day_0,16S,Swab,V3,Illumina,CTACTCCTACGGGAGGCAGCAG,CATCTATTACCGCGGCTGCTGGC,Scalp,0,No,0,4,Healthy,NA,12,34.63,0,SRR6215100,SRR6215100
SRR6215154,NA,NA,EXP-22-AL9791,SRR6215154,ExternalCoconutOilBacteria,38,NA,No,Indian,https://doi.org/10.1038/s41598-021-86454-1,Shampoo,Shampoo,Bangalore,India,Female,4,2,Day_84,16S,Swab,V3,Illumina,CTACTCCTACGGGAGGCAGCAG,CATCTATTACCGCGGCTGCTGGC,Scalp,0,No,0,4,Healthy,NA,11,18.5,0,SRR6215121,SRR6215121
SRR6215105,NA,NA,EXP-22-AL9791,SRR6215105,ExternalCoconutOilBacteria,38,NA,No,Indian,https://doi.org/10.1038/s41598-021-86454-1,Shampoo,Shampoo,Bangalore,India,Female,4,3,Day_112,16S,Swab,V3,Illumina,CTACTCCTACGGGAGGCAGCAG,CATCTATTACCGCGGCTGCTGGC,Scalp,0,No,,4,Healthy,NA,10,22.3,0,SRR6215120,SRR6215120
SRR6215273,NA,NA,EXP-22-AL9791,SRR6215273,ExternalCoconutOilBacteria,43,NA,No,Indian,https://doi.org/10.1038/s41598-021-86454-1,Shampoo,Shampoo,Bangalore,India,Female,5,1,Day_0,16S,Swab,V3,Illumina,CTACTCCTACGGGAGGCAGCAG,CATCTATTACCGCGGCTGCTGGC,Scalp,0,No,0,4,Healthy,NA,103,18.73,0,SRR6215044,SRR6215044
SRR6215027,NA,NA,EXP-22-AL9791,SRR6215027,ExternalCoconutOilBacteria,43,NA,No,Indian,https://doi.org/10.1038/s41598-021-86454-1,Shampoo,Shampoo,Bangalore,India,Female,5,2,Day_84,16S,Swab,V3,Illumina,CTACTCCTACGGGAGGCAGCAG,CATCTATTACCGCGGCTGCTGGC,Scalp,0,No,0,4,Healthy,NA,43,23.03,0,SRR6215043,SRR6215043
SRR6215313,NA,NA,EXP-22-AL9791,SRR6215313,ExternalCoconutOilBacteria,43,NA,No,Indian,https://doi.org/10.1038/s41598-021-86454-1,Shampoo,Shampoo,Bangalore,India,Female,5,3,Day_112,16S,Swab,V3,Illumina,CTACTCCTACGGGAGGCAGCAG,CATCTATTACCGCGGCTGCTGGC,Scalp,0,No,,4,Healthy,NA,24,19.17,0,SRR6215042,SRR6215042
SRR6215278,NA,NA,EXP-22-AL9791,SRR6215278,ExternalCoconutOilBacteria,35,NA,No,Indian,https://doi.org/10.1038/s41598-021-86454-1,Shampoo,Shampoo,Bangalore,India,Female,6,1,Day_0,16S,Swab,V3,Illumina,CTACTCCTACGGGAGGCAGCAG,CATCTATTACCGCGGCTGCTGGC,Scalp,0.125,No,0,4,Healthy,NA,22,13.27,0.125,SRR6215041,SRR6215041
SRR6215028,NA,NA,EXP-22-AL9791,SRR6215028,ExternalCoconutOilBacteria,35,NA,No,Indian,https://doi.org/10.1038/s41598-021-86454-1,Shampoo,Shampoo,Bangalore,India,Female,6,2,Day_84,16S,Swab,V3,Illumina,CTACTCCTACGGGAGGCAGCAG,CATCTATTACCGCGGCTGCTGGC,Scalp,0,No,0,4,Healthy,NA,43,14.77,0,SRR6215040,SRR6215040
SRR6215098,NA,NA,EXP-22-AL9791,SRR6215098,ExternalCoconutOilBacteria,35,NA,No,Indian,https://doi.org/10.1038/s41598-021-86454-1,Shampoo,Shampoo,Bangalore,India,Female,6,3,Day_112,16S,Swab,V3,Illumina,CTACTCCTACGGGAGGCAGCAG,CATCTATTACCGCGGCTGCTGGC,Scalp,0,No,,4,Healthy,NA,12,19.03,0,SRR6215039,SRR6215039
SRR6215279,NA,NA,EXP-22-AL9791,SRR6215279,ExternalCoconutOilBacteria,42,NA,No,Indian,https://doi.org/10.1038/s41598-021-86454-1,Oil,Oil,Bangalore,India,Female,7,1,Day_0,16S,Swab,V3,Illumina,CTACTCCTACGGGAGGCAGCAG,CATCTATTACCGCGGCTGCTGGC,Scalp,0.125,No,1,4,Healthy,NA,94,23.73,0.125,SRR6215038,SRR6215038
SRR6215029,NA,NA,EXP-22-AL9791,SRR6215029,ExternalCoconutOilBacteria,42,NA,No,Indian,https://doi.org/10.1038/s41598-021-86454-1,Oil,Oil,Bangalore,India,Female,7,2,Day_84,16S,Swab,V3,Illumina,CTACTCCTACGGGAGGCAGCAG,CATCTATTACCGCGGCTGCTGGC,Scalp,0,No,0,4,Healthy,NA,14,24.17,0,SRR6215037,SRR6215037
SRR6215101,NA,NA,EXP-22-AL9791,SRR6215101,ExternalCoconutOilBacteria,42,NA,No,Indian,https://doi.org/10.1038/s41598-021-86454-1,Oil,Oil,Bangalore,India,Female,7,3,Day_112,16S,Swab,V3,Illumina,CTACTCCTACGGGAGGCAGCAG,CATCTATTACCGCGGCTGCTGGC,Scalp,0,No,,4,Healthy,NA,9,13.73,0,SRR6215046,SRR6215046
SRR6215276,NA,NA,EXP-22-AL9791,SRR6215276,ExternalCoconutOilBacteria,43,NA,No,Indian,https://doi.org/10.1038/s41598-021-86454-1,Oil,Oil,Bangalore,India,Female,8,1,Day_0,16S,Swab,V3,Illumina,CTACTCCTACGGGAGGCAGCAG,CATCTATTACCGCGGCTGCTGGC,Scalp,0.125,No,1,4,Healthy,NA,6,23.63,0.375,SRR6215045,SRR6215045
SRR6215030,NA,NA,EXP-22-AL9791,SRR6215030,ExternalCoconutOilBacteria,43,NA,No,Indian,https://doi.org/10.1038/s41598-021-86454-1,Oil,Oil,Bangalore,India,Female,8,2,Day_84,16S,Swab,V3,Illumina,CTACTCCTACGGGAGGCAGCAG,CATCTATTACCGCGGCTGCTGGC,Scalp,0,No,1,4,Healthy,NA,10,25.93,0,SRR6215393,SRR6215393
SRR6215100,NA,NA,EXP-22-AL9791,SRR6215100,ExternalCoconutOilBacteria,43,NA,No,Indian,https://doi.org/10.1038/s41598-021-86454-1,Oil,Oil,Bangalore,India,Female,8,3,Day_112,16S,Swab,V3,Illumina,CTACTCCTACGGGAGGCAGCAG,CATCTATTACCGCGGCTGCTGGC,Scalp,0,No,,4,Healthy,NA,22,23.8,0,SRR6215394,SRR6215394
SRR6215277,NA,NA,EXP-22-AL9791,SRR6215277,ExternalCoconutOilBacteria,29,NA,No,Indian,https://doi.org/10.1038/s41598-021-86454-1,Shampoo,Shampoo,Bangalore,India,Female,9,1,Day_0,16S,Swab,V3,Illumina,CTACTCCTACGGGAGGCAGCAG,CATCTATTACCGCGGCTGCTGGC,Scalp,0,No,1,4,Healthy,NA,22,19.2,0.125,SRR6215391,SRR6215391
SRR6215031,NA,NA,EXP-22-AL9791,SRR6215031,ExternalCoconutOilBacteria,29,NA,No,Indian,https://doi.org/10.1038/s41598-021-86454-1,Shampoo,Shampoo,Bangalore,India,Female,9,2,Day_84,16S,Swab,V3,Illumina,CTACTCCTACGGGAGGCAGCAG,CATCTATTACCGCGGCTGCTGGC,Scalp,0.25,No,0,4,Healthy,NA,26,18.4,0.375,SRR6215392,SRR6215392
SRR6215121,NA,NA,EXP-22-AL9791,SRR6215121,ExternalCoconutOilBacteria,29,NA,No,Indian,https://doi.org/10.1038/s41598-021-86454-1,Shampoo,Shampoo,Bangalore,India,Female,9,3,Day_112,16S,Swab,V3,Illumina,CTACTCCTACGGGAGGCAGCAG,CATCTATTACCGCGGCTGCTGGC,Scalp,0.125,No,,4,Healthy,NA,31,19,0.125,SRR6215389,SRR6215389
SRR6215280,NA,NA,EXP-22-AL9791,SRR6215280,ExternalCoconutOilBacteria,39,NA,No,Indian,https://doi.org/10.1038/s41598-021-86454-1,Oil,Oil,Bangalore,India,Female,10,1,Day_0,16S,Swab,V3,Illumina,CTACTCCTACGGGAGGCAGCAG,CATCTATTACCGCGGCTGCTGGC,Scalp,0,No,0,4,Healthy,NA,12,25.23,0,SRR6215390,SRR6215390
SRR6215032,NA,NA,EXP-22-AL9791,SRR6215032,ExternalCoconutOilBacteria,39,NA,No,Indian,https://doi.org/10.1038/s41598-021-86454-1,Oil,Oil,Bangalore,India,Female,10,2,Day_84,16S,Swab,V3,Illumina,CTACTCCTACGGGAGGCAGCAG,CATCTATTACCGCGGCTGCTGGC,Scalp,0,No,0,4,Healthy,NA,60,22.5,0,SRR6215387,SRR6215387
SRR6215120,NA,NA,EXP-22-AL9791,SRR6215120,ExternalCoconutOilBacteria,39,NA,No,Indian,https://doi.org/10.1038/s41598-021-86454-1,Oil,Oil,Bangalore,India,Female,10,3,Day_112,16S,Swab,V3,Illumina,CTACTCCTACGGGAGGCAGCAG,CATCTATTACCGCGGCTGCTGGC,Scalp,0,No,,4,Healthy,NA,3,23.1,0,SRR6215388,SRR6215388
SRR6215281,NA,NA,EXP-22-AL9791,SRR6215281,ExternalCoconutOilBacteria,24,NA,No,Indian,https://doi.org/10.1038/s41598-021-86454-1,Shampoo,Shampoo,Bangalore,India,Female,11,1,Day_0,16S,Swab,V3,Illumina,CTACTCCTACGGGAGGCAGCAG,CATCTATTACCGCGGCTGCTGGC,Scalp,0,No,1,4,Healthy,NA,53,21.57,0,SRR6215385,SRR6215385
SRR6215033,NA,NA,EXP-22-AL9791,SRR6215033,ExternalCoconutOilBacteria,24,NA,No,Indian,https://doi.org/10.1038/s41598-021-86454-1,Shampoo,Shampoo,Bangalore,India,Female,11,2,Day_84,16S,Swab,V3,Illumina,CTACTCCTACGGGAGGCAGCAG,CATCTATTACCGCGGCTGCTGGC,Scalp,0,No,0,4,Healthy,NA,60,20.93,0,SRR6215386,SRR6215386
SRR6215044,NA,NA,EXP-22-AL9791,SRR6215044,ExternalCoconutOilBacteria,24,NA,No,Indian,https://doi.org/10.1038/s41598-021-86454-1,Shampoo,Shampoo,Bangalore,India,Female,11,3,Day_112,16S,Swab,V3,Illumina,CTACTCCTACGGGAGGCAGCAG,CATCTATTACCGCGGCTGCTGGC,Scalp,0,No,,4,Healthy,NA,50,8.5,0,SRR6215289,SRR6215289
SRR6215376,NA,NA,EXP-22-AL9791,SRR6215376,ExternalCoconutOilBacteria,26,NA,No,Indian,https://doi.org/10.1038/s41598-021-86454-1,Oil,Oil,Bangalore,India,Female,12,1,Day_0,16S,Swab,V3,Illumina,CTACTCCTACGGGAGGCAGCAG,CATCTATTACCGCGGCTGCTGGC,Scalp,0,No,0,4,Healthy,NA,39,21.83,0,SRR6215288,SRR6215288
SRR6215034,NA,NA,EXP-22-AL9791,SRR6215034,ExternalCoconutOilBacteria,26,NA,No,Indian,https://doi.org/10.1038/s41598-021-86454-1,Oil,Oil,Bangalore,India,Female,12,2,Day_84,16S,Swab,V3,Illumina,CTACTCCTACGGGAGGCAGCAG,CATCTATTACCGCGGCTGCTGGC,Scalp,0,No,0,4,Healthy,NA,34,23.23,0,SRR6215291,SRR6215291
SRR6215043,NA,NA,EXP-22-AL9791,SRR6215043,ExternalCoconutOilBacteria,26,NA,No,Indian,https://doi.org/10.1038/s41598-021-86454-1,Oil,Oil,Bangalore,India,Female,12,3,Day_112,16S,Swab,V3,Illumina,CTACTCCTACGGGAGGCAGCAG,CATCTATTACCGCGGCTGCTGGC,Scalp,0,No,,4,Healthy,NA,16,13.77,0,SRR6215290,SRR6215290
SRR6215375,NA,NA,EXP-22-AL9791,SRR6215375,ExternalCoconutOilBacteria,32,NA,No,Indian,https://doi.org/10.1038/s41598-021-86454-1,Shampoo,Shampoo,Bangalore,India,Female,13,1,Day_0,16S,Swab,V3,Illumina,CTACTCCTACGGGAGGCAGCAG,CATCTATTACCGCGGCTGCTGGC,Scalp,0,No,0,4,Healthy,NA,23,23.73,0,SRR6215285,SRR6215285
SRR6215035,NA,NA,EXP-22-AL9791,SRR6215035,ExternalCoconutOilBacteria,32,NA,No,Indian,https://doi.org/10.1038/s41598-021-86454-1,Shampoo,Shampoo,Bangalore,India,Female,13,2,Day_84,16S,Swab,V3,Illumina,CTACTCCTACGGGAGGCAGCAG,CATCTATTACCGCGGCTGCTGGC,Scalp,0,No,0,4,Healthy,NA,11,10.87,0,SRR6215284,SRR6215284
SRR6215042,NA,NA,EXP-22-AL9791,SRR6215042,ExternalCoconutOilBacteria,32,NA,No,Indian,https://doi.org/10.1038/s41598-021-86454-1,Shampoo,Shampoo,Bangalore,India,Female,13,3,Day_112,16S,Swab,V3,Illumina,CTACTCCTACGGGAGGCAGCAG,CATCTATTACCGCGGCTGCTGGC,Scalp,0,No,,4,Healthy,NA,21,24.43,0,SRR6215287,SRR6215287
SRR6215378,NA,NA,EXP-22-AL9791,SRR6215378,ExternalCoconutOilBacteria,41,NA,No,Indian,https://doi.org/10.1038/s41598-021-86454-1,Shampoo,Shampoo,Bangalore,India,Female,14,1,Day_0,16S,Swab,V3,Illumina,CTACTCCTACGGGAGGCAGCAG,CATCTATTACCGCGGCTGCTGGC,Scalp,0,No,0,4,Healthy,NA,23,22.63,0,SRR6215286,SRR6215286
SRR6215036,NA,NA,EXP-22-AL9791,SRR6215036,ExternalCoconutOilBacteria,41,NA,No,Indian,https://doi.org/10.1038/s41598-021-86454-1,Shampoo,Shampoo,Bangalore,India,Female,14,2,Day_84,16S,Swab,V3,Illumina,CTACTCCTACGGGAGGCAGCAG,CATCTATTACCGCGGCTGCTGGC,Scalp,0,No,0,4,Healthy,NA,16,11.37,0,SRR6215283,SRR6215283
SRR6215041,NA,NA,EXP-22-AL9791,SRR6215041,ExternalCoconutOilBacteria,41,NA,No,Indian,https://doi.org/10.1038/s41598-021-86454-1,Shampoo,Shampoo,Bangalore,India,Female,14,3,Day_112,16S,Swab,V3,Illumina,CTACTCCTACGGGAGGCAGCAG,CATCTATTACCGCGGCTGCTGGC,Scalp,0,No,,4,Healthy,NA,37,22.03,0,SRR6215282,SRR6215282
SRR6215377,NA,NA,EXP-22-AL9791,SRR6215377,ExternalCoconutOilBacteria,37,NA,No,Indian,https://doi.org/10.1038/s41598-021-86454-1,Oil,Oil,Bangalore,India,Female,15,1,Day_0,16S,Swab,V3,Illumina,CTACTCCTACGGGAGGCAGCAG,CATCTATTACCGCGGCTGCTGGC,Scalp,0,No,0,4,Healthy,NA,8,23.77,0,SRR6215211,SRR6215211
SRR6215014,NA,NA,EXP-22-AL9791,SRR6215014,ExternalCoconutOilBacteria,37,NA,No,Indian,https://doi.org/10.1038/s41598-021-86454-1,Oil,Oil,Bangalore,India,Female,15,2,Day_84,16S,Swab,V3,Illumina,CTACTCCTACGGGAGGCAGCAG,CATCTATTACCGCGGCTGCTGGC,Scalp,0.25,No,0,4,Healthy,NA,7,24.33,0.25,SRR6215212,SRR6215212
SRR6215040,NA,NA,EXP-22-AL9791,SRR6215040,ExternalCoconutOilBacteria,37,NA,No,Indian,https://doi.org/10.1038/s41598-021-86454-1,Oil,Oil,Bangalore,India,Female,15,3,Day_112,16S,Swab,V3,Illumina,CTACTCCTACGGGAGGCAGCAG,CATCTATTACCGCGGCTGCTGGC,Scalp,0,No,,4,Healthy,NA,16,22.83,0,SRR6215213,SRR6215213
SRR6215380,NA,NA,EXP-22-AL9791,SRR6215380,ExternalCoconutOilBacteria,31,NA,No,Indian,https://doi.org/10.1038/s41598-021-86454-1,Oil,Oil,Bangalore,India,Female,16,1,Day_0,16S,Swab,V3,Illumina,CTACTCCTACGGGAGGCAGCAG,CATCTATTACCGCGGCTGCTGGC,Scalp,0,No,1,4,Healthy,NA,3,20.9,0.25,SRR6215214,SRR6215214
SRR6215013,NA,NA,EXP-22-AL9791,SRR6215013,ExternalCoconutOilBacteria,31,NA,No,Indian,https://doi.org/10.1038/s41598-021-86454-1,Oil,Oil,Bangalore,India,Female,16,2,Day_84,16S,Swab,V3,Illumina,CTACTCCTACGGGAGGCAGCAG,CATCTATTACCGCGGCTGCTGGC,Scalp,0,No,0,4,Healthy,NA,48,21.87,0,SRR6215077,SRR6215077
SRR6215039,NA,NA,EXP-22-AL9791,SRR6215039,ExternalCoconutOilBacteria,31,NA,No,Indian,https://doi.org/10.1038/s41598-021-86454-1,Oil,Oil,Bangalore,India,Female,16,3,Day_112,16S,Swab,V3,Illumina,CTACTCCTACGGGAGGCAGCAG,CATCTATTACCGCGGCTGCTGGC,Scalp,0,No,,4,Healthy,NA,7,12.07,0,SRR6215208,SRR6215208
SRR6215379,NA,NA,EXP-22-AL9791,SRR6215379,ExternalCoconutOilBacteria,30,NA,No,Indian,https://doi.org/10.1038/s41598-021-86454-1,Shampoo,Shampoo,Bangalore,India,Female,17,1,Day_0,16S,Swab,V3,Illumina,CTACTCCTACGGGAGGCAGCAG,CATCTATTACCGCGGCTGCTGGC,Scalp,0,No,0,4,Healthy,NA,9,21.87,0,SRR6215209,SRR6215209
SRR6215016,NA,NA,EXP-22-AL9791,SRR6215016,ExternalCoconutOilBacteria,30,NA,No,Indian,https://doi.org/10.1038/s41598-021-86454-1,Shampoo,Shampoo,Bangalore,India,Female,17,2,Day_84,16S,Swab,V3,Illumina,CTACTCCTACGGGAGGCAGCAG,CATCTATTACCGCGGCTGCTGGC,Scalp,0,No,0,4,Healthy,NA,5,16.1,0,SRR6215210,SRR6215210
SRR6215038,NA,NA,EXP-22-AL9791,SRR6215038,ExternalCoconutOilBacteria,30,NA,No,Indian,https://doi.org/10.1038/s41598-021-86454-1,Shampoo,Shampoo,Bangalore,India,Female,17,3,Day_112,16S,Swab,V3,Illumina,CTACTCCTACGGGAGGCAGCAG,CATCTATTACCGCGGCTGCTGGC,Scalp,0,No,,4,Healthy,NA,30,13.47,0,SRR6215215,SRR6215215
SRR6215382,NA,NA,EXP-22-AL9791,SRR6215382,ExternalCoconutOilBacteria,32,NA,No,Indian,https://doi.org/10.1038/s41598-021-86454-1,Shampoo,Shampoo,Bangalore,India,Female,18,1,Day_0,16S,Swab,V3,Illumina,CTACTCCTACGGGAGGCAGCAG,CATCTATTACCGCGGCTGCTGGC,Scalp,0,No,0,4,Healthy,NA,22,19.5,0,SRR6215216,SRR6215216
SRR6215015,NA,NA,EXP-22-AL9791,SRR6215015,ExternalCoconutOilBacteria,32,NA,No,Indian,https://doi.org/10.1038/s41598-021-86454-1,Shampoo,Shampoo,Bangalore,India,Female,18,2,Day_84,16S,Swab,V3,Illumina,CTACTCCTACGGGAGGCAGCAG,CATCTATTACCGCGGCTGCTGGC,Scalp,0.25,No,1,4,Healthy,NA,0,17.13,0.25,SRR6215115,SRR6215115
SRR6215037,NA,NA,EXP-22-AL9791,SRR6215037,ExternalCoconutOilBacteria,32,NA,No,Indian,https://doi.org/10.1038/s41598-021-86454-1,Shampoo,Shampoo,Bangalore,India,Female,18,3,Day_112,16S,Swab,V3,Illumina,CTACTCCTACGGGAGGCAGCAG,CATCTATTACCGCGGCTGCTGGC,Scalp,0,No,,4,Healthy,NA,20,20.53,0,SRR6215114,SRR6215114
SRR6215381,NA,NA,EXP-22-AL9791,SRR6215381,ExternalCoconutOilBacteria,37,NA,No,Indian,https://doi.org/10.1038/s41598-021-86454-1,Oil,Oil,Bangalore,India,Female,19,1,Day_0,16S,Swab,V3,Illumina,CTACTCCTACGGGAGGCAGCAG,CATCTATTACCGCGGCTGCTGGC,Scalp,0,No,0,4,Healthy,NA,22,25.53,0,SRR6215113,SRR6215113
SRR6215408,NA,NA,EXP-22-AL9791,SRR6215408,ExternalCoconutOilBacteria,37,NA,No,Indian,https://doi.org/10.1038/s41598-021-86454-1,Oil,Oil,Bangalore,India,Female,19,2,Day_84,16S,Swab,V3,Illumina,CTACTCCTACGGGAGGCAGCAG,CATCTATTACCGCGGCTGCTGGC,Scalp,0,No,0,4,Healthy,NA,6,21.2,0,SRR6215112,SRR6215112
SRR6215046,NA,NA,EXP-22-AL9791,SRR6215046,ExternalCoconutOilBacteria,37,NA,No,Indian,https://doi.org/10.1038/s41598-021-86454-1,Oil,Oil,Bangalore,India,Female,19,3,Day_112,16S,Swab,V3,Illumina,CTACTCCTACGGGAGGCAGCAG,CATCTATTACCGCGGCTGCTGGC,Scalp,0,No,,4,Healthy,NA,15,18.5,0,SRR6215119,SRR6215119
SRR6215384,NA,NA,EXP-22-AL9791,SRR6215384,ExternalCoconutOilBacteria,27,NA,No,Indian,https://doi.org/10.1038/s41598-021-86454-1,Oil,Oil,Bangalore,India,Female,20,1,Day_0,16S,Swab,V3,Illumina,CTACTCCTACGGGAGGCAGCAG,CATCTATTACCGCGGCTGCTGGC,Scalp,0,No,0,4,Healthy,NA,56,23.77,0,SRR6215118,SRR6215118
SRR6215407,NA,NA,EXP-22-AL9791,SRR6215407,ExternalCoconutOilBacteria,27,NA,No,Indian,https://doi.org/10.1038/s41598-021-86454-1,Oil,Oil,Bangalore,India,Female,20,2,Day_84,16S,Swab,V3,Illumina,CTACTCCTACGGGAGGCAGCAG,CATCTATTACCGCGGCTGCTGGC,Scalp,0,No,0,4,Healthy,NA,18,16.3,0,SRR6215117,SRR6215117
SRR6215045,NA,NA,EXP-22-AL9791,SRR6215045,ExternalCoconutOilBacteria,27,NA,No,Indian,https://doi.org/10.1038/s41598-021-86454-1,Oil,Oil,Bangalore,India,Female,20,3,Day_112,16S,Swab,V3,Illumina,CTACTCCTACGGGAGGCAGCAG,CATCTATTACCGCGGCTGCTGGC,Scalp,0,No,,4,Healthy,NA,24,21.6,0,SRR6215116,SRR6215116
SRR6215383,NA,NA,EXP-22-AL9791,SRR6215383,ExternalCoconutOilBacteria,45,NA,No,Indian,https://doi.org/10.1038/s41598-021-86454-1,Oil,Oil,Bangalore,India,Female,21,1,Day_0,16S,Swab,V3,Illumina,CTACTCCTACGGGAGGCAGCAG,CATCTATTACCGCGGCTGCTGGC,Scalp,0,No,0,4,Healthy,NA,1,24.4,0,SRR6215110,SRR6215110
SRR6215410,NA,NA,EXP-22-AL9791,SRR6215410,ExternalCoconutOilBacteria,45,NA,No,Indian,https://doi.org/10.1038/s41598-021-86454-1,Oil,Oil,Bangalore,India,Female,21,2,Day_84,16S,Swab,V3,Illumina,CTACTCCTACGGGAGGCAGCAG,CATCTATTACCGCGGCTGCTGGC,Scalp,0,No,0,4,Healthy,NA,0,25.6,0,SRR6215109,SRR6215109
SRR6215393,NA,NA,EXP-22-AL9791,SRR6215393,ExternalCoconutOilBacteria,45,NA,No,Indian,https://doi.org/10.1038/s41598-021-86454-1,Oil,Oil,Bangalore,India,Female,21,3,Day_112,16S,Swab,V3,Illumina,CTACTCCTACGGGAGGCAGCAG,CATCTATTACCGCGGCTGCTGGC,Scalp,0,No,,4,Healthy,NA,29,19.27,0,SRR6215059,SRR6215059
SRR6215409,NA,NA,EXP-22-AL9791,SRR6215409,ExternalCoconutOilBacteria,31,NA,No,Indian,https://doi.org/10.1038/s41598-021-86454-1,Shampoo,Shampoo,Bangalore,India,Female,22,2,Day_84,16S,Swab,V3,Illumina,CTACTCCTACGGGAGGCAGCAG,CATCTATTACCGCGGCTGCTGGC,Scalp,0,No,0,4,Healthy,NA,15,24.43,0,SRR6215057,SRR6215057
SRR6215394,NA,NA,EXP-22-AL9791,SRR6215394,ExternalCoconutOilBacteria,31,NA,No,Indian,https://doi.org/10.1038/s41598-021-86454-1,Shampoo,Shampoo,Bangalore,India,Female,22,3,Day_112,16S,Swab,V3,Illumina,CTACTCCTACGGGAGGCAGCAG,CATCTATTACCGCGGCTGCTGGC,Scalp,0,No,,4,Healthy,NA,44,21.67,0,SRR6215058,SRR6215058
SRR6215069,NA,NA,EXP-22-AL9791,SRR6215069,ExternalCoconutOilBacteria,33,NA,No,Indian,https://doi.org/10.1038/s41598-021-86454-1,Shampoo,Shampoo,Bangalore,India,Female,23,1,Day_0,16S,Swab,V3,Illumina,CTACTCCTACGGGAGGCAGCAG,CATCTATTACCGCGGCTGCTGGC,Scalp,0.125,No,0,4,Healthy,NA,46,22.37,0.375,SRR6215063,SRR6215063
SRR6215406,NA,NA,EXP-22-AL9791,SRR6215406,ExternalCoconutOilBacteria,33,NA,No,Indian,https://doi.org/10.1038/s41598-021-86454-1,Shampoo,Shampoo,Bangalore,India,Female,23,2,Day_84,16S,Swab,V3,Illumina,CTACTCCTACGGGAGGCAGCAG,CATCTATTACCGCGGCTGCTGGC,Scalp,0,No,0,4,Healthy,NA,28,15,0,SRR6215064,SRR6215064
SRR6215391,NA,NA,EXP-22-AL9791,SRR6215391,ExternalCoconutOilBacteria,33,NA,No,Indian,https://doi.org/10.1038/s41598-021-86454-1,Shampoo,Shampoo,Bangalore,India,Female,23,3,Day_112,16S,Swab,V3,Illumina,CTACTCCTACGGGAGGCAGCAG,CATCTATTACCGCGGCTGCTGGC,Scalp,0,No,,4,Healthy,NA,3,11,0,SRR6215061,SRR6215061
SRR6215405,NA,NA,EXP-22-AL9791,SRR6215405,ExternalCoconutOilBacteria,28,NA,No,Indian,https://doi.org/10.1038/s41598-021-86454-1,Oil,Oil,Bangalore,India,Female,25,1,Day_0,16S,Swab,V3,Illumina,CTACTCCTACGGGAGGCAGCAG,CATCTATTACCGCGGCTGCTGGC,Scalp,0,No,0,4,Healthy,NA,3,21.2,0,SRR6215065,SRR6215065
SRR6215389,NA,NA,EXP-22-AL9791,SRR6215389,ExternalCoconutOilBacteria,28,NA,No,Indian,https://doi.org/10.1038/s41598-021-86454-1,Oil,Oil,Bangalore,India,Female,25,2,Day_84,16S,Swab,V3,Illumina,CTACTCCTACGGGAGGCAGCAG,CATCTATTACCGCGGCTGCTGGC,Scalp,0,No,0,4,Healthy,NA,70,22.33,0,SRR6215066,SRR6215066
SRR6215070,NA,NA,EXP-22-AL9791,SRR6215070,ExternalCoconutOilBacteria,28,NA,No,Indian,https://doi.org/10.1038/s41598-021-86454-1,Oil,Oil,Bangalore,India,Female,25,3,Day_112,16S,Swab,V3,Illumina,CTACTCCTACGGGAGGCAGCAG,CATCTATTACCGCGGCTGCTGGC,Scalp,0,No,,4,Healthy,NA,26,22.13,0,SRR6215324,SRR6215324
SRR6215300,NA,NA,EXP-22-AL9791,SRR6215300,ExternalCoconutOilBacteria,45,NA,No,Indian,https://doi.org/10.1038/s41598-021-86454-1,Shampoo,Shampoo,Bangalore,India,Female,26,1,Day_0,16S,Swab,V3,Illumina,CTACTCCTACGGGAGGCAGCAG,CATCTATTACCGCGGCTGCTGGC,Scalp,0,No,0,4,Healthy,NA,31,26.83,0,SRR6215323,SRR6215323
SRR6215390,NA,NA,EXP-22-AL9791,SRR6215390,ExternalCoconutOilBacteria,45,NA,No,Indian,https://doi.org/10.1038/s41598-021-86454-1,Shampoo,Shampoo,Bangalore,India,Female,26,2,Day_84,16S,Swab,V3,Illumina,CTACTCCTACGGGAGGCAGCAG,CATCTATTACCGCGGCTGCTGGC,Scalp,0,No,0,4,Healthy,NA,9,26.83,0,SRR6215326,SRR6215326
SRR6215071,NA,NA,EXP-22-AL9791,SRR6215071,ExternalCoconutOilBacteria,45,NA,No,Indian,https://doi.org/10.1038/s41598-021-86454-1,Shampoo,Shampoo,Bangalore,India,Female,26,3,Day_112,16S,Swab,V3,Illumina,CTACTCCTACGGGAGGCAGCAG,CATCTATTACCGCGGCTGCTGGC,Scalp,0.25,No,,4,Healthy,NA,10,16.73,0.25,SRR6215325,SRR6215325
SRR6215301,NA,NA,EXP-22-AL9791,SRR6215301,ExternalCoconutOilBacteria,30,NA,No,Indian,https://doi.org/10.1038/s41598-021-86454-1,Oil,Oil,Bangalore,India,Female,27,1,Day_0,16S,Swab,V3,Illumina,CTACTCCTACGGGAGGCAGCAG,CATCTATTACCGCGGCTGCTGGC,Scalp,0,No,1,4,Healthy,NA,16,22.37,0,SRR6215328,SRR6215328
SRR6215387,NA,NA,EXP-22-AL9791,SRR6215387,ExternalCoconutOilBacteria,30,NA,No,Indian,https://doi.org/10.1038/s41598-021-86454-1,Oil,Oil,Bangalore,India,Female,27,2,Day_84,16S,Swab,V3,Illumina,CTACTCCTACGGGAGGCAGCAG,CATCTATTACCGCGGCTGCTGGC,Scalp,0,No,0,4,Healthy,NA,15,25.27,0,SRR6215327,SRR6215327
SRR6215072,NA,NA,EXP-22-AL9791,SRR6215072,ExternalCoconutOilBacteria,30,NA,No,Indian,https://doi.org/10.1038/s41598-021-86454-1,Oil,Oil,Bangalore,India,Female,27,3,Day_112,16S,Swab,V3,Illumina,CTACTCCTACGGGAGGCAGCAG,CATCTATTACCGCGGCTGCTGGC,Scalp,0,No,,4,Healthy,NA,1,15.83,0,SRR6215330,SRR6215330
SRR6215298,NA,NA,EXP-22-AL9791,SRR6215298,ExternalCoconutOilBacteria,25,NA,No,Indian,https://doi.org/10.1038/s41598-021-86454-1,Shampoo,Shampoo,Bangalore,India,Female,28,1,Day_0,16S,Swab,V3,Illumina,CTACTCCTACGGGAGGCAGCAG,CATCTATTACCGCGGCTGCTGGC,Scalp,0,No,0,4,Healthy,NA,9,22.3,0,SRR6215329,SRR6215329
SRR6215388,NA,NA,EXP-22-AL9791,SRR6215388,ExternalCoconutOilBacteria,25,NA,No,Indian,https://doi.org/10.1038/s41598-021-86454-1,Shampoo,Shampoo,Bangalore,India,Female,28,2,Day_84,16S,Swab,V3,Illumina,CTACTCCTACGGGAGGCAGCAG,CATCTATTACCGCGGCTGCTGGC,Scalp,0,No,0,4,Healthy,NA,10,24.8,0,SRR6215332,SRR6215332
SRR6215299,NA,NA,EXP-22-AL9791,SRR6215299,ExternalCoconutOilBacteria,36,NA,No,Indian,https://doi.org/10.1038/s41598-021-86454-1,Oil,Oil,Bangalore,India,Female,29,1,Day_0,16S,Swab,V3,Illumina,CTACTCCTACGGGAGGCAGCAG,CATCTATTACCGCGGCTGCTGGC,Scalp,0,No,0,4,Healthy,NA,5,23.97,0,SRR6215122,SRR6215122
SRR6215385,NA,NA,EXP-22-AL9791,SRR6215385,ExternalCoconutOilBacteria,36,NA,No,Indian,https://doi.org/10.1038/s41598-021-86454-1,Oil,Oil,Bangalore,India,Female,29,2,Day_84,16S,Swab,V3,Illumina,CTACTCCTACGGGAGGCAGCAG,CATCTATTACCGCGGCTGCTGGC,Scalp,0,No,0,4,Healthy,NA,83,22.9,0,SRR6215123,SRR6215123
SRR6215296,NA,NA,EXP-22-AL9791,SRR6215296,ExternalCoconutOilBacteria,35,NA,No,Indian,https://doi.org/10.1038/s41598-021-86454-1,Shampoo,Shampoo,Bangalore,India,Female,30,1,Day_0,16S,Swab,V3,Illumina,CTACTCCTACGGGAGGCAGCAG,CATCTATTACCGCGGCTGCTGGC,Scalp,0,No,0,4,Healthy,NA,27,24.53,0,SRR6215185,SRR6215185
SRR6215386,NA,NA,EXP-22-AL9791,SRR6215386,ExternalCoconutOilBacteria,35,NA,No,Indian,https://doi.org/10.1038/s41598-021-86454-1,Shampoo,Shampoo,Bangalore,India,Female,30,2,Day_84,16S,Swab,V3,Illumina,CTACTCCTACGGGAGGCAGCAG,CATCTATTACCGCGGCTGCTGGC,Scalp,0,No,0,4,Healthy,NA,12,10.17,0,SRR6215134,SRR6215134
SRR6215297,NA,NA,EXP-22-AL9791,SRR6215297,ExternalCoconutOilBacteria,26,NA,No,Indian,https://doi.org/10.1038/s41598-021-86454-1,Oil,Oil,Bangalore,India,Female,31,1,Day_0,16S,Swab,V3,Illumina,CTACTCCTACGGGAGGCAGCAG,CATCTATTACCGCGGCTGCTGGC,Scalp,0,No,0,4,Healthy,NA,13,24.5,0,SRR6215136,SRR6215136
SRR6215289,NA,NA,EXP-22-AL9791,SRR6215289,ExternalCoconutOilBacteria,26,NA,No,Indian,https://doi.org/10.1038/s41598-021-86454-1,Oil,Oil,Bangalore,India,Female,31,2,Day_84,16S,Swab,V3,Illumina,CTACTCCTACGGGAGGCAGCAG,CATCTATTACCGCGGCTGCTGGC,Scalp,0,No,0,4,Healthy,NA,31,14.03,0,SRR6215137,SRR6215137
SRR6215073,NA,NA,EXP-22-AL9791,SRR6215073,ExternalCoconutOilBacteria,26,NA,No,Indian,https://doi.org/10.1038/s41598-021-86454-1,Oil,Oil,Bangalore,India,Female,31,3,Day_112,16S,Swab,V3,Illumina,CTACTCCTACGGGAGGCAGCAG,CATCTATTACCGCGGCTGCTGGC,Scalp,0,No,,4,Healthy,NA,29,15,0,SRR6215104,SRR6215104
SRR6215294,NA,NA,EXP-22-AL9791,SRR6215294,ExternalCoconutOilBacteria,35,NA,No,Indian,https://doi.org/10.1038/s41598-021-86454-1,Shampoo,Shampoo,Bangalore,India,Female,32,1,Day_0,16S,Swab,V3,Illumina,CTACTCCTACGGGAGGCAGCAG,CATCTATTACCGCGGCTGCTGGC,Scalp,0,No,0,4,Healthy,NA,9,28.77,0,SRR6215106,SRR6215106
SRR6215288,NA,NA,EXP-22-AL9791,SRR6215288,ExternalCoconutOilBacteria,35,NA,No,Indian,https://doi.org/10.1038/s41598-021-86454-1,Shampoo,Shampoo,Bangalore,India,Female,32,2,Day_84,16S,Swab,V3,Illumina,CTACTCCTACGGGAGGCAGCAG,CATCTATTACCGCGGCTGCTGGC,Scalp,0,No,0,4,Healthy,NA,9,16.73,0,SRR6215245,SRR6215245
SRR6215074,NA,NA,EXP-22-AL9791,SRR6215074,ExternalCoconutOilBacteria,35,NA,No,Indian,https://doi.org/10.1038/s41598-021-86454-1,Shampoo,Shampoo,Bangalore,India,Female,32,3,Day_112,16S,Swab,V3,Illumina,CTACTCCTACGGGAGGCAGCAG,CATCTATTACCGCGGCTGCTGGC,Scalp,0,No,,4,Healthy,NA,10,20.4,0,SRR6215242,SRR6215242
SRR6215295,NA,NA,EXP-22-AL9791,SRR6215295,ExternalCoconutOilBacteria,38,NA,No,Indian,https://doi.org/10.1038/s41598-021-86454-1,Shampoo,Shampoo,Bangalore,India,Female,33,1,Day_0,16S,Swab,V3,Illumina,CTACTCCTACGGGAGGCAGCAG,CATCTATTACCGCGGCTGCTGGC,Scalp,0,No,0,4,Healthy,NA,40,25.73,0,SRR6215322,SRR6215322
SRR6215291,NA,NA,EXP-22-AL9791,SRR6215291,ExternalCoconutOilBacteria,38,NA,No,Indian,https://doi.org/10.1038/s41598-021-86454-1,Shampoo,Shampoo,Bangalore,India,Female,33,2,Day_84,16S,Swab,V3,Illumina,CTACTCCTACGGGAGGCAGCAG,CATCTATTACCGCGGCTGCTGGC,Scalp,0,No,0,4,Healthy,NA,39,16.5,0,SRR6215206,SRR6215206
SRR6215075,NA,NA,EXP-22-AL9791,SRR6215075,ExternalCoconutOilBacteria,38,NA,No,Indian,https://doi.org/10.1038/s41598-021-86454-1,Shampoo,Shampoo,Bangalore,India,Female,33,3,Day_112,16S,Swab,V3,Illumina,CTACTCCTACGGGAGGCAGCAG,CATCTATTACCGCGGCTGCTGGC,Scalp,0,No,,4,Healthy,NA,43,10.33,0,SRR6215232,SRR6215232
SRR6215292,NA,NA,EXP-22-AL9791,SRR6215292,ExternalCoconutOilBacteria,45,NA,No,Indian,https://doi.org/10.1038/s41598-021-86454-1,Shampoo,Shampoo,Bangalore,India,Female,34,1,Day_0,16S,Swab,V3,Illumina,CTACTCCTACGGGAGGCAGCAG,CATCTATTACCGCGGCTGCTGGC,Scalp,0,No,0,4,Healthy,NA,6,22.37,0,SRR6215231,SRR6215231
SRR6215290,NA,NA,EXP-22-AL9791,SRR6215290,ExternalCoconutOilBacteria,45,NA,No,Indian,https://doi.org/10.1038/s41598-021-86454-1,Shampoo,Shampoo,Bangalore,India,Female,34,2,Day_84,16S,Swab,V3,Illumina,CTACTCCTACGGGAGGCAGCAG,CATCTATTACCGCGGCTGCTGGC,Scalp,0,No,0,4,Healthy,NA,0,22.5,0,SRR6215230,SRR6215230
SRR6215076,NA,NA,EXP-22-AL9791,SRR6215076,ExternalCoconutOilBacteria,45,NA,No,Indian,https://doi.org/10.1038/s41598-021-86454-1,Shampoo,Shampoo,Bangalore,India,Female,34,3,Day_112,16S,Swab,V3,Illumina,CTACTCCTACGGGAGGCAGCAG,CATCTATTACCGCGGCTGCTGGC,Scalp,0,No,,4,Healthy,NA,23,17.13,0,SRR6215229,SRR6215229
SRR6215293,NA,NA,EXP-22-AL9791,SRR6215293,ExternalCoconutOilBacteria,43,NA,No,Indian,https://doi.org/10.1038/s41598-021-86454-1,Oil,Oil,Bangalore,India,Female,35,1,Day_0,16S,Swab,V3,Illumina,CTACTCCTACGGGAGGCAGCAG,CATCTATTACCGCGGCTGCTGGC,Scalp,0,No,0,4,Healthy,NA,67,22.87,0,SRR6215336,SRR6215336
SRR6215285,NA,NA,EXP-22-AL9791,SRR6215285,ExternalCoconutOilBacteria,43,NA,No,Indian,https://doi.org/10.1038/s41598-021-86454-1,Oil,Oil,Bangalore,India,Female,35,2,Day_84,16S,Swab,V3,Illumina,CTACTCCTACGGGAGGCAGCAG,CATCTATTACCGCGGCTGCTGGC,Scalp,0,No,0,4,Healthy,NA,18,16.27,0,SRR6215335,SRR6215335
SRR6215067,NA,NA,EXP-22-AL9791,SRR6215067,ExternalCoconutOilBacteria,43,NA,No,Indian,https://doi.org/10.1038/s41598-021-86454-1,Oil,Oil,Bangalore,India,Female,35,3,Day_112,16S,Swab,V3,Illumina,CTACTCCTACGGGAGGCAGCAG,CATCTATTACCGCGGCTGCTGGC,Scalp,0,No,,4,Healthy,NA,15,12.83,0,SRR6215225,SRR6215225
SRR6215053,NA,NA,EXP-22-AL9791,SRR6215053,ExternalCoconutOilBacteria,31,NA,No,Indian,https://doi.org/10.1038/s41598-021-86454-1,Oil,Oil,Bangalore,India,Female,36,1,Day_0,16S,Swab,V3,Illumina,CTACTCCTACGGGAGGCAGCAG,CATCTATTACCGCGGCTGCTGGC,Scalp,0,No,0,4,Healthy,NA,3,23.87,0,SRR6215226,SRR6215226
SRR6215284,NA,NA,EXP-22-AL9791,SRR6215284,ExternalCoconutOilBacteria,31,NA,No,Indian,https://doi.org/10.1038/s41598-021-86454-1,Oil,Oil,Bangalore,India,Female,36,2,Day_84,16S,Swab,V3,Illumina,CTACTCCTACGGGAGGCAGCAG,CATCTATTACCGCGGCTGCTGGC,Scalp,0.25,No,0,4,Healthy,NA,8,23.47,0.25,SRR6215223,SRR6215223
SRR6215068,NA,NA,EXP-22-AL9791,SRR6215068,ExternalCoconutOilBacteria,31,NA,No,Indian,https://doi.org/10.1038/s41598-021-86454-1,Oil,Oil,Bangalore,India,Female,36,3,Day_112,16S,Swab,V3,Illumina,CTACTCCTACGGGAGGCAGCAG,CATCTATTACCGCGGCTGCTGGC,Scalp,0.875,No,,4,Healthy,NA,12,12.5,1.375,SRR6215224,SRR6215224
SRR6215054,NA,NA,EXP-22-AL9791,SRR6215054,ExternalCoconutOilBacteria,37,NA,No,Indian,https://doi.org/10.1038/s41598-021-86454-1,Oil,Oil,Bangalore,India,Female,37,1,Day_0,16S,Swab,V3,Illumina,CTACTCCTACGGGAGGCAGCAG,CATCTATTACCGCGGCTGCTGGC,Scalp,0.125,No,0,4,Healthy,NA,15,22.63,0.125,SRR6215221,SRR6215221
SRR6215287,NA,NA,EXP-22-AL9791,SRR6215287,ExternalCoconutOilBacteria,37,NA,No,Indian,https://doi.org/10.1038/s41598-021-86454-1,Oil,Oil,Bangalore,India,Female,37,2,Day_84,16S,Swab,V3,Illumina,CTACTCCTACGGGAGGCAGCAG,CATCTATTACCGCGGCTGCTGGC,Scalp,0,No,0,4,Healthy,NA,35,22.23,0,SRR6215222,SRR6215222
SRR6215181,NA,NA,EXP-22-AL9791,SRR6215181,ExternalCoconutOilBacteria,37,NA,No,Indian,https://doi.org/10.1038/s41598-021-86454-1,Oil,Oil,Bangalore,India,Female,37,3,Day_112,16S,Swab,V3,Illumina,CTACTCCTACGGGAGGCAGCAG,CATCTATTACCGCGGCTGCTGGC,Scalp,0.25,No,,4,Healthy,NA,42,21.7,0.25,SRR6215219,SRR6215219
SRR6215055,NA,NA,EXP-22-AL9791,SRR6215055,ExternalCoconutOilBacteria,42,NA,No,Indian,https://doi.org/10.1038/s41598-021-86454-1,Shampoo,Shampoo,Bangalore,India,Female,38,1,Day_0,16S,Swab,V3,Illumina,CTACTCCTACGGGAGGCAGCAG,CATCTATTACCGCGGCTGCTGGC,Scalp,0,No,0,4,Healthy,NA,38,26.8,0,SRR6215220,SRR6215220
SRR6215286,NA,NA,EXP-22-AL9791,SRR6215286,ExternalCoconutOilBacteria,42,NA,No,Indian,https://doi.org/10.1038/s41598-021-86454-1,Shampoo,Shampoo,Bangalore,India,Female,38,2,Day_84,16S,Swab,V3,Illumina,CTACTCCTACGGGAGGCAGCAG,CATCTATTACCGCGGCTGCTGGC,Scalp,0,No,0,4,Healthy,NA,45,21.7,0,SRR6215217,SRR6215217
SRR6215180,NA,NA,EXP-22-AL9791,SRR6215180,ExternalCoconutOilBacteria,42,NA,No,Indian,https://doi.org/10.1038/s41598-021-86454-1,Shampoo,Shampoo,Bangalore,India,Female,38,3,Day_112,16S,Swab,V3,Illumina,CTACTCCTACGGGAGGCAGCAG,CATCTATTACCGCGGCTGCTGGC,Scalp,0.25,No,,4,Healthy,NA,20,19.87,0.375,SRR6215218,SRR6215218
SRR6215056,NA,NA,EXP-22-AL9791,SRR6215056,ExternalCoconutOilBacteria,42,NA,No,Indian,https://doi.org/10.1038/s41598-021-86454-1,Shampoo,Shampoo,Bangalore,India,Female,39,1,Day_0,16S,Swab,V3,Illumina,CTACTCCTACGGGAGGCAGCAG,CATCTATTACCGCGGCTGCTGGC,Scalp,0,No,0,4,Healthy,NA,39,16.8,0,SRR6215342,SRR6215342
SRR6215283,NA,NA,EXP-22-AL9791,SRR6215283,ExternalCoconutOilBacteria,42,NA,No,Indian,https://doi.org/10.1038/s41598-021-86454-1,Shampoo,Shampoo,Bangalore,India,Female,39,2,Day_84,16S,Swab,V3,Illumina,CTACTCCTACGGGAGGCAGCAG,CATCTATTACCGCGGCTGCTGGC,Scalp,0,No,0,4,Healthy,NA,40,12.57,0,SRR6215341,SRR6215341
SRR6215179,NA,NA,EXP-22-AL9791,SRR6215179,ExternalCoconutOilBacteria,42,NA,No,Indian,https://doi.org/10.1038/s41598-021-86454-1,Shampoo,Shampoo,Bangalore,India,Female,39,3,Day_112,16S,Swab,V3,Illumina,CTACTCCTACGGGAGGCAGCAG,CATCTATTACCGCGGCTGCTGGC,Scalp,0,No,,4,Healthy,NA,62,12.7,0,SRR6215344,SRR6215344
SRR6215049,NA,NA,EXP-22-AL9791,SRR6215049,ExternalCoconutOilBacteria,39,NA,No,Indian,https://doi.org/10.1038/s41598-021-86454-1,Oil,Oil,Bangalore,India,Female,40,1,Day_0,16S,Swab,V3,Illumina,CTACTCCTACGGGAGGCAGCAG,CATCTATTACCGCGGCTGCTGGC,Scalp,0,No,0,4,Healthy,NA,46,16.77,0,SRR6215343,SRR6215343
SRR6215282,NA,NA,EXP-22-AL9791,SRR6215282,ExternalCoconutOilBacteria,39,NA,No,Indian,https://doi.org/10.1038/s41598-021-86454-1,Oil,Oil,Bangalore,India,Female,40,2,Day_84,16S,Swab,V3,Illumina,CTACTCCTACGGGAGGCAGCAG,CATCTATTACCGCGGCTGCTGGC,Scalp,0,No,0,4,Healthy,NA,53,18.87,0,SRR6215338,SRR6215338
SRR6215178,NA,NA,EXP-22-AL9791,SRR6215178,ExternalCoconutOilBacteria,39,NA,No,Indian,https://doi.org/10.1038/s41598-021-86454-1,Oil,Oil,Bangalore,India,Female,40,3,Day_112,16S,Swab,V3,Illumina,CTACTCCTACGGGAGGCAGCAG,CATCTATTACCGCGGCTGCTGGC,Scalp,0,No,,4,Healthy,NA,5,26.87,0,SRR6215337,SRR6215337
SRR6215050,NA,NA,EXP-22-AL9791,SRR6215050,ExternalCoconutOilBacteria,30,NA,No,Indian,https://doi.org/10.1038/s41598-021-86454-1,Oil,Oil,Bangalore,India,Female,41,1,Day_0,16S,Swab,V3,Illumina,CTACTCCTACGGGAGGCAGCAG,CATCTATTACCGCGGCTGCTGGC,Scalp,0.125,No,0,4,Healthy,NA,110,26.03,0.125,SRR6215340,SRR6215340
SRR6215211,NA,NA,EXP-22-AL9791,SRR6215211,ExternalCoconutOilBacteria,30,NA,No,Indian,https://doi.org/10.1038/s41598-021-86454-1,Oil,Oil,Bangalore,India,Female,41,2,Day_84,16S,Swab,V3,Illumina,CTACTCCTACGGGAGGCAGCAG,CATCTATTACCGCGGCTGCTGGC,Scalp,0,No,0,4,Healthy,NA,0,22.4,0,SRR6215339,SRR6215339
SRR6215177,NA,NA,EXP-22-AL9791,SRR6215177,ExternalCoconutOilBacteria,30,NA,No,Indian,https://doi.org/10.1038/s41598-021-86454-1,Oil,Oil,Bangalore,India,Female,41,3,Day_112,16S,Swab,V3,Illumina,CTACTCCTACGGGAGGCAGCAG,CATCTATTACCGCGGCTGCTGGC,Scalp,0.5,No,,4,Healthy,NA,5,12.07,0.625,SRR6215334,SRR6215334
SRR6215051,NA,NA,EXP-22-AL9791,SRR6215051,ExternalCoconutOilBacteria,30,NA,No,Indian,https://doi.org/10.1038/s41598-021-86454-1,Shampoo,Shampoo,Bangalore,India,Female,42,1,Day_0,16S,Swab,V3,Illumina,CTACTCCTACGGGAGGCAGCAG,CATCTATTACCGCGGCTGCTGGC,Scalp,0,No,0,4,Healthy,NA,11,15.33,0,SRR6215333,SRR6215333
SRR6215212,NA,NA,EXP-22-AL9791,SRR6215212,ExternalCoconutOilBacteria,30,NA,No,Indian,https://doi.org/10.1038/s41598-021-86454-1,Shampoo,Shampoo,Bangalore,India,Female,42,2,Day_84,16S,Swab,V3,Illumina,CTACTCCTACGGGAGGCAGCAG,CATCTATTACCGCGGCTGCTGGC,Scalp,0,No,0,4,Healthy,NA,37,22.57,0,SRR6215399,SRR6215399
SRR6215176,NA,NA,EXP-22-AL9791,SRR6215176,ExternalCoconutOilBacteria,30,NA,No,Indian,https://doi.org/10.1038/s41598-021-86454-1,Shampoo,Shampoo,Bangalore,India,Female,42,3,Day_112,16S,Swab,V3,Illumina,CTACTCCTACGGGAGGCAGCAG,CATCTATTACCGCGGCTGCTGGC,Scalp,0,No,,4,Healthy,NA,19,15.27,0.25,SRR6215400,SRR6215400
SRR6215052,NA,NA,EXP-22-AL9791,SRR6215052,ExternalCoconutOilBacteria,41,NA,No,Indian,https://doi.org/10.1038/s41598-021-86454-1,Oil,Oil,Bangalore,India,Female,43,1,Day_0,16S,Swab,V3,Illumina,CTACTCCTACGGGAGGCAGCAG,CATCTATTACCGCGGCTGCTGGC,Scalp,0,No,0,4,Healthy,NA,44,16.33,0,SRR6215401,SRR6215401
SRR6215213,NA,NA,EXP-22-AL9791,SRR6215213,ExternalCoconutOilBacteria,41,NA,No,Indian,https://doi.org/10.1038/s41598-021-86454-1,Oil,Oil,Bangalore,India,Female,43,2,Day_84,16S,Swab,V3,Illumina,CTACTCCTACGGGAGGCAGCAG,CATCTATTACCGCGGCTGCTGGC,Scalp,0.125,No,1,4,Healthy,NA,22,16.63,0.125,SRR6215402,SRR6215402
SRR6215175,NA,NA,EXP-22-AL9791,SRR6215175,ExternalCoconutOilBacteria,41,NA,No,Indian,https://doi.org/10.1038/s41598-021-86454-1,Oil,Oil,Bangalore,India,Female,43,3,Day_112,16S,Swab,V3,Illumina,CTACTCCTACGGGAGGCAGCAG,CATCTATTACCGCGGCTGCTGGC,Scalp,0,No,,4,Healthy,NA,33,14.4,0,SRR6215395,SRR6215395
SRR6215047,NA,NA,EXP-22-AL9791,SRR6215047,ExternalCoconutOilBacteria,41,NA,No,Indian,https://doi.org/10.1038/s41598-021-86454-1,Shampoo,Shampoo,Bangalore,India,Female,44,1,Day_0,16S,Swab,V3,Illumina,CTACTCCTACGGGAGGCAGCAG,CATCTATTACCGCGGCTGCTGGC,Scalp,0,No,0,4,Healthy,NA,2,17,0,SRR6215396,SRR6215396
SRR6215214,NA,NA,EXP-22-AL9791,SRR6215214,ExternalCoconutOilBacteria,41,NA,No,Indian,https://doi.org/10.1038/s41598-021-86454-1,Shampoo,Shampoo,Bangalore,India,Female,44,2,Day_84,16S,Swab,V3,Illumina,CTACTCCTACGGGAGGCAGCAG,CATCTATTACCGCGGCTGCTGGC,Scalp,0,No,0,4,Healthy,NA,39,19.23,0,SRR6215397,SRR6215397
SRR6215174,NA,NA,EXP-22-AL9791,SRR6215174,ExternalCoconutOilBacteria,41,NA,No,Indian,https://doi.org/10.1038/s41598-021-86454-1,Shampoo,Shampoo,Bangalore,India,Female,44,3,Day_112,16S,Swab,V3,Illumina,CTACTCCTACGGGAGGCAGCAG,CATCTATTACCGCGGCTGCTGGC,Scalp,0.125,No,,4,Healthy,NA,48,7.43,0.125,SRR6215398,SRR6215398
SRR6215048,NA,NA,EXP-22-AL9791,SRR6215048,ExternalCoconutOilBacteria,38,NA,No,Indian,https://doi.org/10.1038/s41598-021-86454-1,Oil,Oil,Bangalore,India,Female,45,1,Day_0,16S,Swab,V3,Illumina,CTACTCCTACGGGAGGCAGCAG,CATCTATTACCGCGGCTGCTGGC,Scalp,0,No,0,4,Healthy,NA,8,21.7,0,SRR6215403,SRR6215403
SRR6215077,NA,NA,EXP-22-AL9791,SRR6215077,ExternalCoconutOilBacteria,38,NA,No,Indian,https://doi.org/10.1038/s41598-021-86454-1,Oil,Oil,Bangalore,India,Female,45,2,Day_84,16S,Swab,V3,Illumina,CTACTCCTACGGGAGGCAGCAG,CATCTATTACCGCGGCTGCTGGC,Scalp,0,No,0,4,Healthy,NA,15,13.17,0,SRR6215404,SRR6215404
SRR6215183,NA,NA,EXP-22-AL9791,SRR6215183,ExternalCoconutOilBacteria,38,NA,No,Indian,https://doi.org/10.1038/s41598-021-86454-1,Oil,Oil,Bangalore,India,Female,45,3,Day_112,16S,Swab,V3,Illumina,CTACTCCTACGGGAGGCAGCAG,CATCTATTACCGCGGCTGCTGGC,Scalp,0,No,,4,Healthy,NA,2,11.17,0,SRR6215127,SRR6215127
SRR6215169,NA,NA,EXP-22-AL9791,SRR6215169,ExternalCoconutOilBacteria,30,NA,No,Indian,https://doi.org/10.1038/s41598-021-86454-1,Oil,Oil,Bangalore,India,Female,46,1,Day_0,16S,Swab,V3,Illumina,CTACTCCTACGGGAGGCAGCAG,CATCTATTACCGCGGCTGCTGGC,Scalp,0,No,0,4,Healthy,NA,8,22.93,0,SRR6215126,SRR6215126
SRR6215208,NA,NA,EXP-22-AL9791,SRR6215208,ExternalCoconutOilBacteria,30,NA,No,Indian,https://doi.org/10.1038/s41598-021-86454-1,Oil,Oil,Bangalore,India,Female,46,2,Day_84,16S,Swab,V3,Illumina,CTACTCCTACGGGAGGCAGCAG,CATCTATTACCGCGGCTGCTGGC,Scalp,0,No,0,4,Healthy,NA,32,23.7,0,SRR6215125,SRR6215125
SRR6215182,NA,NA,EXP-22-AL9791,SRR6215182,ExternalCoconutOilBacteria,30,NA,No,Indian,https://doi.org/10.1038/s41598-021-86454-1,Oil,Oil,Bangalore,India,Female,46,3,Day_112,16S,Swab,V3,Illumina,CTACTCCTACGGGAGGCAGCAG,CATCTATTACCGCGGCTGCTGGC,Scalp,0,No,,4,Healthy,NA,10,21.67,0,SRR6215124,SRR6215124
SRR6215168,NA,NA,EXP-22-AL9791,SRR6215168,ExternalCoconutOilBacteria,25,NA,No,Indian,https://doi.org/10.1038/s41598-021-86454-1,Shampoo,Shampoo,Bangalore,India,Female,47,1,Day_0,16S,Swab,V3,Illumina,CTACTCCTACGGGAGGCAGCAG,CATCTATTACCGCGGCTGCTGGC,Scalp,0,No,0,4,Healthy,NA,9,19.17,0,SRR6215131,SRR6215131
SRR6215209,NA,NA,EXP-22-AL9791,SRR6215209,ExternalCoconutOilBacteria,25,NA,No,Indian,https://doi.org/10.1038/s41598-021-86454-1,Shampoo,Shampoo,Bangalore,India,Female,47,2,Day_84,16S,Swab,V3,Illumina,CTACTCCTACGGGAGGCAGCAG,CATCTATTACCGCGGCTGCTGGC,Scalp,0,No,0,4,Healthy,NA,3,12.83,0,SRR6215130,SRR6215130
SRR6215144,NA,NA,EXP-22-AL9791,SRR6215144,ExternalCoconutOilBacteria,25,NA,No,Indian,https://doi.org/10.1038/s41598-021-86454-1,Shampoo,Shampoo,Bangalore,India,Female,47,3,Day_112,16S,Swab,V3,Illumina,CTACTCCTACGGGAGGCAGCAG,CATCTATTACCGCGGCTGCTGGC,Scalp,0.125,No,,4,Healthy,NA,25,7.43,0.25,SRR6215129,SRR6215129
SRR6215167,NA,NA,EXP-22-AL9791,SRR6215167,ExternalCoconutOilBacteria,44,NA,No,Indian,https://doi.org/10.1038/s41598-021-86454-1,Shampoo,Shampoo,Bangalore,India,Female,48,1,Day_0,16S,Swab,V3,Illumina,CTACTCCTACGGGAGGCAGCAG,CATCTATTACCGCGGCTGCTGGC,Scalp,0,No,0,4,Healthy,NA,60,15.13,0,SRR6215128,SRR6215128
SRR6215210,NA,NA,EXP-22-AL9791,SRR6215210,ExternalCoconutOilBacteria,44,NA,No,Indian,https://doi.org/10.1038/s41598-021-86454-1,Shampoo,Shampoo,Bangalore,India,Female,48,2,Day_84,16S,Swab,V3,Illumina,CTACTCCTACGGGAGGCAGCAG,CATCTATTACCGCGGCTGCTGGC,Scalp,0,No,0,4,Healthy,NA,44,20.47,0,SRR6215133,SRR6215133
SRR6215145,NA,NA,EXP-22-AL9791,SRR6215145,ExternalCoconutOilBacteria,44,NA,No,Indian,https://doi.org/10.1038/s41598-021-86454-1,Shampoo,Shampoo,Bangalore,India,Female,48,3,Day_112,16S,Swab,V3,Illumina,CTACTCCTACGGGAGGCAGCAG,CATCTATTACCGCGGCTGCTGGC,Scalp,0,No,,4,Healthy,NA,50,13.6,0,SRR6215132,SRR6215132
SRR6215166,NA,NA,EXP-22-AL9791,SRR6215166,ExternalCoconutOilBacteria,42,NA,No,Indian,https://doi.org/10.1038/s41598-021-86454-1,Shampoo,Shampoo,Bangalore,India,Female,49,1,Day_0,16S,Swab,V3,Illumina,CTACTCCTACGGGAGGCAGCAG,CATCTATTACCGCGGCTGCTGGC,Scalp,0,No,0,4,Healthy,NA,2,23.13,0,SRR6215830,SRR6215830
SRR6215215,NA,NA,EXP-22-AL9791,SRR6215215,ExternalCoconutOilBacteria,42,NA,No,Indian,https://doi.org/10.1038/s41598-021-86454-1,Shampoo,Shampoo,Bangalore,India,Female,49,2,Day_84,16S,Swab,V3,Illumina,CTACTCCTACGGGAGGCAGCAG,CATCTATTACCGCGGCTGCTGGC,Scalp,0,No,0,4,Healthy,NA,45,15.33,0,SRR6215831,SRR6215831
SRR6215142,NA,NA,EXP-22-AL9791,SRR6215142,ExternalCoconutOilBacteria,42,NA,No,Indian,https://doi.org/10.1038/s41598-021-86454-1,Shampoo,Shampoo,Bangalore,India,Female,49,3,Day_112,16S,Swab,V3,Illumina,CTACTCCTACGGGAGGCAGCAG,CATCTATTACCGCGGCTGCTGGC,Scalp,0,No,,4,Healthy,NA,25,12.43,0,SRR6215832,SRR6215832
SRR6215173,NA,NA,EXP-22-AL9791,SRR6215173,ExternalCoconutOilBacteria,31,NA,No,Indian,https://doi.org/10.1038/s41598-021-86454-1,Oil,Oil,Bangalore,India,Female,50,1,Day_0,16S,Swab,V3,Illumina,CTACTCCTACGGGAGGCAGCAG,CATCTATTACCGCGGCTGCTGGC,Scalp,0,No,0,4,Healthy,NA,0,23.9,0,SRR6215833,SRR6215833
SRR6215216,NA,NA,EXP-22-AL9791,SRR6215216,ExternalCoconutOilBacteria,31,NA,No,Indian,https://doi.org/10.1038/s41598-021-86454-1,Oil,Oil,Bangalore,India,Female,50,2,Day_84,16S,Swab,V3,Illumina,CTACTCCTACGGGAGGCAGCAG,CATCTATTACCGCGGCTGCTGGC,Scalp,0,No,0,4,Healthy,NA,20,22.33,0,SRR6215826,SRR6215826
SRR6215143,NA,NA,EXP-22-AL9791,SRR6215143,ExternalCoconutOilBacteria,31,NA,No,Indian,https://doi.org/10.1038/s41598-021-86454-1,Oil,Oil,Bangalore,India,Female,50,3,Day_112,16S,Swab,V3,Illumina,CTACTCCTACGGGAGGCAGCAG,CATCTATTACCGCGGCTGCTGGC,Scalp,0,No,,4,Healthy,NA,61,11.6,0,SRR6215827,SRR6215827
SRR6215172,NA,NA,EXP-22-AL9791,SRR6215172,ExternalCoconutOilBacteria,41,NA,No,Indian,https://doi.org/10.1038/s41598-021-86454-1,Oil,Oil,Bangalore,India,Female,51,1,Day_0,16S,Swab,V3,Illumina,CTACTCCTACGGGAGGCAGCAG,CATCTATTACCGCGGCTGCTGGC,Scalp,0,No,0,4,Healthy,NA,14,25.87,0,SRR6215828,SRR6215828
SRR6215115,NA,NA,EXP-22-AL9791,SRR6215115,ExternalCoconutOilBacteria,41,NA,No,Indian,https://doi.org/10.1038/s41598-021-86454-1,Oil,Oil,Bangalore,India,Female,51,2,Day_84,16S,Swab,V3,Illumina,CTACTCCTACGGGAGGCAGCAG,CATCTATTACCGCGGCTGCTGGC,Scalp,0,No,0,4,Healthy,NA,18,15.8,0,SRR6215829,SRR6215829
SRR6215140,NA,NA,EXP-22-AL9791,SRR6215140,ExternalCoconutOilBacteria,41,NA,No,Indian,https://doi.org/10.1038/s41598-021-86454-1,Oil,Oil,Bangalore,India,Female,51,3,Day_112,16S,Swab,V3,Illumina,CTACTCCTACGGGAGGCAGCAG,CATCTATTACCGCGGCTGCTGGC,Scalp,0,No,,4,Healthy,NA,18,11.93,0,SRR6215824,SRR6215824
SRR6215171,NA,NA,EXP-22-AL9791,SRR6215171,ExternalCoconutOilBacteria,34,NA,No,Indian,https://doi.org/10.1038/s41598-021-86454-1,Shampoo,Shampoo,Bangalore,India,Female,52,1,Day_0,16S,Swab,V3,Illumina,CTACTCCTACGGGAGGCAGCAG,CATCTATTACCGCGGCTGCTGGC,Scalp,0,No,0,4,Healthy,NA,6,22.9,0,SRR6215825,SRR6215825
SRR6215114,NA,NA,EXP-22-AL9791,SRR6215114,ExternalCoconutOilBacteria,34,NA,No,Indian,https://doi.org/10.1038/s41598-021-86454-1,Shampoo,Shampoo,Bangalore,India,Female,52,2,Day_84,16S,Swab,V3,Illumina,CTACTCCTACGGGAGGCAGCAG,CATCTATTACCGCGGCTGCTGGC,Scalp,0,No,0,4,Healthy,NA,24,18.2,0,SRR6215784,SRR6215784
SRR6215141,NA,NA,EXP-22-AL9791,SRR6215141,ExternalCoconutOilBacteria,34,NA,No,Indian,https://doi.org/10.1038/s41598-021-86454-1,Shampoo,Shampoo,Bangalore,India,Female,52,3,Day_112,16S,Swab,V3,Illumina,CTACTCCTACGGGAGGCAGCAG,CATCTATTACCGCGGCTGCTGGC,Scalp,0,No,,4,Healthy,NA,68,22.43,0,SRR6215785,SRR6215785
SRR6215170,NA,NA,EXP-22-AL9791,SRR6215170,ExternalCoconutOilBacteria,26,NA,No,Indian,https://doi.org/10.1038/s41598-021-86454-1,Oil,Oil,Bangalore,India,Female,53,1,Day_0,16S,Swab,V3,Illumina,CTACTCCTACGGGAGGCAGCAG,CATCTATTACCGCGGCTGCTGGC,Scalp,0,No,0,4,Healthy,NA,6,27.33,0,SRR6215786,SRR6215786
SRR6215113,NA,NA,EXP-22-AL9791,SRR6215113,ExternalCoconutOilBacteria,26,NA,No,Indian,https://doi.org/10.1038/s41598-021-86454-1,Oil,Oil,Bangalore,India,Female,53,2,Day_84,16S,Swab,V3,Illumina,CTACTCCTACGGGAGGCAGCAG,CATCTATTACCGCGGCTGCTGGC,Scalp,0,No,0,4,Healthy,NA,2,24.87,0,SRR6215787,SRR6215787
SRR6215138,NA,NA,EXP-22-AL9791,SRR6215138,ExternalCoconutOilBacteria,26,NA,No,Indian,https://doi.org/10.1038/s41598-021-86454-1,Oil,Oil,Bangalore,India,Female,53,3,Day_112,16S,Swab,V3,Illumina,CTACTCCTACGGGAGGCAGCAG,CATCTATTACCGCGGCTGCTGGC,Scalp,0,No,,4,Healthy,NA,23,22.83,0,SRR6215788,SRR6215788
SRR6215165,NA,NA,EXP-22-AL9791,SRR6215165,ExternalCoconutOilBacteria,20,NA,No,Indian,https://doi.org/10.1038/s41598-021-86454-1,Shampoo,Shampoo,Bangalore,India,Female,54,1,Day_0,16S,Swab,V3,Illumina,CTACTCCTACGGGAGGCAGCAG,CATCTATTACCGCGGCTGCTGGC,Scalp,0,No,0,4,Healthy,NA,28,20.93,0,SRR6215789,SRR6215789
SRR6215112,NA,NA,EXP-22-AL9791,SRR6215112,ExternalCoconutOilBacteria,20,NA,No,Indian,https://doi.org/10.1038/s41598-021-86454-1,Shampoo,Shampoo,Bangalore,India,Female,54,2,Day_84,16S,Swab,V3,Illumina,CTACTCCTACGGGAGGCAGCAG,CATCTATTACCGCGGCTGCTGGC,Scalp,0,No,0,4,Healthy,NA,11,16.37,0,SRR6215790,SRR6215790
SRR6215139,NA,NA,EXP-22-AL9791,SRR6215139,ExternalCoconutOilBacteria,20,NA,No,Indian,https://doi.org/10.1038/s41598-021-86454-1,Shampoo,Shampoo,Bangalore,India,Female,54,3,Day_112,16S,Swab,V3,Illumina,CTACTCCTACGGGAGGCAGCAG,CATCTATTACCGCGGCTGCTGGC,Scalp,0.25,No,,4,Healthy,NA,10,8.17,0.25,SRR6215791,SRR6215791
SRR6215118,NA,NA,EXP-22-AL9791,SRR6215118,ExternalCoconutOilBacteria,45,NA,No,Indian,https://doi.org/10.1038/s41598-021-86454-1,Oil,Oil,Bangalore,India,Female,56,1,Day_0,16S,Swab,V3,Illumina,CTACTCCTACGGGAGGCAGCAG,CATCTATTACCGCGGCTGCTGGC,Scalp,0,No,0,4,Healthy,NA,71,22.7,0,SRR6215783,SRR6215783
SRR6215146,NA,NA,EXP-22-AL9791,SRR6215146,ExternalCoconutOilBacteria,45,NA,No,Indian,https://doi.org/10.1038/s41598-021-86454-1,Oil,Oil,Bangalore,India,Female,56,2,Day_84,16S,Swab,V3,Illumina,CTACTCCTACGGGAGGCAGCAG,CATCTATTACCGCGGCTGCTGGC,Scalp,0,No,0,4,Healthy,NA,31,10.67,0,SRR6215909,SRR6215909
SRR6215164,NA,NA,EXP-22-AL9791,SRR6215164,ExternalCoconutOilBacteria,45,NA,No,Indian,https://doi.org/10.1038/s41598-021-86454-1,Oil,Oil,Bangalore,India,Female,56,3,Day_112,16S,Swab,V3,Illumina,CTACTCCTACGGGAGGCAGCAG,CATCTATTACCGCGGCTGCTGGC,Scalp,0,No,,4,Healthy,NA,6,16.33,0,SRR6215908,SRR6215908
SRR6215117,NA,NA,EXP-22-AL9791,SRR6215117,ExternalCoconutOilBacteria,25,NA,No,Indian,https://doi.org/10.1038/s41598-021-86454-1,Oil,Oil,Bangalore,India,Female,57,1,Day_0,16S,Swab,V3,Illumina,CTACTCCTACGGGAGGCAGCAG,CATCTATTACCGCGGCTGCTGGC,Scalp,0,No,0,4,Healthy,NA,70,26.2,0,SRR6215911,SRR6215911
SRR6215147,NA,NA,EXP-22-AL9791,SRR6215147,ExternalCoconutOilBacteria,25,NA,No,Indian,https://doi.org/10.1038/s41598-021-86454-1,Oil,Oil,Bangalore,India,Female,57,2,Day_84,16S,Swab,V3,Illumina,CTACTCCTACGGGAGGCAGCAG,CATCTATTACCGCGGCTGCTGGC,Scalp,0,No,0,4,Healthy,NA,36,16.8,0,SRR6215910,SRR6215910
SRR6215268,NA,NA,EXP-22-AL9791,SRR6215268,ExternalCoconutOilBacteria,25,NA,No,Indian,https://doi.org/10.1038/s41598-021-86454-1,Oil,Oil,Bangalore,India,Female,57,3,Day_112,16S,Swab,V3,Illumina,CTACTCCTACGGGAGGCAGCAG,CATCTATTACCGCGGCTGCTGGC,Scalp,0,No,,4,Healthy,NA,72,20.87,0,SRR6215905,SRR6215905
SRR6215116,NA,NA,EXP-22-AL9791,SRR6215116,ExternalCoconutOilBacteria,42,NA,No,Indian,https://doi.org/10.1038/s41598-021-86454-1,Shampoo,Shampoo,Bangalore,India,Female,58,1,Day_0,16S,Swab,V3,Illumina,CTACTCCTACGGGAGGCAGCAG,CATCTATTACCGCGGCTGCTGGC,Scalp,0,No,0,4,Healthy,NA,64,21.97,0,SRR6215904,SRR6215904
SRR6215239,NA,NA,EXP-22-AL9791,SRR6215239,ExternalCoconutOilBacteria,42,NA,No,Indian,https://doi.org/10.1038/s41598-021-86454-1,Shampoo,Shampoo,Bangalore,India,Female,58,2,Day_84,16S,Swab,V3,Illumina,CTACTCCTACGGGAGGCAGCAG,CATCTATTACCGCGGCTGCTGGC,Scalp,0,No,0,4,Healthy,NA,53,19.43,0,SRR6215907,SRR6215907
SRR6215269,NA,NA,EXP-22-AL9791,SRR6215269,ExternalCoconutOilBacteria,42,NA,No,Indian,https://doi.org/10.1038/s41598-021-86454-1,Shampoo,Shampoo,Bangalore,India,Female,58,3,Day_112,16S,Swab,V3,Illumina,CTACTCCTACGGGAGGCAGCAG,CATCTATTACCGCGGCTGCTGGC,Scalp,0,No,,4,Healthy,NA,17,10.83,0,SRR6215906,SRR6215906
SRR6215110,NA,NA,EXP-22-AL9791,SRR6215110,ExternalCoconutOilBacteria,44,NA,No,Indian,https://doi.org/10.1038/s41598-021-86454-1,Shampoo,Shampoo,Bangalore,India,Female,59,1,Day_0,16S,Swab,V3,Illumina,CTACTCCTACGGGAGGCAGCAG,CATCTATTACCGCGGCTGCTGGC,Scalp,0,No,0,4,Healthy,NA,76,34.03,0,SRR6215913,SRR6215913
SRR6215238,NA,NA,EXP-22-AL9791,SRR6215238,ExternalCoconutOilBacteria,44,NA,No,Indian,https://doi.org/10.1038/s41598-021-86454-1,Shampoo,Shampoo,Bangalore,India,Female,59,2,Day_84,16S,Swab,V3,Illumina,CTACTCCTACGGGAGGCAGCAG,CATCTATTACCGCGGCTGCTGGC,Scalp,0,No,0,4,Healthy,NA,10,26.23,0,SRR6215912,SRR6215912
SRR6215266,NA,NA,EXP-22-AL9791,SRR6215266,ExternalCoconutOilBacteria,44,NA,No,Indian,https://doi.org/10.1038/s41598-021-86454-1,Shampoo,Shampoo,Bangalore,India,Female,59,3,Day_112,16S,Swab,V3,Illumina,CTACTCCTACGGGAGGCAGCAG,CATCTATTACCGCGGCTGCTGGC,Scalp,0.125,No,,4,Healthy,NA,12,22.7,0.25,SRR6216014,SRR6216014
SRR6215109,NA,NA,EXP-22-AL9791,SRR6215109,ExternalCoconutOilBacteria,40,NA,No,Indian,https://doi.org/10.1038/s41598-021-86454-1,Oil,Oil,Bangalore,India,Female,60,1,Day_0,16S,Swab,V3,Illumina,CTACTCCTACGGGAGGCAGCAG,CATCTATTACCGCGGCTGCTGGC,Scalp,0,No,0,4,Healthy,NA,41,19.77,0,SRR6216015,SRR6216015
SRR6215241,NA,NA,EXP-22-AL9791,SRR6215241,ExternalCoconutOilBacteria,40,NA,No,Indian,https://doi.org/10.1038/s41598-021-86454-1,Oil,Oil,Bangalore,India,Female,60,2,Day_84,16S,Swab,V3,Illumina,CTACTCCTACGGGAGGCAGCAG,CATCTATTACCGCGGCTGCTGGC,Scalp,0,No,0,4,Healthy,NA,50,11.37,0,SRR6216012,SRR6216012
SRR6215267,NA,NA,EXP-22-AL9791,SRR6215267,ExternalCoconutOilBacteria,40,NA,No,Indian,https://doi.org/10.1038/s41598-021-86454-1,Oil,Oil,Bangalore,India,Female,60,3,Day_112,16S,Swab,V3,Illumina,CTACTCCTACGGGAGGCAGCAG,CATCTATTACCGCGGCTGCTGGC,Scalp,0.5,No,,4,Healthy,NA,27,13.47,0.5,SRR6216013,SRR6216013
SRR6215059,NA,NA,EXP-22-AL9791,SRR6215059,ExternalCoconutOilBacteria,42,NA,No,Indian,https://doi.org/10.1038/s41598-021-86454-1,Oil,Oil,Bangalore,India,Female,61,1,Day_0,16S,Swab,V3,Illumina,CTACTCCTACGGGAGGCAGCAG,CATCTATTACCGCGGCTGCTGGC,Scalp,0,No,0,4,Healthy,NA,75,21.4,0,SRR6216010,SRR6216010
SRR6215240,NA,NA,EXP-22-AL9791,SRR6215240,ExternalCoconutOilBacteria,42,NA,No,Indian,https://doi.org/10.1038/s41598-021-86454-1,Oil,Oil,Bangalore,India,Female,61,2,Day_84,16S,Swab,V3,Illumina,CTACTCCTACGGGAGGCAGCAG,CATCTATTACCGCGGCTGCTGGC,Scalp,0,No,0,4,Healthy,NA,20,20.1,0,SRR6216011,SRR6216011
SRR6215264,NA,NA,EXP-22-AL9791,SRR6215264,ExternalCoconutOilBacteria,42,NA,No,Indian,https://doi.org/10.1038/s41598-021-86454-1,Oil,Oil,Bangalore,India,Female,61,3,Day_112,16S,Swab,V3,Illumina,CTACTCCTACGGGAGGCAGCAG,CATCTATTACCGCGGCTGCTGGC,Scalp,0,No,,4,Healthy,NA,20,10.6,0,SRR6216008,SRR6216008
SRR6215060,NA,NA,EXP-22-AL9791,SRR6215060,ExternalCoconutOilBacteria,30,NA,No,Indian,https://doi.org/10.1038/s41598-021-86454-1,Oil,Oil,Bangalore,India,Female,62,1,Day_0,16S,Swab,V3,Illumina,CTACTCCTACGGGAGGCAGCAG,CATCTATTACCGCGGCTGCTGGC,Scalp,0,No,0,4,Healthy,NA,9,24.77,0,SRR6216009,SRR6216009
SRR6215235,NA,NA,EXP-22-AL9791,SRR6215235,ExternalCoconutOilBacteria,30,NA,No,Indian,https://doi.org/10.1038/s41598-021-86454-1,Oil,Oil,Bangalore,India,Female,62,2,Day_84,16S,Swab,V3,Illumina,CTACTCCTACGGGAGGCAGCAG,CATCTATTACCGCGGCTGCTGGC,Scalp,0,No,0,4,Healthy,NA,7,12.93,0,SRR6216016,SRR6216016
SRR6215265,NA,NA,EXP-22-AL9791,SRR6215265,ExternalCoconutOilBacteria,30,NA,No,Indian,https://doi.org/10.1038/s41598-021-86454-1,Oil,Oil,Bangalore,India,Female,62,3,Day_112,16S,Swab,V3,Illumina,CTACTCCTACGGGAGGCAGCAG,CATCTATTACCGCGGCTGCTGGC,Scalp,0,No,,4,Healthy,NA,1,12.23,0,SRR6216017,SRR6216017
SRR6215057,NA,NA,EXP-22-AL9791,SRR6215057,ExternalCoconutOilBacteria,34,NA,No,Indian,https://doi.org/10.1038/s41598-021-86454-1,Shampoo,Shampoo,Bangalore,India,Female,63,1,Day_0,16S,Swab,V3,Illumina,CTACTCCTACGGGAGGCAGCAG,CATCTATTACCGCGGCTGCTGGC,Scalp,0,No,0,4,Healthy,NA,15,17.87,0,SRR6215720,SRR6215720
SRR6215234,NA,NA,EXP-22-AL9791,SRR6215234,ExternalCoconutOilBacteria,34,NA,No,Indian,https://doi.org/10.1038/s41598-021-86454-1,Shampoo,Shampoo,Bangalore,India,Female,63,2,Day_84,16S,Swab,V3,Illumina,CTACTCCTACGGGAGGCAGCAG,CATCTATTACCGCGGCTGCTGGC,Scalp,0,No,0,4,Healthy,NA,23,25.2,0,SRR6215719,SRR6215719
SRR6215262,NA,NA,EXP-22-AL9791,SRR6215262,ExternalCoconutOilBacteria,34,NA,No,Indian,https://doi.org/10.1038/s41598-021-86454-1,Shampoo,Shampoo,Bangalore,India,Female,63,3,Day_112,16S,Swab,V3,Illumina,CTACTCCTACGGGAGGCAGCAG,CATCTATTACCGCGGCTGCTGGC,Scalp,0,No,,4,Healthy,NA,29,20.03,0,SRR6215718,SRR6215718
SRR6215058,NA,NA,EXP-22-AL9791,SRR6215058,ExternalCoconutOilBacteria,45,NA,No,Indian,https://doi.org/10.1038/s41598-021-86454-1,Shampoo,Shampoo,Bangalore,India,Female,64,1,Day_0,16S,Swab,V3,Illumina,CTACTCCTACGGGAGGCAGCAG,CATCTATTACCGCGGCTGCTGGC,Scalp,0,No,0,4,Healthy,NA,8,25.97,0,SRR6215717,SRR6215717
SRR6215237,NA,NA,EXP-22-AL9791,SRR6215237,ExternalCoconutOilBacteria,45,NA,No,Indian,https://doi.org/10.1038/s41598-021-86454-1,Shampoo,Shampoo,Bangalore,India,Female,64,2,Day_84,16S,Swab,V3,Illumina,CTACTCCTACGGGAGGCAGCAG,CATCTATTACCGCGGCTGCTGGC,Scalp,0,No,0,4,Healthy,NA,6,28.27,0,SRR6215724,SRR6215724
SRR6215263,NA,NA,EXP-22-AL9791,SRR6215263,ExternalCoconutOilBacteria,45,NA,No,Indian,https://doi.org/10.1038/s41598-021-86454-1,Shampoo,Shampoo,Bangalore,India,Female,64,3,Day_112,16S,Swab,V3,Illumina,CTACTCCTACGGGAGGCAGCAG,CATCTATTACCGCGGCTGCTGGC,Scalp,0,No,,4,Healthy,NA,25,24.4,0,SRR6215723,SRR6215723
SRR6215063,NA,NA,EXP-22-AL9791,SRR6215063,ExternalCoconutOilBacteria,37,NA,No,Indian,https://doi.org/10.1038/s41598-021-86454-1,Shampoo,Shampoo,Bangalore,India,Female,65,1,Day_0,16S,Swab,V3,Illumina,CTACTCCTACGGGAGGCAGCAG,CATCTATTACCGCGGCTGCTGGC,Scalp,0,No,0,4,Healthy,NA,54,19.4,0,SRR6215722,SRR6215722
SRR6215236,NA,NA,EXP-22-AL9791,SRR6215236,ExternalCoconutOilBacteria,37,NA,No,Indian,https://doi.org/10.1038/s41598-021-86454-1,Shampoo,Shampoo,Bangalore,India,Female,65,2,Day_84,16S,Swab,V3,Illumina,CTACTCCTACGGGAGGCAGCAG,CATCTATTACCGCGGCTGCTGGC,Scalp,0,No,0,4,Healthy,NA,39,16.73,0,SRR6215721,SRR6215721
SRR6215270,NA,NA,EXP-22-AL9791,SRR6215270,ExternalCoconutOilBacteria,37,NA,No,Indian,https://doi.org/10.1038/s41598-021-86454-1,Shampoo,Shampoo,Bangalore,India,Female,65,3,Day_112,16S,Swab,V3,Illumina,CTACTCCTACGGGAGGCAGCAG,CATCTATTACCGCGGCTGCTGGC,Scalp,0,No,,4,Healthy,NA,23,15.67,0,SRR6215726,SRR6215726
SRR6215064,NA,NA,EXP-22-AL9791,SRR6215064,ExternalCoconutOilBacteria,44,NA,No,Indian,https://doi.org/10.1038/s41598-021-86454-1,Shampoo,Shampoo,Bangalore,India,Female,66,1,Day_0,16S,Swab,V3,Illumina,CTACTCCTACGGGAGGCAGCAG,CATCTATTACCGCGGCTGCTGGC,Scalp,0,No,0,4,Healthy,NA,5,16.2,0,SRR6215725,SRR6215725
SRR6215244,NA,NA,EXP-22-AL9791,SRR6215244,ExternalCoconutOilBacteria,44,NA,No,Indian,https://doi.org/10.1038/s41598-021-86454-1,Shampoo,Shampoo,Bangalore,India,Female,66,2,Day_84,16S,Swab,V3,Illumina,CTACTCCTACGGGAGGCAGCAG,CATCTATTACCGCGGCTGCTGGC,Scalp,0,No,0,4,Healthy,NA,8,12.37,0,SRR6216042,SRR6216042
SRR6215271,NA,NA,EXP-22-AL9791,SRR6215271,ExternalCoconutOilBacteria,44,NA,No,Indian,https://doi.org/10.1038/s41598-021-86454-1,Shampoo,Shampoo,Bangalore,India,Female,66,3,Day_112,16S,Swab,V3,Illumina,CTACTCCTACGGGAGGCAGCAG,CATCTATTACCGCGGCTGCTGGC,Scalp,0.25,No,,4,Healthy,NA,29,17.13,0.25,SRR6215779,SRR6215779
SRR6215061,NA,NA,EXP-22-AL9791,SRR6215061,ExternalCoconutOilBacteria,32,NA,No,Indian,https://doi.org/10.1038/s41598-021-86454-1,Oil,Oil,Bangalore,India,Female,67,1,Day_0,16S,Swab,V3,Illumina,CTACTCCTACGGGAGGCAGCAG,CATCTATTACCGCGGCTGCTGGC,Scalp,0,No,0,4,Healthy,NA,9,25.27,0,SRR6215780,SRR6215780
SRR6215243,NA,NA,EXP-22-AL9791,SRR6215243,ExternalCoconutOilBacteria,32,NA,No,Indian,https://doi.org/10.1038/s41598-021-86454-1,Oil,Oil,Bangalore,India,Female,67,2,Day_84,16S,Swab,V3,Illumina,CTACTCCTACGGGAGGCAGCAG,CATCTATTACCGCGGCTGCTGGC,Scalp,0,No,0,4,Healthy,NA,18,19.23,0,SRR6215781,SRR6215781
SRR6215079,NA,NA,EXP-22-AL9791,SRR6215079,ExternalCoconutOilBacteria,32,NA,No,Indian,https://doi.org/10.1038/s41598-021-86454-1,Oil,Oil,Bangalore,India,Female,67,3,Day_112,16S,Swab,V3,Illumina,CTACTCCTACGGGAGGCAGCAG,CATCTATTACCGCGGCTGCTGGC,Scalp,0,No,,4,Healthy,NA,10,19.9,0,SRR6216028,SRR6216028
SRR6215062,NA,NA,EXP-22-AL9791,SRR6215062,ExternalCoconutOilBacteria,45,NA,No,Indian,https://doi.org/10.1038/s41598-021-86454-1,Oil,Oil,Bangalore,India,Female,68,1,Day_0,16S,Swab,V3,Illumina,CTACTCCTACGGGAGGCAGCAG,CATCTATTACCGCGGCTGCTGGC,Scalp,0,No,0,4,Healthy,NA,10,21.57,0,SRR6216029,SRR6216029
SRR6215103,NA,NA,EXP-22-AL9791,SRR6215103,ExternalCoconutOilBacteria,45,NA,No,Indian,https://doi.org/10.1038/s41598-021-86454-1,Oil,Oil,Bangalore,India,Female,68,2,Day_84,16S,Swab,V3,Illumina,CTACTCCTACGGGAGGCAGCAG,CATCTATTACCGCGGCTGCTGGC,Scalp,0,No,0,4,Healthy,NA,32,16.43,0,SRR6216040,SRR6216040
SRR6215078,NA,NA,EXP-22-AL9791,SRR6215078,ExternalCoconutOilBacteria,45,NA,No,Indian,https://doi.org/10.1038/s41598-021-86454-1,Oil,Oil,Bangalore,India,Female,68,3,Day_112,16S,Swab,V3,Illumina,CTACTCCTACGGGAGGCAGCAG,CATCTATTACCGCGGCTGCTGGC,Scalp,0.125,No,,4,Healthy,NA,65,14.17,0.125,SRR6216041,SRR6216041
SRR6215065,NA,NA,EXP-22-AL9791,SRR6215065,ExternalCoconutOilBacteria,41,NA,No,Indian,https://doi.org/10.1038/s41598-021-86454-1,Oil,Oil,Bangalore,India,Female,69,1,Day_0,16S,Swab,V3,Illumina,CTACTCCTACGGGAGGCAGCAG,CATCTATTACCGCGGCTGCTGGC,Scalp,0,No,0,4,Healthy,NA,25,23.2,0,SRR6215757,SRR6215757
SRR6215316,NA,NA,EXP-22-AL9791,SRR6215316,ExternalCoconutOilBacteria,41,NA,No,Indian,https://doi.org/10.1038/s41598-021-86454-1,Oil,Oil,Bangalore,India,Female,69,2,Day_84,16S,Swab,V3,Illumina,CTACTCCTACGGGAGGCAGCAG,CATCTATTACCGCGGCTGCTGGC,Scalp,0.125,No,0,4,Healthy,NA,27,20.07,0.125,SRR6215758,SRR6215758
SRR6215366,NA,NA,EXP-22-AL9791,SRR6215366,ExternalCoconutOilBacteria,41,NA,No,Indian,https://doi.org/10.1038/s41598-021-86454-1,Oil,Oil,Bangalore,India,Female,69,3,Day_112,16S,Swab,V3,Illumina,CTACTCCTACGGGAGGCAGCAG,CATCTATTACCGCGGCTGCTGGC,Scalp,0,No,,4,Healthy,NA,32,23.43,0,SRR6215981,SRR6215981
SRR6215066,NA,NA,EXP-22-AL9791,SRR6215066,ExternalCoconutOilBacteria,35,NA,No,Indian,https://doi.org/10.1038/s41598-021-86454-1,Discontinued,Discontinued,Bangalore,India,Female,70,1,Day_0,16S,Swab,V3,Illumina,CTACTCCTACGGGAGGCAGCAG,CATCTATTACCGCGGCTGCTGGC,Scalp,0,No,0,4,Healthy,NA,4,25.47,0,SRR6215980,SRR6215980
SRR6215319,NA,NA,EXP-22-AL9791,SRR6215319,ExternalCoconutOilBacteria,32,NA,No,Indian,https://doi.org/10.1038/s41598-021-86454-1,Shampoo,Shampoo,Bangalore,India,Female,71,1,Day_0,16S,Swab,V3,Illumina,CTACTCCTACGGGAGGCAGCAG,CATCTATTACCGCGGCTGCTGGC,Scalp,3.25,No,6,4,Dandruff,NA,4,34.23,6.875,SRR6215983,SRR6215983
SRR6215365,NA,NA,EXP-22-AL9791,SRR6215365,ExternalCoconutOilBacteria,32,NA,No,Indian,https://doi.org/10.1038/s41598-021-86454-1,Shampoo,Shampoo,Bangalore,India,Female,71,2,Day_84,16S,Swab,V3,Illumina,CTACTCCTACGGGAGGCAGCAG,CATCTATTACCGCGGCTGCTGGC,Scalp,2.375,No,5,4,Dandruff,NA,18,31.83,4.5,SRR6215982,SRR6215982
SRR6215324,NA,NA,EXP-22-AL9791,SRR6215324,ExternalCoconutOilBacteria,32,NA,No,Indian,https://doi.org/10.1038/s41598-021-86454-1,Shampoo,Shampoo,Bangalore,India,Female,71,3,Day_112,16S,Swab,V3,Illumina,CTACTCCTACGGGAGGCAGCAG,CATCTATTACCGCGGCTGCTGGC,Scalp,2,No,,4,Dandruff,NA,27,22.27,4,SRR6215985,SRR6215985
SRR6215318,NA,NA,EXP-22-AL9791,SRR6215318,ExternalCoconutOilBacteria,41,NA,No,Indian,https://doi.org/10.1038/s41598-021-86454-1,Oil,Oil,Bangalore,India,Female,72,1,Day_0,16S,Swab,V3,Illumina,CTACTCCTACGGGAGGCAGCAG,CATCTATTACCGCGGCTGCTGGC,Scalp,3.25,No,6,4,Dandruff,NA,18,24.8,6.75,SRR6215984,SRR6215984
SRR6215360,NA,NA,EXP-22-AL9791,SRR6215360,ExternalCoconutOilBacteria,41,NA,No,Indian,https://doi.org/10.1038/s41598-021-86454-1,Oil,Oil,Bangalore,India,Female,72,2,Day_84,16S,Swab,V3,Illumina,CTACTCCTACGGGAGGCAGCAG,CATCTATTACCGCGGCTGCTGGC,Scalp,1.75,No,3,4,Dandruff,NA,34,21.87,4,SRR6215987,SRR6215987
SRR6215323,NA,NA,EXP-22-AL9791,SRR6215323,ExternalCoconutOilBacteria,41,NA,No,Indian,https://doi.org/10.1038/s41598-021-86454-1,Oil,Oil,Bangalore,India,Female,72,3,Day_112,16S,Swab,V3,Illumina,CTACTCCTACGGGAGGCAGCAG,CATCTATTACCGCGGCTGCTGGC,Scalp,2.375,No,,4,Dandruff,NA,11,22.97,4.125,SRR6215986,SRR6215986
SRR6215099,NA,NA,EXP-22-AL9791,SRR6215099,ExternalCoconutOilBacteria,37,NA,No,Indian,https://doi.org/10.1038/s41598-021-86454-1,Shampoo,Shampoo,Bangalore,India,Female,73,1,Day_0,16S,Swab,V3,Illumina,CTACTCCTACGGGAGGCAGCAG,CATCTATTACCGCGGCTGCTGGC,Scalp,3.125,No,6,4,Dandruff,NA,7,23.8,6.375,SRR6215979,SRR6215979
SRR6215359,NA,NA,EXP-22-AL9791,SRR6215359,ExternalCoconutOilBacteria,37,NA,No,Indian,https://doi.org/10.1038/s41598-021-86454-1,Shampoo,Shampoo,Bangalore,India,Female,73,2,Day_84,16S,Swab,V3,Illumina,CTACTCCTACGGGAGGCAGCAG,CATCTATTACCGCGGCTGCTGGC,Scalp,0.25,No,1,4,Dandruff,NA,30,20.87,0.75,SRR6215978,SRR6215978
SRR6215326,NA,NA,EXP-22-AL9791,SRR6215326,ExternalCoconutOilBacteria,37,NA,No,Indian,https://doi.org/10.1038/s41598-021-86454-1,Shampoo,Shampoo,Bangalore,India,Female,73,3,Day_112,16S,Swab,V3,Illumina,CTACTCCTACGGGAGGCAGCAG,CATCTATTACCGCGGCTGCTGGC,Scalp,0.375,No,,4,Dandruff,NA,6,21.83,0.5,SRR6216091,SRR6216091
SRR6215312,NA,NA,EXP-22-AL9791,SRR6215312,ExternalCoconutOilBacteria,36,NA,No,Indian,https://doi.org/10.1038/s41598-021-86454-1,Oil,Oil,Bangalore,India,Female,74,1,Day_0,16S,Swab,V3,Illumina,CTACTCCTACGGGAGGCAGCAG,CATCTATTACCGCGGCTGCTGGC,Scalp,2.875,No,5,4,Dandruff,NA,22,25.73,5.625,SRR6216092,SRR6216092
SRR6215362,NA,NA,EXP-22-AL9791,SRR6215362,ExternalCoconutOilBacteria,36,NA,No,Indian,https://doi.org/10.1038/s41598-021-86454-1,Oil,Oil,Bangalore,India,Female,74,2,Day_84,16S,Swab,V3,Illumina,CTACTCCTACGGGAGGCAGCAG,CATCTATTACCGCGGCTGCTGGC,Scalp,0.125,No,0,4,Dandruff,NA,20,19.27,0.375,SRR6216089,SRR6216089
SRR6215325,NA,NA,EXP-22-AL9791,SRR6215325,ExternalCoconutOilBacteria,36,NA,No,Indian,https://doi.org/10.1038/s41598-021-86454-1,Oil,Oil,Bangalore,India,Female,74,3,Day_112,16S,Swab,V3,Illumina,CTACTCCTACGGGAGGCAGCAG,CATCTATTACCGCGGCTGCTGGC,Scalp,0.5,No,,4,Dandruff,NA,42,13.1,0.75,SRR6216090,SRR6216090
SRR6215315,NA,NA,EXP-22-AL9791,SRR6215315,ExternalCoconutOilBacteria,30,NA,No,Indian,https://doi.org/10.1038/s41598-021-86454-1,Shampoo,Shampoo,Bangalore,India,Female,75,1,Day_0,16S,Swab,V3,Illumina,CTACTCCTACGGGAGGCAGCAG,CATCTATTACCGCGGCTGCTGGC,Scalp,3,No,8,4,Dandruff,NA,25,25.4,6.375,SRR6216095,SRR6216095
SRR6215361,NA,NA,EXP-22-AL9791,SRR6215361,ExternalCoconutOilBacteria,30,NA,No,Indian,https://doi.org/10.1038/s41598-021-86454-1,Shampoo,Shampoo,Bangalore,India,Female,75,2,Day_84,16S,Swab,V3,Illumina,CTACTCCTACGGGAGGCAGCAG,CATCTATTACCGCGGCTGCTGGC,Scalp,0.75,No,1,4,Dandruff,NA,39,20.97,1.875,SRR6216096,SRR6216096
SRR6215328,NA,NA,EXP-22-AL9791,SRR6215328,ExternalCoconutOilBacteria,30,NA,No,Indian,https://doi.org/10.1038/s41598-021-86454-1,Shampoo,Shampoo,Bangalore,India,Female,75,3,Day_112,16S,Swab,V3,Illumina,CTACTCCTACGGGAGGCAGCAG,CATCTATTACCGCGGCTGCTGGC,Scalp,0.5,No,,4,Dandruff,NA,16,20.07,1.375,SRR6216093,SRR6216093
SRR6215314,NA,NA,EXP-22-AL9791,SRR6215314,ExternalCoconutOilBacteria,39,NA,No,Indian,https://doi.org/10.1038/s41598-021-86454-1,Oil,Oil,Bangalore,India,Female,76,1,Day_0,16S,Swab,V3,Illumina,CTACTCCTACGGGAGGCAGCAG,CATCTATTACCGCGGCTGCTGGC,Scalp,3.125,No,6,4,Dandruff,NA,29,21.73,6.375,SRR6216094,SRR6216094
SRR6215372,NA,NA,EXP-22-AL9791,SRR6215372,ExternalCoconutOilBacteria,39,NA,No,Indian,https://doi.org/10.1038/s41598-021-86454-1,Oil,Oil,Bangalore,India,Female,76,2,Day_84,16S,Swab,V3,Illumina,CTACTCCTACGGGAGGCAGCAG,CATCTATTACCGCGGCTGCTGGC,Scalp,0,No,0,4,Dandruff,NA,6,20.47,0,SRR6216087,SRR6216087
SRR6215327,NA,NA,EXP-22-AL9791,SRR6215327,ExternalCoconutOilBacteria,39,NA,No,Indian,https://doi.org/10.1038/s41598-021-86454-1,Oil,Oil,Bangalore,India,Female,76,3,Day_112,16S,Swab,V3,Illumina,CTACTCCTACGGGAGGCAGCAG,CATCTATTACCGCGGCTGCTGGC,Scalp,1.25,No,,4,Dandruff,NA,28,27.63,2.875,SRR6216088,SRR6216088
SRR6215321,NA,NA,EXP-22-AL9791,SRR6215321,ExternalCoconutOilBacteria,32,NA,No,Indian,https://doi.org/10.1038/s41598-021-86454-1,Shampoo,Shampoo,Bangalore,India,Female,77,1,Day_0,16S,Swab,V3,Illumina,CTACTCCTACGGGAGGCAGCAG,CATCTATTACCGCGGCTGCTGGC,Scalp,3.5,No,6,4,Dandruff,NA,83,23.8,7.125,SRR6215809,SRR6215809
SRR6215371,NA,NA,EXP-22-AL9791,SRR6215371,ExternalCoconutOilBacteria,32,NA,No,Indian,https://doi.org/10.1038/s41598-021-86454-1,Shampoo,Shampoo,Bangalore,India,Female,77,2,Day_84,16S,Swab,V3,Illumina,CTACTCCTACGGGAGGCAGCAG,CATCTATTACCGCGGCTGCTGGC,Scalp,0.625,No,2,4,Dandruff,NA,28,23.03,1.75,SRR6215808,SRR6215808
SRR6215330,NA,NA,EXP-22-AL9791,SRR6215330,ExternalCoconutOilBacteria,32,NA,No,Indian,https://doi.org/10.1038/s41598-021-86454-1,Shampoo,Shampoo,Bangalore,India,Female,77,3,Day_112,16S,Swab,V3,Illumina,CTACTCCTACGGGAGGCAGCAG,CATCTATTACCGCGGCTGCTGGC,Scalp,0.375,No,,4,Dandruff,NA,33,24.63,0.375,SRR6215807,SRR6215807
SRR6215320,NA,NA,EXP-22-AL9791,SRR6215320,ExternalCoconutOilBacteria,39,NA,No,Indian,https://doi.org/10.1038/s41598-021-86454-1,Oil,Oil,Bangalore,India,Female,78,1,Day_0,16S,Swab,V3,Illumina,CTACTCCTACGGGAGGCAGCAG,CATCTATTACCGCGGCTGCTGGC,Scalp,3,No,8,4,Dandruff,NA,27,24.57,6.125,SRR6215806,SRR6215806
SRR6215082,NA,NA,EXP-22-AL9791,SRR6215082,ExternalCoconutOilBacteria,39,NA,No,Indian,https://doi.org/10.1038/s41598-021-86454-1,Oil,Oil,Bangalore,India,Female,78,2,Day_84,16S,Swab,V3,Illumina,CTACTCCTACGGGAGGCAGCAG,CATCTATTACCGCGGCTGCTGGC,Scalp,0.875,No,2,4,Dandruff,NA,22,23.6,1.625,SRR6215805,SRR6215805
SRR6215329,NA,NA,EXP-22-AL9791,SRR6215329,ExternalCoconutOilBacteria,39,NA,No,Indian,https://doi.org/10.1038/s41598-021-86454-1,Oil,Oil,Bangalore,India,Female,78,3,Day_112,16S,Swab,V3,Illumina,CTACTCCTACGGGAGGCAGCAG,CATCTATTACCGCGGCTGCTGGC,Scalp,1.625,No,,4,Dandruff,NA,5,23.9,2.75,SRR6215804,SRR6215804
SRR6215202,NA,NA,EXP-22-AL9791,SRR6215202,ExternalCoconutOilBacteria,38,NA,No,Indian,https://doi.org/10.1038/s41598-021-86454-1,Shampoo,Shampoo,Bangalore,India,Female,79,1,Day_0,16S,Swab,V3,Illumina,CTACTCCTACGGGAGGCAGCAG,CATCTATTACCGCGGCTGCTGGC,Scalp,4,No,8,4,Dandruff,NA,138,26.4,8,SRR6215803,SRR6215803
SRR6215083,NA,NA,EXP-22-AL9791,SRR6215083,ExternalCoconutOilBacteria,38,NA,No,Indian,https://doi.org/10.1038/s41598-021-86454-1,Shampoo,Shampoo,Bangalore,India,Female,79,2,Day_84,16S,Swab,V3,Illumina,CTACTCCTACGGGAGGCAGCAG,CATCTATTACCGCGGCTGCTGGC,Scalp,2.375,No,4,4,Dandruff,NA,3,24.73,4.5,SRR6215802,SRR6215802
SRR6215332,NA,NA,EXP-22-AL9791,SRR6215332,ExternalCoconutOilBacteria,38,NA,No,Indian,https://doi.org/10.1038/s41598-021-86454-1,Shampoo,Shampoo,Bangalore,India,Female,79,3,Day_112,16S,Swab,V3,Illumina,CTACTCCTACGGGAGGCAGCAG,CATCTATTACCGCGGCTGCTGGC,Scalp,2.75,No,,4,Dandruff,NA,43,23.77,5,SRR6215811,SRR6215811
SRR6215203,NA,NA,EXP-22-AL9791,SRR6215203,ExternalCoconutOilBacteria,31,NA,No,Indian,https://doi.org/10.1038/s41598-021-86454-1,Oil,Oil,Bangalore,India,Female,80,1,Day_0,16S,Swab,V3,Illumina,CTACTCCTACGGGAGGCAGCAG,CATCTATTACCGCGGCTGCTGGC,Scalp,2.75,No,7,4,Dandruff,NA,29,23.67,5.875,SRR6215810,SRR6215810
SRR6215345,NA,NA,EXP-22-AL9791,SRR6215345,ExternalCoconutOilBacteria,31,NA,No,Indian,https://doi.org/10.1038/s41598-021-86454-1,Oil,Oil,Bangalore,India,Female,80,2,Day_84,16S,Swab,V3,Illumina,CTACTCCTACGGGAGGCAGCAG,CATCTATTACCGCGGCTGCTGGC,Scalp,0.25,No,1,4,Dandruff,NA,77,22.07,0.75,SRR6216069,SRR6216069
SRR6215331,NA,NA,EXP-22-AL9791,SRR6215331,ExternalCoconutOilBacteria,31,NA,No,Indian,https://doi.org/10.1038/s41598-021-86454-1,Oil,Oil,Bangalore,India,Female,80,3,Day_112,16S,Swab,V3,Illumina,CTACTCCTACGGGAGGCAGCAG,CATCTATTACCGCGGCTGCTGGC,Scalp,1.375,No,,4,Dandruff,NA,46,24.23,2.875,SRR6216070,SRR6216070
SRR6215085,NA,NA,EXP-22-AL9791,SRR6215085,ExternalCoconutOilBacteria,40,NA,No,Indian,https://doi.org/10.1038/s41598-021-86454-1,Oil,Oil,Bangalore,India,Female,82,1,Day_0,16S,Swab,V3,Illumina,CTACTCCTACGGGAGGCAGCAG,CATCTATTACCGCGGCTGCTGGC,Scalp,3.5,No,7,4,Dandruff,NA,12,25.73,7.25,SRR6216072,SRR6216072
SRR6215123,NA,NA,EXP-22-AL9791,SRR6215123,ExternalCoconutOilBacteria,40,NA,No,Indian,https://doi.org/10.1038/s41598-021-86454-1,Oil,Oil,Bangalore,India,Female,82,2,Day_84,16S,Swab,V3,Illumina,CTACTCCTACGGGAGGCAGCAG,CATCTATTACCGCGGCTGCTGGC,Scalp,2,No,2,4,Dandruff,NA,24,19.23,3.75,SRR6216073,SRR6216073
SRR6215200,NA,NA,EXP-22-AL9791,SRR6215200,ExternalCoconutOilBacteria,40,NA,No,Indian,https://doi.org/10.1038/s41598-021-86454-1,Oil,Oil,Bangalore,India,Female,82,3,Day_112,16S,Swab,V3,Illumina,CTACTCCTACGGGAGGCAGCAG,CATCTATTACCGCGGCTGCTGGC,Scalp,2,No,,4,Dandruff,NA,13,24.4,3.75,SRR6216074,SRR6216074
SRR6215086,NA,NA,EXP-22-AL9791,SRR6215086,ExternalCoconutOilBacteria,37,NA,No,Indian,https://doi.org/10.1038/s41598-021-86454-1,Shampoo,Shampoo,Bangalore,India,Female,83,1,Day_0,16S,Swab,V3,Illumina,CTACTCCTACGGGAGGCAGCAG,CATCTATTACCGCGGCTGCTGGC,Scalp,2.5,No,7,4,Dandruff,NA,47,17.47,5.5,SRR6216075,SRR6216075
SRR6215184,NA,NA,EXP-22-AL9791,SRR6215184,ExternalCoconutOilBacteria,37,NA,No,Indian,https://doi.org/10.1038/s41598-021-86454-1,Shampoo,Shampoo,Bangalore,India,Female,83,2,Day_84,16S,Swab,V3,Illumina,CTACTCCTACGGGAGGCAGCAG,CATCTATTACCGCGGCTGCTGGC,Scalp,0,No,0,4,Dandruff,NA,28,15.57,0.125,SRR6216076,SRR6216076
SRR6215201,NA,NA,EXP-22-AL9791,SRR6215201,ExternalCoconutOilBacteria,37,NA,No,Indian,https://doi.org/10.1038/s41598-021-86454-1,Shampoo,Shampoo,Bangalore,India,Female,83,3,Day_112,16S,Swab,V3,Illumina,CTACTCCTACGGGAGGCAGCAG,CATCTATTACCGCGGCTGCTGGC,Scalp,0,No,,4,Dandruff,NA,57,23.63,0,SRR6215924,SRR6215924
SRR6215087,NA,NA,EXP-22-AL9791,SRR6215087,ExternalCoconutOilBacteria,32,NA,No,Indian,https://doi.org/10.1038/s41598-021-86454-1,Shampoo,Shampoo,Bangalore,India,Female,84,1,Day_0,16S,Swab,V3,Illumina,CTACTCCTACGGGAGGCAGCAG,CATCTATTACCGCGGCTGCTGGC,Scalp,3.125,No,7,4,Dandruff,NA,28,17.3,6.875,SRR6215925,SRR6215925
SRR6215185,NA,NA,EXP-22-AL9791,SRR6215185,ExternalCoconutOilBacteria,32,NA,No,Indian,https://doi.org/10.1038/s41598-021-86454-1,Shampoo,Shampoo,Bangalore,India,Female,84,2,Day_84,16S,Swab,V3,Illumina,CTACTCCTACGGGAGGCAGCAG,CATCTATTACCGCGGCTGCTGGC,Scalp,1.75,No,4,4,Dandruff,NA,23,15.53,2,SRR6215977,SRR6215977
SRR6215198,NA,NA,EXP-22-AL9791,SRR6215198,ExternalCoconutOilBacteria,32,NA,No,Indian,https://doi.org/10.1038/s41598-021-86454-1,Shampoo,Shampoo,Bangalore,India,Female,84,3,Day_112,16S,Swab,V3,Illumina,CTACTCCTACGGGAGGCAGCAG,CATCTATTACCGCGGCTGCTGGC,Scalp,0.625,No,,4,Dandruff,NA,72,24.67,1.25,SRR6215976,SRR6215976
SRR6215088,NA,NA,EXP-22-AL9791,SRR6215088,ExternalCoconutOilBacteria,35,NA,No,Indian,https://doi.org/10.1038/s41598-021-86454-1,Oil,Oil,Bangalore,India,Female,85,1,Day_0,16S,Swab,V3,Illumina,CTACTCCTACGGGAGGCAGCAG,CATCTATTACCGCGGCTGCTGGC,Scalp,4,No,6,4,Dandruff,NA,38,26.67,8,SRR6215975,SRR6215975
SRR6215134,NA,NA,EXP-22-AL9791,SRR6215134,ExternalCoconutOilBacteria,35,NA,No,Indian,https://doi.org/10.1038/s41598-021-86454-1,Oil,Oil,Bangalore,India,Female,85,2,Day_84,16S,Swab,V3,Illumina,CTACTCCTACGGGAGGCAGCAG,CATCTATTACCGCGGCTGCTGGC,Scalp,1.5,No,6,4,Dandruff,NA,32,19.13,2.875,SRR6215974,SRR6215974
SRR6215199,NA,NA,EXP-22-AL9791,SRR6215199,ExternalCoconutOilBacteria,35,NA,No,Indian,https://doi.org/10.1038/s41598-021-86454-1,Oil,Oil,Bangalore,India,Female,85,3,Day_112,16S,Swab,V3,Illumina,CTACTCCTACGGGAGGCAGCAG,CATCTATTACCGCGGCTGCTGGC,Scalp,2,No,,4,Dandruff,NA,31,22.23,3.625,SRR6215973,SRR6215973
SRR6215089,NA,NA,EXP-22-AL9791,SRR6215089,ExternalCoconutOilBacteria,32,NA,No,Indian,https://doi.org/10.1038/s41598-021-86454-1,Oil,Oil,Bangalore,India,Female,86,1,Day_0,16S,Swab,V3,Illumina,CTACTCCTACGGGAGGCAGCAG,CATCTATTACCGCGGCTGCTGGC,Scalp,2.875,No,6,4,Dandruff,NA,35,22.6,6.125,SRR6215972,SRR6215972
SRR6215135,NA,NA,EXP-22-AL9791,SRR6215135,ExternalCoconutOilBacteria,32,NA,No,Indian,https://doi.org/10.1038/s41598-021-86454-1,Oil,Oil,Bangalore,India,Female,86,2,Day_84,16S,Swab,V3,Illumina,CTACTCCTACGGGAGGCAGCAG,CATCTATTACCGCGGCTGCTGGC,Scalp,0.5,No,1,4,Dandruff,NA,16,22.6,0.75,SRR6215971,SRR6215971
SRR6215196,NA,NA,EXP-22-AL9791,SRR6215196,ExternalCoconutOilBacteria,32,NA,No,Indian,https://doi.org/10.1038/s41598-021-86454-1,Oil,Oil,Bangalore,India,Female,86,3,Day_112,16S,Swab,V3,Illumina,CTACTCCTACGGGAGGCAGCAG,CATCTATTACCGCGGCTGCTGGC,Scalp,1,No,,4,Dandruff,NA,32,20.1,1.75,SRR6215970,SRR6215970
SRR6215090,NA,NA,EXP-22-AL9791,SRR6215090,ExternalCoconutOilBacteria,28,NA,No,Indian,https://doi.org/10.1038/s41598-021-86454-1,Oil,Oil,Bangalore,India,Female,87,1,Day_0,16S,Swab,V3,Illumina,CTACTCCTACGGGAGGCAGCAG,CATCTATTACCGCGGCTGCTGGC,Scalp,2.75,No,6,4,Dandruff,NA,40,51.37,6,SRR6215969,SRR6215969
SRR6215136,NA,NA,EXP-22-AL9791,SRR6215136,ExternalCoconutOilBacteria,28,NA,No,Indian,https://doi.org/10.1038/s41598-021-86454-1,Oil,Oil,Bangalore,India,Female,87,2,Day_84,16S,Swab,V3,Illumina,CTACTCCTACGGGAGGCAGCAG,CATCTATTACCGCGGCTGCTGGC,Scalp,0,No,0,4,Dandruff,NA,5,24.97,0,SRR6215968,SRR6215968
SRR6215197,NA,NA,EXP-22-AL9791,SRR6215197,ExternalCoconutOilBacteria,28,NA,No,Indian,https://doi.org/10.1038/s41598-021-86454-1,Oil,Oil,Bangalore,India,Female,87,3,Day_112,16S,Swab,V3,Illumina,CTACTCCTACGGGAGGCAGCAG,CATCTATTACCGCGGCTGCTGGC,Scalp,0.125,No,,4,Dandruff,NA,90,17.53,0.125,SRR6215866,SRR6215866
SRR6215091,NA,NA,EXP-22-AL9791,SRR6215091,ExternalCoconutOilBacteria,28,NA,No,Indian,https://doi.org/10.1038/s41598-021-86454-1,Shampoo,Shampoo,Bangalore,India,Female,88,1,Day_0,16S,Swab,V3,Illumina,CTACTCCTACGGGAGGCAGCAG,CATCTATTACCGCGGCTGCTGGC,Scalp,2.75,No,7,4,Dandruff,NA,47,14.13,5.75,SRR6215867,SRR6215867
SRR6215137,NA,NA,EXP-22-AL9791,SRR6215137,ExternalCoconutOilBacteria,28,NA,No,Indian,https://doi.org/10.1038/s41598-021-86454-1,Shampoo,Shampoo,Bangalore,India,Female,88,2,Day_84,16S,Swab,V3,Illumina,CTACTCCTACGGGAGGCAGCAG,CATCTATTACCGCGGCTGCTGGC,Scalp,0.125,No,0,4,Dandruff,NA,40,18.33,0.25,SRR6215755,SRR6215755
SRR6215204,NA,NA,EXP-22-AL9791,SRR6215204,ExternalCoconutOilBacteria,28,NA,No,Indian,https://doi.org/10.1038/s41598-021-86454-1,Shampoo,Shampoo,Bangalore,India,Female,88,3,Day_112,16S,Swab,V3,Illumina,CTACTCCTACGGGAGGCAGCAG,CATCTATTACCGCGGCTGCTGGC,Scalp,1.25,No,,4,Dandruff,NA,45,11.03,2.5,SRR6215756,SRR6215756
SRR6215195,NA,NA,EXP-22-AL9791,SRR6215195,ExternalCoconutOilBacteria,21,NA,No,Indian,https://doi.org/10.1038/s41598-021-86454-1,Shampoo,Shampoo,Bangalore,India,Female,89,1,Day_0,16S,Swab,V3,Illumina,CTACTCCTACGGGAGGCAGCAG,CATCTATTACCGCGGCTGCTGGC,Scalp,2.625,No,6,4,Dandruff,NA,23,20.93,5.5,SRR6215870,SRR6215870
SRR6215104,NA,NA,EXP-22-AL9791,SRR6215104,ExternalCoconutOilBacteria,21,NA,No,Indian,https://doi.org/10.1038/s41598-021-86454-1,Shampoo,Shampoo,Bangalore,India,Female,89,2,Day_84,16S,Swab,V3,Illumina,CTACTCCTACGGGAGGCAGCAG,CATCTATTACCGCGGCTGCTGGC,Scalp,0,No,0,4,Dandruff,NA,38,23.13,0,SRR6215871,SRR6215871
SRR6215205,NA,NA,EXP-22-AL9791,SRR6215205,ExternalCoconutOilBacteria,21,NA,No,Indian,https://doi.org/10.1038/s41598-021-86454-1,Shampoo,Shampoo,Bangalore,India,Female,89,3,Day_112,16S,Swab,V3,Illumina,CTACTCCTACGGGAGGCAGCAG,CATCTATTACCGCGGCTGCTGGC,Scalp,2.25,No,,4,Dandruff,NA,27,16.63,4,SRR6215872,SRR6215872
SRR6215194,NA,NA,EXP-22-AL9791,SRR6215194,ExternalCoconutOilBacteria,34,NA,No,Indian,https://doi.org/10.1038/s41598-021-86454-1,Oil,Oil,Bangalore,India,Female,90,1,Day_0,16S,Swab,V3,Illumina,CTACTCCTACGGGAGGCAGCAG,CATCTATTACCGCGGCTGCTGGC,Scalp,3.25,No,9,4,Dandruff,NA,39,21.9,6.625,SRR6215873,SRR6215873
SRR6215106,NA,NA,EXP-22-AL9791,SRR6215106,ExternalCoconutOilBacteria,34,NA,No,Indian,https://doi.org/10.1038/s41598-021-86454-1,Oil,Oil,Bangalore,India,Female,90,2,Day_84,16S,Swab,V3,Illumina,CTACTCCTACGGGAGGCAGCAG,CATCTATTACCGCGGCTGCTGGC,Scalp,0.875,No,1,4,Dandruff,NA,15,14.83,1.625,SRR6215743,SRR6215743
SRR6215093,NA,NA,EXP-22-AL9791,SRR6215093,ExternalCoconutOilBacteria,34,NA,No,Indian,https://doi.org/10.1038/s41598-021-86454-1,Oil,Oil,Bangalore,India,Female,90,3,Day_112,16S,Swab,V3,Illumina,CTACTCCTACGGGAGGCAGCAG,CATCTATTACCGCGGCTGCTGGC,Scalp,1.375,No,,4,Dandruff,NA,60,12.53,2.625,SRR6215754,SRR6215754
SRR6215193,NA,NA,EXP-22-AL9791,SRR6215193,ExternalCoconutOilBacteria,39,NA,No,Indian,https://doi.org/10.1038/s41598-021-86454-1,Shampoo,Shampoo,Bangalore,India,Female,91,1,Day_0,16S,Swab,V3,Illumina,CTACTCCTACGGGAGGCAGCAG,CATCTATTACCGCGGCTGCTGGC,Scalp,2.875,No,8,4,Dandruff,NA,17,27.73,6.375,SRR6215795,SRR6215795
SRR6215245,NA,NA,EXP-22-AL9791,SRR6215245,ExternalCoconutOilBacteria,39,NA,No,Indian,https://doi.org/10.1038/s41598-021-86454-1,Shampoo,Shampoo,Bangalore,India,Female,91,2,Day_84,16S,Swab,V3,Illumina,CTACTCCTACGGGAGGCAGCAG,CATCTATTACCGCGGCTGCTGGC,Scalp,1,No,1,4,Dandruff,NA,98,23.87,1.75,SRR6215794,SRR6215794
SRR6215092,NA,NA,EXP-22-AL9791,SRR6215092,ExternalCoconutOilBacteria,39,NA,No,Indian,https://doi.org/10.1038/s41598-021-86454-1,Shampoo,Shampoo,Bangalore,India,Female,91,3,Day_112,16S,Swab,V3,Illumina,CTACTCCTACGGGAGGCAGCAG,CATCTATTACCGCGGCTGCTGGC,Scalp,1.5,No,,4,Dandruff,NA,17,17.83,3.125,SRR6215797,SRR6215797
SRR6215192,NA,NA,EXP-22-AL9791,SRR6215192,ExternalCoconutOilBacteria,44,NA,No,Indian,https://doi.org/10.1038/s41598-021-86454-1,Shampoo,Shampoo,Bangalore,India,Female,92,1,Day_0,16S,Swab,V3,Illumina,CTACTCCTACGGGAGGCAGCAG,CATCTATTACCGCGGCTGCTGGC,Scalp,4,No,8,4,Dandruff,NA,4,34.53,8,SRR6215796,SRR6215796
SRR6215242,NA,NA,EXP-22-AL9791,SRR6215242,ExternalCoconutOilBacteria,44,NA,No,Indian,https://doi.org/10.1038/s41598-021-86454-1,Shampoo,Shampoo,Bangalore,India,Female,92,2,Day_84,16S,Swab,V3,Illumina,CTACTCCTACGGGAGGCAGCAG,CATCTATTACCGCGGCTGCTGGC,Scalp,2.25,No,4,4,Dandruff,NA,0,27.2,4.25,SRR6215799,SRR6215799
SRR6215348,NA,NA,EXP-22-AL9791,SRR6215348,ExternalCoconutOilBacteria,44,NA,No,Indian,https://doi.org/10.1038/s41598-021-86454-1,Shampoo,Shampoo,Bangalore,India,Female,92,3,Day_112,16S,Swab,V3,Illumina,CTACTCCTACGGGAGGCAGCAG,CATCTATTACCGCGGCTGCTGGC,Scalp,2.625,No,,4,Dandruff,NA,10,18.1,4.625,SRR6215798,SRR6215798
SRR6215191,NA,NA,EXP-22-AL9791,SRR6215191,ExternalCoconutOilBacteria,35,NA,No,Indian,https://doi.org/10.1038/s41598-021-86454-1,Oil,Oil,Bangalore,India,Female,93,1,Day_0,16S,Swab,V3,Illumina,CTACTCCTACGGGAGGCAGCAG,CATCTATTACCGCGGCTGCTGGC,Scalp,3,No,7,4,Dandruff,NA,24,16.3,7,SRR6215801,SRR6215801
SRR6215322,NA,NA,EXP-22-AL9791,SRR6215322,ExternalCoconutOilBacteria,35,NA,No,Indian,https://doi.org/10.1038/s41598-021-86454-1,Oil,Oil,Bangalore,India,Female,93,2,Day_84,16S,Swab,V3,Illumina,CTACTCCTACGGGAGGCAGCAG,CATCTATTACCGCGGCTGCTGGC,Scalp,2,No,2,4,Dandruff,NA,52,12.3,4,SRR6215800,SRR6215800
SRR6215347,NA,NA,EXP-22-AL9791,SRR6215347,ExternalCoconutOilBacteria,35,NA,No,Indian,https://doi.org/10.1038/s41598-021-86454-1,Oil,Oil,Bangalore,India,Female,93,3,Day_112,16S,Swab,V3,Illumina,CTACTCCTACGGGAGGCAGCAG,CATCTATTACCGCGGCTGCTGGC,Scalp,1.875,No,,4,Dandruff,NA,38,12.27,3.125,SRR6215793,SRR6215793
SRR6215190,NA,NA,EXP-22-AL9791,SRR6215190,ExternalCoconutOilBacteria,44,NA,No,Indian,https://doi.org/10.1038/s41598-021-86454-1,Oil,Oil,Bangalore,India,Female,94,1,Day_0,16S,Swab,V3,Illumina,CTACTCCTACGGGAGGCAGCAG,CATCTATTACCGCGGCTGCTGGC,Scalp,3,No,9,4,Dandruff,NA,7,27.2,6.125,SRR6215792,SRR6215792
SRR6215206,NA,NA,EXP-22-AL9791,SRR6215206,ExternalCoconutOilBacteria,44,NA,No,Indian,https://doi.org/10.1038/s41598-021-86454-1,Oil,Oil,Bangalore,India,Female,94,2,Day_84,16S,Swab,V3,Illumina,CTACTCCTACGGGAGGCAGCAG,CATCTATTACCGCGGCTGCTGGC,Scalp,0.5,No,0,4,Dandruff,NA,14,23.37,1,SRR6216081,SRR6216081
SRR6215097,NA,NA,EXP-22-AL9791,SRR6215097,ExternalCoconutOilBacteria,44,NA,No,Indian,https://doi.org/10.1038/s41598-021-86454-1,Oil,Oil,Bangalore,India,Female,94,3,Day_112,16S,Swab,V3,Illumina,CTACTCCTACGGGAGGCAGCAG,CATCTATTACCGCGGCTGCTGGC,Scalp,0.875,No,,4,Dandruff,NA,94,19.5,1.5,SRR6216082,SRR6216082
SRR6215189,NA,NA,EXP-22-AL9791,SRR6215189,ExternalCoconutOilBacteria,43,NA,No,Indian,https://doi.org/10.1038/s41598-021-86454-1,Oil,Oil,Bangalore,India,Female,95,1,Day_0,16S,Swab,V3,Illumina,CTACTCCTACGGGAGGCAGCAG,CATCTATTACCGCGGCTGCTGGC,Scalp,2.75,No,5,4,Dandruff,NA,10,27,5.625,SRR6216079,SRR6216079
SRR6215232,NA,NA,EXP-22-AL9791,SRR6215232,ExternalCoconutOilBacteria,43,NA,No,Indian,https://doi.org/10.1038/s41598-021-86454-1,Oil,Oil,Bangalore,India,Female,95,2,Day_84,16S,Swab,V3,Illumina,CTACTCCTACGGGAGGCAGCAG,CATCTATTACCGCGGCTGCTGGC,Scalp,0,No,0,4,Dandruff,NA,18,21.27,0,SRR6216080,SRR6216080
SRR6215096,NA,NA,EXP-22-AL9791,SRR6215096,ExternalCoconutOilBacteria,43,NA,No,Indian,https://doi.org/10.1038/s41598-021-86454-1,Oil,Oil,Bangalore,India,Female,95,3,Day_112,16S,Swab,V3,Illumina,CTACTCCTACGGGAGGCAGCAG,CATCTATTACCGCGGCTGCTGGC,Scalp,0,No,,4,Dandruff,NA,26,10.07,0,SRR6216085,SRR6216085
SRR6215188,NA,NA,EXP-22-AL9791,SRR6215188,ExternalCoconutOilBacteria,34,NA,No,Indian,https://doi.org/10.1038/s41598-021-86454-1,Shampoo,Shampoo,Bangalore,India,Female,96,1,Day_0,16S,Swab,V3,Illumina,CTACTCCTACGGGAGGCAGCAG,CATCTATTACCGCGGCTGCTGGC,Scalp,3.125,No,7,4,Dandruff,NA,12,24.07,6.5,SRR6216086,SRR6216086
SRR6215231,NA,NA,EXP-22-AL9791,SRR6215231,ExternalCoconutOilBacteria,34,NA,No,Indian,https://doi.org/10.1038/s41598-021-86454-1,Shampoo,Shampoo,Bangalore,India,Female,96,2,Day_84,16S,Swab,V3,Illumina,CTACTCCTACGGGAGGCAGCAG,CATCTATTACCGCGGCTGCTGGC,Scalp,1.625,No,2,4,Dandruff,NA,12,22.2,3.125,SRR6216083,SRR6216083
SRR6215095,NA,NA,EXP-22-AL9791,SRR6215095,ExternalCoconutOilBacteria,34,NA,No,Indian,https://doi.org/10.1038/s41598-021-86454-1,Shampoo,Shampoo,Bangalore,India,Female,96,3,Day_112,16S,Swab,V3,Illumina,CTACTCCTACGGGAGGCAGCAG,CATCTATTACCGCGGCTGCTGGC,Scalp,1.5,No,,4,Dandruff,NA,11,19.1,2.625,SRR6216084,SRR6216084
SRR6215187,NA,NA,EXP-22-AL9791,SRR6215187,ExternalCoconutOilBacteria,32,NA,No,Indian,https://doi.org/10.1038/s41598-021-86454-1,Shampoo,Shampoo,Bangalore,India,Female,97,1,Day_0,16S,Swab,V3,Illumina,CTACTCCTACGGGAGGCAGCAG,CATCTATTACCGCGGCTGCTGGC,Scalp,3,No,5,4,Dandruff,NA,27,25,6.125,SRR6216077,SRR6216077
SRR6215230,NA,NA,EXP-22-AL9791,SRR6215230,ExternalCoconutOilBacteria,32,NA,No,Indian,https://doi.org/10.1038/s41598-021-86454-1,Shampoo,Shampoo,Bangalore,India,Female,97,2,Day_84,16S,Swab,V3,Illumina,CTACTCCTACGGGAGGCAGCAG,CATCTATTACCGCGGCTGCTGGC,Scalp,0.5,No,1,4,Dandruff,NA,40,24.37,1.375,SRR6216078,SRR6216078
SRR6215094,NA,NA,EXP-22-AL9791,SRR6215094,ExternalCoconutOilBacteria,32,NA,No,Indian,https://doi.org/10.1038/s41598-021-86454-1,Shampoo,Shampoo,Bangalore,India,Female,97,3,Day_112,16S,Swab,V3,Illumina,CTACTCCTACGGGAGGCAGCAG,CATCTATTACCGCGGCTGCTGGC,Scalp,2,No,,4,Dandruff,NA,16,21.97,3.625,SRR6215274,SRR6215274
SRR6215186,NA,NA,EXP-22-AL9791,SRR6215186,ExternalCoconutOilBacteria,40,NA,No,Indian,https://doi.org/10.1038/s41598-021-86454-1,Oil,Oil,Bangalore,India,Female,98,1,Day_0,16S,Swab,V3,Illumina,CTACTCCTACGGGAGGCAGCAG,CATCTATTACCGCGGCTGCTGGC,Scalp,3,No,7,4,Dandruff,NA,20,23,6.625,SRR6215275,SRR6215275
SRR6215229,NA,NA,EXP-22-AL9791,SRR6215229,ExternalCoconutOilBacteria,40,NA,No,Indian,https://doi.org/10.1038/s41598-021-86454-1,Oil,Oil,Bangalore,India,Female,98,2,Day_84,16S,Swab,V3,Illumina,CTACTCCTACGGGAGGCAGCAG,CATCTATTACCGCGGCTGCTGGC,Scalp,0.25,No,0,4,Dandruff,NA,12,22.57,0.25,SRR6215272,SRR6215272
SRR6215346,NA,NA,EXP-22-AL9791,SRR6215346,ExternalCoconutOilBacteria,40,NA,No,Indian,https://doi.org/10.1038/s41598-021-86454-1,Oil,Oil,Bangalore,India,Female,98,3,Day_112,16S,Swab,V3,Illumina,CTACTCCTACGGGAGGCAGCAG,CATCTATTACCGCGGCTGCTGGC,Scalp,0.875,No,,4,Dandruff,NA,16,21.87,1.375,SRR6215273,SRR6215273
SRR6215306,NA,NA,EXP-22-AL9791,SRR6215306,ExternalCoconutOilBacteria,39,NA,No,Indian,https://doi.org/10.1038/s41598-021-86454-1,Shampoo,Shampoo,Bangalore,India,Female,99,1,Day_0,16S,Swab,V3,Illumina,CTACTCCTACGGGAGGCAGCAG,CATCTATTACCGCGGCTGCTGGC,Scalp,3.25,No,5,4,Dandruff,NA,49,19.3,6.5,SRR6215278,SRR6215278
SRR6215336,NA,NA,EXP-22-AL9791,SRR6215336,ExternalCoconutOilBacteria,39,NA,No,Indian,https://doi.org/10.1038/s41598-021-86454-1,Shampoo,Shampoo,Bangalore,India,Female,99,2,Day_84,16S,Swab,V3,Illumina,CTACTCCTACGGGAGGCAGCAG,CATCTATTACCGCGGCTGCTGGC,Scalp,0,No,0,4,Dandruff,NA,41,17.53,0,SRR6215279,SRR6215279
SRR6215084,NA,NA,EXP-22-AL9791,SRR6215084,ExternalCoconutOilBacteria,39,NA,No,Indian,https://doi.org/10.1038/s41598-021-86454-1,Shampoo,Shampoo,Bangalore,India,Female,99,3,Day_112,16S,Swab,V3,Illumina,CTACTCCTACGGGAGGCAGCAG,CATCTATTACCGCGGCTGCTGGC,Scalp,0.875,No,,4,Dandruff,NA,19,17.07,1.375,SRR6215276,SRR6215276
SRR6215225,NA,NA,EXP-22-AL9791,SRR6215225,ExternalCoconutOilBacteria,32,NA,No,Indian,https://doi.org/10.1038/s41598-021-86454-1,Shampoo,Shampoo,Bangalore,India,Female,101,1,Day_0,16S,Swab,V3,Illumina,CTACTCCTACGGGAGGCAGCAG,CATCTATTACCGCGGCTGCTGGC,Scalp,3.25,No,8,4,Dandruff,NA,5,27.33,7.25,SRR6215280,SRR6215280
SRR6215080,NA,NA,EXP-22-AL9791,SRR6215080,ExternalCoconutOilBacteria,32,NA,No,Indian,https://doi.org/10.1038/s41598-021-86454-1,Shampoo,Shampoo,Bangalore,India,Female,101,2,Day_84,16S,Swab,V3,Illumina,CTACTCCTACGGGAGGCAGCAG,CATCTATTACCGCGGCTGCTGGC,Scalp,1.25,No,5,4,Dandruff,NA,8,27.23,2.75,SRR6215281,SRR6215281
SRR6215307,NA,NA,EXP-22-AL9791,SRR6215307,ExternalCoconutOilBacteria,32,NA,No,Indian,https://doi.org/10.1038/s41598-021-86454-1,Shampoo,Shampoo,Bangalore,India,Female,101,3,Day_112,16S,Swab,V3,Illumina,CTACTCCTACGGGAGGCAGCAG,CATCTATTACCGCGGCTGCTGGC,Scalp,0.75,No,,4,Dandruff,NA,32,23.6,1.75,SRR6215376,SRR6215376
SRR6215226,NA,NA,EXP-22-AL9791,SRR6215226,ExternalCoconutOilBacteria,33,NA,No,Indian,https://doi.org/10.1038/s41598-021-86454-1,Oil,Oil,Bangalore,India,Female,102,1,Day_0,16S,Swab,V3,Illumina,CTACTCCTACGGGAGGCAGCAG,CATCTATTACCGCGGCTGCTGGC,Scalp,2.75,No,7,4,Dandruff,NA,183,22.43,5.625,SRR6215375,SRR6215375
SRR6215081,NA,NA,EXP-22-AL9791,SRR6215081,ExternalCoconutOilBacteria,33,NA,No,Indian,https://doi.org/10.1038/s41598-021-86454-1,Oil,Oil,Bangalore,India,Female,102,2,Day_84,16S,Swab,V3,Illumina,CTACTCCTACGGGAGGCAGCAG,CATCTATTACCGCGGCTGCTGGC,Scalp,0,No,0,4,Dandruff,NA,17,15.53,0.25,SRR6215378,SRR6215378
SRR6215304,NA,NA,EXP-22-AL9791,SRR6215304,ExternalCoconutOilBacteria,33,NA,No,Indian,https://doi.org/10.1038/s41598-021-86454-1,Oil,Oil,Bangalore,India,Female,102,3,Day_112,16S,Swab,V3,Illumina,CTACTCCTACGGGAGGCAGCAG,CATCTATTACCGCGGCTGCTGGC,Scalp,0.125,No,,4,Dandruff,NA,41,17.53,0.5,SRR6215377,SRR6215377
SRR6215223,NA,NA,EXP-22-AL9791,SRR6215223,ExternalCoconutOilBacteria,37,NA,No,Indian,https://doi.org/10.1038/s41598-021-86454-1,Oil,Oil,Bangalore,India,Female,103,1,Day_0,16S,Swab,V3,Illumina,CTACTCCTACGGGAGGCAGCAG,CATCTATTACCGCGGCTGCTGGC,Scalp,3.5,No,5,4,Dandruff,NA,21,23.03,7.25,SRR6215380,SRR6215380
SRR6215373,NA,NA,EXP-22-AL9791,SRR6215373,ExternalCoconutOilBacteria,37,NA,No,Indian,https://doi.org/10.1038/s41598-021-86454-1,Oil,Oil,Bangalore,India,Female,103,2,Day_84,16S,Swab,V3,Illumina,CTACTCCTACGGGAGGCAGCAG,CATCTATTACCGCGGCTGCTGGC,Scalp,0,No,0,4,Dandruff,NA,71,21.17,0.125,SRR6215379,SRR6215379
SRR6215305,NA,NA,EXP-22-AL9791,SRR6215305,ExternalCoconutOilBacteria,37,NA,No,Indian,https://doi.org/10.1038/s41598-021-86454-1,Oil,Oil,Bangalore,India,Female,103,3,Day_112,16S,Swab,V3,Illumina,CTACTCCTACGGGAGGCAGCAG,CATCTATTACCGCGGCTGCTGGC,Scalp,1,No,,4,Dandruff,NA,13,21.53,2,SRR6215382,SRR6215382
SRR6215224,NA,NA,EXP-22-AL9791,SRR6215224,ExternalCoconutOilBacteria,32,NA,No,Indian,https://doi.org/10.1038/s41598-021-86454-1,Oil,Oil,Bangalore,India,Female,104,1,Day_0,16S,Swab,V3,Illumina,CTACTCCTACGGGAGGCAGCAG,CATCTATTACCGCGGCTGCTGGC,Scalp,3,No,5,4,Dandruff,NA,62,21.93,6.125,SRR6215381,SRR6215381
SRR6215374,NA,NA,EXP-22-AL9791,SRR6215374,ExternalCoconutOilBacteria,32,NA,No,Indian,https://doi.org/10.1038/s41598-021-86454-1,Oil,Oil,Bangalore,India,Female,104,2,Day_84,16S,Swab,V3,Illumina,CTACTCCTACGGGAGGCAGCAG,CATCTATTACCGCGGCTGCTGGC,Scalp,0.375,No,1,4,Dandruff,NA,38,26.67,0.875,SRR6215384,SRR6215384
SRR6215310,NA,NA,EXP-22-AL9791,SRR6215310,ExternalCoconutOilBacteria,32,NA,No,Indian,https://doi.org/10.1038/s41598-021-86454-1,Oil,Oil,Bangalore,India,Female,104,3,Day_112,16S,Swab,V3,Illumina,CTACTCCTACGGGAGGCAGCAG,CATCTATTACCGCGGCTGCTGGC,Scalp,0.125,No,,4,Dandruff,NA,45,19.67,0.25,SRR6215383,SRR6215383
SRR6215221,NA,NA,EXP-22-AL9791,SRR6215221,ExternalCoconutOilBacteria,31,NA,No,Indian,https://doi.org/10.1038/s41598-021-86454-1,Shampoo,Shampoo,Bangalore,India,Female,105,1,Day_0,16S,Swab,V3,Illumina,CTACTCCTACGGGAGGCAGCAG,CATCTATTACCGCGGCTGCTGGC,Scalp,3,No,5,4,Dandruff,NA,42,22.4,6.375,SRR6215069,SRR6215069
SRR6215367,NA,NA,EXP-22-AL9791,SRR6215367,ExternalCoconutOilBacteria,31,NA,No,Indian,https://doi.org/10.1038/s41598-021-86454-1,Shampoo,Shampoo,Bangalore,India,Female,105,2,Day_84,16S,Swab,V3,Illumina,CTACTCCTACGGGAGGCAGCAG,CATCTATTACCGCGGCTGCTGGC,Scalp,0.5,No,1,4,Dandruff,NA,5,21.57,1.25,SRR6215070,SRR6215070
SRR6215311,NA,NA,EXP-22-AL9791,SRR6215311,ExternalCoconutOilBacteria,31,NA,No,Indian,https://doi.org/10.1038/s41598-021-86454-1,Shampoo,Shampoo,Bangalore,India,Female,105,3,Day_112,16S,Swab,V3,Illumina,CTACTCCTACGGGAGGCAGCAG,CATCTATTACCGCGGCTGCTGGC,Scalp,0.875,No,,4,Dandruff,NA,9,18.93,1.125,SRR6215071,SRR6215071
SRR6215222,NA,NA,EXP-22-AL9791,SRR6215222,ExternalCoconutOilBacteria,39,NA,No,Indian,https://doi.org/10.1038/s41598-021-86454-1,Shampoo,Shampoo,Bangalore,India,Female,106,1,Day_0,16S,Swab,V3,Illumina,CTACTCCTACGGGAGGCAGCAG,CATCTATTACCGCGGCTGCTGGC,Scalp,3.75,No,6,4,Dandruff,NA,6,24.43,7.375,SRR6215072,SRR6215072
SRR6215368,NA,NA,EXP-22-AL9791,SRR6215368,ExternalCoconutOilBacteria,39,NA,No,Indian,https://doi.org/10.1038/s41598-021-86454-1,Shampoo,Shampoo,Bangalore,India,Female,106,2,Day_84,16S,Swab,V3,Illumina,CTACTCCTACGGGAGGCAGCAG,CATCTATTACCGCGGCTGCTGGC,Scalp,0.375,No,0,4,Dandruff,NA,10,25.4,0.375,SRR6215073,SRR6215073
SRR6215308,NA,NA,EXP-22-AL9791,SRR6215308,ExternalCoconutOilBacteria,39,NA,No,Indian,https://doi.org/10.1038/s41598-021-86454-1,Shampoo,Shampoo,Bangalore,India,Female,106,3,Day_112,16S,Swab,V3,Illumina,CTACTCCTACGGGAGGCAGCAG,CATCTATTACCGCGGCTGCTGGC,Scalp,1.5,No,,4,Dandruff,NA,23,10.93,2.25,SRR6215074,SRR6215074
SRR6215219,NA,NA,EXP-22-AL9791,SRR6215219,ExternalCoconutOilBacteria,37,NA,No,Indian,https://doi.org/10.1038/s41598-021-86454-1,Oil,Oil,Bangalore,India,Female,107,1,Day_0,16S,Swab,V3,Illumina,CTACTCCTACGGGAGGCAGCAG,CATCTATTACCGCGGCTGCTGGC,Scalp,4,No,6,4,Dandruff,NA,1,35.87,8,SRR6215075,SRR6215075
SRR6215369,NA,NA,EXP-22-AL9791,SRR6215369,ExternalCoconutOilBacteria,37,NA,No,Indian,https://doi.org/10.1038/s41598-021-86454-1,Oil,Oil,Bangalore,India,Female,107,2,Day_84,16S,Swab,V3,Illumina,CTACTCCTACGGGAGGCAGCAG,CATCTATTACCGCGGCTGCTGGC,Scalp,1.625,No,3,4,Dandruff,NA,4,22.27,3.125,SRR6215076,SRR6215076
SRR6215309,NA,NA,EXP-22-AL9791,SRR6215309,ExternalCoconutOilBacteria,37,NA,No,Indian,https://doi.org/10.1038/s41598-021-86454-1,Oil,Oil,Bangalore,India,Female,107,3,Day_112,16S,Swab,V3,Illumina,CTACTCCTACGGGAGGCAGCAG,CATCTATTACCGCGGCTGCTGGC,Scalp,1.75,No,,4,Dandruff,NA,13,22.1,3.25,SRR6215067,SRR6215067
SRR6215220,NA,NA,EXP-22-AL9791,SRR6215220,ExternalCoconutOilBacteria,25,NA,No,Indian,https://doi.org/10.1038/s41598-021-86454-1,Shampoo,Shampoo,Bangalore,India,Female,108,1,Day_0,16S,Swab,V3,Illumina,CTACTCCTACGGGAGGCAGCAG,CATCTATTACCGCGGCTGCTGGC,Scalp,3.125,No,8,4,Dandruff,NA,9,26.1,6.5,SRR6215068,SRR6215068
SRR6215370,NA,NA,EXP-22-AL9791,SRR6215370,ExternalCoconutOilBacteria,25,NA,No,Indian,https://doi.org/10.1038/s41598-021-86454-1,Shampoo,Shampoo,Bangalore,India,Female,108,2,Day_84,16S,Swab,V3,Illumina,CTACTCCTACGGGAGGCAGCAG,CATCTATTACCGCGGCTGCTGGC,Scalp,1.625,No,4,4,Dandruff,NA,24,26.6,3.625,SRR6215181,SRR6215181
SRR6215302,NA,NA,EXP-22-AL9791,SRR6215302,ExternalCoconutOilBacteria,25,NA,No,Indian,https://doi.org/10.1038/s41598-021-86454-1,Shampoo,Shampoo,Bangalore,India,Female,108,3,Day_112,16S,Swab,V3,Illumina,CTACTCCTACGGGAGGCAGCAG,CATCTATTACCGCGGCTGCTGGC,Scalp,0.625,No,,4,Dandruff,NA,6,15.13,1.25,SRR6215180,SRR6215180
SRR6215217,NA,NA,EXP-22-AL9791,SRR6215217,ExternalCoconutOilBacteria,37,NA,No,Indian,https://doi.org/10.1038/s41598-021-86454-1,Oil,Oil,Bangalore,India,Female,109,1,Day_0,16S,Swab,V3,Illumina,CTACTCCTACGGGAGGCAGCAG,CATCTATTACCGCGGCTGCTGGC,Scalp,2.75,No,7,4,Dandruff,NA,37,20.37,5.5,SRR6215179,SRR6215179
SRR6215363,NA,NA,EXP-22-AL9791,SRR6215363,ExternalCoconutOilBacteria,37,NA,No,Indian,https://doi.org/10.1038/s41598-021-86454-1,Oil,Oil,Bangalore,India,Female,109,2,Day_84,16S,Swab,V3,Illumina,CTACTCCTACGGGAGGCAGCAG,CATCTATTACCGCGGCTGCTGGC,Scalp,0.25,No,0,4,Dandruff,NA,18,13.37,0.25,SRR6215178,SRR6215178
SRR6215303,NA,NA,EXP-22-AL9791,SRR6215303,ExternalCoconutOilBacteria,37,NA,No,Indian,https://doi.org/10.1038/s41598-021-86454-1,Oil,Oil,Bangalore,India,Female,109,3,Day_112,16S,Swab,V3,Illumina,CTACTCCTACGGGAGGCAGCAG,CATCTATTACCGCGGCTGCTGGC,Scalp,0,No,,4,Dandruff,NA,25,16.27,0.125,SRR6215177,SRR6215177
SRR6215218,NA,NA,EXP-22-AL9791,SRR6215218,ExternalCoconutOilBacteria,34,NA,No,Indian,https://doi.org/10.1038/s41598-021-86454-1,Shampoo,Shampoo,Bangalore,India,Female,110,1,Day_0,16S,Swab,V3,Illumina,CTACTCCTACGGGAGGCAGCAG,CATCTATTACCGCGGCTGCTGGC,Scalp,2.625,No,6,4,Dandruff,NA,15,23.9,5.625,SRR6215176,SRR6215176
SRR6215364,NA,NA,EXP-22-AL9791,SRR6215364,ExternalCoconutOilBacteria,34,NA,No,Indian,https://doi.org/10.1038/s41598-021-86454-1,Shampoo,Shampoo,Bangalore,India,Female,110,2,Day_84,16S,Swab,V3,Illumina,CTACTCCTACGGGAGGCAGCAG,CATCTATTACCGCGGCTGCTGGC,Scalp,1,No,1,4,Dandruff,NA,20,26.37,1.5,SRR6215175,SRR6215175
SRR6215020,NA,NA,EXP-22-AL9791,SRR6215020,ExternalCoconutOilBacteria,34,NA,No,Indian,https://doi.org/10.1038/s41598-021-86454-1,Shampoo,Shampoo,Bangalore,India,Female,110,3,Day_112,16S,Swab,V3,Illumina,CTACTCCTACGGGAGGCAGCAG,CATCTATTACCGCGGCTGCTGGC,Scalp,0.75,No,,4,Dandruff,NA,5,13.17,1.75,SRR6215174,SRR6215174
SRR6215342,NA,NA,EXP-22-AL9791,SRR6215342,ExternalCoconutOilBacteria,31,NA,No,Indian,https://doi.org/10.1038/s41598-021-86454-1,Oil,Oil,Bangalore,India,Female,111,1,Day_0,16S,Swab,V3,Illumina,CTACTCCTACGGGAGGCAGCAG,CATCTATTACCGCGGCTGCTGGC,Scalp,4,No,8,4,Dandruff,NA,9,49.7,8,SRR6215183,SRR6215183
SRR6215352,NA,NA,EXP-22-AL9791,SRR6215352,ExternalCoconutOilBacteria,31,NA,No,Indian,https://doi.org/10.1038/s41598-021-86454-1,Oil,Oil,Bangalore,India,Female,111,2,Day_84,16S,Swab,V3,Illumina,CTACTCCTACGGGAGGCAGCAG,CATCTATTACCGCGGCTGCTGGC,Scalp,0.375,No,1,4,Dandruff,NA,56,25.53,0.75,SRR6215182,SRR6215182
SRR6215019,NA,NA,EXP-22-AL9791,SRR6215019,ExternalCoconutOilBacteria,31,NA,No,Indian,https://doi.org/10.1038/s41598-021-86454-1,Oil,Oil,Bangalore,India,Female,111,3,Day_112,16S,Swab,V3,Illumina,CTACTCCTACGGGAGGCAGCAG,CATCTATTACCGCGGCTGCTGGC,Scalp,1.875,No,,4,Dandruff,NA,26,32.97,3.375,SRR6215144,SRR6215144
SRR6215341,NA,NA,EXP-22-AL9791,SRR6215341,ExternalCoconutOilBacteria,35,NA,No,Indian,https://doi.org/10.1038/s41598-021-86454-1,Oil,Oil,Bangalore,India,Female,112,1,Day_0,16S,Swab,V3,Illumina,CTACTCCTACGGGAGGCAGCAG,CATCTATTACCGCGGCTGCTGGC,Scalp,3.75,No,7,4,Dandruff,NA,10,22.67,7.5,SRR6215145,SRR6215145
SRR6215351,NA,NA,EXP-22-AL9791,SRR6215351,ExternalCoconutOilBacteria,35,NA,No,Indian,https://doi.org/10.1038/s41598-021-86454-1,Oil,Oil,Bangalore,India,Female,112,2,Day_84,16S,Swab,V3,Illumina,CTACTCCTACGGGAGGCAGCAG,CATCTATTACCGCGGCTGCTGGC,Scalp,1.75,No,2,4,Dandruff,NA,4,9.63,3,SRR6215142,SRR6215142
SRR6215022,NA,NA,EXP-22-AL9791,SRR6215022,ExternalCoconutOilBacteria,35,NA,No,Indian,https://doi.org/10.1038/s41598-021-86454-1,Oil,Oil,Bangalore,India,Female,112,3,Day_112,16S,Swab,V3,Illumina,CTACTCCTACGGGAGGCAGCAG,CATCTATTACCGCGGCTGCTGGC,Scalp,0.75,No,,4,Dandruff,NA,20,17.7,1.75,SRR6215143,SRR6215143
SRR6215344,NA,NA,EXP-22-AL9791,SRR6215344,ExternalCoconutOilBacteria,33,NA,No,Indian,https://doi.org/10.1038/s41598-021-86454-1,Shampoo,Shampoo,Bangalore,India,Female,113,1,Day_0,16S,Swab,V3,Illumina,CTACTCCTACGGGAGGCAGCAG,CATCTATTACCGCGGCTGCTGGC,Scalp,3,No,6,4,Dandruff,NA,46,23.93,6,SRR6215140,SRR6215140
SRR6215354,NA,NA,EXP-22-AL9791,SRR6215354,ExternalCoconutOilBacteria,33,NA,No,Indian,https://doi.org/10.1038/s41598-021-86454-1,Shampoo,Shampoo,Bangalore,India,Female,113,2,Day_84,16S,Swab,V3,Illumina,CTACTCCTACGGGAGGCAGCAG,CATCTATTACCGCGGCTGCTGGC,Scalp,1.375,No,2,4,Dandruff,NA,51,12.23,2.375,SRR6215141,SRR6215141
SRR6215021,NA,NA,EXP-22-AL9791,SRR6215021,ExternalCoconutOilBacteria,33,NA,No,Indian,https://doi.org/10.1038/s41598-021-86454-1,Shampoo,Shampoo,Bangalore,India,Female,113,3,Day_112,16S,Swab,V3,Illumina,CTACTCCTACGGGAGGCAGCAG,CATCTATTACCGCGGCTGCTGGC,Scalp,1.5,No,,4,Dandruff,NA,54,15.13,2.875,SRR6215138,SRR6215138
SRR6215343,NA,NA,EXP-22-AL9791,SRR6215343,ExternalCoconutOilBacteria,31,NA,No,Indian,https://doi.org/10.1038/s41598-021-86454-1,Shampoo,Shampoo,Bangalore,India,Female,114,1,Day_0,16S,Swab,V3,Illumina,CTACTCCTACGGGAGGCAGCAG,CATCTATTACCGCGGCTGCTGGC,Scalp,3.125,No,7,4,Dandruff,NA,46,27.17,6.5,SRR6215139,SRR6215139
SRR6215353,NA,NA,EXP-22-AL9791,SRR6215353,ExternalCoconutOilBacteria,31,NA,No,Indian,https://doi.org/10.1038/s41598-021-86454-1,Shampoo,Shampoo,Bangalore,India,Female,114,2,Day_84,16S,Swab,V3,Illumina,CTACTCCTACGGGAGGCAGCAG,CATCTATTACCGCGGCTGCTGGC,Scalp,0,No,0,4,Dandruff,NA,45,13.6,0,SRR6215146,SRR6215146
SRR6215024,NA,NA,EXP-22-AL9791,SRR6215024,ExternalCoconutOilBacteria,31,NA,No,Indian,https://doi.org/10.1038/s41598-021-86454-1,Shampoo,Shampoo,Bangalore,India,Female,114,3,Day_112,16S,Swab,V3,Illumina,CTACTCCTACGGGAGGCAGCAG,CATCTATTACCGCGGCTGCTGGC,Scalp,1,No,,4,Dandruff,NA,33,13.57,1.875,SRR6215147,SRR6215147
SRR6215338,NA,NA,EXP-22-AL9791,SRR6215338,ExternalCoconutOilBacteria,26,NA,No,Indian,https://doi.org/10.1038/s41598-021-86454-1,Discontinued,Discontinued,Bangalore,India,Female,115,1,Day_0,16S,Swab,V3,Illumina,CTACTCCTACGGGAGGCAGCAG,CATCTATTACCGCGGCTGCTGGC,Scalp,3,No,5,4,Dandruff,NA,17,31.73,6.5,SRR6215239,SRR6215239
SRR6215023,NA,NA,EXP-22-AL9791,SRR6215023,ExternalCoconutOilBacteria,43,NA,No,Indian,https://doi.org/10.1038/s41598-021-86454-1,Shampoo,Shampoo,Bangalore,India,Female,117,1,Day_0,16S,Swab,V3,Illumina,CTACTCCTACGGGAGGCAGCAG,CATCTATTACCGCGGCTGCTGGC,Scalp,2.75,No,7,4,Dandruff,NA,46,17.4,5.5,SRR6215241,SRR6215241
SRR6215340,NA,NA,EXP-22-AL9791,SRR6215340,ExternalCoconutOilBacteria,43,NA,No,Indian,https://doi.org/10.1038/s41598-021-86454-1,Shampoo,Shampoo,Bangalore,India,Female,117,2,Day_84,16S,Swab,V3,Illumina,CTACTCCTACGGGAGGCAGCAG,CATCTATTACCGCGGCTGCTGGC,Scalp,0.25,No,1,4,Dandruff,NA,41,16.9,0.5,SRR6215240,SRR6215240
SRR6215356,NA,NA,EXP-22-AL9791,SRR6215356,ExternalCoconutOilBacteria,43,NA,No,Indian,https://doi.org/10.1038/s41598-021-86454-1,Shampoo,Shampoo,Bangalore,India,Female,117,3,Day_112,16S,Swab,V3,Illumina,CTACTCCTACGGGAGGCAGCAG,CATCTATTACCGCGGCTGCTGGC,Scalp,0.625,No,,4,Dandruff,NA,14,16.3,1,SRR6215235,SRR6215235
SRR6215026,NA,NA,EXP-22-AL9791,SRR6215026,ExternalCoconutOilBacteria,33,NA,No,Indian,https://doi.org/10.1038/s41598-021-86454-1,Oil,Oil,Bangalore,India,Female,118,1,Day_0,16S,Swab,V3,Illumina,CTACTCCTACGGGAGGCAGCAG,CATCTATTACCGCGGCTGCTGGC,Scalp,2.75,No,8,4,Dandruff,NA,8,23.2,5.5,SRR6215234,SRR6215234
SRR6215339,NA,NA,EXP-22-AL9791,SRR6215339,ExternalCoconutOilBacteria,33,NA,No,Indian,https://doi.org/10.1038/s41598-021-86454-1,Oil,Oil,Bangalore,India,Female,118,2,Day_84,16S,Swab,V3,Illumina,CTACTCCTACGGGAGGCAGCAG,CATCTATTACCGCGGCTGCTGGC,Scalp,0.75,No,1,4,Dandruff,NA,37,21.3,1.25,SRR6215237,SRR6215237
SRR6215355,NA,NA,EXP-22-AL9791,SRR6215355,ExternalCoconutOilBacteria,33,NA,No,Indian,https://doi.org/10.1038/s41598-021-86454-1,Oil,Oil,Bangalore,India,Female,118,3,Day_112,16S,Swab,V3,Illumina,CTACTCCTACGGGAGGCAGCAG,CATCTATTACCGCGGCTGCTGGC,Scalp,0.875,No,,4,Dandruff,NA,23,15.07,1.375,SRR6215236,SRR6215236
SRR6215025,NA,NA,EXP-22-AL9791,SRR6215025,ExternalCoconutOilBacteria,38,NA,No,Indian,https://doi.org/10.1038/s41598-021-86454-1,Shampoo,Shampoo,Bangalore,India,Female,119,1,Day_0,16S,Swab,V3,Illumina,CTACTCCTACGGGAGGCAGCAG,CATCTATTACCGCGGCTGCTGGC,Scalp,3.125,No,8,4,Dandruff,NA,1,31.47,6.125,SRR6215244,SRR6215244
SRR6215334,NA,NA,EXP-22-AL9791,SRR6215334,ExternalCoconutOilBacteria,38,NA,No,Indian,https://doi.org/10.1038/s41598-021-86454-1,Shampoo,Shampoo,Bangalore,India,Female,119,2,Day_84,16S,Swab,V3,Illumina,CTACTCCTACGGGAGGCAGCAG,CATCTATTACCGCGGCTGCTGGC,Scalp,0,No,0,4,Dandruff,NA,0,20.6,0,SRR6215243,SRR6215243
SRR6215358,NA,NA,EXP-22-AL9791,SRR6215358,ExternalCoconutOilBacteria,38,NA,No,Indian,https://doi.org/10.1038/s41598-021-86454-1,Shampoo,Shampoo,Bangalore,India,Female,119,3,Day_112,16S,Swab,V3,Illumina,CTACTCCTACGGGAGGCAGCAG,CATCTATTACCGCGGCTGCTGGC,Scalp,2.25,No,,4,Dandruff,NA,5,19.87,4.75,SRR6215103,SRR6215103
SRR6215018,NA,NA,EXP-22-AL9791,SRR6215018,ExternalCoconutOilBacteria,35,NA,No,Indian,https://doi.org/10.1038/s41598-021-86454-1,Oil,Oil,Bangalore,India,Female,120,1,Day_0,16S,Swab,V3,Illumina,CTACTCCTACGGGAGGCAGCAG,CATCTATTACCGCGGCTGCTGGC,Scalp,2.875,No,7,4,Dandruff,NA,82,22.17,5.75,SRR6215316,SRR6215316
SRR6215333,NA,NA,EXP-22-AL9791,SRR6215333,ExternalCoconutOilBacteria,35,NA,No,Indian,https://doi.org/10.1038/s41598-021-86454-1,Oil,Oil,Bangalore,India,Female,120,2,Day_84,16S,Swab,V3,Illumina,CTACTCCTACGGGAGGCAGCAG,CATCTATTACCGCGGCTGCTGGC,Scalp,0.375,No,1,4,Dandruff,NA,29,14.73,0.375,SRR6215319,SRR6215319
SRR6215357,NA,NA,EXP-22-AL9791,SRR6215357,ExternalCoconutOilBacteria,35,NA,No,Indian,https://doi.org/10.1038/s41598-021-86454-1,Oil,Oil,Bangalore,India,Female,120,3,Day_112,16S,Swab,V3,Illumina,CTACTCCTACGGGAGGCAGCAG,CATCTATTACCGCGGCTGCTGGC,Scalp,0.125,No,,4,Dandruff,NA,23,21.17,0.125,SRR6215318,SRR6215318
SRR6215017,NA,NA,EXP-22-AL9791,SRR6215017,ExternalCoconutOilBacteria,32,NA,No,Indian,https://doi.org/10.1038/s41598-021-86454-1,Oil,Oil,Bangalore,India,Female,121,1,Day_0,16S,Swab,V3,Illumina,CTACTCCTACGGGAGGCAGCAG,CATCTATTACCGCGGCTGCTGGC,Scalp,3,No,7,4,Dandruff,NA,192,22.57,5.875,SRR6215099,SRR6215099
SRR6215399,NA,NA,EXP-22-AL9791,SRR6215399,ExternalCoconutOilBacteria,32,NA,No,Indian,https://doi.org/10.1038/s41598-021-86454-1,Oil,Oil,Bangalore,India,Female,121,2,Day_84,16S,Swab,V3,Illumina,CTACTCCTACGGGAGGCAGCAG,CATCTATTACCGCGGCTGCTGGC,Scalp,0.125,No,0,4,Dandruff,NA,46,21.53,0.125,SRR6215312,SRR6215312
SRR6215350,NA,NA,EXP-22-AL9791,SRR6215350,ExternalCoconutOilBacteria,32,NA,No,Indian,https://doi.org/10.1038/s41598-021-86454-1,Oil,Oil,Bangalore,India,Female,121,3,Day_112,16S,Swab,V3,Illumina,CTACTCCTACGGGAGGCAGCAG,CATCTATTACCGCGGCTGCTGGC,Scalp,2.25,No,,4,Dandruff,NA,55,22.13,3.875,SRR6215315,SRR6215315
SRR6215152,NA,NA,EXP-22-AL9791,SRR6215152,ExternalCoconutOilBacteria,35,NA,No,Indian,https://doi.org/10.1038/s41598-021-86454-1,Shampoo,Shampoo,Bangalore,India,Female,122,1,Day_0,16S,Swab,V3,Illumina,CTACTCCTACGGGAGGCAGCAG,CATCTATTACCGCGGCTGCTGGC,Scalp,3.125,No,7,4,Dandruff,NA,49,46.33,6.25,SRR6215314,SRR6215314
SRR6215400,NA,NA,EXP-22-AL9791,SRR6215400,ExternalCoconutOilBacteria,35,NA,No,Indian,https://doi.org/10.1038/s41598-021-86454-1,Shampoo,Shampoo,Bangalore,India,Female,122,2,Day_84,16S,Swab,V3,Illumina,CTACTCCTACGGGAGGCAGCAG,CATCTATTACCGCGGCTGCTGGC,Scalp,0.375,No,1,4,Dandruff,NA,6,24.87,0.75,SRR6215321,SRR6215321
SRR6215349,NA,NA,EXP-22-AL9791,SRR6215349,ExternalCoconutOilBacteria,35,NA,No,Indian,https://doi.org/10.1038/s41598-021-86454-1,Shampoo,Shampoo,Bangalore,India,Female,122,3,Day_112,16S,Swab,V3,Illumina,CTACTCCTACGGGAGGCAGCAG,CATCTATTACCGCGGCTGCTGGC,Scalp,0.875,No,,4,Dandruff,NA,7,22.2,1.375,SRR6215320,SRR6215320
SRR6215402,NA,NA,EXP-22-AL9791,SRR6215402,ExternalCoconutOilBacteria,23,NA,No,Indian,https://doi.org/10.1038/s41598-021-86454-1,Shampoo,Shampoo,Bangalore,India,Female,124,1,Day_0,16S,Swab,V3,Illumina,CTACTCCTACGGGAGGCAGCAG,CATCTATTACCGCGGCTGCTGGC,Scalp,3,No,6,4,Dandruff,NA,43,18.27,6,SRR6215203,SRR6215203
SRR6215256,NA,NA,EXP-22-AL9791,SRR6215256,ExternalCoconutOilBacteria,23,NA,No,Indian,https://doi.org/10.1038/s41598-021-86454-1,Shampoo,Shampoo,Bangalore,India,Female,124,2,Day_84,16S,Swab,V3,Illumina,CTACTCCTACGGGAGGCAGCAG,CATCTATTACCGCGGCTGCTGGC,Scalp,0.375,No,2,4,Dandruff,NA,22,18.03,0.5,SRR6215200,SRR6215200
SRR6215153,NA,NA,EXP-22-AL9791,SRR6215153,ExternalCoconutOilBacteria,23,NA,No,Indian,https://doi.org/10.1038/s41598-021-86454-1,Shampoo,Shampoo,Bangalore,India,Female,124,3,Day_112,16S,Swab,V3,Illumina,CTACTCCTACGGGAGGCAGCAG,CATCTATTACCGCGGCTGCTGGC,Scalp,1.5,No,,4,Dandruff,NA,16,11.6,2.625,SRR6215201,SRR6215201
SRR6215395,NA,NA,EXP-22-AL9791,SRR6215395,ExternalCoconutOilBacteria,38,NA,No,Indian,https://doi.org/10.1038/s41598-021-86454-1,Oil,Oil,Bangalore,India,Female,125,1,Day_0,16S,Swab,V3,Illumina,CTACTCCTACGGGAGGCAGCAG,CATCTATTACCGCGGCTGCTGGC,Scalp,3,No,6,4,Dandruff,NA,3,24.73,6,SRR6215198,SRR6215198
SRR6215257,NA,NA,EXP-22-AL9791,SRR6215257,ExternalCoconutOilBacteria,38,NA,No,Indian,https://doi.org/10.1038/s41598-021-86454-1,Oil,Oil,Bangalore,India,Female,125,2,Day_84,16S,Swab,V3,Illumina,CTACTCCTACGGGAGGCAGCAG,CATCTATTACCGCGGCTGCTGGC,Scalp,1.25,No,3,4,Dandruff,NA,3,23.6,2.875,SRR6215199,SRR6215199
SRR6215227,NA,NA,EXP-22-AL9791,SRR6215227,ExternalCoconutOilBacteria,38,NA,No,Indian,https://doi.org/10.1038/s41598-021-86454-1,Oil,Oil,Bangalore,India,Female,125,3,Day_112,16S,Swab,V3,Illumina,CTACTCCTACGGGAGGCAGCAG,CATCTATTACCGCGGCTGCTGGC,Scalp,1.25,No,,4,Dandruff,NA,3,22.07,2.375,SRR6215196,SRR6215196
SRR6215396,NA,NA,EXP-22-AL9791,SRR6215396,ExternalCoconutOilBacteria,25,NA,No,Indian,https://doi.org/10.1038/s41598-021-86454-1,Shampoo,Shampoo,Bangalore,India,Female,126,1,Day_0,16S,Swab,V3,Illumina,CTACTCCTACGGGAGGCAGCAG,CATCTATTACCGCGGCTGCTGGC,Scalp,2.875,No,7,4,Dandruff,NA,15,28.43,5.75,SRR6215197,SRR6215197
SRR6215254,NA,NA,EXP-22-AL9791,SRR6215254,ExternalCoconutOilBacteria,25,NA,No,Indian,https://doi.org/10.1038/s41598-021-86454-1,Shampoo,Shampoo,Bangalore,India,Female,126,2,Day_84,16S,Swab,V3,Illumina,CTACTCCTACGGGAGGCAGCAG,CATCTATTACCGCGGCTGCTGGC,Scalp,0.875,No,1,4,Dandruff,NA,11,14.13,1.25,SRR6215204,SRR6215204
SRR6215155,NA,NA,EXP-22-AL9791,SRR6215155,ExternalCoconutOilBacteria,25,NA,No,Indian,https://doi.org/10.1038/s41598-021-86454-1,Shampoo,Shampoo,Bangalore,India,Female,126,3,Day_112,16S,Swab,V3,Illumina,CTACTCCTACGGGAGGCAGCAG,CATCTATTACCGCGGCTGCTGGC,Scalp,1.625,No,,4,Dandruff,NA,12,12.6,2.875,SRR6215205,SRR6215205
SRR6215397,NA,NA,EXP-22-AL9791,SRR6215397,ExternalCoconutOilBacteria,31,NA,No,Indian,https://doi.org/10.1038/s41598-021-86454-1,Oil,Oil,Bangalore,India,Female,127,1,Day_0,16S,Swab,V3,Illumina,CTACTCCTACGGGAGGCAGCAG,CATCTATTACCGCGGCTGCTGGC,Scalp,2.75,No,7,4,Dandruff,NA,34,21.73,6.5,SRR6215093,SRR6215093
SRR6215255,NA,NA,EXP-22-AL9791,SRR6215255,ExternalCoconutOilBacteria,31,NA,No,Indian,https://doi.org/10.1038/s41598-021-86454-1,Oil,Oil,Bangalore,India,Female,127,2,Day_84,16S,Swab,V3,Illumina,CTACTCCTACGGGAGGCAGCAG,CATCTATTACCGCGGCTGCTGGC,Scalp,0.75,No,1,4,Dandruff,NA,3,23.7,0.75,SRR6215092,SRR6215092
SRR6215148,NA,NA,EXP-22-AL9791,SRR6215148,ExternalCoconutOilBacteria,31,NA,No,Indian,https://doi.org/10.1038/s41598-021-86454-1,Oil,Oil,Bangalore,India,Female,127,3,Day_112,16S,Swab,V3,Illumina,CTACTCCTACGGGAGGCAGCAG,CATCTATTACCGCGGCTGCTGGC,Scalp,1.5,No,,4,Dandruff,NA,50,12.87,2.625,SRR6215348,SRR6215348
SRR6215398,NA,NA,EXP-22-AL9791,SRR6215398,ExternalCoconutOilBacteria,29,NA,No,Indian,https://doi.org/10.1038/s41598-021-86454-1,Shampoo,Shampoo,Bangalore,India,Female,128,1,Day_0,16S,Swab,V3,Illumina,CTACTCCTACGGGAGGCAGCAG,CATCTATTACCGCGGCTGCTGGC,Scalp,3,No,6,4,Dandruff,NA,55,23.83,6.625,SRR6215347,SRR6215347
SRR6215260,NA,NA,EXP-22-AL9791,SRR6215260,ExternalCoconutOilBacteria,29,NA,No,Indian,https://doi.org/10.1038/s41598-021-86454-1,Shampoo,Shampoo,Bangalore,India,Female,128,2,Day_84,16S,Swab,V3,Illumina,CTACTCCTACGGGAGGCAGCAG,CATCTATTACCGCGGCTGCTGGC,Scalp,1.875,No,3,4,Dandruff,NA,7,18.2,4,SRR6215097,SRR6215097
SRR6215149,NA,NA,EXP-22-AL9791,SRR6215149,ExternalCoconutOilBacteria,29,NA,No,Indian,https://doi.org/10.1038/s41598-021-86454-1,Shampoo,Shampoo,Bangalore,India,Female,128,3,Day_112,16S,Swab,V3,Illumina,CTACTCCTACGGGAGGCAGCAG,CATCTATTACCGCGGCTGCTGGC,Scalp,1.5,No,,4,Dandruff,NA,2,23.5,2.75,SRR6215096,SRR6215096
SRR6215403,NA,NA,EXP-22-AL9791,SRR6215403,ExternalCoconutOilBacteria,35,NA,No,Indian,https://doi.org/10.1038/s41598-021-86454-1,Shampoo,Shampoo,Bangalore,India,Female,129,1,Day_0,16S,Swab,V3,Illumina,CTACTCCTACGGGAGGCAGCAG,CATCTATTACCGCGGCTGCTGGC,Scalp,3.125,No,6,4,Dandruff,NA,46,21.7,7,SRR6215095,SRR6215095
SRR6215261,NA,NA,EXP-22-AL9791,SRR6215261,ExternalCoconutOilBacteria,35,NA,No,Indian,https://doi.org/10.1038/s41598-021-86454-1,Shampoo,Shampoo,Bangalore,India,Female,129,2,Day_84,16S,Swab,V3,Illumina,CTACTCCTACGGGAGGCAGCAG,CATCTATTACCGCGGCTGCTGGC,Scalp,2,No,4,4,Dandruff,NA,32,28.87,3.5,SRR6215094,SRR6215094
SRR6215150,NA,NA,EXP-22-AL9791,SRR6215150,ExternalCoconutOilBacteria,35,NA,No,Indian,https://doi.org/10.1038/s41598-021-86454-1,Shampoo,Shampoo,Bangalore,India,Female,129,3,Day_112,16S,Swab,V3,Illumina,CTACTCCTACGGGAGGCAGCAG,CATCTATTACCGCGGCTGCTGGC,Scalp,1.25,No,,4,Dandruff,NA,39,13.57,2.625,SRR6215346,SRR6215346
SRR6215404,NA,NA,EXP-22-AL9791,SRR6215404,ExternalCoconutOilBacteria,38,NA,No,Indian,https://doi.org/10.1038/s41598-021-86454-1,Oil,Oil,Bangalore,India,Female,130,1,Day_0,16S,Swab,V3,Illumina,CTACTCCTACGGGAGGCAGCAG,CATCTATTACCGCGGCTGCTGGC,Scalp,3.25,No,7,4,Dandruff,NA,12,32.07,7,SRR6215084,SRR6215084
SRR6215258,NA,NA,EXP-22-AL9791,SRR6215258,ExternalCoconutOilBacteria,38,NA,No,Indian,https://doi.org/10.1038/s41598-021-86454-1,Oil,Oil,Bangalore,India,Female,130,2,Day_84,16S,Swab,V3,Illumina,CTACTCCTACGGGAGGCAGCAG,CATCTATTACCGCGGCTGCTGGC,Scalp,2.5,No,4,4,Dandruff,NA,2,28.33,4.875,SRR6215080,SRR6215080
SRR6215151,NA,NA,EXP-22-AL9791,SRR6215151,ExternalCoconutOilBacteria,38,NA,No,Indian,https://doi.org/10.1038/s41598-021-86454-1,Oil,Oil,Bangalore,India,Female,130,3,Day_112,16S,Swab,V3,Illumina,CTACTCCTACGGGAGGCAGCAG,CATCTATTACCGCGGCTGCTGGC,Scalp,1.75,No,,4,Dandruff,NA,1,22.47,3.125,SRR6215081,SRR6215081
SRR6215127,NA,NA,EXP-22-AL9791,SRR6215127,ExternalCoconutOilBacteria,43,NA,No,Indian,https://doi.org/10.1038/s41598-021-86454-1,Shampoo,Shampoo,Bangalore,India,Female,131,1,Day_0,16S,Swab,V3,Illumina,CTACTCCTACGGGAGGCAGCAG,CATCTATTACCGCGGCTGCTGGC,Scalp,2.75,No,7,4,Dandruff,NA,28,19.07,5.75,SRR6215373,SRR6215373
SRR6215259,NA,NA,EXP-22-AL9791,SRR6215259,ExternalCoconutOilBacteria,43,NA,No,Indian,https://doi.org/10.1038/s41598-021-86454-1,Shampoo,Shampoo,Bangalore,India,Female,131,2,Day_84,16S,Swab,V3,Illumina,CTACTCCTACGGGAGGCAGCAG,CATCTATTACCGCGGCTGCTGGC,Scalp,2.125,No,2,4,Dandruff,NA,119,22.6,4.5,SRR6215374,SRR6215374
SRR6215233,NA,NA,EXP-22-AL9791,SRR6215233,ExternalCoconutOilBacteria,43,NA,No,Indian,https://doi.org/10.1038/s41598-021-86454-1,Shampoo,Shampoo,Bangalore,India,Female,131,3,Day_112,16S,Swab,V3,Illumina,CTACTCCTACGGGAGGCAGCAG,CATCTATTACCGCGGCTGCTGGC,Scalp,0.125,No,,4,Dandruff,NA,46,9.67,0.25,SRR6215367,SRR6215367
SRR6215126,NA,NA,EXP-22-AL9791,SRR6215126,ExternalCoconutOilBacteria,45,NA,No,Indian,https://doi.org/10.1038/s41598-021-86454-1,Oil,Oil,Bangalore,India,Female,132,1,Day_0,16S,Swab,V3,Illumina,CTACTCCTACGGGAGGCAGCAG,CATCTATTACCGCGGCTGCTGGC,Scalp,3.5,No,6,4,Dandruff,NA,56,19.13,7,SRR6215368,SRR6215368
SRR6215248,NA,NA,EXP-22-AL9791,SRR6215248,ExternalCoconutOilBacteria,45,NA,No,Indian,https://doi.org/10.1038/s41598-021-86454-1,Oil,Oil,Bangalore,India,Female,132,2,Day_84,16S,Swab,V3,Illumina,CTACTCCTACGGGAGGCAGCAG,CATCTATTACCGCGGCTGCTGGC,Scalp,1.5,No,1,4,Dandruff,NA,12,18.6,2.875,SRR6215369,SRR6215369
SRR6215161,NA,NA,EXP-22-AL9791,SRR6215161,ExternalCoconutOilBacteria,45,NA,No,Indian,https://doi.org/10.1038/s41598-021-86454-1,Oil,Oil,Bangalore,India,Female,132,3,Day_112,16S,Swab,V3,Illumina,CTACTCCTACGGGAGGCAGCAG,CATCTATTACCGCGGCTGCTGGC,Scalp,1.5,No,,4,Dandruff,NA,14,12.77,2.625,SRR6215370,SRR6215370
SRR6215125,NA,NA,EXP-22-AL9791,SRR6215125,ExternalCoconutOilBacteria,37,NA,No,Indian,https://doi.org/10.1038/s41598-021-86454-1,Oil,Oil,Bangalore,India,Female,133,1,Day_0,16S,Swab,V3,Illumina,CTACTCCTACGGGAGGCAGCAG,CATCTATTACCGCGGCTGCTGGC,Scalp,3,No,6,4,Dandruff,NA,190,21.77,6.75,SRR6215363,SRR6215363
SRR6215249,NA,NA,EXP-22-AL9791,SRR6215249,ExternalCoconutOilBacteria,37,NA,No,Indian,https://doi.org/10.1038/s41598-021-86454-1,Oil,Oil,Bangalore,India,Female,133,2,Day_84,16S,Swab,V3,Illumina,CTACTCCTACGGGAGGCAGCAG,CATCTATTACCGCGGCTGCTGGC,Scalp,1.5,No,1,4,Dandruff,NA,16,10.33,2,SRR6215364,SRR6215364
SRR6215111,NA,NA,EXP-22-AL9791,SRR6215111,ExternalCoconutOilBacteria,37,NA,No,Indian,https://doi.org/10.1038/s41598-021-86454-1,Oil,Oil,Bangalore,India,Female,133,3,Day_112,16S,Swab,V3,Illumina,CTACTCCTACGGGAGGCAGCAG,CATCTATTACCGCGGCTGCTGGC,Scalp,1.375,No,,4,Dandruff,NA,7,8.73,2.125,SRR6215352,SRR6215352
SRR6215124,NA,NA,EXP-22-AL9791,SRR6215124,ExternalCoconutOilBacteria,25,NA,No,Indian,https://doi.org/10.1038/s41598-021-86454-1,Shampoo,Shampoo,Bangalore,India,Female,134,1,Day_0,16S,Swab,V3,Illumina,CTACTCCTACGGGAGGCAGCAG,CATCTATTACCGCGGCTGCTGGC,Scalp,3.125,No,6,4,Dandruff,NA,19,13.73,6.875,SRR6215351,SRR6215351
SRR6215163,NA,NA,EXP-22-AL9791,SRR6215163,ExternalCoconutOilBacteria,25,NA,No,Indian,https://doi.org/10.1038/s41598-021-86454-1,Shampoo,Shampoo,Bangalore,India,Female,134,2,Day_84,16S,Swab,V3,Illumina,CTACTCCTACGGGAGGCAGCAG,CATCTATTACCGCGGCTGCTGGC,Scalp,0.375,No,1,4,Dandruff,NA,29,19.77,0.5,SRR6215354,SRR6215354
SRR6215108,NA,NA,EXP-22-AL9791,SRR6215108,ExternalCoconutOilBacteria,25,NA,No,Indian,https://doi.org/10.1038/s41598-021-86454-1,Shampoo,Shampoo,Bangalore,India,Female,134,3,Day_112,16S,Swab,V3,Illumina,CTACTCCTACGGGAGGCAGCAG,CATCTATTACCGCGGCTGCTGGC,Scalp,0.5,No,,4,Dandruff,NA,29,10.9,0.5,SRR6215353,SRR6215353
SRR6215131,NA,NA,EXP-22-AL9791,SRR6215131,ExternalCoconutOilBacteria,40,NA,No,Indian,https://doi.org/10.1038/s41598-021-86454-1,Shampoo,Shampoo,Bangalore,India,Female,135,1,Day_0,16S,Swab,V3,Illumina,CTACTCCTACGGGAGGCAGCAG,CATCTATTACCGCGGCTGCTGGC,Scalp,3.375,No,6,4,Dandruff,NA,19,30.83,6.625,SRR6215356,SRR6215356
SRR6215162,NA,NA,EXP-22-AL9791,SRR6215162,ExternalCoconutOilBacteria,40,NA,No,Indian,https://doi.org/10.1038/s41598-021-86454-1,Shampoo,Shampoo,Bangalore,India,Female,135,2,Day_84,16S,Swab,V3,Illumina,CTACTCCTACGGGAGGCAGCAG,CATCTATTACCGCGGCTGCTGGC,Scalp,1.625,No,2,4,Dandruff,NA,49,17.73,3.25,SRR6215355,SRR6215355
SRR6215247,NA,NA,EXP-22-AL9791,SRR6215247,ExternalCoconutOilBacteria,40,NA,No,Indian,https://doi.org/10.1038/s41598-021-86454-1,Shampoo,Shampoo,Bangalore,India,Female,135,3,Day_112,16S,Swab,V3,Illumina,CTACTCCTACGGGAGGCAGCAG,CATCTATTACCGCGGCTGCTGGC,Scalp,1.125,No,,4,Dandruff,NA,47,29.03,1.75,SRR6215358,SRR6215358
SRR6215130,NA,NA,EXP-22-AL9791,SRR6215130,ExternalCoconutOilBacteria,30,NA,No,Indian,https://doi.org/10.1038/s41598-021-86454-1,Shampoo,Shampoo,Bangalore,India,Female,136,1,Day_0,16S,Swab,V3,Illumina,CTACTCCTACGGGAGGCAGCAG,CATCTATTACCGCGGCTGCTGGC,Scalp,2.875,No,8,4,Dandruff,NA,26,24.63,6.5,SRR6215357,SRR6215357
SRR6215207,NA,NA,EXP-22-AL9791,SRR6215207,ExternalCoconutOilBacteria,30,NA,No,Indian,https://doi.org/10.1038/s41598-021-86454-1,Shampoo,Shampoo,Bangalore,India,Female,136,2,Day_84,16S,Swab,V3,Illumina,CTACTCCTACGGGAGGCAGCAG,CATCTATTACCGCGGCTGCTGGC,Scalp,0,No,0,4,Dandruff,NA,23,18.63,0,SRR6215350,SRR6215350
SRR6215246,NA,NA,EXP-22-AL9791,SRR6215246,ExternalCoconutOilBacteria,30,NA,No,Indian,https://doi.org/10.1038/s41598-021-86454-1,Shampoo,Shampoo,Bangalore,India,Female,136,3,Day_112,16S,Swab,V3,Illumina,CTACTCCTACGGGAGGCAGCAG,CATCTATTACCGCGGCTGCTGGC,Scalp,0.875,No,,4,Dandruff,NA,38,19.47,1.125,SRR6215349,SRR6215349
SRR6215129,NA,NA,EXP-22-AL9791,SRR6215129,ExternalCoconutOilBacteria,33,NA,No,Indian,https://doi.org/10.1038/s41598-021-86454-1,Oil,Oil,Bangalore,India,Female,137,1,Day_0,16S,Swab,V3,Illumina,CTACTCCTACGGGAGGCAGCAG,CATCTATTACCGCGGCTGCTGGC,Scalp,3.25,No,8,4,Dandruff,NA,29,24.9,7.25,SRR6215256,SRR6215256
SRR6215160,NA,NA,EXP-22-AL9791,SRR6215160,ExternalCoconutOilBacteria,33,NA,No,Indian,https://doi.org/10.1038/s41598-021-86454-1,Oil,Oil,Bangalore,India,Female,137,2,Day_84,16S,Swab,V3,Illumina,CTACTCCTACGGGAGGCAGCAG,CATCTATTACCGCGGCTGCTGGC,Scalp,0.375,No,0,4,Dandruff,NA,31,20.6,0.375,SRR6215257,SRR6215257
SRR6215253,NA,NA,EXP-22-AL9791,SRR6215253,ExternalCoconutOilBacteria,33,NA,No,Indian,https://doi.org/10.1038/s41598-021-86454-1,Oil,Oil,Bangalore,India,Female,137,3,Day_112,16S,Swab,V3,Illumina,CTACTCCTACGGGAGGCAGCAG,CATCTATTACCGCGGCTGCTGGC,Scalp,1.75,No,,4,Dandruff,NA,16,21.3,3,SRR6215254,SRR6215254
SRR6215128,NA,NA,EXP-22-AL9791,SRR6215128,ExternalCoconutOilBacteria,20,NA,No,Indian,https://doi.org/10.1038/s41598-021-86454-1,Oil,Oil,Bangalore,India,Female,138,1,Day_0,16S,Swab,V3,Illumina,CTACTCCTACGGGAGGCAGCAG,CATCTATTACCGCGGCTGCTGGC,Scalp,3.125,No,6,4,Dandruff,NA,7,23,6.625,SRR6215255,SRR6215255
SRR6215159,NA,NA,EXP-22-AL9791,SRR6215159,ExternalCoconutOilBacteria,20,NA,No,Indian,https://doi.org/10.1038/s41598-021-86454-1,Oil,Oil,Bangalore,India,Female,138,2,Day_84,16S,Swab,V3,Illumina,CTACTCCTACGGGAGGCAGCAG,CATCTATTACCGCGGCTGCTGGC,Scalp,1.375,No,2,4,Dandruff,NA,15,19.83,2.875,SRR6215260,SRR6215260
SRR6215252,NA,NA,EXP-22-AL9791,SRR6215252,ExternalCoconutOilBacteria,20,NA,No,Indian,https://doi.org/10.1038/s41598-021-86454-1,Oil,Oil,Bangalore,India,Female,138,3,Day_112,16S,Swab,V3,Illumina,CTACTCCTACGGGAGGCAGCAG,CATCTATTACCGCGGCTGCTGGC,Scalp,1.25,No,,4,Dandruff,NA,7,18.57,1.75,SRR6215261,SRR6215261
SRR6215133,NA,NA,EXP-22-AL9791,SRR6215133,ExternalCoconutOilBacteria,22,NA,No,Indian,https://doi.org/10.1038/s41598-021-86454-1,Oil,Oil,Bangalore,India,Female,139,1,Day_0,16S,Swab,V3,Illumina,CTACTCCTACGGGAGGCAGCAG,CATCTATTACCGCGGCTGCTGGC,Scalp,3.625,No,6,4,Dandruff,NA,12,22.67,7.375,SRR6215258,SRR6215258
SRR6215158,NA,NA,EXP-22-AL9791,SRR6215158,ExternalCoconutOilBacteria,22,NA,No,Indian,https://doi.org/10.1038/s41598-021-86454-1,Oil,Oil,Bangalore,India,Female,139,2,Day_84,16S,Swab,V3,Illumina,CTACTCCTACGGGAGGCAGCAG,CATCTATTACCGCGGCTGCTGGC,Scalp,1.875,No,2,4,Dandruff,NA,37,24.37,3.375,SRR6215259,SRR6215259
SRR6215251,NA,NA,EXP-22-AL9791,SRR6215251,ExternalCoconutOilBacteria,22,NA,No,Indian,https://doi.org/10.1038/s41598-021-86454-1,Oil,Oil,Bangalore,India,Female,139,3,Day_112,16S,Swab,V3,Illumina,CTACTCCTACGGGAGGCAGCAG,CATCTATTACCGCGGCTGCTGGC,Scalp,1.375,No,,4,Dandruff,NA,19,12.07,2,SRR6215248,SRR6215248
SRR6215132,NA,NA,EXP-22-AL9791,SRR6215132,ExternalCoconutOilBacteria,28,NA,No,Indian,https://doi.org/10.1038/s41598-021-86454-1,Shampoo,Shampoo,Bangalore,India,Female,140,1,Day_0,16S,Swab,V3,Illumina,CTACTCCTACGGGAGGCAGCAG,CATCTATTACCGCGGCTGCTGGC,Scalp,3,No,6,4,Dandruff,NA,1,24.87,6.625,SRR6215249,SRR6215249
SRR6215157,NA,NA,EXP-22-AL9791,SRR6215157,ExternalCoconutOilBacteria,28,NA,No,Indian,https://doi.org/10.1038/s41598-021-86454-1,Shampoo,Shampoo,Bangalore,India,Female,140,2,Day_84,16S,Swab,V3,Illumina,CTACTCCTACGGGAGGCAGCAG,CATCTATTACCGCGGCTGCTGGC,Scalp,1.125,No,1,4,Dandruff,NA,28,24.53,1.625,SRR6215163,SRR6215163
SRR6215250,NA,NA,EXP-22-AL9791,SRR6215250,ExternalCoconutOilBacteria,28,NA,No,Indian,https://doi.org/10.1038/s41598-021-86454-1,Shampoo,Shampoo,Bangalore,India,Female,140,3,Day_112,16S,Swab,V3,Illumina,CTACTCCTACGGGAGGCAGCAG,CATCTATTACCGCGGCTGCTGGC,Scalp,0.875,No,,4,Dandruff,NA,34,15.6,1.25,SRR6215162,SRR6215162
