#SampleID,BarcodeSequence,LinkerPrimerSequence,ELN,UnileverSampleID,UnileverStudyNumber,UnileverStudyName,ExternalStudyNumber,ControlSample,ControlID,SampleCollectionDate,SampleCollectionCountry,SampleCollectionCity,SubjectID,Age,Height,Weight,BMI,Sex,Smoker,SmokerInHouse,Ethnicity,FitzpatrickGroup,Menopause,PetsInHouse,WorksWithAnimals,Product,ProductCode,ProductType,Timepoint,TimepointName,InvestigationType,SampleType,VariableRegion,SequencingPlatform,ForwardPrimer,ReversePrimer,Corneometer_Fossa,Corneometer_Vault,ImageCaptured,IL1a,SERPIN_B3,IL8,VisualDryness,VisualErythema,Bodysite,SampleSite,SampleSide,SampleCollectionArea,SkinCondition,MMS,MMSBin,MMSMicroDay,Description
Sample_its_001,NA,NA,EXP-22-AE2399,21001,DEO-CON-3690,BeautifulUnderarms2021,214784,No,NA,09_06_2021,Scotland,Edinburgh,1001,53,NA,NA,NA,Female,NA,NA,Caucasian,NA,NA,NA,NA,OwnProduct,OwnProduct,UnderarmStick,1,Offthestreet,ITS,BufferScrub,ITS,Illumina,CTTGGTCATTTAGAGGAAGTAA,GCTGCGTTCTTCATCGATGG,NA,NA,No,NA,NA,NA,NA,NA,Axilla,Axilla,Left,2.83,Healthy,NA,NA,NA,Sample_001_Buffer_scrub_1001_L_V1
Sample_its_002,NA,NA,EXP-22-AE2399,21002,DEO-CON-3690,BeautifulUnderarms2021,214784,No,NA,09_06_2021,Scotland,Edinburgh,1001,53,NA,NA,NA,Female,NA,NA,Caucasian,NA,NA,NA,NA,OwnProduct,OwnProduct,UnderarmStick,1,Offthestreet,ITS,BufferScrub,ITS,Illumina,CTTGGTCATTTAGAGGAAGTAA,GCTGCGTTCTTCATCGATGG,NA,NA,No,NA,NA,NA,NA,NA,Axilla,Axilla,Right,2.83,Healthy,NA,NA,NA,Sample_002_Buffer_scrub_1001_R_V1
Sample_its_003,NA,NA,EXP-22-AE2399,21003,DEO-CON-3690,BeautifulUnderarms2021,214784,No,NA,23_06_2021,Scotland,Edinburgh,1001,53,NA,NA,NA,Female,NA,NA,Caucasian,NA,NA,NA,NA,WOProv,WOProv,UnderarmStick,2,Baseline,ITS,BufferScrub,ITS,Illumina,CTTGGTCATTTAGAGGAAGTAA,GCTGCGTTCTTCATCGATGG,19.87,19.75,No,12.18,19.71,0.05,0.5,1.5,Axilla,Axilla,Left,2.83,Healthy,NA,NA,NA,Sample_003_Buffer_scrub_1001_L_V2
Sample_its_004,NA,NA,EXP-22-AE2399,21004,DEO-CON-3690,BeautifulUnderarms2021,214784,No,NA,23_06_2021,Scotland,Edinburgh,1001,53,NA,NA,NA,Female,NA,NA,Caucasian,NA,NA,NA,NA,WOProv,WOProv,UnderarmStick,2,Baseline,ITS,BufferScrub,ITS,Illumina,CTTGGTCATTTAGAGGAAGTAA,GCTGCGTTCTTCATCGATGG,22.05,22.22,No,14.33,17.25,0.04,0.5,2,Axilla,Axilla,Right,2.83,Healthy,NA,NA,NA,Sample_004_Buffer_scrub_1001_R_V2
Sample_its_005,NA,NA,EXP-22-AE2399,21005,DEO-CON-3690,BeautifulUnderarms2021,214784,No,NA,30_06_2021,Scotland,Edinburgh,1001,53,NA,NA,NA,Female,NA,NA,Caucasian,NA,NA,NA,NA,DoveAdvancedCareAluminium,L82,UnderarmStick,5,PostProvocation,ITS,BufferScrub,ITS,Illumina,CTTGGTCATTTAGAGGAAGTAA,GCTGCGTTCTTCATCGATGG,21.27,17.68,No,7.23,5.73,0.1,1.5,3,Axilla,Axilla,Left,2.83,Healthy,NA,NA,NA,Sample_005_Buffer_scrub_1001_L_V5
Sample_its_006,NA,NA,EXP-22-AE2399,21006,DEO-CON-3690,BeautifulUnderarms2021,214784,No,NA,07_07_2021,Scotland,Edinburgh,1001,53,NA,NA,NA,Female,NA,NA,Caucasian,NA,NA,NA,NA,DoveAdvancedCareAluminium,L82,UnderarmStick,8,Recovery1,ITS,BufferScrub,ITS,Illumina,CTTGGTCATTTAGAGGAAGTAA,GCTGCGTTCTTCATCGATGG,21.63,20.33,No,NA,NA,NA,1,2.5,Axilla,Axilla,Left,2.83,Healthy,NA,NA,NA,Sample_006_Buffer_scrub_1001_L_V8
Sample_its_007,NA,NA,EXP-22-AE2399,21007,DEO-CON-3690,BeautifulUnderarms2021,214784,No,NA,14_07_2021,Scotland,Edinburgh,1001,53,NA,NA,NA,Female,NA,NA,Caucasian,NA,NA,NA,NA,DoveAdvancedCareAluminium,L82,UnderarmStick,11,Recovery2,ITS,BufferScrub,ITS,Illumina,CTTGGTCATTTAGAGGAAGTAA,GCTGCGTTCTTCATCGATGG,20.17,22.85,No,6.35,26.71,0.04,0.5,2,Axilla,Axilla,Left,2.83,Healthy,NA,NA,NA,Sample_007_Buffer_scrub_1001_L_V11
Sample_its_008,NA,NA,EXP-22-AE2399,21008,DEO-CON-3690,BeautifulUnderarms2021,214784,No,NA,14_07_2021,Scotland,Edinburgh,1001,53,NA,NA,NA,Female,NA,NA,Caucasian,NA,NA,NA,NA,Dove0%,B11,UnderarmStick,11,Recovery2,ITS,BufferScrub,ITS,Illumina,CTTGGTCATTTAGAGGAAGTAA,GCTGCGTTCTTCATCGATGG,35.12,28.5,No,12.54,26.71,0.11,0.5,3,Axilla,Axilla,Right,2.83,Healthy,NA,NA,NA,Sample_008_Buffer_scrub_1001_R_V11
Sample_its_009,NA,NA,EXP-22-AE2399,21009,DEO-CON-3690,BeautifulUnderarms2021,214784,No,NA,09_06_2021,Scotland,Edinburgh,1002,49,NA,NA,NA,Female,NA,NA,Caucasian,NA,NA,NA,NA,OwnProduct,OwnProduct,UnderarmStick,1,Offthestreet,ITS,BufferScrub,ITS,Illumina,CTTGGTCATTTAGAGGAAGTAA,GCTGCGTTCTTCATCGATGG,NA,NA,No,NA,NA,NA,NA,NA,Axilla,Axilla,Left,2.83,Healthy,NA,NA,NA,Sample_009_Buffer_scrub_1002_L_V1
Sample_its_010,NA,NA,EXP-22-AE2399,21010,DEO-CON-3690,BeautifulUnderarms2021,214784,No,NA,09_06_2021,Scotland,Edinburgh,1002,49,NA,NA,NA,Female,NA,NA,Caucasian,NA,NA,NA,NA,OwnProduct,OwnProduct,UnderarmStick,1,Offthestreet,ITS,BufferScrub,ITS,Illumina,CTTGGTCATTTAGAGGAAGTAA,GCTGCGTTCTTCATCGATGG,NA,NA,No,NA,NA,NA,NA,NA,Axilla,Axilla,Right,2.83,Healthy,NA,NA,NA,Sample_010_Buffer_scrub_1002_R_V1
Sample_its_011,NA,NA,EXP-22-AE2399,21011,DEO-CON-3690,BeautifulUnderarms2021,214784,No,NA,23_06_2021,Scotland,Edinburgh,1002,49,NA,NA,NA,Female,NA,NA,Caucasian,NA,NA,NA,NA,WOProv,WOProv,UnderarmStick,2,Baseline,ITS,BufferScrub,ITS,Illumina,CTTGGTCATTTAGAGGAAGTAA,GCTGCGTTCTTCATCGATGG,25.98,25.48,No,13.32,33.32,0.09,0,2,Axilla,Axilla,Left,2.83,Healthy,NA,NA,NA,Sample_011_Buffer_scrub_1002_L_V2
Sample_its_012,NA,NA,EXP-22-AE2399,21012,DEO-CON-3690,BeautifulUnderarms2021,214784,No,NA,23_06_2021,Scotland,Edinburgh,1002,49,NA,NA,NA,Female,NA,NA,Caucasian,NA,NA,NA,NA,WOProv,WOProv,UnderarmStick,2,Baseline,ITS,BufferScrub,ITS,Illumina,CTTGGTCATTTAGAGGAAGTAA,GCTGCGTTCTTCATCGATGG,19.77,21.7,No,11.33,44.99,0.07,0,2,Axilla,Axilla,Right,2.83,Healthy,NA,NA,NA,Sample_012_Buffer_scrub_1002_R_V2
Sample_its_013,NA,NA,EXP-22-AE2399,21013,DEO-CON-3690,BeautifulUnderarms2021,214784,No,NA,30_06_2021,Scotland,Edinburgh,1002,49,NA,NA,NA,Female,NA,NA,Caucasian,NA,NA,NA,NA,Dove0%,B11,UnderarmStick,5,PostProvocation,ITS,BufferScrub,ITS,Illumina,CTTGGTCATTTAGAGGAAGTAA,GCTGCGTTCTTCATCGATGG,18.2,13.7,No,13.24,91.11,0.31,1,3,Axilla,Axilla,Left,2.83,Healthy,NA,NA,NA,Sample_013_Buffer_scrub_1002_L_V5
Sample_its_014,NA,NA,EXP-22-AE2399,21014,DEO-CON-3690,BeautifulUnderarms2021,214784,No,NA,30_06_2021,Scotland,Edinburgh,1002,49,NA,NA,NA,Female,NA,NA,Caucasian,NA,NA,NA,NA,DoveAdvancedCareAluminium,L82,UnderarmStick,5,PostProvocation,ITS,BufferScrub,ITS,Illumina,CTTGGTCATTTAGAGGAAGTAA,GCTGCGTTCTTCATCGATGG,15.18,11.27,No,25.12,144.65,0.3,1,2.5,Axilla,Axilla,Right,2.83,Healthy,NA,NA,NA,Sample_014_Buffer_scrub_1002_R_V5
Sample_its_015,NA,NA,EXP-22-AE2399,21015,DEO-CON-3690,BeautifulUnderarms2021,214784,No,NA,07_07_2021,Scotland,Edinburgh,1002,49,NA,NA,NA,Female,NA,NA,Caucasian,NA,NA,NA,NA,Dove0%,B11,UnderarmStick,8,Recovery1,ITS,BufferScrub,ITS,Illumina,CTTGGTCATTTAGAGGAAGTAA,GCTGCGTTCTTCATCGATGG,24.1,19.75,No,NA,NA,NA,0,3.5,Axilla,Axilla,Left,2.83,Healthy,NA,NA,NA,Sample_015_Buffer_scrub_1002_L_V8
Sample_its_016,NA,NA,EXP-22-AE2399,21016,DEO-CON-3690,BeautifulUnderarms2021,214784,No,NA,07_07_2021,Scotland,Edinburgh,1002,39,NA,NA,NA,Female,NA,NA,Caucasian,NA,NA,NA,NA,DoveAdvancedCareAluminium,L82,UnderarmStick,8,Recovery1,ITS,BufferScrub,ITS,Illumina,CTTGGTCATTTAGAGGAAGTAA,GCTGCGTTCTTCATCGATGG,21.03,19.72,No,NA,NA,NA,0,2,Axilla,Axilla,Right,2.83,Healthy,NA,NA,NA,Sample_016_Buffer_scrub_1002_R_V8
Sample_its_017,NA,NA,EXP-22-AE2399,21017,DEO-CON-3690,BeautifulUnderarms2021,214784,No,NA,14_07_2021,Scotland,Edinburgh,1002,49,NA,NA,NA,Female,NA,NA,Caucasian,NA,NA,NA,NA,Dove0%,B11,UnderarmStick,11,Recovery2,ITS,BufferScrub,ITS,Illumina,CTTGGTCATTTAGAGGAAGTAA,GCTGCGTTCTTCATCGATGG,19.05,14.6,No,16.41,55.19,0.2,0,3,Axilla,Axilla,Left,2.83,Healthy,NA,NA,NA,Sample_017_Buffer_scrub_1002_L_V11
Sample_its_018,NA,NA,EXP-22-AE2399,21018,DEO-CON-3690,BeautifulUnderarms2021,214784,No,NA,14_07_2021,Scotland,Edinburgh,1002,49,NA,NA,NA,Female,NA,NA,Caucasian,NA,NA,NA,NA,DoveAdvancedCareAluminium,L82,UnderarmStick,11,Recovery2,ITS,BufferScrub,ITS,Illumina,CTTGGTCATTTAGAGGAAGTAA,GCTGCGTTCTTCATCGATGG,21.7,21.2,No,NA,NA,NA,0,1,Axilla,Axilla,Right,2.83,Healthy,NA,NA,NA,Sample_018_Buffer_scrub_1002_R_V11
Sample_its_019,NA,NA,EXP-22-AE2399,21019,DEO-CON-3690,BeautifulUnderarms2021,214784,No,NA,09_06_2021,Scotland,Edinburgh,1004,50,NA,NA,NA,Female,NA,NA,Caucasian,NA,NA,NA,NA,OwnProduct,OwnProduct,UnderarmStick,1,Offthestreet,ITS,BufferScrub,ITS,Illumina,CTTGGTCATTTAGAGGAAGTAA,GCTGCGTTCTTCATCGATGG,NA,NA,No,NA,NA,NA,NA,NA,Axilla,Axilla,Left,2.83,Healthy,NA,NA,NA,Sample_019_Buffer_scrub_1004_L_V1
Sample_its_020,NA,NA,EXP-22-AE2399,21020,DEO-CON-3690,BeautifulUnderarms2021,214784,No,NA,09_06_2021,Scotland,Edinburgh,1004,50,NA,NA,NA,Female,NA,NA,Caucasian,NA,NA,NA,NA,OwnProduct,OwnProduct,UnderarmStick,1,Offthestreet,ITS,BufferScrub,ITS,Illumina,CTTGGTCATTTAGAGGAAGTAA,GCTGCGTTCTTCATCGATGG,NA,NA,No,NA,NA,NA,NA,NA,Axilla,Axilla,Right,2.83,Healthy,NA,NA,NA,Sample_020_Buffer_scrub_1004_R_V1
Sample_its_021,NA,NA,EXP-22-AE2399,21021,DEO-CON-3690,BeautifulUnderarms2021,214784,No,NA,23_06_2021,Scotland,Edinburgh,1004,50,NA,NA,NA,Female,NA,NA,Caucasian,NA,NA,NA,NA,WOProv,WOProv,UnderarmStick,2,Baseline,ITS,BufferScrub,ITS,Illumina,CTTGGTCATTTAGAGGAAGTAA,GCTGCGTTCTTCATCGATGG,20.57,24.22,No,1.51,19.66,0.56,1,1,Axilla,Axilla,Left,2.83,Healthy,NA,NA,NA,Sample_021_Buffer_scrub_1004_L_V2
Sample_its_022,NA,NA,EXP-22-AE2399,21022,DEO-CON-3690,BeautifulUnderarms2021,214784,No,NA,23_06_2021,Scotland,Edinburgh,1004,50,NA,NA,NA,Female,NA,NA,Caucasian,NA,NA,NA,NA,WOProv,WOProv,UnderarmStick,2,Baseline,ITS,BufferScrub,ITS,Illumina,CTTGGTCATTTAGAGGAAGTAA,GCTGCGTTCTTCATCGATGG,21.28,17.2,No,1.91,14.84,1,0.5,1,Axilla,Axilla,Right,2.83,Healthy,NA,NA,NA,Sample_022_Buffer_scrub_1004_R_V2
Sample_its_023,NA,NA,EXP-22-AE2399,21023,DEO-CON-3690,BeautifulUnderarms2021,214784,No,NA,30_06_2021,Scotland,Edinburgh,1004,50,NA,NA,NA,Female,NA,NA,Caucasian,NA,NA,NA,NA,DoveAdvancedCareAluminium,L82,UnderarmStick,5,PostProvocation,ITS,BufferScrub,ITS,Illumina,CTTGGTCATTTAGAGGAAGTAA,GCTGCGTTCTTCATCGATGG,23.73,31.65,No,8.04,9.03,0.9,1,3,Axilla,Axilla,Left,2.83,Healthy,NA,NA,NA,Sample_023_Buffer_scrub_1004_L_V5
Sample_its_024,NA,NA,EXP-22-AE2399,21024,DEO-CON-3690,BeautifulUnderarms2021,214784,No,NA,30_06_2021,Scotland,Edinburgh,1004,50,NA,NA,NA,Female,NA,NA,Caucasian,NA,NA,NA,NA,Dove0%,B11,UnderarmStick,5,PostProvocation,ITS,BufferScrub,ITS,Illumina,CTTGGTCATTTAGAGGAAGTAA,GCTGCGTTCTTCATCGATGG,23.7,20.48,No,27.13,64.48,0.51,1.5,2.5,Axilla,Axilla,Right,2.83,Healthy,NA,NA,NA,Sample_024_Buffer_scrub_1004_R_V5
Sample_its_025,NA,NA,EXP-22-AE2399,21025,DEO-CON-3690,BeautifulUnderarms2021,214784,No,NA,07_07_2021,Scotland,Edinburgh,1004,50,NA,NA,NA,Female,NA,NA,Caucasian,NA,NA,NA,NA,DoveAdvancedCareAluminium,L82,UnderarmStick,8,Recovery1,ITS,BufferScrub,ITS,Illumina,CTTGGTCATTTAGAGGAAGTAA,GCTGCGTTCTTCATCGATGG,21.27,21.33,No,NA,NA,NA,1.5,2,Axilla,Axilla,Left,2.83,Healthy,NA,NA,NA,Sample_025_Buffer_scrub_1004_L_V8
Sample_its_026,NA,NA,EXP-22-AE2399,21026,DEO-CON-3690,BeautifulUnderarms2021,214784,No,NA,07_07_2021,Scotland,Edinburgh,1004,50,NA,NA,NA,Female,NA,NA,Caucasian,NA,NA,NA,NA,Dove0%,B11,UnderarmStick,8,Recovery1,ITS,BufferScrub,ITS,Illumina,CTTGGTCATTTAGAGGAAGTAA,GCTGCGTTCTTCATCGATGG,31,38.2,No,NA,NA,NA,1.5,1.5,Axilla,Axilla,Right,2.83,Healthy,NA,NA,NA,Sample_026_Buffer_scrub_1004_R_V8
Sample_its_027,NA,NA,EXP-22-AE2399,21027,DEO-CON-3690,BeautifulUnderarms2021,214784,No,NA,14_07_2021,Scotland,Edinburgh,1004,50,NA,NA,NA,Female,NA,NA,Caucasian,NA,NA,NA,NA,DoveAdvancedCareAluminium,L82,UnderarmStick,11,Recovery2,ITS,BufferScrub,ITS,Illumina,CTTGGTCATTTAGAGGAAGTAA,GCTGCGTTCTTCATCGATGG,23.03,24.53,No,29.54,10.06,0.19,0.5,1,Axilla,Axilla,Left,2.83,Healthy,NA,NA,NA,Sample_027_Buffer_scrub_1004_L_V11
Sample_its_028,NA,NA,EXP-22-AE2399,21028,DEO-CON-3690,BeautifulUnderarms2021,214784,No,NA,14_07_2021,Scotland,Edinburgh,1004,50,NA,NA,NA,Female,NA,NA,Caucasian,NA,NA,NA,NA,Dove0%,B11,UnderarmStick,11,Recovery2,ITS,BufferScrub,ITS,Illumina,CTTGGTCATTTAGAGGAAGTAA,GCTGCGTTCTTCATCGATGG,29.83,29.25,No,25.45,15.61,0.08,0.5,1.5,Axilla,Axilla,Right,2.83,Healthy,NA,NA,NA,Sample_028_Buffer_scrub_1004_R_V11
Sample_its_029,NA,NA,EXP-22-AE2399,21029,DEO-CON-3690,BeautifulUnderarms2021,214784,No,NA,10_06_2021,Scotland,Edinburgh,1017,47,NA,NA,NA,Female,NA,NA,Caucasian,NA,NA,NA,NA,OwnProduct,OwnProduct,UnderarmStick,1,Offthestreet,ITS,BufferScrub,ITS,Illumina,CTTGGTCATTTAGAGGAAGTAA,GCTGCGTTCTTCATCGATGG,NA,NA,No,NA,NA,NA,NA,NA,Axilla,Axilla,Left,2.83,Healthy,NA,NA,NA,Sample_029_Buffer_scrub_1017_L_V1
Sample_its_030,NA,NA,EXP-22-AE2399,21030,DEO-CON-3690,BeautifulUnderarms2021,214784,No,NA,10_06_2021,Scotland,Edinburgh,1017,47,NA,NA,NA,Female,NA,NA,Caucasian,NA,NA,NA,NA,OwnProduct,OwnProduct,UnderarmStick,1,Offthestreet,ITS,BufferScrub,ITS,Illumina,CTTGGTCATTTAGAGGAAGTAA,GCTGCGTTCTTCATCGATGG,NA,NA,No,NA,NA,NA,NA,NA,Axilla,Axilla,Right,2.83,Healthy,NA,NA,NA,Sample_030_Buffer_scrub_1017_R_V1
Sample_its_031,NA,NA,EXP-22-AE2399,21031,DEO-CON-3690,BeautifulUnderarms2021,214784,No,NA,24_06_2021,Scotland,Edinburgh,1017,47,NA,NA,NA,Female,NA,NA,Caucasian,NA,NA,NA,NA,WOProv,WOProv,UnderarmStick,2,Baseline,ITS,BufferScrub,ITS,Illumina,CTTGGTCATTTAGAGGAAGTAA,GCTGCGTTCTTCATCGATGG,27.93,27.3,No,27.15,28.8,0.27,0,1,Axilla,Axilla,Left,2.83,Healthy,NA,NA,NA,Sample_031_Buffer_scrub_1017_L_V2
Sample_its_032,NA,NA,EXP-22-AE2399,21032,DEO-CON-3690,BeautifulUnderarms2021,214784,No,NA,24_06_2021,Scotland,Edinburgh,1017,47,NA,NA,NA,Female,NA,NA,Caucasian,NA,NA,NA,NA,WOProv,WOProv,UnderarmStick,2,Baseline,ITS,BufferScrub,ITS,Illumina,CTTGGTCATTTAGAGGAAGTAA,GCTGCGTTCTTCATCGATGG,21.67,20.85,No,5.33,22.32,1.15,0,1,Axilla,Axilla,Right,2.83,Healthy,NA,NA,NA,Sample_032_Buffer_scrub_1017_R_V2
Sample_its_033,NA,NA,EXP-22-AE2399,21033,DEO-CON-3690,BeautifulUnderarms2021,214784,No,NA,01_07_2021,Scotland,Edinburgh,1017,47,NA,NA,NA,Female,NA,NA,Caucasian,NA,NA,NA,NA,Dove0%,B11,UnderarmStick,5,PostProvocation,ITS,BufferScrub,ITS,Illumina,CTTGGTCATTTAGAGGAAGTAA,GCTGCGTTCTTCATCGATGG,22.75,22.25,No,21.78,37.55,0.08,1.5,2.5,Axilla,Axilla,Left,2.83,Healthy,NA,NA,NA,Sample_033_Buffer_scrub_1017_L_V5
Sample_its_034,NA,NA,EXP-22-AE2399,21034,DEO-CON-3690,BeautifulUnderarms2021,214784,No,NA,01_07_2021,Scotland,Edinburgh,1017,47,NA,NA,NA,Female,NA,NA,Caucasian,NA,NA,NA,NA,DoveAdvancedCareAluminium,L82,UnderarmStick,5,PostProvocation,ITS,BufferScrub,ITS,Illumina,CTTGGTCATTTAGAGGAAGTAA,GCTGCGTTCTTCATCGATGG,21.2,18.63,No,26.22,88.65,0.05,1.5,3,Axilla,Axilla,Right,2.83,Healthy,NA,NA,NA,Sample_034_Buffer_scrub_1017_R_V5
Sample_its_035,NA,NA,EXP-22-AE2399,21035,DEO-CON-3690,BeautifulUnderarms2021,214784,No,NA,08_07_2021,Scotland,Edinburgh,1017,47,NA,NA,NA,Female,NA,NA,Caucasian,NA,NA,NA,NA,Dove0%,B11,UnderarmStick,8,Recovery1,ITS,BufferScrub,ITS,Illumina,CTTGGTCATTTAGAGGAAGTAA,GCTGCGTTCTTCATCGATGG,18.95,18.7,No,NA,NA,NA,0.5,3,Axilla,Axilla,Left,2.83,Healthy,NA,NA,NA,Sample_035_Buffer_scrub_1017_L_V8
Sample_its_036,NA,NA,EXP-22-AE2399,21036,DEO-CON-3690,BeautifulUnderarms2021,214784,No,NA,08_07_2021,Scotland,Edinburgh,1017,47,NA,NA,NA,Female,NA,NA,Caucasian,NA,NA,NA,NA,DoveAdvancedCareAluminium,L82,UnderarmStick,8,Recovery1,ITS,BufferScrub,ITS,Illumina,CTTGGTCATTTAGAGGAAGTAA,GCTGCGTTCTTCATCGATGG,21.45,22.18,No,NA,NA,NA,0.5,2.5,Axilla,Axilla,Right,2.83,Healthy,NA,NA,NA,Sample_036_Buffer_scrub_1017_R_V8
Sample_its_037,NA,NA,EXP-22-AE2399,21037,DEO-CON-3690,BeautifulUnderarms2021,214784,No,NA,15_07_2021,Scotland,Edinburgh,1017,47,NA,NA,NA,Female,NA,NA,Caucasian,NA,NA,NA,NA,Dove0%,B11,UnderarmStick,11,Recovery2,ITS,BufferScrub,ITS,Illumina,CTTGGTCATTTAGAGGAAGTAA,GCTGCGTTCTTCATCGATGG,29.6,28.93,No,28.72,115.57,0.19,0,3,Axilla,Axilla,Left,2.83,Healthy,NA,NA,NA,Sample_037_Buffer_scrub_1017_L_V11
Sample_its_038,NA,NA,EXP-22-AE2399,21038,DEO-CON-3690,BeautifulUnderarms2021,214784,No,NA,15_07_2021,Scotland,Edinburgh,1017,47,NA,NA,NA,Female,NA,NA,Caucasian,NA,NA,NA,NA,DoveAdvancedCareAluminium,L82,UnderarmStick,11,Recovery2,ITS,BufferScrub,ITS,Illumina,CTTGGTCATTTAGAGGAAGTAA,GCTGCGTTCTTCATCGATGG,23.2,18.47,No,19.84,31.09,0.34,0,2,Axilla,Axilla,Right,2.83,Healthy,NA,NA,NA,Sample_038_Buffer_scrub_1017_R_V11
Sample_its_039,NA,NA,EXP-22-AE2399,21039,DEO-CON-3690,BeautifulUnderarms2021,214784,No,NA,10_06_2021,Scotland,Edinburgh,1018,33,NA,NA,NA,Female,NA,NA,Caucasian,NA,NA,NA,NA,OwnProduct,OwnProduct,UnderarmStick,1,Offthestreet,ITS,BufferScrub,ITS,Illumina,CTTGGTCATTTAGAGGAAGTAA,GCTGCGTTCTTCATCGATGG,NA,NA,No,NA,NA,NA,NA,NA,Axilla,Axilla,Left,2.83,Healthy,NA,NA,NA,Sample_039_Buffer_scrub_1018_L_V1
Sample_its_040,NA,NA,EXP-22-AE2399,21040,DEO-CON-3690,BeautifulUnderarms2021,214784,No,NA,10_06_2021,Scotland,Edinburgh,1018,33,NA,NA,NA,Female,NA,NA,Caucasian,NA,NA,NA,NA,OwnProduct,OwnProduct,UnderarmStick,1,Offthestreet,ITS,BufferScrub,ITS,Illumina,CTTGGTCATTTAGAGGAAGTAA,GCTGCGTTCTTCATCGATGG,NA,NA,No,NA,NA,NA,NA,NA,Axilla,Axilla,Right,2.83,Healthy,NA,NA,NA,Sample_040_Buffer_scrub_1018_R_V1
Sample_its_041,NA,NA,EXP-22-AE2399,21041,DEO-CON-3690,BeautifulUnderarms2021,214784,No,NA,24_06_2021,Scotland,Edinburgh,1018,33,NA,NA,NA,Female,NA,NA,Caucasian,NA,NA,NA,NA,WOProv,WOProv,UnderarmStick,2,Baseline,ITS,BufferScrub,ITS,Illumina,CTTGGTCATTTAGAGGAAGTAA,GCTGCGTTCTTCATCGATGG,27.48,39.05,No,3.44,42.11,0.16,0.5,1,Axilla,Axilla,Left,2.83,Healthy,NA,NA,NA,Sample_041_Buffer_scrub_1018_L_V2
Sample_its_042,NA,NA,EXP-22-AE2399,21042,DEO-CON-3690,BeautifulUnderarms2021,214784,No,NA,24_06_2021,Scotland,Edinburgh,1018,33,NA,NA,NA,Female,NA,NA,Caucasian,NA,NA,NA,NA,WOProv,WOProv,UnderarmStick,2,Baseline,ITS,BufferScrub,ITS,Illumina,CTTGGTCATTTAGAGGAAGTAA,GCTGCGTTCTTCATCGATGG,31.47,30.73,No,1.92,8.5,0.09,0.5,1,Axilla,Axilla,Right,2.83,Healthy,NA,NA,NA,Sample_042_Buffer_scrub_1018_R_V2
Sample_its_043,NA,NA,EXP-22-AE2399,21043,DEO-CON-3690,BeautifulUnderarms2021,214784,No,NA,01_07_2021,Scotland,Edinburgh,1018,33,NA,NA,NA,Female,NA,NA,Caucasian,NA,NA,NA,NA,DoveAdvancedCareAluminium,L82,UnderarmStick,5,PostProvocation,ITS,BufferScrub,ITS,Illumina,CTTGGTCATTTAGAGGAAGTAA,GCTGCGTTCTTCATCGATGG,13.02,14.08,No,5.58,63.11,0.28,1,3,Axilla,Axilla,Left,2.83,Healthy,NA,NA,NA,Sample_043_Buffer_scrub_1018_L_V5
Sample_its_044,NA,NA,EXP-22-AE2399,21044,DEO-CON-3690,BeautifulUnderarms2021,214784,No,NA,01_07_2021,Scotland,Edinburgh,1018,33,NA,NA,NA,Female,NA,NA,Caucasian,NA,NA,NA,NA,Dove0%,B11,UnderarmStick,5,PostProvocation,ITS,BufferScrub,ITS,Illumina,CTTGGTCATTTAGAGGAAGTAA,GCTGCGTTCTTCATCGATGG,18,14.42,No,5.14,63.46,0.37,1,3,Axilla,Axilla,Right,2.83,Healthy,NA,NA,NA,Sample_044_Buffer_scrub_1018_R_V5
Sample_its_045,NA,NA,EXP-22-AE2399,21045,DEO-CON-3690,BeautifulUnderarms2021,214784,No,NA,08_07_2021,Scotland,Edinburgh,1018,33,NA,NA,NA,Female,NA,NA,Caucasian,NA,NA,NA,NA,DoveAdvancedCareAluminium,L82,UnderarmStick,8,Recovery1,ITS,BufferScrub,ITS,Illumina,CTTGGTCATTTAGAGGAAGTAA,GCTGCGTTCTTCATCGATGG,23.32,25.98,No,NA,NA,NA,1,1.5,Axilla,Axilla,Left,2.83,Healthy,NA,NA,NA,Sample_045_Buffer_scrub_1018_L_V8
Sample_its_046,NA,NA,EXP-22-AE2399,21046,DEO-CON-3690,BeautifulUnderarms2021,214784,No,NA,08_07_2021,Scotland,Edinburgh,1018,33,NA,NA,NA,Female,NA,NA,Caucasian,NA,NA,NA,NA,Dove0%,B11,UnderarmStick,8,Recovery1,ITS,BufferScrub,ITS,Illumina,CTTGGTCATTTAGAGGAAGTAA,GCTGCGTTCTTCATCGATGG,34.82,32.63,No,NA,NA,NA,0.5,2,Axilla,Axilla,Right,2.83,Healthy,NA,NA,NA,Sample_046_Buffer_scrub_1018_R_V8
Sample_its_047,NA,NA,EXP-22-AE2399,21047,DEO-CON-3690,BeautifulUnderarms2021,214784,No,NA,15_07_2021,Scotland,Edinburgh,1018,33,NA,NA,NA,Female,NA,NA,Caucasian,NA,NA,NA,NA,DoveAdvancedCareAluminium,L82,UnderarmStick,11,Recovery2,ITS,BufferScrub,ITS,Illumina,CTTGGTCATTTAGAGGAAGTAA,GCTGCGTTCTTCATCGATGG,30.52,26.93,No,0.97,5.88,0.06,0,1.5,Axilla,Axilla,Left,2.83,Healthy,NA,NA,NA,Sample_047_Buffer_scrub_1018_L_V11
Sample_its_048,NA,NA,EXP-22-AE2399,21048,DEO-CON-3690,BeautifulUnderarms2021,214784,No,NA,15_07_2021,Scotland,Edinburgh,1018,33,NA,NA,NA,Female,NA,NA,Caucasian,NA,NA,NA,NA,Dove0%,B11,UnderarmStick,11,Recovery2,ITS,BufferScrub,ITS,Illumina,CTTGGTCATTTAGAGGAAGTAA,GCTGCGTTCTTCATCGATGG,41,40.38,No,3.09,41.3,0.07,0,2,Axilla,Axilla,Right,2.83,Healthy,NA,NA,NA,Sample_048_Buffer_scrub_1018_R_V11
Sample_its_049,NA,NA,EXP-22-AE2399,21049,DEO-CON-3690,BeautifulUnderarms2021,214784,No,NA,10_06_2021,Scotland,Edinburgh,1019,58,NA,NA,NA,Female,NA,NA,Caucasian,NA,NA,NA,NA,OwnProduct,OwnProduct,UnderarmStick,1,Offthestreet,ITS,BufferScrub,ITS,Illumina,CTTGGTCATTTAGAGGAAGTAA,GCTGCGTTCTTCATCGATGG,NA,NA,No,NA,NA,NA,NA,NA,Axilla,Axilla,Left,2.83,Healthy,NA,NA,NA,Sample_049_Buffer_scrub_1019_L_V1
Sample_its_050,NA,NA,EXP-22-AE2399,21050,DEO-CON-3690,BeautifulUnderarms2021,214784,No,NA,10_06_2021,Scotland,Edinburgh,1019,58,NA,NA,NA,Female,NA,NA,Caucasian,NA,NA,NA,NA,OwnProduct,OwnProduct,UnderarmStick,1,Offthestreet,ITS,BufferScrub,ITS,Illumina,CTTGGTCATTTAGAGGAAGTAA,GCTGCGTTCTTCATCGATGG,NA,NA,No,NA,NA,NA,NA,NA,Axilla,Axilla,Right,2.83,Healthy,NA,NA,NA,Sample_050_Buffer_scrub_1019_R_V1
Sample_its_051,NA,NA,EXP-22-AE2399,21051,DEO-CON-3690,BeautifulUnderarms2021,214784,No,NA,24_06_2021,Scotland,Edinburgh,1019,58,NA,NA,NA,Female,NA,NA,Caucasian,NA,NA,NA,NA,WOProv,WOProv,UnderarmStick,2,Baseline,ITS,BufferScrub,ITS,Illumina,CTTGGTCATTTAGAGGAAGTAA,GCTGCGTTCTTCATCGATGG,44.82,50.73,No,NA,NA,NA,0,0.5,Axilla,Axilla,Left,2.83,Healthy,NA,NA,NA,Sample_051_Buffer_scrub_1019_L_V2
Sample_its_052,NA,NA,EXP-22-AE2399,21052,DEO-CON-3690,BeautifulUnderarms2021,214784,No,NA,24_06_2021,Scotland,Edinburgh,1019,58,NA,NA,NA,Female,NA,NA,Caucasian,NA,NA,NA,NA,WOProv,WOProv,UnderarmStick,2,Baseline,ITS,BufferScrub,ITS,Illumina,CTTGGTCATTTAGAGGAAGTAA,GCTGCGTTCTTCATCGATGG,39.7,46.03,No,5.12,14.35,0.03,0,0.5,Axilla,Axilla,Right,2.83,Healthy,NA,NA,NA,Sample_052_Buffer_scrub_1019_R_V2
Sample_its_053,NA,NA,EXP-22-AE2399,21053,DEO-CON-3690,BeautifulUnderarms2021,214784,No,NA,01_07_2021,Scotland,Edinburgh,1019,58,NA,NA,NA,Female,NA,NA,Caucasian,NA,NA,NA,NA,DoveAdvancedCareAluminium,L82,UnderarmStick,5,PostProvocation,ITS,BufferScrub,ITS,Illumina,CTTGGTCATTTAGAGGAAGTAA,GCTGCGTTCTTCATCGATGG,22.22,22.07,No,1.16,6.88,0.14,0.5,2,Axilla,Axilla,Left,2.83,Healthy,NA,NA,NA,Sample_053_Buffer_scrub_1019_L_V5
Sample_its_054,NA,NA,EXP-22-AE2399,21054,DEO-CON-3690,BeautifulUnderarms2021,214784,No,NA,01_07_2021,Scotland,Edinburgh,1019,58,NA,NA,NA,Female,NA,NA,Caucasian,NA,NA,NA,NA,Dove0%,B11,UnderarmStick,5,PostProvocation,ITS,BufferScrub,ITS,Illumina,CTTGGTCATTTAGAGGAAGTAA,GCTGCGTTCTTCATCGATGG,24.02,25.47,No,3.33,1.01,0.15,0.5,2,Axilla,Axilla,Right,2.83,Healthy,NA,NA,NA,Sample_054_Buffer_scrub_1019_R_V5
Sample_its_055,NA,NA,EXP-22-AE2399,21055,DEO-CON-3690,BeautifulUnderarms2021,214784,No,NA,08_07_2021,Scotland,Edinburgh,1019,58,NA,NA,NA,Female,NA,NA,Caucasian,NA,NA,NA,NA,DoveAdvancedCareAluminium,L82,UnderarmStick,8,Recovery1,ITS,BufferScrub,ITS,Illumina,CTTGGTCATTTAGAGGAAGTAA,GCTGCGTTCTTCATCGATGG,40,36.22,No,NA,NA,NA,0.5,1.5,Axilla,Axilla,Left,2.83,Healthy,NA,NA,NA,Sample_055_Buffer_scrub_1019_L_V8
Sample_its_056,NA,NA,EXP-22-AE2399,21056,DEO-CON-3690,BeautifulUnderarms2021,214784,No,NA,08_07_2021,Scotland,Edinburgh,1019,58,NA,NA,NA,Female,NA,NA,Caucasian,NA,NA,NA,NA,Dove0%,B11,UnderarmStick,8,Recovery1,ITS,BufferScrub,ITS,Illumina,CTTGGTCATTTAGAGGAAGTAA,GCTGCGTTCTTCATCGATGG,46.22,44.22,No,NA,NA,NA,0,1.5,Axilla,Axilla,Right,2.83,Healthy,NA,NA,NA,Sample_056_Buffer_scrub_1019_R_V8
Sample_its_057,NA,NA,EXP-22-AE2399,21057,DEO-CON-3690,BeautifulUnderarms2021,214784,No,NA,15_07_2021,Scotland,Edinburgh,1019,58,NA,NA,NA,Female,NA,NA,Caucasian,NA,NA,NA,NA,DoveAdvancedCareAluminium,L82,UnderarmStick,11,Recovery2,ITS,BufferScrub,ITS,Illumina,CTTGGTCATTTAGAGGAAGTAA,GCTGCGTTCTTCATCGATGG,30.5,29.63,No,6.58,3.33,0.06,0.5,1,Axilla,Axilla,Left,2.83,Healthy,NA,NA,NA,Sample_057_Buffer_scrub_1019_L_V11
Sample_its_058,NA,NA,EXP-22-AE2399,21058,DEO-CON-3690,BeautifulUnderarms2021,214784,No,NA,15_07_2021,Scotland,Edinburgh,1019,58,NA,NA,NA,Female,NA,NA,Caucasian,NA,NA,NA,NA,Dove0%,B11,UnderarmStick,11,Recovery2,ITS,BufferScrub,ITS,Illumina,CTTGGTCATTTAGAGGAAGTAA,GCTGCGTTCTTCATCGATGG,40.8,38.23,No,18.92,160.19,0.01,0,1.5,Axilla,Axilla,Right,2.83,Healthy,NA,NA,NA,Sample_058_Buffer_scrub_1019_R_V11
Sample_its_059,NA,NA,EXP-22-AE2399,21059,DEO-CON-3690,BeautifulUnderarms2021,214784,No,NA,07_07_2021,Scotland,Edinburgh,1035,45,NA,NA,NA,Female,NA,NA,Caucasian,NA,NA,NA,NA,OwnProduct,OwnProduct,UnderarmStick,1,Offthestreet,ITS,BufferScrub,ITS,Illumina,CTTGGTCATTTAGAGGAAGTAA,GCTGCGTTCTTCATCGATGG,NA,NA,No,NA,NA,NA,NA,NA,Axilla,Axilla,Left,2.83,Healthy,NA,NA,NA,Sample_059_Buffer_scrub_1035_L_V1
Sample_its_060,NA,NA,EXP-22-AE2399,21060,DEO-CON-3690,BeautifulUnderarms2021,214784,No,NA,07_07_2021,Scotland,Edinburgh,1035,45,NA,NA,NA,Female,NA,NA,Caucasian,NA,NA,NA,NA,OwnProduct,OwnProduct,UnderarmStick,1,Offthestreet,ITS,BufferScrub,ITS,Illumina,CTTGGTCATTTAGAGGAAGTAA,GCTGCGTTCTTCATCGATGG,NA,NA,No,NA,NA,NA,NA,NA,Axilla,Axilla,Right,2.83,Healthy,NA,NA,NA,Sample_060_Buffer_scrub_1035_R_V1
Sample_its_061,NA,NA,EXP-22-AE2399,21061,DEO-CON-3690,BeautifulUnderarms2021,214784,No,NA,21_07_2021,Scotland,Edinburgh,1035,45,NA,NA,NA,Female,NA,NA,Caucasian,NA,NA,NA,NA,WOProv,WOProv,UnderarmStick,2,Baseline,ITS,BufferScrub,ITS,Illumina,CTTGGTCATTTAGAGGAAGTAA,GCTGCGTTCTTCATCGATGG,35.05,57.48,No,NA,NA,NA,0,0.5,Axilla,Axilla,Left,2.83,Healthy,NA,NA,NA,Sample_061_Buffer_scrub_1035_L_V2
Sample_its_062,NA,NA,EXP-22-AE2399,21062,DEO-CON-3690,BeautifulUnderarms2021,214784,No,NA,21_07_2021,Scotland,Edinburgh,1035,45,NA,NA,NA,Female,NA,NA,Caucasian,NA,NA,NA,NA,WOProv,WOProv,UnderarmStick,2,Baseline,ITS,BufferScrub,ITS,Illumina,CTTGGTCATTTAGAGGAAGTAA,GCTGCGTTCTTCATCGATGG,31.13,33.47,No,NA,NA,NA,0,0.5,Axilla,Axilla,Right,2.83,Healthy,NA,NA,NA,Sample_062_Buffer_scrub_1035_R_V2
Sample_its_063,NA,NA,EXP-22-AE2399,21063,DEO-CON-3690,BeautifulUnderarms2021,214784,No,NA,04_08_2021,Scotland,Edinburgh,1035,45,NA,NA,NA,Female,NA,NA,Caucasian,NA,NA,NA,NA,DoveAdvancedCareAluminium,L82,UnderarmStick,8,Recovery1,ITS,BufferScrub,ITS,Illumina,CTTGGTCATTTAGAGGAAGTAA,GCTGCGTTCTTCATCGATGG,28.98,27.82,No,NA,NA,NA,0,0.5,Axilla,Axilla,Left,2.83,Healthy,NA,NA,NA,Sample_063_Buffer_scrub_1035_L_V8
Sample_its_064,NA,NA,EXP-22-AE2399,21064,DEO-CON-3690,BeautifulUnderarms2021,214784,No,NA,04_08_2021,Scotland,Edinburgh,1035,45,NA,NA,NA,Female,NA,NA,Caucasian,NA,NA,NA,NA,Dove0%,B11,UnderarmStick,8,Recovery1,ITS,BufferScrub,ITS,Illumina,CTTGGTCATTTAGAGGAAGTAA,GCTGCGTTCTTCATCGATGG,39.3,45.47,No,NA,NA,NA,0,2,Axilla,Axilla,Right,2.83,Healthy,NA,NA,NA,Sample_064_Buffer_scrub_1035_R_V8
Sample_its_065,NA,NA,EXP-22-AE2399,21065,DEO-CON-3690,BeautifulUnderarms2021,214784,No,NA,11_08_2021,Scotland,Edinburgh,1035,45,NA,NA,NA,Female,NA,NA,Caucasian,NA,NA,NA,NA,DoveAdvancedCareAluminium,L82,UnderarmStick,11,Recovery2,ITS,BufferScrub,ITS,Illumina,CTTGGTCATTTAGAGGAAGTAA,GCTGCGTTCTTCATCGATGG,42.3,47.55,No,NA,NA,NA,0,1.5,Axilla,Axilla,Left,2.83,Healthy,NA,NA,NA,Sample_065_Buffer_scrub_1035_L_V11
Sample_its_066,NA,NA,EXP-22-AE2399,21066,DEO-CON-3690,BeautifulUnderarms2021,214784,No,NA,11_08_2021,Scotland,Edinburgh,1035,45,NA,NA,NA,Female,NA,NA,Caucasian,NA,NA,NA,NA,Dove0%,B11,UnderarmStick,11,Recovery2,ITS,BufferScrub,ITS,Illumina,CTTGGTCATTTAGAGGAAGTAA,GCTGCGTTCTTCATCGATGG,46.6,66.88,No,NA,NA,NA,0,2.5,Axilla,Axilla,Right,2.83,Healthy,NA,NA,NA,Sample_066_Buffer_scrub_1035_R_V11
Sample_its_067,NA,NA,EXP-22-AE2399,21067,DEO-CON-3690,BeautifulUnderarms2021,214784,No,NA,07_07_2021,Scotland,Edinburgh,1037,62,NA,NA,NA,Female,NA,NA,Caucasian,NA,NA,NA,NA,OwnProduct,OwnProduct,UnderarmStick,1,Offthestreet,ITS,BufferScrub,ITS,Illumina,CTTGGTCATTTAGAGGAAGTAA,GCTGCGTTCTTCATCGATGG,NA,NA,No,NA,NA,NA,NA,NA,Axilla,Axilla,Left,2.83,Healthy,NA,NA,NA,Sample_067_Buffer_scrub_1037_L_V1
Sample_its_068,NA,NA,EXP-22-AE2399,21068,DEO-CON-3690,BeautifulUnderarms2021,214784,No,NA,07_07_2021,Scotland,Edinburgh,1037,62,NA,NA,NA,Female,NA,NA,Caucasian,NA,NA,NA,NA,OwnProduct,OwnProduct,UnderarmStick,1,Offthestreet,ITS,BufferScrub,ITS,Illumina,CTTGGTCATTTAGAGGAAGTAA,GCTGCGTTCTTCATCGATGG,NA,NA,No,NA,NA,NA,NA,NA,Axilla,Axilla,Right,2.83,Healthy,NA,NA,NA,Sample_068_Buffer_scrub_1037_R_V1
Sample_its_069,NA,NA,EXP-22-AE2399,21069,DEO-CON-3690,BeautifulUnderarms2021,214784,No,NA,21_07_2021,Scotland,Edinburgh,1037,62,NA,NA,NA,Female,NA,NA,Caucasian,NA,NA,NA,NA,WOProv,WOProv,UnderarmStick,2,Baseline,ITS,BufferScrub,ITS,Illumina,CTTGGTCATTTAGAGGAAGTAA,GCTGCGTTCTTCATCGATGG,23.28,22.55,No,NA,NA,NA,0,1,Axilla,Axilla,Left,2.83,Healthy,NA,NA,NA,Sample_069_Buffer_scrub_1037_L_V2
Sample_its_070,NA,NA,EXP-22-AE2399,21070,DEO-CON-3690,BeautifulUnderarms2021,214784,No,NA,21_07_2021,Scotland,Edinburgh,1037,62,NA,NA,NA,Female,NA,NA,Caucasian,NA,NA,NA,NA,WOProv,WOProv,UnderarmStick,2,Baseline,ITS,BufferScrub,ITS,Illumina,CTTGGTCATTTAGAGGAAGTAA,GCTGCGTTCTTCATCGATGG,28.78,28.32,No,NA,NA,NA,0,1.5,Axilla,Axilla,Right,2.83,Healthy,NA,NA,NA,Sample_070_Buffer_scrub_1037_R_V2
Sample_its_071,NA,NA,EXP-22-AE2399,21071,DEO-CON-3690,BeautifulUnderarms2021,214784,No,NA,28_07_2021,Scotland,Edinburgh,1037,62,NA,NA,NA,Female,NA,NA,Caucasian,NA,NA,NA,NA,WOProv,WOProv,UnderarmStick,5,PostProvocation,ITS,BufferScrub,ITS,Illumina,CTTGGTCATTTAGAGGAAGTAA,GCTGCGTTCTTCATCGATGG,NA,NA,No,NA,NA,NA,0,2,Axilla,Axilla,Left,2.83,Healthy,NA,NA,NA,Sample_071_Buffer_scrub_1037_L_V5
Sample_its_072,NA,NA,EXP-22-AE2399,21072,DEO-CON-3690,BeautifulUnderarms2021,214784,No,NA,28_07_2021,Scotland,Edinburgh,1037,62,NA,NA,NA,Female,NA,NA,Caucasian,NA,NA,NA,NA,WOProv,WOProv,UnderarmStick,5,PostProvocation,ITS,BufferScrub,ITS,Illumina,CTTGGTCATTTAGAGGAAGTAA,GCTGCGTTCTTCATCGATGG,NA,NA,No,NA,NA,NA,1.5,1,Axilla,Axilla,Right,2.83,Healthy,NA,NA,NA,Sample_072_Buffer_scrub_1037_R_V5
Sample_its_073,NA,NA,EXP-22-AE2399,21073,DEO-CON-3690,BeautifulUnderarms2021,214784,No,NA,07_07_2021,Scotland,Edinburgh,1038,47,NA,NA,NA,Female,NA,NA,Caucasian,NA,NA,NA,NA,OwnProduct,OwnProduct,UnderarmStick,1,Offthestreet,ITS,BufferScrub,ITS,Illumina,CTTGGTCATTTAGAGGAAGTAA,GCTGCGTTCTTCATCGATGG,NA,NA,No,NA,NA,NA,NA,NA,Axilla,Axilla,Left,2.83,Healthy,NA,NA,NA,Sample_073_Buffer_scrub_1038_L_V1
Sample_its_074,NA,NA,EXP-22-AE2399,21074,DEO-CON-3690,BeautifulUnderarms2021,214784,No,NA,07_07_2021,Scotland,Edinburgh,1038,47,NA,NA,NA,Female,NA,NA,Caucasian,NA,NA,NA,NA,OwnProduct,OwnProduct,UnderarmStick,1,Offthestreet,ITS,BufferScrub,ITS,Illumina,CTTGGTCATTTAGAGGAAGTAA,GCTGCGTTCTTCATCGATGG,NA,NA,No,NA,NA,NA,NA,NA,Axilla,Axilla,Right,2.83,Healthy,NA,NA,NA,Sample_074_Buffer_scrub_1038_R_V1
Sample_its_075,NA,NA,EXP-22-AE2399,21075,DEO-CON-3690,BeautifulUnderarms2021,214784,No,NA,21_07_2021,Scotland,Edinburgh,1038,47,NA,NA,NA,Female,NA,NA,Caucasian,NA,NA,NA,NA,WOProv,WOProv,UnderarmStick,2,Baseline,ITS,BufferScrub,ITS,Illumina,CTTGGTCATTTAGAGGAAGTAA,GCTGCGTTCTTCATCGATGG,40.33,43.52,No,17.47,129.01,0.18,0,1,Axilla,Axilla,Left,2.83,Healthy,NA,NA,NA,Sample_075_Buffer_scrub_1038_L_V2
Sample_its_076,NA,NA,EXP-22-AE2399,21076,DEO-CON-3690,BeautifulUnderarms2021,214784,No,NA,21_07_2021,Scotland,Edinburgh,1038,47,NA,NA,NA,Female,NA,NA,Caucasian,NA,NA,NA,NA,WOProv,WOProv,UnderarmStick,2,Baseline,ITS,BufferScrub,ITS,Illumina,CTTGGTCATTTAGAGGAAGTAA,GCTGCGTTCTTCATCGATGG,46.53,44.88,No,NA,NA,NA,0,0.5,Axilla,Axilla,Right,2.83,Healthy,NA,NA,NA,Sample_076_Buffer_scrub_1038_R_V2
Sample_its_077,NA,NA,EXP-22-AE2399,21077,DEO-CON-3690,BeautifulUnderarms2021,214784,No,NA,28_07_2021,Scotland,Edinburgh,1038,47,NA,NA,NA,Female,NA,NA,Caucasian,NA,NA,NA,NA,DoveAdvancedCareAluminium,L82,UnderarmStick,5,PostProvocation,ITS,BufferScrub,ITS,Illumina,CTTGGTCATTTAGAGGAAGTAA,GCTGCGTTCTTCATCGATGG,33.03,46.03,No,5.98,53.47,0.27,0.5,3,Axilla,Axilla,Left,2.83,Healthy,NA,NA,NA,Sample_077_Buffer_scrub_1038_L_V5
Sample_its_078,NA,NA,EXP-22-AE2399,21078,DEO-CON-3690,BeautifulUnderarms2021,214784,No,NA,28_07_2021,Scotland,Edinburgh,1038,47,NA,NA,NA,Female,NA,NA,Caucasian,NA,NA,NA,NA,Dove0%,B11,UnderarmStick,5,PostProvocation,ITS,BufferScrub,ITS,Illumina,CTTGGTCATTTAGAGGAAGTAA,GCTGCGTTCTTCATCGATGG,38.47,40.58,No,1.84,25.91,0.14,0.5,2.5,Axilla,Axilla,Right,2.83,Healthy,NA,NA,NA,Sample_078_Buffer_scrub_1038_R_V5
Sample_its_079,NA,NA,EXP-22-AE2399,21079,DEO-CON-3690,BeautifulUnderarms2021,214784,No,NA,04_08_2021,Scotland,Edinburgh,1038,47,NA,NA,NA,Female,NA,NA,Caucasian,NA,NA,NA,NA,DoveAdvancedCareAluminium,L82,UnderarmStick,8,Recovery1,ITS,BufferScrub,ITS,Illumina,CTTGGTCATTTAGAGGAAGTAA,GCTGCGTTCTTCATCGATGG,50.32,61.38,No,NA,NA,NA,0,1.5,Axilla,Axilla,Left,2.83,Healthy,NA,NA,NA,Sample_079_Buffer_scrub_1038_L_V8
Sample_its_080,NA,NA,EXP-22-AE2399,21080,DEO-CON-3690,BeautifulUnderarms2021,214784,No,NA,04_08_2021,Scotland,Edinburgh,1038,47,NA,NA,NA,Female,NA,NA,Caucasian,NA,NA,NA,NA,Dove0%,B11,UnderarmStick,8,Recovery1,ITS,BufferScrub,ITS,Illumina,CTTGGTCATTTAGAGGAAGTAA,GCTGCGTTCTTCATCGATGG,44.13,55.88,No,NA,NA,NA,0,1,Axilla,Axilla,Right,2.83,Healthy,NA,NA,NA,Sample_080_Buffer_scrub_1038_R_V8
Sample_its_081,NA,NA,EXP-22-AE2399,21081,DEO-CON-3690,BeautifulUnderarms2021,214784,No,NA,11_08_2021,Scotland,Edinburgh,1038,47,NA,NA,NA,Female,NA,NA,Caucasian,NA,NA,NA,NA,DoveAdvancedCareAluminium,L82,UnderarmStick,11,Recovery2,ITS,BufferScrub,ITS,Illumina,CTTGGTCATTTAGAGGAAGTAA,GCTGCGTTCTTCATCGATGG,34.13,27.9,No,6.79,5.58,0.04,0,1.5,Axilla,Axilla,Left,2.83,Healthy,NA,NA,NA,Sample_081_Buffer_scrub_1038_L_V11
Sample_its_082,NA,NA,EXP-22-AE2399,21082,DEO-CON-3690,BeautifulUnderarms2021,214784,No,NA,11_08_2021,Scotland,Edinburgh,1038,47,NA,NA,NA,Female,NA,NA,Caucasian,NA,NA,NA,NA,Dove0%,B11,UnderarmStick,11,Recovery2,ITS,BufferScrub,ITS,Illumina,CTTGGTCATTTAGAGGAAGTAA,GCTGCGTTCTTCATCGATGG,44.98,47.18,No,7.41,38.76,0.05,0,1,Axilla,Axilla,Right,2.83,Healthy,NA,NA,NA,Sample_082_Buffer_scrub_1038_R_V11
Sample_its_083,NA,NA,EXP-22-AE2399,21083,DEO-CON-3690,BeautifulUnderarms2021,214784,Yes,NegativeControl,NA,NA,NA,NA,NA,NA,NA,NA,NA,NA,NA,NA,NA,NA,NA,NA,NA,NA,NA,NA,NA,ITS,BufferScrub,ITS,Illumina,CTTGGTCATTTAGAGGAAGTAA,GCTGCGTTCTTCATCGATGG,NA,NA,NA,NA,NA,NA,NA,NA,NA,NA,NA,NA,NA,NA,NA,NA,Sample_083_Negative_control
Sample_its_084,NA,NA,EXP-22-AE2399,21084,DEO-CON-3690,BeautifulUnderarms2021,214784,No,NA,09_06_2021,Scotland,Edinburgh,1006,46,NA,NA,NA,Female,NA,NA,Caucasian,NA,NA,NA,NA,OwnProduct,OwnProduct,UnderarmStick,1,Offthestreet,ITS,BufferScrub,ITS,Illumina,CTTGGTCATTTAGAGGAAGTAA,GCTGCGTTCTTCATCGATGG,NA,NA,No,NA,NA,NA,NA,NA,Axilla,Axilla,Left,2.83,Healthy,NA,NA,NA,Sample_084_Buffer_scrub_1006_L_V1
Sample_its_085,NA,NA,EXP-22-AE2399,21085,DEO-CON-3690,BeautifulUnderarms2021,214784,No,NA,09_06_2021,Scotland,Edinburgh,1006,46,NA,NA,NA,Female,NA,NA,Caucasian,NA,NA,NA,NA,OwnProduct,OwnProduct,UnderarmStick,1,Offthestreet,ITS,BufferScrub,ITS,Illumina,CTTGGTCATTTAGAGGAAGTAA,GCTGCGTTCTTCATCGATGG,NA,NA,No,NA,NA,NA,NA,NA,Axilla,Axilla,Right,2.83,Healthy,NA,NA,NA,Sample_085_Buffer_scrub_1006_R_V1
Sample_its_086,NA,NA,EXP-22-AE2399,21086,DEO-CON-3690,BeautifulUnderarms2021,214784,No,NA,23_06_2021,Scotland,Edinburgh,1006,46,NA,NA,NA,Female,NA,NA,Caucasian,NA,NA,NA,NA,WOProv,WOProv,UnderarmStick,2,Baseline,ITS,BufferScrub,ITS,Illumina,CTTGGTCATTTAGAGGAAGTAA,GCTGCGTTCTTCATCGATGG,23.08,22.38,No,2.63,4.94,0.09,1,1.5,Axilla,Axilla,Left,2.83,Healthy,NA,NA,NA,Sample_086_Buffer_scrub_1006_L_V2
Sample_its_087,NA,NA,EXP-22-AE2399,21087,DEO-CON-3690,BeautifulUnderarms2021,214784,No,NA,23_06_2021,Scotland,Edinburgh,1006,46,NA,NA,NA,Female,NA,NA,Caucasian,NA,NA,NA,NA,WOProv,WOProv,UnderarmStick,2,Baseline,ITS,BufferScrub,ITS,Illumina,CTTGGTCATTTAGAGGAAGTAA,GCTGCGTTCTTCATCGATGG,21.35,19.53,No,0.88,4.07,0.08,1,1,Axilla,Axilla,Right,2.83,Healthy,NA,NA,NA,Sample_087_Buffer_scrub_1006_R_V2
Sample_its_088,NA,NA,EXP-22-AE2399,21088,DEO-CON-3690,BeautifulUnderarms2021,214784,No,NA,30_06_2021,Scotland,Edinburgh,1006,46,NA,NA,NA,Female,NA,NA,Caucasian,NA,NA,NA,NA,Dove0%,B11,UnderarmStick,5,PostProvocation,ITS,BufferScrub,ITS,Illumina,CTTGGTCATTTAGAGGAAGTAA,GCTGCGTTCTTCATCGATGG,21.38,15.78,No,6.86,14.4,0.05,1.5,4,Axilla,Axilla,Left,2.83,Healthy,NA,NA,NA,Sample_088_Buffer_scrub_1006_L_V5
Sample_its_089,NA,NA,EXP-22-AE2399,21089,DEO-CON-3690,BeautifulUnderarms2021,214784,No,NA,30_06_2021,Scotland,Edinburgh,1006,46,NA,NA,NA,Female,NA,NA,Caucasian,NA,NA,NA,NA,DoveAdvancedCareAluminium,L82,UnderarmStick,5,PostProvocation,ITS,BufferScrub,ITS,Illumina,CTTGGTCATTTAGAGGAAGTAA,GCTGCGTTCTTCATCGATGG,20.6,18.72,No,10.84,15.86,0.13,1.5,2.5,Axilla,Axilla,Right,2.83,Healthy,NA,NA,NA,Sample_089_Buffer_scrub_1006_R_V5
Sample_its_090,NA,NA,EXP-22-AE2399,21090,DEO-CON-3690,BeautifulUnderarms2021,214784,No,NA,07_07_2021,Scotland,Edinburgh,1006,46,NA,NA,NA,Female,NA,NA,Caucasian,NA,NA,NA,NA,Dove0%,B11,UnderarmStick,8,Recovery1,ITS,BufferScrub,ITS,Illumina,CTTGGTCATTTAGAGGAAGTAA,GCTGCGTTCTTCATCGATGG,38.03,44.02,No,NA,NA,NA,0.5,1.5,Axilla,Axilla,Left,2.83,Healthy,NA,NA,NA,Sample_090_Buffer_scrub_1006_L_V8
Sample_its_091,NA,NA,EXP-22-AE2399,21091,DEO-CON-3690,BeautifulUnderarms2021,214784,No,NA,07_07_2021,Scotland,Edinburgh,1006,46,NA,NA,NA,Female,NA,NA,Caucasian,NA,NA,NA,NA,DoveAdvancedCareAluminium,L82,UnderarmStick,8,Recovery1,ITS,BufferScrub,ITS,Illumina,CTTGGTCATTTAGAGGAAGTAA,GCTGCGTTCTTCATCGATGG,28.08,26.88,No,NA,NA,NA,0.5,2,Axilla,Axilla,Right,2.83,Healthy,NA,NA,NA,Sample_091_Buffer_scrub_1006_R_V8
Sample_its_092,NA,NA,EXP-22-AE2399,21092,DEO-CON-3690,BeautifulUnderarms2021,214784,No,NA,14_07_2021,Scotland,Edinburgh,1006,46,NA,NA,NA,Female,NA,NA,Caucasian,NA,NA,NA,NA,Dove0%,B11,UnderarmStick,11,Recovery2,ITS,BufferScrub,ITS,Illumina,CTTGGTCATTTAGAGGAAGTAA,GCTGCGTTCTTCATCGATGG,41.53,42.35,No,14.55,79.83,0.14,0,1,Axilla,Axilla,Left,2.83,Healthy,NA,NA,NA,Sample_092_Buffer_scrub_1006_L_V11
Sample_its_093,NA,NA,EXP-22-AE2399,21093,DEO-CON-3690,BeautifulUnderarms2021,214784,No,NA,14_07_2021,Scotland,Edinburgh,1006,46,NA,NA,NA,Female,NA,NA,Caucasian,NA,NA,NA,NA,DoveAdvancedCareAluminium,L82,UnderarmStick,11,Recovery2,ITS,BufferScrub,ITS,Illumina,CTTGGTCATTTAGAGGAAGTAA,GCTGCGTTCTTCATCGATGG,31.98,31.27,No,6.64,22.15,0.04,0,1,Axilla,Axilla,Right,2.83,Healthy,NA,NA,NA,Sample_093_Buffer_scrub_1006_R_V11
Sample_its_094,NA,NA,EXP-22-AE2399,21094,DEO-CON-3690,BeautifulUnderarms2021,214784,No,NA,09_06_2021,Scotland,Edinburgh,1007,24,NA,NA,NA,Female,NA,NA,Caucasian,NA,NA,NA,NA,OwnProduct,OwnProduct,UnderarmStick,1,Offthestreet,ITS,BufferScrub,ITS,Illumina,CTTGGTCATTTAGAGGAAGTAA,GCTGCGTTCTTCATCGATGG,NA,NA,No,NA,NA,NA,NA,NA,Axilla,Axilla,Left,2.83,Healthy,NA,NA,NA,Sample_094_Buffer_scrub_1007_L_V1
Sample_its_095,NA,NA,EXP-22-AE2399,21095,DEO-CON-3690,BeautifulUnderarms2021,214784,No,NA,09_06_2021,Scotland,Edinburgh,1007,24,NA,NA,NA,Female,NA,NA,Caucasian,NA,NA,NA,NA,OwnProduct,OwnProduct,UnderarmStick,1,Offthestreet,ITS,BufferScrub,ITS,Illumina,CTTGGTCATTTAGAGGAAGTAA,GCTGCGTTCTTCATCGATGG,NA,NA,No,NA,NA,NA,NA,NA,Axilla,Axilla,Right,2.83,Healthy,NA,NA,NA,Sample_095_Buffer_scrub_1007_R_V1
Sample_its_096,NA,NA,EXP-22-AE2399,21096,DEO-CON-3690,BeautifulUnderarms2021,214784,No,NA,23_06_2021,Scotland,Edinburgh,1007,24,NA,NA,NA,Female,NA,NA,Caucasian,NA,NA,NA,NA,WOProv,WOProv,UnderarmStick,2,Baseline,ITS,BufferScrub,ITS,Illumina,CTTGGTCATTTAGAGGAAGTAA,GCTGCGTTCTTCATCGATGG,31.53,28.1,No,5.96,41.11,0.14,0,0.5,Axilla,Axilla,Left,2.83,Healthy,NA,NA,NA,Sample_096_Buffer_scrub_1007_L_V2
Sample_its_097,NA,NA,EXP-22-AE2399,21097,DEO-CON-3690,BeautifulUnderarms2021,214784,No,NA,23_06_2021,Scotland,Edinburgh,1007,24,NA,NA,NA,Female,NA,NA,Caucasian,NA,NA,NA,NA,WOProv,WOProv,UnderarmStick,2,Baseline,ITS,BufferScrub,ITS,Illumina,CTTGGTCATTTAGAGGAAGTAA,GCTGCGTTCTTCATCGATGG,38.28,36.25,No,4.73,56.52,0.1,0,1,Axilla,Axilla,Right,2.83,Healthy,NA,NA,NA,Sample_097_Buffer_scrub_1007_R_V2
Sample_its_098,NA,NA,EXP-22-AE2399,21098,DEO-CON-3690,BeautifulUnderarms2021,214784,No,NA,30_06_2021,Scotland,Edinburgh,1007,24,NA,NA,NA,Female,NA,NA,Caucasian,NA,NA,NA,NA,DoveAdvancedCareAluminium,L82,UnderarmStick,5,PostProvocation,ITS,BufferScrub,ITS,Illumina,CTTGGTCATTTAGAGGAAGTAA,GCTGCGTTCTTCATCGATGG,22.33,31.97,No,1.57,6.26,0.11,0.5,2,Axilla,Axilla,Left,2.83,Healthy,NA,NA,NA,Sample_098_Buffer_scrub_1007_L_V5
Sample_its_099,NA,NA,EXP-22-AE2399,21099,DEO-CON-3690,BeautifulUnderarms2021,214784,No,NA,30_06_2021,Scotland,Edinburgh,1007,24,NA,NA,NA,Female,NA,NA,Caucasian,NA,NA,NA,NA,Dove0%,B11,UnderarmStick,5,PostProvocation,ITS,BufferScrub,ITS,Illumina,CTTGGTCATTTAGAGGAAGTAA,GCTGCGTTCTTCATCGATGG,27.97,29.53,No,1.38,3.02,0.11,0.5,2,Axilla,Axilla,Right,2.83,Healthy,NA,NA,NA,Sample_099_Buffer_scrub_1007_R_V5
Sample_its_100,NA,NA,EXP-22-AE2399,21100,DEO-CON-3690,BeautifulUnderarms2021,214784,No,NA,07_07_2021,Scotland,Edinburgh,1007,24,NA,NA,NA,Female,NA,NA,Caucasian,NA,NA,NA,NA,DoveAdvancedCareAluminium,L82,UnderarmStick,8,Recovery1,ITS,BufferScrub,ITS,Illumina,CTTGGTCATTTAGAGGAAGTAA,GCTGCGTTCTTCATCGATGG,13.88,12.78,No,NA,NA,NA,,1,Axilla,Axilla,Left,2.83,Healthy,NA,NA,NA,Sample_100_Buffer_scrub_1007_L_V8
Sample_its_101,NA,NA,EXP-22-AE2399,21101,DEO-CON-3690,BeautifulUnderarms2021,214784,No,NA,07_07_2021,Scotland,Edinburgh,1007,24,NA,NA,NA,Female,NA,NA,Caucasian,NA,NA,NA,NA,Dove0%,B11,UnderarmStick,8,Recovery1,ITS,BufferScrub,ITS,Illumina,CTTGGTCATTTAGAGGAAGTAA,GCTGCGTTCTTCATCGATGG,47.02,49.45,No,NA,NA,NA,0.5,1.5,Axilla,Axilla,Right,2.83,Healthy,NA,NA,NA,Sample_101_Buffer_scrub_1007_R_V8
Sample_its_102,NA,NA,EXP-22-AE2399,21102,DEO-CON-3690,BeautifulUnderarms2021,214784,No,NA,14_07_2021,Scotland,Edinburgh,1007,24,NA,NA,NA,Female,NA,NA,Caucasian,NA,NA,NA,NA,DoveAdvancedCareAluminium,L82,UnderarmStick,11,Recovery2,ITS,BufferScrub,ITS,Illumina,CTTGGTCATTTAGAGGAAGTAA,GCTGCGTTCTTCATCGATGG,31.02,35.8,No,1.91,3.05,0.05,0.5,1,Axilla,Axilla,Left,2.83,Healthy,NA,NA,NA,Sample_102_Buffer_scrub_1007_L_V11
Sample_its_103,NA,NA,EXP-22-AE2399,21103,DEO-CON-3690,BeautifulUnderarms2021,214784,No,NA,14_07_2021,Scotland,Edinburgh,1007,24,NA,NA,NA,Female,NA,NA,Caucasian,NA,NA,NA,NA,Dove0%,B11,UnderarmStick,11,Recovery2,ITS,BufferScrub,ITS,Illumina,CTTGGTCATTTAGAGGAAGTAA,GCTGCGTTCTTCATCGATGG,54.52,58.87,No,4.02,14.95,0.08,0,0.5,Axilla,Axilla,Right,2.83,Healthy,NA,NA,NA,Sample_103_Buffer_scrub_1007_R_V11
Sample_its_104,NA,NA,EXP-22-AE2399,21104,DEO-CON-3690,BeautifulUnderarms2021,214784,No,NA,09_06_2021,Scotland,Edinburgh,1015,NA,NA,NA,NA,Female,NA,NA,Caucasian,NA,NA,NA,NA,OwnProduct,OwnProduct,UnderarmStick,1,Offthestreet,ITS,BufferScrub,ITS,Illumina,CTTGGTCATTTAGAGGAAGTAA,GCTGCGTTCTTCATCGATGG,NA,NA,No,NA,NA,NA,NA,NA,Axilla,Axilla,Left,2.83,Healthy,NA,NA,NA,Sample_104_Buffer_scrub_1015_L_V1
Sample_its_105,NA,NA,EXP-22-AE2399,21105,DEO-CON-3690,BeautifulUnderarms2021,214784,No,NA,09_06_2021,Scotland,Edinburgh,1015,NA,NA,NA,NA,Female,NA,NA,Caucasian,NA,NA,NA,NA,OwnProduct,OwnProduct,UnderarmStick,1,Offthestreet,ITS,BufferScrub,ITS,Illumina,CTTGGTCATTTAGAGGAAGTAA,GCTGCGTTCTTCATCGATGG,NA,NA,No,NA,NA,NA,NA,NA,Axilla,Axilla,Right,2.83,Healthy,NA,NA,NA,Sample_105_Buffer_scrub_1015_R_V1
Sample_its_106,NA,NA,EXP-22-AE2399,21106,DEO-CON-3690,BeautifulUnderarms2021,214784,No,NA,10_06_2021,Scotland,Edinburgh,1020,63,NA,NA,NA,Female,NA,NA,Caucasian,NA,NA,NA,NA,OwnProduct,OwnProduct,UnderarmStick,1,Offthestreet,ITS,BufferScrub,ITS,Illumina,CTTGGTCATTTAGAGGAAGTAA,GCTGCGTTCTTCATCGATGG,NA,NA,No,NA,NA,NA,NA,NA,Axilla,Axilla,Left,2.83,Healthy,NA,NA,NA,Sample_106_Buffer_scrub_1020_L_V1
Sample_its_107,NA,NA,EXP-22-AE2399,21107,DEO-CON-3690,BeautifulUnderarms2021,214784,No,NA,10_06_2021,Scotland,Edinburgh,1020,63,NA,NA,NA,Female,NA,NA,Caucasian,NA,NA,NA,NA,OwnProduct,OwnProduct,UnderarmStick,1,Offthestreet,ITS,BufferScrub,ITS,Illumina,CTTGGTCATTTAGAGGAAGTAA,GCTGCGTTCTTCATCGATGG,NA,NA,No,NA,NA,NA,NA,NA,Axilla,Axilla,Right,2.83,Healthy,NA,NA,NA,Sample_107_Buffer_scrub_1020_R_V1
Sample_its_108,NA,NA,EXP-22-AE2399,21108,DEO-CON-3690,BeautifulUnderarms2021,214784,No,NA,24_06_2021,Scotland,Edinburgh,1020,63,NA,NA,NA,Female,NA,NA,Caucasian,NA,NA,NA,NA,WOProv,WOProv,UnderarmStick,2,Baseline,ITS,BufferScrub,ITS,Illumina,CTTGGTCATTTAGAGGAAGTAA,GCTGCGTTCTTCATCGATGG,35.72,39.18,No,11.73,14.47,0.16,0,1,Axilla,Axilla,Left,2.83,Healthy,NA,NA,NA,Sample_108_Buffer_scrub_1020_L_V2
Sample_its_109,NA,NA,EXP-22-AE2399,21109,DEO-CON-3690,BeautifulUnderarms2021,214784,No,NA,24_06_2021,Scotland,Edinburgh,1020,63,NA,NA,NA,Female,NA,NA,Caucasian,NA,NA,NA,NA,WOProv,WOProv,UnderarmStick,2,Baseline,ITS,BufferScrub,ITS,Illumina,CTTGGTCATTTAGAGGAAGTAA,GCTGCGTTCTTCATCGATGG,32.55,33.78,No,28.97,28.77,0.24,0,1,Axilla,Axilla,Right,2.83,Healthy,NA,NA,NA,Sample_109_Buffer_scrub_1020_R_V2
Sample_its_110,NA,NA,EXP-22-AE2399,21110,DEO-CON-3690,BeautifulUnderarms2021,214784,No,NA,01_07_2021,Scotland,Edinburgh,1020,63,NA,NA,NA,Female,NA,NA,Caucasian,NA,NA,NA,NA,Dove0%,B11,UnderarmStick,5,PostProvocation,ITS,BufferScrub,ITS,Illumina,CTTGGTCATTTAGAGGAAGTAA,GCTGCGTTCTTCATCGATGG,28.02,21.72,No,NA,NA,NA,1,3,Axilla,Axilla,Left,2.83,Healthy,NA,NA,NA,Sample_110_Buffer_scrub_1020_L_V5
Sample_its_111,NA,NA,EXP-22-AE2399,21111,DEO-CON-3690,BeautifulUnderarms2021,214784,No,NA,01_07_2021,Scotland,Edinburgh,1020,63,NA,NA,NA,Female,NA,NA,Caucasian,NA,NA,NA,NA,DoveAdvancedCareAluminium,L82,UnderarmStick,5,PostProvocation,ITS,BufferScrub,ITS,Illumina,CTTGGTCATTTAGAGGAAGTAA,GCTGCGTTCTTCATCGATGG,27.98,25.33,No,25.63,83.36,0.12,0.5,3,Axilla,Axilla,Right,2.83,Healthy,NA,NA,NA,Sample_111_Buffer_scrub_1020_R_V5
Sample_its_112,NA,NA,EXP-22-AE2399,21112,DEO-CON-3690,BeautifulUnderarms2021,214784,No,NA,08_07_2021,Scotland,Edinburgh,1020,63,NA,NA,NA,Female,NA,NA,Caucasian,NA,NA,NA,NA,DoveAdvancedCareAluminium,L82,UnderarmStick,8,Recovery1,ITS,BufferScrub,ITS,Illumina,CTTGGTCATTTAGAGGAAGTAA,GCTGCGTTCTTCATCGATGG,26.53,27.88,No,NA,NA,NA,0.5,1.5,Axilla,Axilla,Right,2.83,Healthy,NA,NA,NA,Sample_112_Buffer_scrub_1020_R_V8
Sample_its_113,NA,NA,EXP-22-AE2399,21113,DEO-CON-3690,BeautifulUnderarms2021,214784,No,NA,15_07_2021,Scotland,Edinburgh,1020,63,NA,NA,NA,Female,NA,NA,Caucasian,NA,NA,NA,NA,Dove0%,B11,UnderarmStick,11,Recovery2,ITS,BufferScrub,ITS,Illumina,CTTGGTCATTTAGAGGAAGTAA,GCTGCGTTCTTCATCGATGG,43.85,31.47,No,18.98,136.27,0.16,0.5,3,Axilla,Axilla,Left,2.83,Healthy,NA,NA,NA,Sample_113_Buffer_scrub_1020_L_V11
Sample_its_114,NA,NA,EXP-22-AE2399,21114,DEO-CON-3690,BeautifulUnderarms2021,214784,No,NA,15_07_2021,Scotland,Edinburgh,1020,63,NA,NA,NA,Female,NA,NA,Caucasian,NA,NA,NA,NA,DoveAdvancedCareAluminium,L82,UnderarmStick,11,Recovery2,ITS,BufferScrub,ITS,Illumina,CTTGGTCATTTAGAGGAAGTAA,GCTGCGTTCTTCATCGATGG,32.82,31.35,No,8.41,34.38,0.06,0.5,0,Axilla,Axilla,Right,2.83,Healthy,NA,NA,NA,Sample_114_Buffer_scrub_1020_R_V11
Sample_its_115,NA,NA,EXP-22-AE2399,21115,DEO-CON-3690,BeautifulUnderarms2021,214784,No,NA,10_06_2021,Scotland,Edinburgh,1021,27,NA,NA,NA,Female,NA,NA,Caucasian,NA,NA,NA,NA,OwnProduct,OwnProduct,UnderarmStick,1,Offthestreet,ITS,BufferScrub,ITS,Illumina,CTTGGTCATTTAGAGGAAGTAA,GCTGCGTTCTTCATCGATGG,NA,NA,No,NA,NA,NA,NA,NA,Axilla,Axilla,Left,2.83,Healthy,NA,NA,NA,Sample_115_Buffer_scrub_1021_L_V1
Sample_its_116,NA,NA,EXP-22-AE2399,21116,DEO-CON-3690,BeautifulUnderarms2021,214784,No,NA,10_06_2021,Scotland,Edinburgh,1021,27,NA,NA,NA,Female,NA,NA,Caucasian,NA,NA,NA,NA,OwnProduct,OwnProduct,UnderarmStick,1,Offthestreet,ITS,BufferScrub,ITS,Illumina,CTTGGTCATTTAGAGGAAGTAA,GCTGCGTTCTTCATCGATGG,NA,NA,No,NA,NA,NA,NA,NA,Axilla,Axilla,Right,2.83,Healthy,NA,NA,NA,Sample_116_Buffer_scrub_1021_R_V1
Sample_its_117,NA,NA,EXP-22-AE2399,21117,DEO-CON-3690,BeautifulUnderarms2021,214784,No,NA,24_06_2021,Scotland,Edinburgh,1021,27,NA,NA,NA,Female,NA,NA,Caucasian,NA,NA,NA,NA,WOProv,WOProv,UnderarmStick,2,Baseline,ITS,BufferScrub,ITS,Illumina,CTTGGTCATTTAGAGGAAGTAA,GCTGCGTTCTTCATCGATGG,22.5,18.1,No,NA,NA,NA,0,0.5,Axilla,Axilla,Left,2.83,Healthy,NA,NA,NA,Sample_117_Buffer_scrub_1021_L_V2
Sample_its_118,NA,NA,EXP-22-AE2399,21118,DEO-CON-3690,BeautifulUnderarms2021,214784,No,NA,24_06_2021,Scotland,Edinburgh,1021,27,NA,NA,NA,Female,NA,NA,Caucasian,NA,NA,NA,NA,WOProv,WOProv,UnderarmStick,2,Baseline,ITS,BufferScrub,ITS,Illumina,CTTGGTCATTTAGAGGAAGTAA,GCTGCGTTCTTCATCGATGG,18.93,19.28,No,NA,NA,NA,0,1,Axilla,Axilla,Right,2.83,Healthy,NA,NA,NA,Sample_118_Buffer_scrub_1021_R_V2
Sample_its_119,NA,NA,EXP-22-AE2399,21119,DEO-CON-3690,BeautifulUnderarms2021,214784,No,NA,08_07_2021,Scotland,Edinburgh,1021,27,NA,NA,NA,Female,NA,NA,Caucasian,NA,NA,NA,NA,DoveAdvancedCareAluminium,L82,UnderarmStick,8,Recovery1,ITS,BufferScrub,ITS,Illumina,CTTGGTCATTTAGAGGAAGTAA,GCTGCGTTCTTCATCGATGG,26.03,26.13,No,NA,NA,NA,0.5,2.5,Axilla,Axilla,Left,2.83,Healthy,NA,NA,NA,Sample_119_Buffer_scrub_1021_L_V8
Sample_its_120,NA,NA,EXP-22-AE2399,21120,DEO-CON-3690,BeautifulUnderarms2021,214784,No,NA,08_07_2021,Scotland,Edinburgh,1021,27,NA,NA,NA,Female,NA,NA,Caucasian,NA,NA,NA,NA,Dove0%,B11,UnderarmStick,8,Recovery1,ITS,BufferScrub,ITS,Illumina,CTTGGTCATTTAGAGGAAGTAA,GCTGCGTTCTTCATCGATGG,32.8,25.93,No,NA,NA,NA,0.5,3,Axilla,Axilla,Right,2.83,Healthy,NA,NA,NA,Sample_120_Buffer_scrub_1021_R_V8
Sample_its_121,NA,NA,EXP-22-AE2399,21121,DEO-CON-3690,BeautifulUnderarms2021,214784,No,NA,15_07_2021,Scotland,Edinburgh,1021,27,NA,NA,NA,Female,NA,NA,Caucasian,NA,NA,NA,NA,DoveAdvancedCareAluminium,L82,UnderarmStick,11,Recovery2,ITS,BufferScrub,ITS,Illumina,CTTGGTCATTTAGAGGAAGTAA,GCTGCGTTCTTCATCGATGG,22.03,18.65,No,NA,NA,NA,0.5,2,Axilla,Axilla,Left,2.83,Healthy,NA,NA,NA,Sample_121_Buffer_scrub_1021_L_V11
Sample_its_122,NA,NA,EXP-22-AE2399,21122,DEO-CON-3690,BeautifulUnderarms2021,214784,No,NA,15_07_2021,Scotland,Edinburgh,1021,27,NA,NA,NA,Female,NA,NA,Caucasian,NA,NA,NA,NA,Dove0%,B11,UnderarmStick,11,Recovery2,ITS,BufferScrub,ITS,Illumina,CTTGGTCATTTAGAGGAAGTAA,GCTGCGTTCTTCATCGATGG,24.5,22.23,No,NA,NA,NA,0,2.5,Axilla,Axilla,Right,2.83,Healthy,NA,NA,NA,Sample_122_Buffer_scrub_1021_R_V11
Sample_its_123,NA,NA,EXP-22-AE2399,21123,DEO-CON-3690,BeautifulUnderarms2021,214784,No,NA,10_06_2021,Scotland,Edinburgh,1022,43,NA,NA,NA,Female,NA,NA,Caucasian,NA,NA,NA,NA,OwnProduct,OwnProduct,UnderarmStick,1,Offthestreet,ITS,BufferScrub,ITS,Illumina,CTTGGTCATTTAGAGGAAGTAA,GCTGCGTTCTTCATCGATGG,NA,NA,No,NA,NA,NA,NA,NA,Axilla,Axilla,Left,2.83,Healthy,NA,NA,NA,Sample_123_Buffer_scrub_1022_L_V1
Sample_its_124,NA,NA,EXP-22-AE2399,21124,DEO-CON-3690,BeautifulUnderarms2021,214784,No,NA,10_06_2021,Scotland,Edinburgh,1022,43,NA,NA,NA,Female,NA,NA,Caucasian,NA,NA,NA,NA,OwnProduct,OwnProduct,UnderarmStick,1,Offthestreet,ITS,BufferScrub,ITS,Illumina,CTTGGTCATTTAGAGGAAGTAA,GCTGCGTTCTTCATCGATGG,NA,NA,No,NA,NA,NA,NA,NA,Axilla,Axilla,Right,2.83,Healthy,NA,NA,NA,Sample_124_Buffer_scrub_1022_R_V1
Sample_its_125,NA,NA,EXP-22-AE2399,21125,DEO-CON-3690,BeautifulUnderarms2021,214784,No,NA,24_06_2021,Scotland,Edinburgh,1022,43,NA,NA,NA,Female,NA,NA,Caucasian,NA,NA,NA,NA,WOProv,WOProv,UnderarmStick,2,Baseline,ITS,BufferScrub,ITS,Illumina,CTTGGTCATTTAGAGGAAGTAA,GCTGCGTTCTTCATCGATGG,21.48,21.87,No,4.82,32.61,0.09,0,0.5,Axilla,Axilla,Left,2.83,Healthy,NA,NA,NA,Sample_125_Buffer_scrub_1022_L_V2
Sample_its_126,NA,NA,EXP-22-AE2399,21126,DEO-CON-3690,BeautifulUnderarms2021,214784,No,NA,24_06_2021,Scotland,Edinburgh,1022,43,NA,NA,NA,Female,NA,NA,Caucasian,NA,NA,NA,NA,WOProv,WOProv,UnderarmStick,2,Baseline,ITS,BufferScrub,ITS,Illumina,CTTGGTCATTTAGAGGAAGTAA,GCTGCGTTCTTCATCGATGG,17.67,17,No,15.76,34.64,0.23,0,1,Axilla,Axilla,Right,2.83,Healthy,NA,NA,NA,Sample_126_Buffer_scrub_1022_R_V2
Sample_its_127,NA,NA,EXP-22-AE2399,21127,DEO-CON-3690,BeautifulUnderarms2021,214784,No,NA,01_07_2021,Scotland,Edinburgh,1022,43,NA,NA,NA,Female,NA,NA,Caucasian,NA,NA,NA,NA,DoveAdvancedCareAluminium,L82,UnderarmStick,5,PostProvocation,ITS,BufferScrub,ITS,Illumina,CTTGGTCATTTAGAGGAAGTAA,GCTGCGTTCTTCATCGATGG,16.45,16.43,No,12.22,72.6,0.07,1,3,Axilla,Axilla,Left,2.83,Healthy,NA,NA,NA,Sample_127_Buffer_scrub_1022_L_V5
Sample_its_128,NA,NA,EXP-22-AE2399,21128,DEO-CON-3690,BeautifulUnderarms2021,214784,No,NA,01_07_2021,Scotland,Edinburgh,1022,43,NA,NA,NA,Female,NA,NA,Caucasian,NA,NA,NA,NA,Dove0%,B11,UnderarmStick,5,PostProvocation,ITS,BufferScrub,ITS,Illumina,CTTGGTCATTTAGAGGAAGTAA,GCTGCGTTCTTCATCGATGG,20.27,20.77,No,8.81,73.96,0.39,1,3.5,Axilla,Axilla,Right,2.83,Healthy,NA,NA,NA,Sample_128_Buffer_scrub_1022_R_V5
Sample_its_129,NA,NA,EXP-22-AE2399,21129,DEO-CON-3690,BeautifulUnderarms2021,214784,No,NA,08_07_2021,Scotland,Edinburgh,1022,43,NA,NA,NA,Female,NA,NA,Caucasian,NA,NA,NA,NA,DoveAdvancedCareAluminium,L82,UnderarmStick,8,Recovery1,ITS,BufferScrub,ITS,Illumina,CTTGGTCATTTAGAGGAAGTAA,GCTGCGTTCTTCATCGATGG,20.47,22.67,No,NA,NA,NA,0,2,Axilla,Axilla,Left,2.83,Healthy,NA,NA,NA,Sample_129_Buffer_scrub_1022_L_V8
Sample_its_130,NA,NA,EXP-22-AE2399,21130,DEO-CON-3690,BeautifulUnderarms2021,214784,No,NA,08_07_2021,Scotland,Edinburgh,1022,43,NA,NA,NA,Female,NA,NA,Caucasian,NA,NA,NA,NA,Dove0%,B11,UnderarmStick,8,Recovery1,ITS,BufferScrub,ITS,Illumina,CTTGGTCATTTAGAGGAAGTAA,GCTGCGTTCTTCATCGATGG,16.03,20.65,No,NA,NA,NA,0,2.5,Axilla,Axilla,Right,2.83,Healthy,NA,NA,NA,Sample_130_Buffer_scrub_1022_R_V8
Sample_its_131,NA,NA,EXP-22-AE2399,21131,DEO-CON-3690,BeautifulUnderarms2021,214784,No,NA,15_07_2021,Scotland,Edinburgh,1022,43,NA,NA,NA,Female,NA,NA,Caucasian,NA,NA,NA,NA,DoveAdvancedCareAluminium,L82,UnderarmStick,11,Recovery2,ITS,BufferScrub,ITS,Illumina,CTTGGTCATTTAGAGGAAGTAA,GCTGCGTTCTTCATCGATGG,22.22,29.27,No,7.63,20.08,0.09,0,1.5,Axilla,Axilla,Left,2.83,Healthy,NA,NA,NA,Sample_131_Buffer_scrub_1022_L_V11
Sample_its_132,NA,NA,EXP-22-AE2399,21132,DEO-CON-3690,BeautifulUnderarms2021,214784,No,NA,15_07_2021,Scotland,Edinburgh,1022,43,NA,NA,NA,Female,NA,NA,Caucasian,NA,NA,NA,NA,Dove0%,B11,UnderarmStick,11,Recovery2,ITS,BufferScrub,ITS,Illumina,CTTGGTCATTTAGAGGAAGTAA,GCTGCGTTCTTCATCGATGG,28.22,31.48,No,4.5,204.51,0.26,0,2,Axilla,Axilla,Right,2.83,Healthy,NA,NA,NA,Sample_132_Buffer_scrub_1022_R_V11
Sample_its_133,NA,NA,EXP-22-AE2399,21133,DEO-CON-3690,BeautifulUnderarms2021,214784,No,NA,07_07_2021,Scotland,Edinburgh,1039,53,NA,NA,NA,Female,NA,NA,Caucasian,NA,NA,NA,NA,OwnProduct,OwnProduct,UnderarmStick,1,Offthestreet,ITS,BufferScrub,ITS,Illumina,CTTGGTCATTTAGAGGAAGTAA,GCTGCGTTCTTCATCGATGG,NA,NA,No,NA,NA,NA,NA,NA,Axilla,Axilla,Left,2.83,Healthy,NA,NA,NA,Sample_133_Buffer_scrub_1039_L_V1
Sample_its_134,NA,NA,EXP-22-AE2399,21134,DEO-CON-3690,BeautifulUnderarms2021,214784,No,NA,07_07_2021,Scotland,Edinburgh,1039,53,NA,NA,NA,Female,NA,NA,Caucasian,NA,NA,NA,NA,OwnProduct,OwnProduct,UnderarmStick,1,Offthestreet,ITS,BufferScrub,ITS,Illumina,CTTGGTCATTTAGAGGAAGTAA,GCTGCGTTCTTCATCGATGG,NA,NA,No,NA,NA,NA,NA,NA,Axilla,Axilla,Right,2.83,Healthy,NA,NA,NA,Sample_134_Buffer_scrub_1039_R_V1
Sample_its_135,NA,NA,EXP-22-AE2399,21135,DEO-CON-3690,BeautifulUnderarms2021,214784,No,NA,21_07_2021,Scotland,Edinburgh,1039,53,NA,NA,NA,Female,NA,NA,Caucasian,NA,NA,NA,NA,WOProv,WOProv,UnderarmStick,2,Baseline,ITS,BufferScrub,ITS,Illumina,CTTGGTCATTTAGAGGAAGTAA,GCTGCGTTCTTCATCGATGG,39.28,40.07,No,13.57,29.88,0.11,0,1.5,Axilla,Axilla,Left,2.83,Healthy,NA,NA,NA,Sample_135_Buffer_scrub_1039_L_V2
Sample_its_136,NA,NA,EXP-22-AE2399,21136,DEO-CON-3690,BeautifulUnderarms2021,214784,No,NA,21_07_2021,Scotland,Edinburgh,1039,53,NA,NA,NA,Female,NA,NA,Caucasian,NA,NA,NA,NA,WOProv,WOProv,UnderarmStick,2,Baseline,ITS,BufferScrub,ITS,Illumina,CTTGGTCATTTAGAGGAAGTAA,GCTGCGTTCTTCATCGATGG,28.27,30.52,No,17.25,14.48,0.14,0,1,Axilla,Axilla,Right,2.83,Healthy,NA,NA,NA,Sample_136_Buffer_scrub_1039_R_V2
Sample_its_137,NA,NA,EXP-22-AE2399,21137,DEO-CON-3690,BeautifulUnderarms2021,214784,No,NA,28_07_2021,Scotland,Edinburgh,1039,53,NA,NA,NA,Female,NA,NA,Caucasian,NA,NA,NA,NA,Dove0%,B11,UnderarmStick,5,PostProvocation,ITS,BufferScrub,ITS,Illumina,CTTGGTCATTTAGAGGAAGTAA,GCTGCGTTCTTCATCGATGG,27.6,32.95,No,5.78,76.71,0.11,0.5,3,Axilla,Axilla,Left,2.83,Healthy,NA,NA,NA,Sample_137_Buffer_scrub_1039_L_V5
Sample_its_138,NA,NA,EXP-22-AE2399,21138,DEO-CON-3690,BeautifulUnderarms2021,214784,No,NA,28_07_2021,Scotland,Edinburgh,1039,53,NA,NA,NA,Female,NA,NA,Caucasian,NA,NA,NA,NA,DoveAdvancedCareAluminium,L82,UnderarmStick,5,PostProvocation,ITS,BufferScrub,ITS,Illumina,CTTGGTCATTTAGAGGAAGTAA,GCTGCGTTCTTCATCGATGG,28.97,27.53,No,13.06,42.23,0.03,0.5,2.5,Axilla,Axilla,Right,2.83,Healthy,NA,NA,NA,Sample_138_Buffer_scrub_1039_R_V5
Sample_its_139,NA,NA,EXP-22-AE2399,21139,DEO-CON-3690,BeautifulUnderarms2021,214784,No,NA,04_08_2021,Scotland,Edinburgh,1039,53,NA,NA,NA,Female,NA,NA,Caucasian,NA,NA,NA,NA,Dove0%,B11,UnderarmStick,8,Recovery1,ITS,BufferScrub,ITS,Illumina,CTTGGTCATTTAGAGGAAGTAA,GCTGCGTTCTTCATCGATGG,47.15,48.28,No,NA,NA,NA,0,3,Axilla,Axilla,Left,2.83,Healthy,NA,NA,NA,Sample_139_Buffer_scrub_1039_L_V8
Sample_its_140,NA,NA,EXP-22-AE2399,21140,DEO-CON-3690,BeautifulUnderarms2021,214784,No,NA,04_08_2021,Scotland,Edinburgh,1039,53,NA,NA,NA,Female,NA,NA,Caucasian,NA,NA,NA,NA,DoveAdvancedCareAluminium,L82,UnderarmStick,8,Recovery1,ITS,BufferScrub,ITS,Illumina,CTTGGTCATTTAGAGGAAGTAA,GCTGCGTTCTTCATCGATGG,30.7,41.88,No,NA,NA,NA,0.5,1.5,Axilla,Axilla,Right,2.83,Healthy,NA,NA,NA,Sample_140_Buffer_scrub_1039_R_V8
Sample_its_141,NA,NA,EXP-22-AE2399,21141,DEO-CON-3690,BeautifulUnderarms2021,214784,No,NA,11_08_2021,Scotland,Edinburgh,1039,53,NA,NA,NA,Female,NA,NA,Caucasian,NA,NA,NA,NA,Dove0%,B11,UnderarmStick,11,Recovery2,ITS,BufferScrub,ITS,Illumina,CTTGGTCATTTAGAGGAAGTAA,GCTGCGTTCTTCATCGATGG,51.93,61.97,No,5.34,10.51,0.01,0,1,Axilla,Axilla,Left,2.83,Healthy,NA,NA,NA,Sample_141_Buffer_scrub_1039_L_V11
Sample_its_142,NA,NA,EXP-22-AE2399,21142,DEO-CON-3690,BeautifulUnderarms2021,214784,No,NA,11_08_2021,Scotland,Edinburgh,1039,53,NA,NA,NA,Female,NA,NA,Caucasian,NA,NA,NA,NA,DoveAdvancedCareAluminium,L82,UnderarmStick,11,Recovery2,ITS,BufferScrub,ITS,Illumina,CTTGGTCATTTAGAGGAAGTAA,GCTGCGTTCTTCATCGATGG,48.5,51.53,No,9.34,5.42,0.02,0,1,Axilla,Axilla,Right,2.83,Healthy,NA,NA,NA,Sample_142_Buffer_scrub_1039_R_V11
Sample_its_143,NA,NA,EXP-22-AE2399,21143,DEO-CON-3690,BeautifulUnderarms2021,214784,No,NA,07_07_2021,Scotland,Edinburgh,1042,56,NA,NA,NA,Female,NA,NA,Caucasian,NA,NA,NA,NA,OwnProduct,OwnProduct,UnderarmStick,1,Offthestreet,ITS,BufferScrub,ITS,Illumina,CTTGGTCATTTAGAGGAAGTAA,GCTGCGTTCTTCATCGATGG,NA,NA,No,NA,NA,NA,NA,NA,Axilla,Axilla,Left,2.83,Healthy,NA,NA,NA,Sample_143_Buffer_scrub_1042_L_V1
Sample_its_144,NA,NA,EXP-22-AE2399,21144,DEO-CON-3690,BeautifulUnderarms2021,214784,No,NA,07_07_2021,Scotland,Edinburgh,1042,56,NA,NA,NA,Female,NA,NA,Caucasian,NA,NA,NA,NA,OwnProduct,OwnProduct,UnderarmStick,1,Offthestreet,ITS,BufferScrub,ITS,Illumina,CTTGGTCATTTAGAGGAAGTAA,GCTGCGTTCTTCATCGATGG,NA,NA,No,NA,NA,NA,NA,NA,Axilla,Axilla,Right,2.83,Healthy,NA,NA,NA,Sample_144_Buffer_scrub_1042_R_V1
Sample_its_145,NA,NA,EXP-22-AE2399,21145,DEO-CON-3690,BeautifulUnderarms2021,214784,No,NA,21_07_2021,Scotland,Edinburgh,1042,56,NA,NA,NA,Female,NA,NA,Caucasian,NA,NA,NA,NA,WOProv,WOProv,UnderarmStick,2,Baseline,ITS,BufferScrub,ITS,Illumina,CTTGGTCATTTAGAGGAAGTAA,GCTGCGTTCTTCATCGATGG,30.6,33.78,No,NA,NA,NA,0,0.5,Axilla,Axilla,Left,2.83,Healthy,NA,NA,NA,Sample_145_Buffer_scrub_1042_L_V2
Sample_its_146,NA,NA,EXP-22-AE2399,21146,DEO-CON-3690,BeautifulUnderarms2021,214784,No,NA,21_07_2021,Scotland,Edinburgh,1042,56,NA,NA,NA,Female,NA,NA,Caucasian,NA,NA,NA,NA,WOProv,WOProv,UnderarmStick,2,Baseline,ITS,BufferScrub,ITS,Illumina,CTTGGTCATTTAGAGGAAGTAA,GCTGCGTTCTTCATCGATGG,31.42,32.48,No,5.54,9.86,0.05,0,0.5,Axilla,Axilla,Right,2.83,Healthy,NA,NA,NA,Sample_146_Buffer_scrub_1042_R_V2
Sample_its_147,NA,NA,EXP-22-AE2399,21147,DEO-CON-3690,BeautifulUnderarms2021,214784,No,NA,28_07_2021,Scotland,Edinburgh,1042,56,NA,NA,NA,Female,NA,NA,Caucasian,NA,NA,NA,NA,Dove0%,B11,UnderarmStick,5,PostProvocation,ITS,BufferScrub,ITS,Illumina,CTTGGTCATTTAGAGGAAGTAA,GCTGCGTTCTTCATCGATGG,42.32,35.98,No,8.97,14.24,0.05,1,3,Axilla,Axilla,Left,2.83,Healthy,NA,NA,NA,Sample_147_Buffer_scrub_1042_L_V5
Sample_its_148,NA,NA,EXP-22-AE2399,21148,DEO-CON-3690,BeautifulUnderarms2021,214784,No,NA,28_07_2021,Scotland,Edinburgh,1042,56,NA,NA,NA,Female,NA,NA,Caucasian,NA,NA,NA,NA,DoveAdvancedCareAluminium,L82,UnderarmStick,5,PostProvocation,ITS,BufferScrub,ITS,Illumina,CTTGGTCATTTAGAGGAAGTAA,GCTGCGTTCTTCATCGATGG,29.02,25.53,No,NA,NA,NA,0.5,3,Axilla,Axilla,Right,2.83,Healthy,NA,NA,NA,Sample_148_Buffer_scrub_1042_R_V5
Sample_its_149,NA,NA,EXP-22-AE2399,21149,DEO-CON-3690,BeautifulUnderarms2021,214784,No,NA,04_08_2021,Scotland,Edinburgh,1042,56,NA,NA,NA,Female,NA,NA,Caucasian,NA,NA,NA,NA,Dove0%,B11,UnderarmStick,8,Recovery1,ITS,BufferScrub,ITS,Illumina,CTTGGTCATTTAGAGGAAGTAA,GCTGCGTTCTTCATCGATGG,49.35,49.12,No,NA,NA,NA,0.5,1.5,Axilla,Axilla,Left,2.83,Healthy,NA,NA,NA,Sample_149_Buffer_scrub_1042_L_V8
Sample_its_150,NA,NA,EXP-22-AE2399,21150,DEO-CON-3690,BeautifulUnderarms2021,214784,No,NA,04_08_2021,Scotland,Edinburgh,1042,56,NA,NA,NA,Female,NA,NA,Caucasian,NA,NA,NA,NA,DoveAdvancedCareAluminium,L82,UnderarmStick,8,Recovery1,ITS,BufferScrub,ITS,Illumina,CTTGGTCATTTAGAGGAAGTAA,GCTGCGTTCTTCATCGATGG,37.62,35.47,No,NA,NA,NA,0.5,2,Axilla,Axilla,Right,2.83,Healthy,NA,NA,NA,Sample_150_Buffer_scrub_1042_R_V8
Sample_its_151,NA,NA,EXP-22-AE2399,21151,DEO-CON-3690,BeautifulUnderarms2021,214784,No,NA,11_08_2021,Scotland,Edinburgh,1042,56,NA,NA,NA,Female,NA,NA,Caucasian,NA,NA,NA,NA,Dove0%,B11,UnderarmStick,11,Recovery2,ITS,BufferScrub,ITS,Illumina,CTTGGTCATTTAGAGGAAGTAA,GCTGCGTTCTTCATCGATGG,52.33,54.53,No,NA,NA,NA,0,1.5,Axilla,Axilla,Left,2.83,Healthy,NA,NA,NA,Sample_151_Buffer_scrub_1042_L_V11
Sample_its_152,NA,NA,EXP-22-AE2399,21152,DEO-CON-3690,BeautifulUnderarms2021,214784,No,NA,11_08_2021,Scotland,Edinburgh,1042,56,NA,NA,NA,Female,NA,NA,Caucasian,NA,NA,NA,NA,DoveAdvancedCareAluminium,L82,UnderarmStick,11,Recovery2,ITS,BufferScrub,ITS,Illumina,CTTGGTCATTTAGAGGAAGTAA,GCTGCGTTCTTCATCGATGG,40.53,36.68,No,8.64,20.72,0.02,0,1.5,Axilla,Axilla,Right,2.83,Healthy,NA,NA,NA,Sample_152_Buffer_scrub_1042_R_V11
Sample_its_153,NA,NA,EXP-22-AE2399,21153,DEO-CON-3690,BeautifulUnderarms2021,214784,No,NA,07_07_2021,Scotland,Edinburgh,1043,61,NA,NA,NA,Female,NA,NA,Caucasian,NA,NA,NA,NA,OwnProduct,OwnProduct,UnderarmStick,1,Offthestreet,ITS,BufferScrub,ITS,Illumina,CTTGGTCATTTAGAGGAAGTAA,GCTGCGTTCTTCATCGATGG,NA,NA,No,NA,NA,NA,NA,NA,Axilla,Axilla,Left,2.83,Healthy,NA,NA,NA,Sample_153_Buffer_scrub_1043_L_V1
Sample_its_154,NA,NA,EXP-22-AE2399,21154,DEO-CON-3690,BeautifulUnderarms2021,214784,No,NA,07_07_2021,Scotland,Edinburgh,1043,61,NA,NA,NA,Female,NA,NA,Caucasian,NA,NA,NA,NA,OwnProduct,OwnProduct,UnderarmStick,1,Offthestreet,ITS,BufferScrub,ITS,Illumina,CTTGGTCATTTAGAGGAAGTAA,GCTGCGTTCTTCATCGATGG,NA,NA,No,NA,NA,NA,NA,NA,Axilla,Axilla,Right,2.83,Healthy,NA,NA,NA,Sample_154_Buffer_scrub_1043_R_V1
Sample_its_155,NA,NA,EXP-22-AE2399,21155,DEO-CON-3690,BeautifulUnderarms2021,214784,No,NA,21_07_2021,Scotland,Edinburgh,1043,61,NA,NA,NA,Female,NA,NA,Caucasian,NA,NA,NA,NA,WOProv,WOProv,UnderarmStick,2,Baseline,ITS,BufferScrub,ITS,Illumina,CTTGGTCATTTAGAGGAAGTAA,GCTGCGTTCTTCATCGATGG,43.68,39.53,No,3.2,6.4,0.07,0,1.5,Axilla,Axilla,Left,2.83,Healthy,NA,NA,NA,Sample_155_Buffer_scrub_1043_L_V2
Sample_its_156,NA,NA,EXP-22-AE2399,21156,DEO-CON-3690,BeautifulUnderarms2021,214784,No,NA,21_07_2021,Scotland,Edinburgh,1043,61,NA,NA,NA,Female,NA,NA,Caucasian,NA,NA,NA,NA,WOProv,WOProv,UnderarmStick,2,Baseline,ITS,BufferScrub,ITS,Illumina,CTTGGTCATTTAGAGGAAGTAA,GCTGCGTTCTTCATCGATGG,42.6,37.53,No,3.1,7.79,0.11,0,2,Axilla,Axilla,Right,2.83,Healthy,NA,NA,NA,Sample_156_Buffer_scrub_1043_R_V2
Sample_its_157,NA,NA,EXP-22-AE2399,21157,DEO-CON-3690,BeautifulUnderarms2021,214784,No,NA,28_07_2021,Scotland,Edinburgh,1043,61,NA,NA,NA,Female,NA,NA,Caucasian,NA,NA,NA,NA,Dove0%,B11,UnderarmStick,5,PostProvocation,ITS,BufferScrub,ITS,Illumina,CTTGGTCATTTAGAGGAAGTAA,GCTGCGTTCTTCATCGATGG,24.62,23.88,No,4.12,5.77,0.08,1.5,3,Axilla,Axilla,Left,2.83,Healthy,NA,NA,NA,Sample_157_Buffer_scrub_1043_L_V5
Sample_its_158,NA,NA,EXP-22-AE2399,21158,DEO-CON-3690,BeautifulUnderarms2021,214784,No,NA,28_07_2021,Scotland,Edinburgh,1043,61,NA,NA,NA,Female,NA,NA,Caucasian,NA,NA,NA,NA,DoveAdvancedCareAluminium,L82,UnderarmStick,5,PostProvocation,ITS,BufferScrub,ITS,Illumina,CTTGGTCATTTAGAGGAAGTAA,GCTGCGTTCTTCATCGATGG,23.57,22.33,No,6.81,9.29,0.08,1.5,3.5,Axilla,Axilla,Right,2.83,Healthy,NA,NA,NA,Sample_158_Buffer_scrub_1043_R_V5
Sample_its_159,NA,NA,EXP-22-AE2399,21159,DEO-CON-3690,BeautifulUnderarms2021,214784,No,NA,04_08_2021,Scotland,Edinburgh,1043,61,NA,NA,NA,Female,NA,NA,Caucasian,NA,NA,NA,NA,Dove0%,B11,UnderarmStick,8,Recovery1,ITS,BufferScrub,ITS,Illumina,CTTGGTCATTTAGAGGAAGTAA,GCTGCGTTCTTCATCGATGG,38.65,40.8,No,NA,NA,NA,0.5,2,Axilla,Axilla,Left,2.83,Healthy,NA,NA,NA,Sample_159_Buffer_scrub_1043_L_V8
Sample_its_160,NA,NA,EXP-22-AE2399,21160,DEO-CON-3690,BeautifulUnderarms2021,214784,No,NA,04_08_2021,Scotland,Edinburgh,1043,61,NA,NA,NA,Female,NA,NA,Caucasian,NA,NA,NA,NA,DoveAdvancedCareAluminium,L82,UnderarmStick,8,Recovery1,ITS,BufferScrub,ITS,Illumina,CTTGGTCATTTAGAGGAAGTAA,GCTGCGTTCTTCATCGATGG,24.03,26.75,No,NA,NA,NA,0.5,2.5,Axilla,Axilla,Right,2.83,Healthy,NA,NA,NA,Sample_160_Buffer_scrub_1043_R_V8
Sample_its_161,NA,NA,EXP-22-AE2399,21161,DEO-CON-3690,BeautifulUnderarms2021,214784,No,NA,11_08_2021,Scotland,Edinburgh,1043,61,NA,NA,NA,Female,NA,NA,Caucasian,NA,NA,NA,NA,Dove0%,B11,UnderarmStick,11,Recovery2,ITS,BufferScrub,ITS,Illumina,CTTGGTCATTTAGAGGAAGTAA,GCTGCGTTCTTCATCGATGG,39.43,35.97,No,13.41,33.7,0.07,0,2.5,Axilla,Axilla,Left,2.83,Healthy,NA,NA,NA,Sample_161_Buffer_scrub_1043_L_V11
Sample_its_162,NA,NA,EXP-22-AE2399,21162,DEO-CON-3690,BeautifulUnderarms2021,214784,No,NA,11_08_2021,Scotland,Edinburgh,1043,61,NA,NA,NA,Female,NA,NA,Caucasian,NA,NA,NA,NA,DoveAdvancedCareAluminium,L82,UnderarmStick,11,Recovery2,ITS,BufferScrub,ITS,Illumina,CTTGGTCATTTAGAGGAAGTAA,GCTGCGTTCTTCATCGATGG,32.92,30.75,No,9.61,6.06,0.11,0,2,Axilla,Axilla,Right,2.83,Healthy,NA,NA,NA,Sample_162_Buffer_scrub_1043_R_V11
Sample_its_163,NA,NA,EXP-22-AE2399,21163,DEO-CON-3690,BeautifulUnderarms2021,214784,Yes,NegativeControl,NA,NA,NA,NA,NA,NA,NA,NA,NA,NA,NA,NA,NA,NA,NA,NA,NA,NA,NA,NA,NA,ITS,BufferScrub,ITS,Illumina,CTTGGTCATTTAGAGGAAGTAA,GCTGCGTTCTTCATCGATGG,NA,NA,NA,NA,NA,NA,NA,NA,NA,NA,NA,NA,NA,NA,NA,NA,Sample_163_Negative_control
Sample_its_164,NA,NA,EXP-22-AE2399,21164,DEO-CON-3690,BeautifulUnderarms2021,214784,No,NA,09_06_2021,Scotland,Edinburgh,1008,49,NA,NA,NA,Female,NA,NA,Caucasian,NA,NA,NA,NA,OwnProduct,OwnProduct,UnderarmStick,1,Offthestreet,ITS,BufferScrub,ITS,Illumina,CTTGGTCATTTAGAGGAAGTAA,GCTGCGTTCTTCATCGATGG,NA,NA,No,NA,NA,NA,NA,NA,Axilla,Axilla,Left,2.83,Healthy,NA,NA,NA,Sample_164_Buffer_scrub_1008_L_V1
Sample_its_165,NA,NA,EXP-22-AE2399,21165,DEO-CON-3690,BeautifulUnderarms2021,214784,No,NA,09_06_2021,Scotland,Edinburgh,1008,49,NA,NA,NA,Female,NA,NA,Caucasian,NA,NA,NA,NA,OwnProduct,OwnProduct,UnderarmStick,1,Offthestreet,ITS,BufferScrub,ITS,Illumina,CTTGGTCATTTAGAGGAAGTAA,GCTGCGTTCTTCATCGATGG,NA,NA,No,NA,NA,NA,NA,NA,Axilla,Axilla,Right,2.83,Healthy,NA,NA,NA,Sample_165_Buffer_scrub_1008_R_V1
Sample_its_166,NA,NA,EXP-22-AE2399,21166,DEO-CON-3690,BeautifulUnderarms2021,214784,No,NA,23_06_2021,Scotland,Edinburgh,1008,49,NA,NA,NA,Female,NA,NA,Caucasian,NA,NA,NA,NA,WOProv,WOProv,UnderarmStick,2,Baseline,ITS,BufferScrub,ITS,Illumina,CTTGGTCATTTAGAGGAAGTAA,GCTGCGTTCTTCATCGATGG,24.27,28.02,No,25.04,51.67,0.04,1,1.5,Axilla,Axilla,Left,2.83,Healthy,NA,NA,NA,Sample_166_Buffer_scrub_1008_L_V2
Sample_its_167,NA,NA,EXP-22-AE2399,21167,DEO-CON-3690,BeautifulUnderarms2021,214784,No,NA,23_06_2021,Scotland,Edinburgh,1008,49,NA,NA,NA,Female,NA,NA,Caucasian,NA,NA,NA,NA,WOProv,WOProv,UnderarmStick,2,Baseline,ITS,BufferScrub,ITS,Illumina,CTTGGTCATTTAGAGGAAGTAA,GCTGCGTTCTTCATCGATGG,22.93,25.1,No,4.18,4.82,0.06,1,1.5,Axilla,Axilla,Right,2.83,Healthy,NA,NA,NA,Sample_167_Buffer_scrub_1008_R_V2
Sample_its_168,NA,NA,EXP-22-AE2399,21168,DEO-CON-3690,BeautifulUnderarms2021,214784,No,NA,30_06_2021,Scotland,Edinburgh,1008,49,NA,NA,NA,Female,NA,NA,Caucasian,NA,NA,NA,NA,DoveAdvancedCareAluminium,L82,UnderarmStick,5,PostProvocation,ITS,BufferScrub,ITS,Illumina,CTTGGTCATTTAGAGGAAGTAA,GCTGCGTTCTTCATCGATGG,28.58,33.93,No,27.31,147.55,0.37,1.5,3,Axilla,Axilla,Left,2.83,Healthy,NA,NA,NA,Sample_168_Buffer_scrub_1008_L_V5
Sample_its_169,NA,NA,EXP-22-AE2399,21169,DEO-CON-3690,BeautifulUnderarms2021,214784,No,NA,30_06_2021,Scotland,Edinburgh,1008,49,NA,NA,NA,Female,NA,NA,Caucasian,NA,NA,NA,NA,Dove0%,B11,UnderarmStick,5,PostProvocation,ITS,BufferScrub,ITS,Illumina,CTTGGTCATTTAGAGGAAGTAA,GCTGCGTTCTTCATCGATGG,19.57,27.12,No,18.11,24.09,0.06,1.5,3,Axilla,Axilla,Right,2.83,Healthy,NA,NA,NA,Sample_169_Buffer_scrub_1008_R_V5
Sample_its_170,NA,NA,EXP-22-AE2399,21170,DEO-CON-3690,BeautifulUnderarms2021,214784,No,NA,07_07_2021,Scotland,Edinburgh,1008,49,NA,NA,NA,Female,NA,NA,Caucasian,NA,NA,NA,NA,DoveAdvancedCareAluminium,L82,UnderarmStick,8,Recovery1,ITS,BufferScrub,ITS,Illumina,CTTGGTCATTTAGAGGAAGTAA,GCTGCGTTCTTCATCGATGG,18.38,14.12,No,NA,NA,NA,1,3,Axilla,Axilla,Left,2.83,Healthy,NA,NA,NA,Sample_170_Buffer_scrub_1008_L_V8
Sample_its_171,NA,NA,EXP-22-AE2399,21171,DEO-CON-3690,BeautifulUnderarms2021,214784,No,NA,07_07_2021,Scotland,Edinburgh,1008,49,NA,NA,NA,Female,NA,NA,Caucasian,NA,NA,NA,NA,Dove0%,B11,UnderarmStick,8,Recovery1,ITS,BufferScrub,ITS,Illumina,CTTGGTCATTTAGAGGAAGTAA,GCTGCGTTCTTCATCGATGG,29.07,33.2,No,NA,NA,NA,0.5,2.5,Axilla,Axilla,Right,2.83,Healthy,NA,NA,NA,Sample_171_Buffer_scrub_1008_R_V8
Sample_its_172,NA,NA,EXP-22-AE2399,21172,DEO-CON-3690,BeautifulUnderarms2021,214784,No,NA,14_07_2021,Scotland,Edinburgh,1008,49,NA,NA,NA,Female,NA,NA,Caucasian,NA,NA,NA,NA,DoveAdvancedCareAluminium,L82,UnderarmStick,11,Recovery2,ITS,BufferScrub,ITS,Illumina,CTTGGTCATTTAGAGGAAGTAA,GCTGCGTTCTTCATCGATGG,24.2,21.22,No,22.81,26.79,0.03,0.5,2.5,Axilla,Axilla,Left,2.83,Healthy,NA,NA,NA,Sample_172_Buffer_scrub_1008_L_V11
Sample_its_173,NA,NA,EXP-22-AE2399,21173,DEO-CON-3690,BeautifulUnderarms2021,214784,No,NA,14_07_2021,Scotland,Edinburgh,1008,49,NA,NA,NA,Female,NA,NA,Caucasian,NA,NA,NA,NA,Dove0%,B11,UnderarmStick,11,Recovery2,ITS,BufferScrub,ITS,Illumina,CTTGGTCATTTAGAGGAAGTAA,GCTGCGTTCTTCATCGATGG,26.72,27.83,No,11.91,20.06,0.11,0.5,1.5,Axilla,Axilla,Right,2.83,Healthy,NA,NA,NA,Sample_173_Buffer_scrub_1008_R_V11
Sample_its_174,NA,NA,EXP-22-AE2399,21174,DEO-CON-3690,BeautifulUnderarms2021,214784,No,NA,09_06_2021,Scotland,Edinburgh,1009,29,NA,NA,NA,Female,NA,NA,Caucasian,NA,NA,NA,NA,OwnProduct,OwnProduct,UnderarmStick,1,Offthestreet,ITS,BufferScrub,ITS,Illumina,CTTGGTCATTTAGAGGAAGTAA,GCTGCGTTCTTCATCGATGG,NA,NA,No,NA,NA,NA,NA,NA,Axilla,Axilla,Left,2.83,Healthy,NA,NA,NA,Sample_174_Buffer_scrub_1009_L_V1
Sample_its_175,NA,NA,EXP-22-AE2399,21175,DEO-CON-3690,BeautifulUnderarms2021,214784,No,NA,09_06_2021,Scotland,Edinburgh,1009,29,NA,NA,NA,Female,NA,NA,Caucasian,NA,NA,NA,NA,OwnProduct,OwnProduct,UnderarmStick,1,Offthestreet,ITS,BufferScrub,ITS,Illumina,CTTGGTCATTTAGAGGAAGTAA,GCTGCGTTCTTCATCGATGG,NA,NA,No,NA,NA,NA,NA,NA,Axilla,Axilla,Right,2.83,Healthy,NA,NA,NA,Sample_175_Buffer_scrub_1009_R_V1
Sample_its_176,NA,NA,EXP-22-AE2399,21176,DEO-CON-3690,BeautifulUnderarms2021,214784,No,NA,23_06_2021,Scotland,Edinburgh,1009,29,NA,NA,NA,Female,NA,NA,Caucasian,NA,NA,NA,NA,WOProv,WOProv,UnderarmStick,2,Baseline,ITS,BufferScrub,ITS,Illumina,CTTGGTCATTTAGAGGAAGTAA,GCTGCGTTCTTCATCGATGG,17.37,17.12,No,1.45,4.29,0.05,0,0.5,Axilla,Axilla,Left,2.83,Healthy,NA,NA,NA,Sample_176_Buffer_scrub_1009_L_V2
Sample_its_177,NA,NA,EXP-22-AE2399,21177,DEO-CON-3690,BeautifulUnderarms2021,214784,No,NA,23_06_2021,Scotland,Edinburgh,1009,29,NA,NA,NA,Female,NA,NA,Caucasian,NA,NA,NA,NA,WOProv,WOProv,UnderarmStick,2,Baseline,ITS,BufferScrub,ITS,Illumina,CTTGGTCATTTAGAGGAAGTAA,GCTGCGTTCTTCATCGATGG,15.88,15.55,No,1.66,7.85,0.14,0,0.5,Axilla,Axilla,Right,2.83,Healthy,NA,NA,NA,Sample_177_Buffer_scrub_1009_R_V2
Sample_its_178,NA,NA,EXP-22-AE2399,21178,DEO-CON-3690,BeautifulUnderarms2021,214784,No,NA,30_06_2021,Scotland,Edinburgh,1009,29,NA,NA,NA,Female,NA,NA,Caucasian,NA,NA,NA,NA,Dove0%,B11,UnderarmStick,5,PostProvocation,ITS,BufferScrub,ITS,Illumina,CTTGGTCATTTAGAGGAAGTAA,GCTGCGTTCTTCATCGATGG,21.17,21.82,No,13.11,28.79,0.68,1.5,3,Axilla,Axilla,Left,2.83,Healthy,NA,NA,NA,Sample_178_Buffer_scrub_1009_L_V5
Sample_its_179,NA,NA,EXP-22-AE2399,21179,DEO-CON-3690,BeautifulUnderarms2021,214784,No,NA,30_06_2021,Scotland,Edinburgh,1009,29,NA,NA,NA,Female,NA,NA,Caucasian,NA,NA,NA,NA,DoveAdvancedCareAluminium,L82,UnderarmStick,5,PostProvocation,ITS,BufferScrub,ITS,Illumina,CTTGGTCATTTAGAGGAAGTAA,GCTGCGTTCTTCATCGATGG,20.65,23.85,No,7.94,7.85,0.17,1,3,Axilla,Axilla,Right,2.83,Healthy,NA,NA,NA,Sample_179_Buffer_scrub_1009_R_V5
Sample_its_180,NA,NA,EXP-22-AE2399,21180,DEO-CON-3690,BeautifulUnderarms2021,214784,No,NA,07_07_2021,Scotland,Edinburgh,1009,29,NA,NA,NA,Female,NA,NA,Caucasian,NA,NA,NA,NA,Dove0%,B11,UnderarmStick,8,Recovery1,ITS,BufferScrub,ITS,Illumina,CTTGGTCATTTAGAGGAAGTAA,GCTGCGTTCTTCATCGATGG,27.72,31.1,No,NA,NA,NA,1,2,Axilla,Axilla,Left,2.83,Healthy,NA,NA,NA,Sample_180_Buffer_scrub_1009_L_V8
Sample_its_181,NA,NA,EXP-22-AE2399,21181,DEO-CON-3690,BeautifulUnderarms2021,214784,No,NA,07_07_2021,Scotland,Edinburgh,1009,29,NA,NA,NA,Female,NA,NA,Caucasian,NA,NA,NA,NA,DoveAdvancedCareAluminium,L82,UnderarmStick,8,Recovery1,ITS,BufferScrub,ITS,Illumina,CTTGGTCATTTAGAGGAAGTAA,GCTGCGTTCTTCATCGATGG,18.37,17.57,No,NA,NA,NA,1,2,Axilla,Axilla,Right,2.83,Healthy,NA,NA,NA,Sample_181_Buffer_scrub_1009_R_V8
Sample_its_182,NA,NA,EXP-22-AE2399,21182,DEO-CON-3690,BeautifulUnderarms2021,214784,No,NA,14_07_2021,Scotland,Edinburgh,1009,29,NA,NA,NA,Female,NA,NA,Caucasian,NA,NA,NA,NA,Dove0%,B11,UnderarmStick,11,Recovery2,ITS,BufferScrub,ITS,Illumina,CTTGGTCATTTAGAGGAAGTAA,GCTGCGTTCTTCATCGATGG,26.52,30.35,No,18.79,16.27,0.05,0.5,2,Axilla,Axilla,Left,2.83,Healthy,NA,NA,NA,Sample_182_Buffer_scrub_1009_L_V11
Sample_its_183,NA,NA,EXP-22-AE2399,21183,DEO-CON-3690,BeautifulUnderarms2021,214784,No,NA,14_07_2021,Scotland,Edinburgh,1009,29,NA,NA,NA,Female,NA,NA,Caucasian,NA,NA,NA,NA,DoveAdvancedCareAluminium,L82,UnderarmStick,11,Recovery2,ITS,BufferScrub,ITS,Illumina,CTTGGTCATTTAGAGGAAGTAA,GCTGCGTTCTTCATCGATGG,25.35,29.13,No,18.39,2.45,0,0.5,2,Axilla,Axilla,Right,2.83,Healthy,NA,NA,NA,Sample_183_Buffer_scrub_1009_R_V11
Sample_its_184,NA,NA,EXP-22-AE2399,21184,DEO-CON-3690,BeautifulUnderarms2021,214784,No,NA,09_06_2021,Scotland,Edinburgh,1010,63,NA,NA,NA,Female,NA,NA,Caucasian,NA,NA,NA,NA,OwnProduct,OwnProduct,UnderarmStick,1,Offthestreet,ITS,BufferScrub,ITS,Illumina,CTTGGTCATTTAGAGGAAGTAA,GCTGCGTTCTTCATCGATGG,NA,NA,No,NA,NA,NA,NA,NA,Axilla,Axilla,Left,2.83,Healthy,NA,NA,NA,Sample_184_Buffer_scrub_1010_L_V1
Sample_its_185,NA,NA,EXP-22-AE2399,21185,DEO-CON-3690,BeautifulUnderarms2021,214784,No,NA,09_06_2021,Scotland,Edinburgh,1010,63,NA,NA,NA,Female,NA,NA,Caucasian,NA,NA,NA,NA,OwnProduct,OwnProduct,UnderarmStick,1,Offthestreet,ITS,BufferScrub,ITS,Illumina,CTTGGTCATTTAGAGGAAGTAA,GCTGCGTTCTTCATCGATGG,NA,NA,No,NA,NA,NA,NA,NA,Axilla,Axilla,Right,2.83,Healthy,NA,NA,NA,Sample_185_Buffer_scrub_1010_R_V1
Sample_its_186,NA,NA,EXP-22-AE2399,21186,DEO-CON-3690,BeautifulUnderarms2021,214784,No,NA,23_06_2021,Scotland,Edinburgh,1010,63,NA,NA,NA,Female,NA,NA,Caucasian,NA,NA,NA,NA,WOProv,WOProv,UnderarmStick,2,Baseline,ITS,BufferScrub,ITS,Illumina,CTTGGTCATTTAGAGGAAGTAA,GCTGCGTTCTTCATCGATGG,30.95,29.98,No,1.92,11.64,0.08,0.5,0.5,Axilla,Axilla,Left,2.83,Healthy,NA,NA,NA,Sample_186_Buffer_scrub_1010_L_V2
Sample_its_187,NA,NA,EXP-22-AE2399,21187,DEO-CON-3690,BeautifulUnderarms2021,214784,No,NA,23_06_2021,Scotland,Edinburgh,1010,63,NA,NA,NA,Female,NA,NA,Caucasian,NA,NA,NA,NA,WOProv,WOProv,UnderarmStick,2,Baseline,ITS,BufferScrub,ITS,Illumina,CTTGGTCATTTAGAGGAAGTAA,GCTGCGTTCTTCATCGATGG,33.58,34,No,3.55,12.24,0.21,0.5,0.5,Axilla,Axilla,Right,2.83,Healthy,NA,NA,NA,Sample_187_Buffer_scrub_1010_R_V2
Sample_its_188,NA,NA,EXP-22-AE2399,21188,DEO-CON-3690,BeautifulUnderarms2021,214784,No,NA,30_06_2021,Scotland,Edinburgh,1010,63,NA,NA,NA,Female,NA,NA,Caucasian,NA,NA,NA,NA,Dove0%,B11,UnderarmStick,5,PostProvocation,ITS,BufferScrub,ITS,Illumina,CTTGGTCATTTAGAGGAAGTAA,GCTGCGTTCTTCATCGATGG,26.68,19.95,No,10.41,45.5,1.86,1.5,3.5,Axilla,Axilla,Left,2.83,Healthy,NA,NA,NA,Sample_188_Buffer_scrub_1010_L_V5
Sample_its_189,NA,NA,EXP-22-AE2399,21189,DEO-CON-3690,BeautifulUnderarms2021,214784,No,NA,30_06_2021,Scotland,Edinburgh,1010,63,NA,NA,NA,Female,NA,NA,Caucasian,NA,NA,NA,NA,DoveAdvancedCareAluminium,L82,UnderarmStick,5,PostProvocation,ITS,BufferScrub,ITS,Illumina,CTTGGTCATTTAGAGGAAGTAA,GCTGCGTTCTTCATCGATGG,28.18,23.7,No,6.33,6.42,0.07,1,3,Axilla,Axilla,Right,2.83,Healthy,NA,NA,NA,Sample_189_Buffer_scrub_1010_R_V5
Sample_its_190,NA,NA,EXP-22-AE2399,21190,DEO-CON-3690,BeautifulUnderarms2021,214784,No,NA,07_07_2021,Scotland,Edinburgh,1010,63,NA,NA,NA,Female,NA,NA,Caucasian,NA,NA,NA,NA,Dove0%,B11,UnderarmStick,8,Recovery1,ITS,BufferScrub,ITS,Illumina,CTTGGTCATTTAGAGGAAGTAA,GCTGCGTTCTTCATCGATGG,36.18,37.63,No,NA,NA,NA,0.5,1.5,Axilla,Axilla,Left,2.83,Healthy,NA,NA,NA,Sample_190_Buffer_scrub_1010_L_V8
Sample_its_191,NA,NA,EXP-22-AE2399,21191,DEO-CON-3690,BeautifulUnderarms2021,214784,No,NA,07_07_2021,Scotland,Edinburgh,1010,63,NA,NA,NA,Female,NA,NA,Caucasian,NA,NA,NA,NA,DoveAdvancedCareAluminium,L82,UnderarmStick,8,Recovery1,ITS,BufferScrub,ITS,Illumina,CTTGGTCATTTAGAGGAAGTAA,GCTGCGTTCTTCATCGATGG,27.53,24.27,No,NA,NA,NA,1,1.5,Axilla,Axilla,Right,2.83,Healthy,NA,NA,NA,Sample_191_Buffer_scrub_1010_R_V8
Sample_its_192,NA,NA,EXP-22-AE2399,21192,DEO-CON-3690,BeautifulUnderarms2021,214784,No,NA,14_07_2021,Scotland,Edinburgh,1010,63,NA,NA,NA,Female,NA,NA,Caucasian,NA,NA,NA,NA,Dove0%,B11,UnderarmStick,11,Recovery2,ITS,BufferScrub,ITS,Illumina,CTTGGTCATTTAGAGGAAGTAA,GCTGCGTTCTTCATCGATGG,41.28,43.03,No,2.6,18.45,0.04,0.5,0.5,Axilla,Axilla,Left,2.83,Healthy,NA,NA,NA,Sample_192_Buffer_scrub_1010_L_V11
Sample_its_193,NA,NA,EXP-22-AE2399,21193,DEO-CON-3690,BeautifulUnderarms2021,214784,No,NA,14_07_2021,Scotland,Edinburgh,1010,63,NA,NA,NA,Female,NA,NA,Caucasian,NA,NA,NA,NA,DoveAdvancedCareAluminium,L82,UnderarmStick,11,Recovery2,ITS,BufferScrub,ITS,Illumina,CTTGGTCATTTAGAGGAAGTAA,GCTGCGTTCTTCATCGATGG,35.95,31.43,No,3.68,3.18,0.01,1,0.5,Axilla,Axilla,Right,2.83,Healthy,NA,NA,NA,Sample_193_Buffer_scrub_1010_R_V11
Sample_its_194,NA,NA,EXP-22-AE2399,21194,DEO-CON-3690,BeautifulUnderarms2021,214784,No,NA,10_06_2021,Scotland,Edinburgh,1023,64,NA,NA,NA,Female,NA,NA,Caucasian,NA,NA,NA,NA,OwnProduct,OwnProduct,UnderarmStick,1,Offthestreet,ITS,BufferScrub,ITS,Illumina,CTTGGTCATTTAGAGGAAGTAA,GCTGCGTTCTTCATCGATGG,NA,NA,No,NA,NA,NA,,,Axilla,Axilla,Left,2.83,Healthy,NA,NA,NA,Sample_194_Buffer_scrub_1023_L_V1
Sample_its_195,NA,NA,EXP-22-AE2399,21195,DEO-CON-3690,BeautifulUnderarms2021,214784,No,NA,10_06_2021,Scotland,Edinburgh,1023,64,NA,NA,NA,Female,NA,NA,Caucasian,NA,NA,NA,NA,OwnProduct,OwnProduct,UnderarmStick,1,Offthestreet,ITS,BufferScrub,ITS,Illumina,CTTGGTCATTTAGAGGAAGTAA,GCTGCGTTCTTCATCGATGG,NA,NA,No,NA,NA,NA,,,Axilla,Axilla,Right,2.83,Healthy,NA,NA,NA,Sample_195_Buffer_scrub_1023_R_V1
Sample_its_196,NA,NA,EXP-22-AE2399,21196,DEO-CON-3690,BeautifulUnderarms2021,214784,No,NA,24_06_2021,Scotland,Edinburgh,1023,64,NA,NA,NA,Female,NA,NA,Caucasian,NA,NA,NA,NA,WOProv,WOProv,UnderarmStick,2,Baseline,ITS,BufferScrub,ITS,Illumina,CTTGGTCATTTAGAGGAAGTAA,GCTGCGTTCTTCATCGATGG,36.52,33.12,No,25.58,70.34,0.27,0,1.5,Axilla,Axilla,Left,2.83,Healthy,NA,NA,NA,Sample_196_Buffer_scrub_1023_L_V2
Sample_its_197,NA,NA,EXP-22-AE2399,21197,DEO-CON-3690,BeautifulUnderarms2021,214784,No,NA,24_06_2021,Scotland,Edinburgh,1023,64,NA,NA,NA,Female,NA,NA,Caucasian,NA,NA,NA,NA,WOProv,WOProv,UnderarmStick,2,Baseline,ITS,BufferScrub,ITS,Illumina,CTTGGTCATTTAGAGGAAGTAA,GCTGCGTTCTTCATCGATGG,29.52,28.95,No,21.08,135.69,0.24,0,2,Axilla,Axilla,Right,2.83,Healthy,NA,NA,NA,Sample_197_Buffer_scrub_1023_R_V2
Sample_its_198,NA,NA,EXP-22-AE2399,21198,DEO-CON-3690,BeautifulUnderarms2021,214784,No,NA,01_07_2021,Scotland,Edinburgh,1023,64,NA,NA,NA,Female,NA,NA,Caucasian,NA,NA,NA,NA,DoveAdvancedCareAluminium,L82,UnderarmStick,5,PostProvocation,ITS,BufferScrub,ITS,Illumina,CTTGGTCATTTAGAGGAAGTAA,GCTGCGTTCTTCATCGATGG,19.9,21.85,No,41.16,76.67,0.32,0.5,2,Axilla,Axilla,Left,2.83,Healthy,NA,NA,NA,Sample_198_Buffer_scrub_1023_L_V5
Sample_its_199,NA,NA,EXP-22-AE2399,21199,DEO-CON-3690,BeautifulUnderarms2021,214784,No,NA,01_07_2021,Scotland,Edinburgh,1023,64,NA,NA,NA,Female,NA,NA,Caucasian,NA,NA,NA,NA,Dove0%,B11,UnderarmStick,5,PostProvocation,ITS,BufferScrub,ITS,Illumina,CTTGGTCATTTAGAGGAAGTAA,GCTGCGTTCTTCATCGATGG,26.63,28.05,No,15.66,175.86,0.44,0.5,2.5,Axilla,Axilla,Right,2.83,Healthy,NA,NA,NA,Sample_199_Buffer_scrub_1023_R_V5
Sample_its_200,NA,NA,EXP-22-AE2399,21200,DEO-CON-3690,BeautifulUnderarms2021,214784,No,NA,08_07_2021,Scotland,Edinburgh,1023,64,NA,NA,NA,Female,NA,NA,Caucasian,NA,NA,NA,NA,DoveAdvancedCareAluminium,L82,UnderarmStick,8,Recovery1,ITS,BufferScrub,ITS,Illumina,CTTGGTCATTTAGAGGAAGTAA,GCTGCGTTCTTCATCGATGG,22.28,23.72,No,NA,NA,NA,0.5,2,Axilla,Axilla,Left,2.83,Healthy,NA,NA,NA,Sample_200_Buffer_scrub_1023_L_V8
Sample_its_201,NA,NA,EXP-22-AE2399,21201,DEO-CON-3690,BeautifulUnderarms2021,214784,No,NA,08_07_2021,Scotland,Edinburgh,1023,64,NA,NA,NA,Female,NA,NA,Caucasian,NA,NA,NA,NA,Dove0%,B11,UnderarmStick,8,Recovery1,ITS,BufferScrub,ITS,Illumina,CTTGGTCATTTAGAGGAAGTAA,GCTGCGTTCTTCATCGATGG,25.7,24.02,No,NA,NA,NA,0.5,3,Axilla,Axilla,Right,2.83,Healthy,NA,NA,NA,Sample_201_Buffer_scrub_1023_R_V8
Sample_its_202,NA,NA,EXP-22-AE2399,21202,DEO-CON-3690,BeautifulUnderarms2021,214784,No,NA,15_07_2021,Scotland,Edinburgh,1023,64,NA,NA,NA,Female,NA,NA,Caucasian,NA,NA,NA,NA,DoveAdvancedCareAluminium,L82,UnderarmStick,11,Recovery2,ITS,BufferScrub,ITS,Illumina,CTTGGTCATTTAGAGGAAGTAA,GCTGCGTTCTTCATCGATGG,19.15,21.78,No,10.81,5.18,0.01,0,0.5,Axilla,Axilla,Left,2.83,Healthy,NA,NA,NA,Sample_202_Buffer_scrub_1023_L_V11
Sample_its_203,NA,NA,EXP-22-AE2399,21203,DEO-CON-3690,BeautifulUnderarms2021,214784,No,NA,15_07_2021,Scotland,Edinburgh,1023,64,NA,NA,NA,Female,NA,NA,Caucasian,NA,NA,NA,NA,Dove0%,B11,UnderarmStick,11,Recovery2,ITS,BufferScrub,ITS,Illumina,CTTGGTCATTTAGAGGAAGTAA,GCTGCGTTCTTCATCGATGG,20.47,26.85,No,16.46,155.53,0.4,0,3.5,Axilla,Axilla,Right,2.83,Healthy,NA,NA,NA,Sample_203_Buffer_scrub_1023_R_V11
Sample_its_204,NA,NA,EXP-22-AE2399,21204,DEO-CON-3690,BeautifulUnderarms2021,214784,No,NA,10_06_2021,Scotland,Edinburgh,1024,52,NA,NA,NA,Female,NA,NA,Caucasian,NA,NA,NA,NA,OwnProduct,OwnProduct,UnderarmStick,1,Offthestreet,ITS,BufferScrub,ITS,Illumina,CTTGGTCATTTAGAGGAAGTAA,GCTGCGTTCTTCATCGATGG,NA,NA,No,NA,NA,NA,NA,NA,Axilla,Axilla,Left,2.83,Healthy,NA,NA,NA,Sample_204_Buffer_scrub_1024_L_V1
Sample_its_205,NA,NA,EXP-22-AE2399,21205,DEO-CON-3690,BeautifulUnderarms2021,214784,No,NA,10_06_2021,Scotland,Edinburgh,1024,52,NA,NA,NA,Female,NA,NA,Caucasian,NA,NA,NA,NA,OwnProduct,OwnProduct,UnderarmStick,1,Offthestreet,ITS,BufferScrub,ITS,Illumina,CTTGGTCATTTAGAGGAAGTAA,GCTGCGTTCTTCATCGATGG,NA,NA,No,NA,NA,NA,NA,NA,Axilla,Axilla,Right,2.83,Healthy,NA,NA,NA,Sample_205_Buffer_scrub_1024_R_V1
Sample_its_206,NA,NA,EXP-22-AE2399,21206,DEO-CON-3690,BeautifulUnderarms2021,214784,No,NA,24_06_2021,Scotland,Edinburgh,1024,52,NA,NA,NA,Female,NA,NA,Caucasian,NA,NA,NA,NA,WOProv,WOProv,UnderarmStick,2,Baseline,ITS,BufferScrub,ITS,Illumina,CTTGGTCATTTAGAGGAAGTAA,GCTGCGTTCTTCATCGATGG,21.67,21.58,No,20.83,75.58,1.11,0,1.5,Axilla,Axilla,Left,2.83,Healthy,NA,NA,NA,Sample_206_Buffer_scrub_1024_L_V2
Sample_its_207,NA,NA,EXP-22-AE2399,21207,DEO-CON-3690,BeautifulUnderarms2021,214784,No,NA,24_06_2021,Scotland,Edinburgh,1024,52,NA,NA,NA,Female,NA,NA,Caucasian,NA,NA,NA,NA,WOProv,WOProv,UnderarmStick,2,Baseline,ITS,BufferScrub,ITS,Illumina,CTTGGTCATTTAGAGGAAGTAA,GCTGCGTTCTTCATCGATGG,22.97,24.2,No,29.43,77.05,0.16,0,1.5,Axilla,Axilla,Right,2.83,Healthy,NA,NA,NA,Sample_207_Buffer_scrub_1024_R_V2
Sample_its_208,NA,NA,EXP-22-AE2399,21208,DEO-CON-3690,BeautifulUnderarms2021,214784,No,NA,01_07_2021,Scotland,Edinburgh,1024,52,NA,NA,NA,Female,NA,NA,Caucasian,NA,NA,NA,NA,DoveAdvancedCareAluminium,L82,UnderarmStick,5,PostProvocation,ITS,BufferScrub,ITS,Illumina,CTTGGTCATTTAGAGGAAGTAA,GCTGCGTTCTTCATCGATGG,28.48,24.8,No,2.05,22.65,,0.5,3,Axilla,Axilla,Left,2.83,Healthy,NA,NA,NA,Sample_208_Buffer_scrub_1024_L_V5
Sample_its_209,NA,NA,EXP-22-AE2399,21209,DEO-CON-3690,BeautifulUnderarms2021,214784,No,NA,01_07_2021,Scotland,Edinburgh,1024,52,NA,NA,NA,Female,NA,NA,Caucasian,NA,NA,NA,NA,Dove0%,B11,UnderarmStick,5,PostProvocation,ITS,BufferScrub,ITS,Illumina,CTTGGTCATTTAGAGGAAGTAA,GCTGCGTTCTTCATCGATGG,23.03,20.47,No,2.46,27.25,0.76,0.5,3,Axilla,Axilla,Right,2.83,Healthy,NA,NA,NA,Sample_209_Buffer_scrub_1024_R_V5
Sample_its_210,NA,NA,EXP-22-AE2399,21210,DEO-CON-3690,BeautifulUnderarms2021,214784,No,NA,08_07_2021,Scotland,Edinburgh,1024,52,NA,NA,NA,Female,NA,NA,Caucasian,NA,NA,NA,NA,DoveAdvancedCareAluminium,L82,UnderarmStick,8,Recovery1,ITS,BufferScrub,ITS,Illumina,CTTGGTCATTTAGAGGAAGTAA,GCTGCGTTCTTCATCGATGG,31.05,26.27,No,NA,NA,NA,0,2,Axilla,Axilla,Left,2.83,Healthy,NA,NA,NA,Sample_210_Buffer_scrub_1024_L_V8
Sample_its_211,NA,NA,EXP-22-AE2399,21211,DEO-CON-3690,BeautifulUnderarms2021,214784,No,NA,08_07_2021,Scotland,Edinburgh,1024,52,NA,NA,NA,Female,NA,NA,Caucasian,NA,NA,NA,NA,Dove0%,B11,UnderarmStick,8,Recovery1,ITS,BufferScrub,ITS,Illumina,CTTGGTCATTTAGAGGAAGTAA,GCTGCGTTCTTCATCGATGG,34.38,28.07,No,NA,NA,NA,0,2.5,Axilla,Axilla,Right,2.83,Healthy,NA,NA,NA,Sample_211_Buffer_scrub_1024_R_V8
Sample_its_212,NA,NA,EXP-22-AE2399,21212,DEO-CON-3690,BeautifulUnderarms2021,214784,No,NA,15_07_2021,Scotland,Edinburgh,1024,52,NA,NA,NA,Female,NA,NA,Caucasian,NA,NA,NA,NA,DoveAdvancedCareAluminium,L82,UnderarmStick,11,Recovery2,ITS,BufferScrub,ITS,Illumina,CTTGGTCATTTAGAGGAAGTAA,GCTGCGTTCTTCATCGATGG,23.8,20.97,No,40.04,40.18,0.14,0,1.5,Axilla,Axilla,Left,2.83,Healthy,NA,NA,NA,Sample_212_Buffer_scrub_1024_L_V11
Sample_its_213,NA,NA,EXP-22-AE2399,21213,DEO-CON-3690,BeautifulUnderarms2021,214784,No,NA,15_07_2021,Scotland,Edinburgh,1024,52,NA,NA,NA,Female,NA,NA,Caucasian,NA,NA,NA,NA,Dove0%,B11,UnderarmStick,11,Recovery2,ITS,BufferScrub,ITS,Illumina,CTTGGTCATTTAGAGGAAGTAA,GCTGCGTTCTTCATCGATGG,25.07,19.08,No,17.28,79.45,0.58,0,2,Axilla,Axilla,Right,2.83,Healthy,NA,NA,NA,Sample_213_Buffer_scrub_1024_R_V11
Sample_its_214,NA,NA,EXP-22-AE2399,21214,DEO-CON-3690,BeautifulUnderarms2021,214784,No,NA,07_07_2021,Scotland,Edinburgh,1044,33,NA,NA,NA,Female,NA,NA,Caucasian,NA,NA,NA,NA,OwnProduct,OwnProduct,UnderarmStick,1,Offthestreet,ITS,BufferScrub,ITS,Illumina,CTTGGTCATTTAGAGGAAGTAA,GCTGCGTTCTTCATCGATGG,NA,NA,No,NA,NA,NA,NA,NA,Axilla,Axilla,Left,2.83,Healthy,NA,NA,NA,Sample_214_Buffer_scrub_1044_L_V1
Sample_its_215,NA,NA,EXP-22-AE2399,21215,DEO-CON-3690,BeautifulUnderarms2021,214784,No,NA,07_07_2021,Scotland,Edinburgh,1044,33,NA,NA,NA,Female,NA,NA,Caucasian,NA,NA,NA,NA,OwnProduct,OwnProduct,UnderarmStick,1,Offthestreet,ITS,BufferScrub,ITS,Illumina,CTTGGTCATTTAGAGGAAGTAA,GCTGCGTTCTTCATCGATGG,NA,NA,No,NA,NA,NA,NA,NA,Axilla,Axilla,Right,2.83,Healthy,NA,NA,NA,Sample_215_Buffer_scrub_1044_R_V1
Sample_its_216,NA,NA,EXP-22-AE2399,21216,DEO-CON-3690,BeautifulUnderarms2021,214784,No,NA,21_07_2021,Scotland,Edinburgh,1044,33,NA,NA,NA,Female,NA,NA,Caucasian,NA,NA,NA,NA,WOProv,WOProv,UnderarmStick,2,Baseline,ITS,BufferScrub,ITS,Illumina,CTTGGTCATTTAGAGGAAGTAA,GCTGCGTTCTTCATCGATGG,28.68,31.78,No,6.48,165.54,0.51,0,1.5,Axilla,Axilla,Left,2.83,Healthy,NA,NA,NA,Sample_216_Buffer_scrub_1044_L_V2
Sample_its_217,NA,NA,EXP-22-AE2399,21217,DEO-CON-3690,BeautifulUnderarms2021,214784,No,NA,21_07_2021,Scotland,Edinburgh,1044,33,NA,NA,NA,Female,NA,NA,Caucasian,NA,NA,NA,NA,WOProv,WOProv,UnderarmStick,2,Baseline,ITS,BufferScrub,ITS,Illumina,CTTGGTCATTTAGAGGAAGTAA,GCTGCGTTCTTCATCGATGG,17.7,23.9,No,8.12,63.1,0.2,0,2,Axilla,Axilla,Right,2.83,Healthy,NA,NA,NA,Sample_217_Buffer_scrub_1044_R_V2
Sample_its_218,NA,NA,EXP-22-AE2399,21218,DEO-CON-3690,BeautifulUnderarms2021,214784,No,NA,28_07_2021,Scotland,Edinburgh,1044,33,NA,NA,NA,Female,NA,NA,Caucasian,NA,NA,NA,NA,DoveAdvancedCareAluminium,L82,UnderarmStick,5,PostProvocation,ITS,BufferScrub,ITS,Illumina,CTTGGTCATTTAGAGGAAGTAA,GCTGCGTTCTTCATCGATGG,31.38,28.23,No,3.19,49.1,0.63,0,3.5,Axilla,Axilla,Left,2.83,Healthy,NA,NA,NA,Sample_218_Buffer_scrub_1044_L_V5
Sample_its_219,NA,NA,EXP-22-AE2399,21219,DEO-CON-3690,BeautifulUnderarms2021,214784,No,NA,28_07_2021,Scotland,Edinburgh,1044,33,NA,NA,NA,Female,NA,NA,Caucasian,NA,NA,NA,NA,Dove0%,B11,UnderarmStick,5,PostProvocation,ITS,BufferScrub,ITS,Illumina,CTTGGTCATTTAGAGGAAGTAA,GCTGCGTTCTTCATCGATGG,19.92,16.97,No,2.14,58.43,11.34,0,3,Axilla,Axilla,Right,2.83,Healthy,NA,NA,NA,Sample_219_Buffer_scrub_1044_R_V5
Sample_its_220,NA,NA,EXP-22-AE2399,21220,DEO-CON-3690,BeautifulUnderarms2021,214784,No,NA,04_08_2021,Scotland,Edinburgh,1044,33,NA,NA,NA,Female,NA,NA,Caucasian,NA,NA,NA,NA,DoveAdvancedCareAluminium,L82,UnderarmStick,8,Recovery1,ITS,BufferScrub,ITS,Illumina,CTTGGTCATTTAGAGGAAGTAA,GCTGCGTTCTTCATCGATGG,38.33,31.52,No,NA,NA,NA,0,2,Axilla,Axilla,Left,2.83,Healthy,NA,NA,NA,Sample_220_Buffer_scrub_1044_L_V8
Sample_its_221,NA,NA,EXP-22-AE2399,21221,DEO-CON-3690,BeautifulUnderarms2021,214784,No,NA,04_08_2021,Scotland,Edinburgh,1044,33,NA,NA,NA,Female,NA,NA,Caucasian,NA,NA,NA,NA,Dove0%,B11,UnderarmStick,8,Recovery1,ITS,BufferScrub,ITS,Illumina,CTTGGTCATTTAGAGGAAGTAA,GCTGCGTTCTTCATCGATGG,30.27,19.78,No,NA,NA,NA,0,3,Axilla,Axilla,Right,2.83,Healthy,NA,NA,NA,Sample_221_Buffer_scrub_1044_R_V8
Sample_its_222,NA,NA,EXP-22-AE2399,21222,DEO-CON-3690,BeautifulUnderarms2021,214784,No,NA,11_08_2021,Scotland,Edinburgh,1044,33,NA,NA,NA,Female,NA,NA,Caucasian,NA,NA,NA,NA,DoveAdvancedCareAluminium,L82,UnderarmStick,11,Recovery2,ITS,BufferScrub,ITS,Illumina,CTTGGTCATTTAGAGGAAGTAA,GCTGCGTTCTTCATCGATGG,19.93,18.85,No,4.69,21.65,0.07,0,1,Axilla,Axilla,Left,2.83,Healthy,NA,NA,NA,Sample_222_Buffer_scrub_1044_L_V11
Sample_its_223,NA,NA,EXP-22-AE2399,21223,DEO-CON-3690,BeautifulUnderarms2021,214784,No,NA,11_08_2021,Scotland,Edinburgh,1044,33,NA,NA,NA,Female,NA,NA,Caucasian,NA,NA,NA,NA,Dove0%,B11,UnderarmStick,11,Recovery2,ITS,BufferScrub,ITS,Illumina,CTTGGTCATTTAGAGGAAGTAA,GCTGCGTTCTTCATCGATGG,21.23,24,No,4.52,16.01,0.1,0,2,Axilla,Axilla,Right,2.83,Healthy,NA,NA,NA,Sample_223_Buffer_scrub_1044_R_V11
Sample_its_224,NA,NA,EXP-22-AE2399,21224,DEO-CON-3690,BeautifulUnderarms2021,214784,No,NA,07_07_2021,Scotland,Edinburgh,1049,37,NA,NA,NA,Female,NA,NA,Caucasian,NA,NA,NA,NA,OwnProduct,OwnProduct,UnderarmStick,1,Offthestreet,ITS,BufferScrub,ITS,Illumina,CTTGGTCATTTAGAGGAAGTAA,GCTGCGTTCTTCATCGATGG,NA,NA,No,NA,NA,NA,NA,NA,Axilla,Axilla,Left,2.83,Healthy,NA,NA,NA,Sample_224_Buffer_scrub_1049_L_V1
Sample_its_225,NA,NA,EXP-22-AE2399,21225,DEO-CON-3690,BeautifulUnderarms2021,214784,No,NA,07_07_2021,Scotland,Edinburgh,1049,37,NA,NA,NA,Female,NA,NA,Caucasian,NA,NA,NA,NA,OwnProduct,OwnProduct,UnderarmStick,1,Offthestreet,ITS,BufferScrub,ITS,Illumina,CTTGGTCATTTAGAGGAAGTAA,GCTGCGTTCTTCATCGATGG,NA,NA,No,NA,NA,NA,NA,NA,Axilla,Axilla,Right,2.83,Healthy,NA,NA,NA,Sample_225_Buffer_scrub_1049_R_V1
Sample_its_226,NA,NA,EXP-22-AE2399,21226,DEO-CON-3690,BeautifulUnderarms2021,214784,No,NA,21_07_2021,Scotland,Edinburgh,1049,37,NA,NA,NA,Female,NA,NA,Caucasian,NA,NA,NA,NA,WOProv,WOProv,UnderarmStick,2,Baseline,ITS,BufferScrub,ITS,Illumina,CTTGGTCATTTAGAGGAAGTAA,GCTGCGTTCTTCATCGATGG,26.58,31.55,No,NA,NA,NA,0,0.5,Axilla,Axilla,Left,2.83,Healthy,NA,NA,NA,Sample_226_Buffer_scrub_1049_L_V2
Sample_its_227,NA,NA,EXP-22-AE2399,21227,DEO-CON-3690,BeautifulUnderarms2021,214784,No,NA,21_07_2021,Scotland,Edinburgh,1049,37,NA,NA,NA,Female,NA,NA,Caucasian,NA,NA,NA,NA,WOProv,WOProv,UnderarmStick,2,Baseline,ITS,BufferScrub,ITS,Illumina,CTTGGTCATTTAGAGGAAGTAA,GCTGCGTTCTTCATCGATGG,29.55,27.55,No,11.38,135.84,0.14,0,0.5,Axilla,Axilla,Right,2.83,Healthy,NA,NA,NA,Sample_227_Buffer_scrub_1049_R_V2
Sample_its_228,NA,NA,EXP-22-AE2399,21228,DEO-CON-3690,BeautifulUnderarms2021,214784,No,NA,28_07_2021,Scotland,Edinburgh,1049,37,NA,NA,NA,Female,NA,NA,Caucasian,NA,NA,NA,NA,Dove0%,B11,UnderarmStick,5,PostProvocation,ITS,BufferScrub,ITS,Illumina,CTTGGTCATTTAGAGGAAGTAA,GCTGCGTTCTTCATCGATGG,30.28,21.17,No,5.1,37.68,0.31,1,3,Axilla,Axilla,Left,2.83,Healthy,NA,NA,NA,Sample_228_Buffer_scrub_1049_L_V5
Sample_its_229,NA,NA,EXP-22-AE2399,21229,DEO-CON-3690,BeautifulUnderarms2021,214784,No,NA,28_07_2021,Scotland,Edinburgh,1049,37,NA,NA,NA,Female,NA,NA,Caucasian,NA,NA,NA,NA,DoveAdvancedCareAluminium,L82,UnderarmStick,5,PostProvocation,ITS,BufferScrub,ITS,Illumina,CTTGGTCATTTAGAGGAAGTAA,GCTGCGTTCTTCATCGATGG,22.03,29.9,No,NA,NA,NA,0.5,2.5,Axilla,Axilla,Right,2.83,Healthy,NA,NA,NA,Sample_229_Buffer_scrub_1049_R_V5
Sample_its_230,NA,NA,EXP-22-AE2399,21230,DEO-CON-3690,BeautifulUnderarms2021,214784,No,NA,04_08_2021,Scotland,Edinburgh,1049,37,NA,NA,NA,Female,NA,NA,Caucasian,NA,NA,NA,NA,Dove0%,B11,UnderarmStick,8,Recovery1,ITS,BufferScrub,ITS,Illumina,CTTGGTCATTTAGAGGAAGTAA,GCTGCGTTCTTCATCGATGG,34.5,30.12,No,NA,NA,NA,0,1.5,Axilla,Axilla,Left,2.83,Healthy,NA,NA,NA,Sample_230_Buffer_scrub_1049_L_V8
Sample_its_231,NA,NA,EXP-22-AE2399,21231,DEO-CON-3690,BeautifulUnderarms2021,214784,No,NA,04_08_2021,Scotland,Edinburgh,1049,37,NA,NA,NA,Female,NA,NA,Caucasian,NA,NA,NA,NA,DoveAdvancedCareAluminium,L82,UnderarmStick,8,Recovery1,ITS,BufferScrub,ITS,Illumina,CTTGGTCATTTAGAGGAAGTAA,GCTGCGTTCTTCATCGATGG,22.37,23.78,No,NA,NA,NA,0,1.5,Axilla,Axilla,Right,2.83,Healthy,NA,NA,NA,Sample_231_Buffer_scrub_1049_R_V8
Sample_its_232,NA,NA,EXP-22-AE2399,21232,DEO-CON-3690,BeautifulUnderarms2021,214784,No,NA,11_08_2021,Scotland,Edinburgh,1049,37,NA,NA,NA,Female,NA,NA,Caucasian,NA,NA,NA,NA,Dove0%,B11,UnderarmStick,11,Recovery2,ITS,BufferScrub,ITS,Illumina,CTTGGTCATTTAGAGGAAGTAA,GCTGCGTTCTTCATCGATGG,43.97,44.17,No,2.64,18.34,0.56,0,1.5,Axilla,Axilla,Left,2.83,Healthy,NA,NA,NA,Sample_232_Buffer_scrub_1049_L_V11
Sample_its_233,NA,NA,EXP-22-AE2399,21233,DEO-CON-3690,BeautifulUnderarms2021,214784,No,NA,11_08_2021,Scotland,Edinburgh,1049,37,NA,NA,NA,Female,NA,NA,Caucasian,NA,NA,NA,NA,DoveAdvancedCareAluminium,L82,UnderarmStick,11,Recovery2,ITS,BufferScrub,ITS,Illumina,CTTGGTCATTTAGAGGAAGTAA,GCTGCGTTCTTCATCGATGG,24.73,26.22,No,1.7,6.22,0,0,1,Axilla,Axilla,Right,2.83,Healthy,NA,NA,NA,Sample_233_Buffer_scrub_1049_R_V11
Sample_its_234,NA,NA,EXP-22-AE2399,21234,DEO-CON-3690,BeautifulUnderarms2021,214784,No,NA,07_07_2021,Scotland,Edinburgh,1050,35,NA,NA,NA,Female,NA,NA,Caucasian,NA,NA,NA,NA,OwnProduct,OwnProduct,UnderarmStick,1,Offthestreet,ITS,BufferScrub,ITS,Illumina,CTTGGTCATTTAGAGGAAGTAA,GCTGCGTTCTTCATCGATGG,NA,NA,No,NA,NA,NA,NA,NA,Axilla,Axilla,Left,2.83,Healthy,NA,NA,NA,Sample_234_Buffer_scrub_1050_L_V1
Sample_its_235,NA,NA,EXP-22-AE2399,21235,DEO-CON-3690,BeautifulUnderarms2021,214784,No,NA,07_07_2021,Scotland,Edinburgh,1050,35,NA,NA,NA,Female,NA,NA,Caucasian,NA,NA,NA,NA,OwnProduct,OwnProduct,UnderarmStick,1,Offthestreet,ITS,BufferScrub,ITS,Illumina,CTTGGTCATTTAGAGGAAGTAA,GCTGCGTTCTTCATCGATGG,NA,NA,No,NA,NA,NA,NA,NA,Axilla,Axilla,Right,2.83,Healthy,NA,NA,NA,Sample_235_Buffer_scrub_1050_R_V1
Sample_its_236,NA,NA,EXP-22-AE2399,21236,DEO-CON-3690,BeautifulUnderarms2021,214784,No,NA,21_07_2021,Scotland,Edinburgh,1050,35,NA,NA,NA,Female,NA,NA,Caucasian,NA,NA,NA,NA,WOProv,WOProv,UnderarmStick,2,Baseline,ITS,BufferScrub,ITS,Illumina,CTTGGTCATTTAGAGGAAGTAA,GCTGCGTTCTTCATCGATGG,13.1,16.58,No,1.12,9.39,0.24,0,1,Axilla,Axilla,Left,2.83,Healthy,NA,NA,NA,Sample_236_Buffer_scrub_1050_L_V2
Sample_its_237,NA,NA,EXP-22-AE2399,21237,DEO-CON-3690,BeautifulUnderarms2021,214784,No,NA,21_07_2021,Scotland,Edinburgh,1050,35,NA,NA,NA,Female,NA,NA,Caucasian,NA,NA,NA,NA,WOProv,WOProv,UnderarmStick,2,Baseline,ITS,BufferScrub,ITS,Illumina,CTTGGTCATTTAGAGGAAGTAA,GCTGCGTTCTTCATCGATGG,16.5,20.7,No,5,7.11,0.16,0,1,Axilla,Axilla,Right,2.83,Healthy,NA,NA,NA,Sample_237_Buffer_scrub_1050_R_V2
Sample_its_238,NA,NA,EXP-22-AE2399,21238,DEO-CON-3690,BeautifulUnderarms2021,214784,No,NA,28_07_2021,Scotland,Edinburgh,1050,35,NA,NA,NA,Female,NA,NA,Caucasian,NA,NA,NA,NA,DoveAdvancedCareAluminium,L82,UnderarmStick,5,PostProvocation,ITS,BufferScrub,ITS,Illumina,CTTGGTCATTTAGAGGAAGTAA,GCTGCGTTCTTCATCGATGG,16.78,13.7,No,4.98,6.61,0.13,0.5,2.5,Axilla,Axilla,Left,2.83,Healthy,NA,NA,NA,Sample_238_Buffer_scrub_1050_L_V5
Sample_its_239,NA,NA,EXP-22-AE2399,21239,DEO-CON-3690,BeautifulUnderarms2021,214784,No,NA,28_07_2021,Scotland,Edinburgh,1050,35,NA,NA,NA,Female,NA,NA,Caucasian,NA,NA,NA,NA,Dove0%,B11,UnderarmStick,5,PostProvocation,ITS,BufferScrub,ITS,Illumina,CTTGGTCATTTAGAGGAAGTAA,GCTGCGTTCTTCATCGATGG,18.2,18.4,No,33.51,82,1.23,1,2,Axilla,Axilla,Right,2.83,Healthy,NA,NA,NA,Sample_239_Buffer_scrub_1050_R_V5
Sample_its_240,NA,NA,EXP-22-AE2399,21240,DEO-CON-3690,BeautifulUnderarms2021,214784,No,NA,04_08_2021,Scotland,Edinburgh,1050,35,NA,NA,NA,Female,NA,NA,Caucasian,NA,NA,NA,NA,DoveAdvancedCareAluminium,L82,UnderarmStick,8,Recovery1,ITS,BufferScrub,ITS,Illumina,CTTGGTCATTTAGAGGAAGTAA,GCTGCGTTCTTCATCGATGG,27.73,23.42,No,NA,NA,NA,1,2,Axilla,Axilla,Left,2.83,Healthy,NA,NA,NA,Sample_240_Buffer_scrub_1050_L_V8
Sample_its_241,NA,NA,EXP-22-AE2399,21241,DEO-CON-3690,BeautifulUnderarms2021,214784,No,NA,04_08_2021,Scotland,Edinburgh,1050,35,NA,NA,NA,Female,NA,NA,Caucasian,NA,NA,NA,NA,Dove0%,B11,UnderarmStick,8,Recovery1,ITS,BufferScrub,ITS,Illumina,CTTGGTCATTTAGAGGAAGTAA,GCTGCGTTCTTCATCGATGG,32.38,33.02,No,NA,NA,NA,0,1,Axilla,Axilla,Right,2.83,Healthy,NA,NA,NA,Sample_241_Buffer_scrub_1050_R_V8
Sample_its_242,NA,NA,EXP-22-AE2399,21242,DEO-CON-3690,BeautifulUnderarms2021,214784,No,NA,11_08_2021,Scotland,Edinburgh,1050,35,NA,NA,NA,Female,NA,NA,Caucasian,NA,NA,NA,NA,DoveAdvancedCareAluminium,L82,UnderarmStick,11,Recovery2,ITS,BufferScrub,ITS,Illumina,CTTGGTCATTTAGAGGAAGTAA,GCTGCGTTCTTCATCGATGG,26.83,20.03,No,5.24,0.06,0,0,0.5,Axilla,Axilla,Left,2.83,Healthy,NA,NA,NA,Sample_242_Buffer_scrub_1050_L_V11
Sample_its_243,NA,NA,EXP-22-AE2399,21243,DEO-CON-3690,BeautifulUnderarms2021,214784,No,NA,11_08_2021,Scotland,Edinburgh,1050,35,NA,NA,NA,Female,NA,NA,Caucasian,NA,NA,NA,NA,Dove0%,B11,UnderarmStick,11,Recovery2,ITS,BufferScrub,ITS,Illumina,CTTGGTCATTTAGAGGAAGTAA,GCTGCGTTCTTCATCGATGG,34.17,35.17,No,5.49,11.24,0.11,0,1,Axilla,Axilla,Right,2.83,Healthy,NA,NA,NA,Sample_243_Buffer_scrub_1050_R_V11
Sample_its_244,NA,NA,EXP-22-AE2399,21244,DEO-CON-3690,BeautifulUnderarms2021,214784,Yes,NegativeControl,NA,NA,NA,NA,NA,NA,NA,NA,NA,NA,NA,NA,NA,NA,NA,NA,NA,NA,NA,NA,NA,ITS,BufferScrub,ITS,Illumina,CTTGGTCATTTAGAGGAAGTAA,GCTGCGTTCTTCATCGATGG,NA,NA,NA,NA,NA,NA,NA,NA,NA,NA,NA,NA,NA,NA,NA,NA,Sample_244_Negative_control
Sample_its_245,NA,NA,EXP-22-AE2399,21245,DEO-CON-3690,BeautifulUnderarms2021,214784,No,NA,09_06_2021,Scotland,Edinburgh,1003,34,NA,NA,NA,Female,NA,NA,Caucasian,NA,NA,NA,NA,OwnProduct,OwnProduct,UnderarmStick,1,Offthestreet,ITS,BufferScrub,ITS,Illumina,CTTGGTCATTTAGAGGAAGTAA,GCTGCGTTCTTCATCGATGG,NA,NA,No,NA,NA,NA,NA,NA,Axilla,Axilla,Left,2.83,Healthy,NA,NA,NA,Sample_245_Buffer_scrub_1003_L_V1
Sample_its_246,NA,NA,EXP-22-AE2399,21246,DEO-CON-3690,BeautifulUnderarms2021,214784,No,NA,09_06_2021,Scotland,Edinburgh,1003,34,NA,NA,NA,Female,NA,NA,Caucasian,NA,NA,NA,NA,OwnProduct,OwnProduct,UnderarmStick,1,Offthestreet,ITS,BufferScrub,ITS,Illumina,CTTGGTCATTTAGAGGAAGTAA,GCTGCGTTCTTCATCGATGG,NA,NA,No,NA,NA,NA,NA,NA,Axilla,Axilla,Right,2.83,Healthy,NA,NA,NA,Sample_246_Buffer_scrub_1003_R_V1
Sample_its_247,NA,NA,EXP-22-AE2399,21247,DEO-CON-3690,BeautifulUnderarms2021,214784,No,NA,23_06_2021,Scotland,Edinburgh,1003,34,NA,NA,NA,Female,NA,NA,Caucasian,NA,NA,NA,NA,WOProv,WOProv,UnderarmStick,2,Baseline,ITS,BufferScrub,ITS,Illumina,CTTGGTCATTTAGAGGAAGTAA,GCTGCGTTCTTCATCGATGG,13.98,18.43,No,NA,NA,NA,1,1,Axilla,Axilla,Left,2.83,Healthy,NA,NA,NA,Sample_247_Buffer_scrub_1003_L_V2
Sample_its_248,NA,NA,EXP-22-AE2399,21248,DEO-CON-3690,BeautifulUnderarms2021,214784,No,NA,23_06_2021,Scotland,Edinburgh,1003,34,NA,NA,NA,Female,NA,NA,Caucasian,NA,NA,NA,NA,WOProv,WOProv,UnderarmStick,2,Baseline,ITS,BufferScrub,ITS,Illumina,CTTGGTCATTTAGAGGAAGTAA,GCTGCGTTCTTCATCGATGG,12.97,11.92,No,NA,NA,NA,1.5,0.5,Axilla,Axilla,Right,2.83,Healthy,NA,NA,NA,Sample_248_Buffer_scrub_1003_R_V2
Sample_its_249,NA,NA,EXP-22-AE2399,21249,DEO-CON-3690,BeautifulUnderarms2021,214784,No,NA,09_06_2021,Scotland,Edinburgh,1011,63,NA,NA,NA,Female,NA,NA,Caucasian,NA,NA,NA,NA,OwnProduct,OwnProduct,UnderarmStick,1,Offthestreet,ITS,BufferScrub,ITS,Illumina,CTTGGTCATTTAGAGGAAGTAA,GCTGCGTTCTTCATCGATGG,NA,NA,No,NA,NA,NA,NA,NA,Axilla,Axilla,Left,2.83,Healthy,NA,NA,NA,Sample_249_Buffer_scrub_1011_L_V1
Sample_its_250,NA,NA,EXP-22-AE2399,21250,DEO-CON-3690,BeautifulUnderarms2021,214784,No,NA,09_06_2021,Scotland,Edinburgh,1011,63,NA,NA,NA,Female,NA,NA,Caucasian,NA,NA,NA,NA,OwnProduct,OwnProduct,UnderarmStick,1,Offthestreet,ITS,BufferScrub,ITS,Illumina,CTTGGTCATTTAGAGGAAGTAA,GCTGCGTTCTTCATCGATGG,NA,NA,No,NA,NA,NA,NA,NA,Axilla,Axilla,Right,2.83,Healthy,NA,NA,NA,Sample_250_Buffer_scrub_1011_R_V1
Sample_its_251,NA,NA,EXP-22-AE2399,21251,DEO-CON-3690,BeautifulUnderarms2021,214784,No,NA,23_06_2021,Scotland,Edinburgh,1011,63,NA,NA,NA,Female,NA,NA,Caucasian,NA,NA,NA,NA,WOProv,WOProv,UnderarmStick,2,Baseline,ITS,BufferScrub,ITS,Illumina,CTTGGTCATTTAGAGGAAGTAA,GCTGCGTTCTTCATCGATGG,35.67,40.53,No,NA,NA,NA,0,1.5,Axilla,Axilla,Left,2.83,Healthy,NA,NA,NA,Sample_251_Buffer_scrub_1011_L_V2
Sample_its_252,NA,NA,EXP-22-AE2399,21252,DEO-CON-3690,BeautifulUnderarms2021,214784,No,NA,23_06_2021,Scotland,Edinburgh,1011,63,NA,NA,NA,Female,NA,NA,Caucasian,NA,NA,NA,NA,WOProv,WOProv,UnderarmStick,2,Baseline,ITS,BufferScrub,ITS,Illumina,CTTGGTCATTTAGAGGAAGTAA,GCTGCGTTCTTCATCGATGG,35.62,39.75,No,NA,NA,NA,0,1.5,Axilla,Axilla,Right,2.83,Healthy,NA,NA,NA,Sample_252_Buffer_scrub_1011_R_V2
Sample_its_253,NA,NA,EXP-22-AE2399,21253,DEO-CON-3690,BeautifulUnderarms2021,214784,No,NA,07_07_2021,Scotland,Edinburgh,1011,63,NA,NA,NA,Female,NA,NA,Caucasian,NA,NA,NA,NA,Dove0%,B11,UnderarmStick,8,Recovery1,ITS,BufferScrub,ITS,Illumina,CTTGGTCATTTAGAGGAAGTAA,GCTGCGTTCTTCATCGATGG,36.88,35.65,No,NA,NA,NA,0,3,Axilla,Axilla,Left,2.83,Healthy,NA,NA,NA,Sample_253_Buffer_scrub_1011_L_V8
Sample_its_254,NA,NA,EXP-22-AE2399,21254,DEO-CON-3690,BeautifulUnderarms2021,214784,No,NA,07_07_2021,Scotland,Edinburgh,1011,63,NA,NA,NA,Female,NA,NA,Caucasian,NA,NA,NA,NA,DoveAdvancedCareAluminium,L82,UnderarmStick,8,Recovery1,ITS,BufferScrub,ITS,Illumina,CTTGGTCATTTAGAGGAAGTAA,GCTGCGTTCTTCATCGATGG,36.28,31.88,No,NA,NA,NA,0,2,Axilla,Axilla,Right,2.83,Healthy,NA,NA,NA,Sample_254_Buffer_scrub_1011_R_V8
Sample_its_255,NA,NA,EXP-22-AE2399,21255,DEO-CON-3690,BeautifulUnderarms2021,214784,No,NA,14_07_2021,Scotland,Edinburgh,1011,63,NA,NA,NA,Female,NA,NA,Caucasian,NA,NA,NA,NA,Dove0%,B11,UnderarmStick,11,Recovery2,ITS,BufferScrub,ITS,Illumina,CTTGGTCATTTAGAGGAAGTAA,GCTGCGTTCTTCATCGATGG,46.52,50.48,No,NA,NA,NA,0,2.5,Axilla,Axilla,Left,2.83,Healthy,NA,NA,NA,Sample_255_Buffer_scrub_1011_L_V11
Sample_its_256,NA,NA,EXP-22-AE2399,21256,DEO-CON-3690,BeautifulUnderarms2021,214784,No,NA,14_07_2021,Scotland,Edinburgh,1011,63,NA,NA,NA,Female,NA,NA,Caucasian,NA,NA,NA,NA,DoveAdvancedCareAluminium,L82,UnderarmStick,11,Recovery2,ITS,BufferScrub,ITS,Illumina,CTTGGTCATTTAGAGGAAGTAA,GCTGCGTTCTTCATCGATGG,38.15,39.62,No,NA,NA,NA,0.5,2.5,Axilla,Axilla,Right,2.83,Healthy,NA,NA,NA,Sample_256_Buffer_scrub_1011_R_V11
Sample_its_257,NA,NA,EXP-22-AE2399,21257,DEO-CON-3690,BeautifulUnderarms2021,214784,No,NA,09_06_2021,Scotland,Edinburgh,1012,37,NA,NA,NA,Female,NA,NA,Caucasian,NA,NA,NA,NA,OwnProduct,OwnProduct,UnderarmStick,1,Offthestreet,ITS,BufferScrub,ITS,Illumina,CTTGGTCATTTAGAGGAAGTAA,GCTGCGTTCTTCATCGATGG,NA,NA,No,NA,NA,NA,NA,NA,Axilla,Axilla,Left,2.83,Healthy,NA,NA,NA,Sample_257_Buffer_scrub_1012_L_V1
Sample_its_258,NA,NA,EXP-22-AE2399,21258,DEO-CON-3690,BeautifulUnderarms2021,214784,No,NA,09_06_2021,Scotland,Edinburgh,1012,37,NA,NA,NA,Female,NA,NA,Caucasian,NA,NA,NA,NA,OwnProduct,OwnProduct,UnderarmStick,1,Offthestreet,ITS,BufferScrub,ITS,Illumina,CTTGGTCATTTAGAGGAAGTAA,GCTGCGTTCTTCATCGATGG,NA,NA,No,NA,NA,NA,NA,NA,Axilla,Axilla,Right,2.83,Healthy,NA,NA,NA,Sample_258_Buffer_scrub_1012_R_V1
Sample_its_259,NA,NA,EXP-22-AE2399,21259,DEO-CON-3690,BeautifulUnderarms2021,214784,No,NA,23_06_2021,Scotland,Edinburgh,1012,37,NA,NA,NA,Female,NA,NA,Caucasian,NA,NA,NA,NA,OwnProduct,OwnProduct,UnderarmStick,2,Baseline,ITS,BufferScrub,ITS,Illumina,CTTGGTCATTTAGAGGAAGTAA,GCTGCGTTCTTCATCGATGG,30.53,32.33,No,8.97,54.52,0.35,0,0,Axilla,Axilla,Left,2.83,Healthy,NA,NA,NA,Sample_259_Buffer_scrub_1012_L_V2
Sample_its_260,NA,NA,EXP-22-AE2399,21260,DEO-CON-3690,BeautifulUnderarms2021,214784,No,NA,23_06_2021,Scotland,Edinburgh,1012,37,NA,NA,NA,Female,NA,NA,Caucasian,NA,NA,NA,NA,WOProv,WOProv,UnderarmStick,2,Baseline,ITS,BufferScrub,ITS,Illumina,CTTGGTCATTTAGAGGAAGTAA,GCTGCGTTCTTCATCGATGG,27.85,32,No,16.83,79.43,0.1,0,0,Axilla,Axilla,Right,2.83,Healthy,NA,NA,NA,Sample_260_Buffer_scrub_1012_R_V2
Sample_its_261,NA,NA,EXP-22-AE2399,21261,DEO-CON-3690,BeautifulUnderarms2021,214784,No,NA,30_06_2021,Scotland,Edinburgh,1012,37,NA,NA,NA,Female,NA,NA,Caucasian,NA,NA,NA,NA,DoveAdvancedCareAluminium,L82,UnderarmStick,5,PostProvocation,ITS,BufferScrub,ITS,Illumina,CTTGGTCATTTAGAGGAAGTAA,GCTGCGTTCTTCATCGATGG,46.92,66.63,No,14.69,30.8,0.08,0,2,Axilla,Axilla,Left,2.83,Healthy,NA,NA,NA,Sample_261_Buffer_scrub_1012_L_V5
Sample_its_262,NA,NA,EXP-22-AE2399,21262,DEO-CON-3690,BeautifulUnderarms2021,214784,No,NA,30_06_2021,Scotland,Edinburgh,1012,37,NA,NA,NA,Female,NA,NA,Caucasian,NA,NA,NA,NA,Dove0%,B11,UnderarmStick,5,PostProvocation,ITS,BufferScrub,ITS,Illumina,CTTGGTCATTTAGAGGAAGTAA,GCTGCGTTCTTCATCGATGG,36.17,41.67,No,5.06,26.88,0.04,0,2,Axilla,Axilla,Right,2.83,Healthy,NA,NA,NA,Sample_262_Buffer_scrub_1012_R_V5
Sample_its_263,NA,NA,EXP-22-AE2399,21263,DEO-CON-3690,BeautifulUnderarms2021,214784,No,NA,07_07_2021,Scotland,Edinburgh,1012,37,NA,NA,NA,Female,NA,NA,Caucasian,NA,NA,NA,NA,DoveAdvancedCareAluminium,L82,UnderarmStick,8,Recovery1,ITS,BufferScrub,ITS,Illumina,CTTGGTCATTTAGAGGAAGTAA,GCTGCGTTCTTCATCGATGG,23.2,22.33,No,NA,NA,NA,1,1.5,Axilla,Axilla,Left,2.83,Healthy,NA,NA,NA,Sample_263_Buffer_scrub_1012_L_V8
Sample_its_264,NA,NA,EXP-22-AE2399,21264,DEO-CON-3690,BeautifulUnderarms2021,214784,No,NA,07_07_2021,Scotland,Edinburgh,1012,37,NA,NA,NA,Female,NA,NA,Caucasian,NA,NA,NA,NA,Dove0%,B11,UnderarmStick,8,Recovery1,ITS,BufferScrub,ITS,Illumina,CTTGGTCATTTAGAGGAAGTAA,GCTGCGTTCTTCATCGATGG,28.82,32.98,No,NA,NA,NA,0.5,2,Axilla,Axilla,Right,2.83,Healthy,NA,NA,NA,Sample_264_Buffer_scrub_1012_R_V8
Sample_its_265,NA,NA,EXP-22-AE2399,21265,DEO-CON-3690,BeautifulUnderarms2021,214784,No,NA,14_07_2021,Scotland,Edinburgh,1012,37,NA,NA,NA,Female,NA,NA,Caucasian,NA,NA,NA,NA,DoveAdvancedCareAluminium,L82,UnderarmStick,11,Recovery2,ITS,BufferScrub,ITS,Illumina,CTTGGTCATTTAGAGGAAGTAA,GCTGCGTTCTTCATCGATGG,32.25,37.38,No,6.86,26.28,0.04,0,1.5,Axilla,Axilla,Left,2.83,Healthy,NA,NA,NA,Sample_265_Buffer_scrub_1012_L_V11
Sample_its_266,NA,NA,EXP-22-AE2399,21266,DEO-CON-3690,BeautifulUnderarms2021,214784,No,NA,14_07_2021,Scotland,Edinburgh,1012,37,NA,NA,NA,Female,NA,NA,Caucasian,NA,NA,NA,NA,Dove0%,B11,UnderarmStick,11,Recovery2,ITS,BufferScrub,ITS,Illumina,CTTGGTCATTTAGAGGAAGTAA,GCTGCGTTCTTCATCGATGG,35.18,39.6,No,13.05,56.51,0.04,0,2,Axilla,Axilla,Right,2.83,Healthy,NA,NA,NA,Sample_266_Buffer_scrub_1012_R_V11
Sample_its_267,NA,NA,EXP-22-AE2399,21267,DEO-CON-3690,BeautifulUnderarms2021,214784,No,NA,09_06_2021,Scotland,Edinburgh,1013,41,NA,NA,NA,Female,NA,NA,Caucasian,NA,NA,NA,NA,OwnProduct,OwnProduct,UnderarmStick,1,Offthestreet,ITS,BufferScrub,ITS,Illumina,CTTGGTCATTTAGAGGAAGTAA,GCTGCGTTCTTCATCGATGG,NA,NA,No,NA,NA,NA,NA,NA,Axilla,Axilla,Left,2.83,Healthy,NA,NA,NA,Sample_267_Buffer_scrub_1013_L_V1
Sample_its_268,NA,NA,EXP-22-AE2399,21268,DEO-CON-3690,BeautifulUnderarms2021,214784,No,NA,09_06_2021,Scotland,Edinburgh,1013,41,NA,NA,NA,Female,NA,NA,Caucasian,NA,NA,NA,NA,OwnProduct,OwnProduct,UnderarmStick,1,Offthestreet,ITS,BufferScrub,ITS,Illumina,CTTGGTCATTTAGAGGAAGTAA,GCTGCGTTCTTCATCGATGG,NA,NA,No,NA,NA,NA,NA,NA,Axilla,Axilla,Right,2.83,Healthy,NA,NA,NA,Sample_268_Buffer_scrub_1013_R_V1
Sample_its_269,NA,NA,EXP-22-AE2399,21269,DEO-CON-3690,BeautifulUnderarms2021,214784,No,NA,23_06_2021,Scotland,Edinburgh,1013,41,NA,NA,NA,Female,NA,NA,Caucasian,NA,NA,NA,NA,WOProv,WOProv,UnderarmStick,2,Baseline,ITS,BufferScrub,ITS,Illumina,CTTGGTCATTTAGAGGAAGTAA,GCTGCGTTCTTCATCGATGG,39.88,38.02,No,5.63,53.39,0.08,0,0,Axilla,Axilla,Left,2.83,Healthy,NA,NA,NA,Sample_269_Buffer_scrub_1013_L_V2
Sample_its_270,NA,NA,EXP-22-AE2399,21270,DEO-CON-3690,BeautifulUnderarms2021,214784,No,NA,23_06_2021,Scotland,Edinburgh,1013,41,NA,NA,NA,Female,NA,NA,Caucasian,NA,NA,NA,NA,WOProv,WOProv,UnderarmStick,2,Baseline,ITS,BufferScrub,ITS,Illumina,CTTGGTCATTTAGAGGAAGTAA,GCTGCGTTCTTCATCGATGG,41.37,41.5,No,11.18,96.77,0.03,0,0,Axilla,Axilla,Right,2.83,Healthy,NA,NA,NA,Sample_270_Buffer_scrub_1013_R_V2
Sample_its_271,NA,NA,EXP-22-AE2399,21271,DEO-CON-3690,BeautifulUnderarms2021,214784,No,NA,30_06_2021,Scotland,Edinburgh,1013,41,NA,NA,NA,Female,NA,NA,Caucasian,NA,NA,NA,NA,Dove0%,B11,UnderarmStick,5,PostProvocation,ITS,BufferScrub,ITS,Illumina,CTTGGTCATTTAGAGGAAGTAA,GCTGCGTTCTTCATCGATGG,33.7,37.47,No,8.45,35.07,0.22,0.5,2.5,Axilla,Axilla,Left,2.83,Healthy,NA,NA,NA,Sample_271_Buffer_scrub_1013_L_V5
Sample_its_272,NA,NA,EXP-22-AE2399,21272,DEO-CON-3690,BeautifulUnderarms2021,214784,No,NA,30_06_2021,Scotland,Edinburgh,1013,41,NA,NA,NA,Female,NA,NA,Caucasian,NA,NA,NA,NA,DoveAdvancedCareAluminium,L82,UnderarmStick,5,PostProvocation,ITS,BufferScrub,ITS,Illumina,CTTGGTCATTTAGAGGAAGTAA,GCTGCGTTCTTCATCGATGG,39.63,32.33,No,1.36,21.26,0.36,0.5,2,Axilla,Axilla,Right,2.83,Healthy,NA,NA,NA,Sample_272_Buffer_scrub_1013_R_V5
Sample_its_273,NA,NA,EXP-22-AE2399,21273,DEO-CON-3690,BeautifulUnderarms2021,214784,No,NA,07_07_2021,Scotland,Edinburgh,1013,41,NA,NA,NA,Female,NA,NA,Caucasian,NA,NA,NA,NA,Dove0%,B11,UnderarmStick,8,Recovery1,ITS,BufferScrub,ITS,Illumina,CTTGGTCATTTAGAGGAAGTAA,GCTGCGTTCTTCATCGATGG,49.02,46.35,No,NA,NA,NA,0,2.5,Axilla,Axilla,Left,2.83,Healthy,NA,NA,NA,Sample_273_Buffer_scrub_1013_L_V8
Sample_its_274,NA,NA,EXP-22-AE2399,21274,DEO-CON-3690,BeautifulUnderarms2021,214784,No,NA,07_07_2021,Scotland,Edinburgh,1013,41,NA,NA,NA,Female,NA,NA,Caucasian,NA,NA,NA,NA,DoveAdvancedCareAluminium,L82,UnderarmStick,8,Recovery1,ITS,BufferScrub,ITS,Illumina,CTTGGTCATTTAGAGGAAGTAA,GCTGCGTTCTTCATCGATGG,31.67,31.67,No,NA,NA,NA,0,2,Axilla,Axilla,Right,2.83,Healthy,NA,NA,NA,Sample_274_Buffer_scrub_1013_R_V8
Sample_its_275,NA,NA,EXP-22-AE2399,21275,DEO-CON-3690,BeautifulUnderarms2021,214784,No,NA,14_07_2021,Scotland,Edinburgh,1013,41,NA,NA,NA,Female,NA,NA,Caucasian,NA,NA,NA,NA,Dove0%,B11,UnderarmStick,11,Recovery2,ITS,BufferScrub,ITS,Illumina,CTTGGTCATTTAGAGGAAGTAA,GCTGCGTTCTTCATCGATGG,50.43,50.35,No,0.98,14.66,0.26,0,2,Axilla,Axilla,Left,2.83,Healthy,NA,NA,NA,Sample_275_Buffer_scrub_1013_L_V11
Sample_its_276,NA,NA,EXP-22-AE2399,21276,DEO-CON-3690,BeautifulUnderarms2021,214784,No,NA,14_07_2021,Scotland,Edinburgh,1013,41,NA,NA,NA,Female,NA,NA,Caucasian,NA,NA,NA,NA,DoveAdvancedCareAluminium,L82,UnderarmStick,11,Recovery2,ITS,BufferScrub,ITS,Illumina,CTTGGTCATTTAGAGGAAGTAA,GCTGCGTTCTTCATCGATGG,36.35,35.8,No,13.16,20.7,0.04,0,1.5,Axilla,Axilla,Right,2.83,Healthy,NA,NA,NA,Sample_276_Buffer_scrub_1013_R_V11
Sample_its_277,NA,NA,EXP-22-AE2399,21277,DEO-CON-3690,BeautifulUnderarms2021,214784,No,NA,10_06_2021,Scotland,Edinburgh,1025,45,NA,NA,NA,Female,NA,NA,Caucasian,NA,NA,NA,NA,OwnProduct,OwnProduct,UnderarmStick,1,Offthestreet,ITS,BufferScrub,ITS,Illumina,CTTGGTCATTTAGAGGAAGTAA,GCTGCGTTCTTCATCGATGG,NA,NA,No,NA,NA,NA,NA,NA,Axilla,Axilla,Left,2.83,Healthy,NA,NA,NA,Sample_277_Buffer_scrub_1025_L_V1
Sample_its_278,NA,NA,EXP-22-AE2399,21278,DEO-CON-3690,BeautifulUnderarms2021,214784,No,NA,10_06_2021,Scotland,Edinburgh,1025,45,NA,NA,NA,Female,NA,NA,Caucasian,NA,NA,NA,NA,OwnProduct,OwnProduct,UnderarmStick,1,Offthestreet,ITS,BufferScrub,ITS,Illumina,CTTGGTCATTTAGAGGAAGTAA,GCTGCGTTCTTCATCGATGG,NA,NA,No,NA,NA,NA,NA,NA,Axilla,Axilla,Right,2.83,Healthy,NA,NA,NA,Sample_278_Buffer_scrub_1025_R_V1
Sample_its_279,NA,NA,EXP-22-AE2399,21279,DEO-CON-3690,BeautifulUnderarms2021,214784,No,NA,24_06_2021,Scotland,Edinburgh,1025,45,NA,NA,NA,Female,NA,NA,Caucasian,NA,NA,NA,NA,WOProv,WOProv,UnderarmStick,2,Baseline,ITS,BufferScrub,ITS,Illumina,CTTGGTCATTTAGAGGAAGTAA,GCTGCGTTCTTCATCGATGG,31.98,39.43,No,16.23,138.68,0.87,0,2.5,Axilla,Axilla,Left,2.83,Healthy,NA,NA,NA,Sample_279_Buffer_scrub_1025_L_V2
Sample_its_280,NA,NA,EXP-22-AE2399,21280,DEO-CON-3690,BeautifulUnderarms2021,214784,No,NA,24_06_2021,Scotland,Edinburgh,1025,45,NA,NA,NA,Female,NA,NA,Caucasian,NA,NA,NA,NA,WOProv,WOProv,UnderarmStick,2,Baseline,ITS,BufferScrub,ITS,Illumina,CTTGGTCATTTAGAGGAAGTAA,GCTGCGTTCTTCATCGATGG,27.77,31.02,No,14.53,51.7,0.17,0,2,Axilla,Axilla,Right,2.83,Healthy,NA,NA,NA,Sample_280_Buffer_scrub_1025_R_V2
Sample_its_281,NA,NA,EXP-22-AE2399,21281,DEO-CON-3690,BeautifulUnderarms2021,214784,No,NA,01_07_2021,Scotland,Edinburgh,1025,45,NA,NA,NA,Female,NA,NA,Caucasian,NA,NA,NA,NA,Dove0%,B11,UnderarmStick,5,PostProvocation,ITS,BufferScrub,ITS,Illumina,CTTGGTCATTTAGAGGAAGTAA,GCTGCGTTCTTCATCGATGG,21.92,26.42,No,19.64,158.49,0.38,0.5,3,Axilla,Axilla,Left,2.83,Healthy,NA,NA,NA,Sample_281_Buffer_scrub_1025_L_V5
Sample_its_282,NA,NA,EXP-22-AE2399,21282,DEO-CON-3690,BeautifulUnderarms2021,214784,No,NA,08_07_2021,Scotland,Edinburgh,1025,45,NA,NA,NA,Female,NA,NA,Caucasian,NA,NA,NA,NA,Dove0%,B11,UnderarmStick,8,Recovery1,ITS,BufferScrub,ITS,Illumina,CTTGGTCATTTAGAGGAAGTAA,GCTGCGTTCTTCATCGATGG,24.02,26.35,No,NA,NA,NA,0.5,3,Axilla,Axilla,Left,2.83,Healthy,NA,NA,NA,Sample_282_Buffer_scrub_1025_L_V8
Sample_its_283,NA,NA,EXP-22-AE2399,21283,DEO-CON-3690,BeautifulUnderarms2021,214784,No,NA,08_07_2021,Scotland,Edinburgh,1025,45,NA,NA,NA,Female,NA,NA,Caucasian,NA,NA,NA,NA,DoveAdvancedCareAluminium,L82,UnderarmStick,8,Recovery1,ITS,BufferScrub,ITS,Illumina,CTTGGTCATTTAGAGGAAGTAA,GCTGCGTTCTTCATCGATGG,18.2,14.2,No,NA,NA,NA,0.5,2.5,Axilla,Axilla,Right,2.83,Healthy,NA,NA,NA,Sample_283_Buffer_scrub_1025_R_V8
Sample_its_284,NA,NA,EXP-22-AE2399,21284,DEO-CON-3690,BeautifulUnderarms2021,214784,No,NA,15_07_2021,Scotland,Edinburgh,1025,45,NA,NA,NA,Female,NA,NA,Caucasian,NA,NA,NA,NA,Dove0%,B11,UnderarmStick,11,Recovery2,ITS,BufferScrub,ITS,Illumina,CTTGGTCATTTAGAGGAAGTAA,GCTGCGTTCTTCATCGATGG,28.88,26.48,No,15.53,121,0.13,0,3,Axilla,Axilla,Left,2.83,Healthy,NA,NA,NA,Sample_284_Buffer_scrub_1025_L_V11
Sample_its_285,NA,NA,EXP-22-AE2399,21285,DEO-CON-3690,BeautifulUnderarms2021,214784,No,NA,15_07_2021,Scotland,Edinburgh,1025,45,NA,NA,NA,Female,NA,NA,Caucasian,NA,NA,NA,NA,DoveAdvancedCareAluminium,L82,UnderarmStick,11,Recovery2,ITS,BufferScrub,ITS,Illumina,CTTGGTCATTTAGAGGAAGTAA,GCTGCGTTCTTCATCGATGG,25.93,20.97,No,3.67,21.08,0.02,0,2.5,Axilla,Axilla,Right,2.83,Healthy,NA,NA,NA,Sample_285_Buffer_scrub_1025_R_V11
Sample_its_286,NA,NA,EXP-22-AE2399,21286,DEO-CON-3690,BeautifulUnderarms2021,214784,No,NA,10_06_2021,Scotland,Edinburgh,1026,55,NA,NA,NA,Female,NA,NA,Caucasian,NA,NA,NA,NA,OwnProduct,OwnProduct,UnderarmStick,1,Offthestreet,ITS,BufferScrub,ITS,Illumina,CTTGGTCATTTAGAGGAAGTAA,GCTGCGTTCTTCATCGATGG,NA,NA,No,NA,NA,NA,NA,NA,Axilla,Axilla,Left,2.83,Healthy,NA,NA,NA,Sample_286_Buffer_scrub_1026_L_V1
Sample_its_287,NA,NA,EXP-22-AE2399,21287,DEO-CON-3690,BeautifulUnderarms2021,214784,No,NA,10_06_2021,Scotland,Edinburgh,1026,55,NA,NA,NA,Female,NA,NA,Caucasian,NA,NA,NA,NA,OwnProduct,OwnProduct,UnderarmStick,1,Offthestreet,ITS,BufferScrub,ITS,Illumina,CTTGGTCATTTAGAGGAAGTAA,GCTGCGTTCTTCATCGATGG,NA,NA,No,NA,NA,NA,NA,NA,Axilla,Axilla,Right,2.83,Healthy,NA,NA,NA,Sample_287_Buffer_scrub_1026_R_V1
Sample_its_288,NA,NA,EXP-22-AE2399,21288,DEO-CON-3690,BeautifulUnderarms2021,214784,No,NA,24_06_2021,Scotland,Edinburgh,1026,55,NA,NA,NA,Female,NA,NA,Caucasian,NA,NA,NA,NA,WOProv,WOProv,UnderarmStick,2,Baseline,ITS,BufferScrub,ITS,Illumina,CTTGGTCATTTAGAGGAAGTAA,GCTGCGTTCTTCATCGATGG,28.93,21.27,No,35.84,347.73,0.3,0,2.5,Axilla,Axilla,Left,2.83,Healthy,NA,NA,NA,Sample_288_Buffer_scrub_1026_L_V2
Sample_its_289,NA,NA,EXP-22-AE2399,21289,DEO-CON-3690,BeautifulUnderarms2021,214784,No,NA,24_06_2021,Scotland,Edinburgh,1026,55,NA,NA,NA,Female,NA,NA,Caucasian,NA,NA,NA,NA,WOProv,WOProv,UnderarmStick,2,Baseline,ITS,BufferScrub,ITS,Illumina,CTTGGTCATTTAGAGGAAGTAA,GCTGCGTTCTTCATCGATGG,24.88,22.08,No,53.25,86.63,0.93,0,2,Axilla,Axilla,Right,2.83,Healthy,NA,NA,NA,Sample_289_Buffer_scrub_1026_R_V2
Sample_its_290,NA,NA,EXP-22-AE2399,21290,DEO-CON-3690,BeautifulUnderarms2021,214784,No,NA,01_07_2021,Scotland,Edinburgh,1026,55,NA,NA,NA,Female,NA,NA,Caucasian,NA,NA,NA,NA,WOProv,WOProv,UnderarmStick,5,PostProvocation,ITS,BufferScrub,ITS,Illumina,CTTGGTCATTTAGAGGAAGTAA,GCTGCGTTCTTCATCGATGG,20.05,25.37,No,30.08,86.64,0.32,1,3.5,Axilla,Axilla,Left,2.83,Healthy,NA,NA,NA,Sample_290_Buffer_scrub_1026_L_V5
Sample_its_291,NA,NA,EXP-22-AE2399,21291,DEO-CON-3690,BeautifulUnderarms2021,214784,No,NA,01_07_2021,Scotland,Edinburgh,1026,55,NA,NA,NA,Female,NA,NA,Caucasian,NA,NA,NA,NA,WOProv,WOProv,UnderarmStick,5,PostProvocation,ITS,BufferScrub,ITS,Illumina,CTTGGTCATTTAGAGGAAGTAA,GCTGCGTTCTTCATCGATGG,16.6,20.45,No,63.16,36.74,3.99,1,3,Axilla,Axilla,Right,2.83,Healthy,NA,NA,NA,Sample_291_Buffer_scrub_1026_R_V5
Sample_its_292,NA,NA,EXP-22-AE2399,21292,DEO-CON-3690,BeautifulUnderarms2021,214784,No,NA,08_07_2021,Scotland,Edinburgh,1026,55,NA,NA,NA,Female,NA,NA,Caucasian,NA,NA,NA,NA,DoveAdvancedCareAluminium,L82,UnderarmStick,8,Recovery1,ITS,BufferScrub,ITS,Illumina,CTTGGTCATTTAGAGGAAGTAA,GCTGCGTTCTTCATCGATGG,19.4,23.87,No,NA,NA,NA,0.5,2,Axilla,Axilla,Left,2.83,Healthy,NA,NA,NA,Sample_292_Buffer_scrub_1026_L_V8
Sample_its_293,NA,NA,EXP-22-AE2399,21293,DEO-CON-3690,BeautifulUnderarms2021,214784,No,NA,08_07_2021,Scotland,Edinburgh,1026,55,NA,NA,NA,Female,NA,NA,Caucasian,NA,NA,NA,NA,Dove0%,B11,UnderarmStick,8,Recovery1,ITS,BufferScrub,ITS,Illumina,CTTGGTCATTTAGAGGAAGTAA,GCTGCGTTCTTCATCGATGG,17.85,24.37,No,NA,NA,NA,1,3,Axilla,Axilla,Right,2.83,Healthy,NA,NA,NA,Sample_293_Buffer_scrub_1026_R_V8
Sample_its_294,NA,NA,EXP-22-AE2399,21294,DEO-CON-3690,BeautifulUnderarms2021,214784,No,NA,15_07_2021,Scotland,Edinburgh,1026,55,NA,NA,NA,Female,NA,NA,Caucasian,NA,NA,NA,NA,DoveAdvancedCareAluminium,L82,UnderarmStick,11,Recovery2,ITS,BufferScrub,ITS,Illumina,CTTGGTCATTTAGAGGAAGTAA,GCTGCGTTCTTCATCGATGG,18.42,23.75,No,14.8,7.1,0.04,0,2,Axilla,Axilla,Left,2.83,Healthy,NA,NA,NA,Sample_294_Buffer_scrub_1026_L_V11
Sample_its_295,NA,NA,EXP-22-AE2399,21295,DEO-CON-3690,BeautifulUnderarms2021,214784,No,NA,15_07_2021,Scotland,Edinburgh,1026,55,NA,NA,NA,Female,NA,NA,Caucasian,NA,NA,NA,NA,Dove0%,B11,UnderarmStick,11,Recovery2,ITS,BufferScrub,ITS,Illumina,CTTGGTCATTTAGAGGAAGTAA,GCTGCGTTCTTCATCGATGG,21.97,21.7,No,30.9,103.75,0.12,0,3,Axilla,Axilla,Right,2.83,Healthy,NA,NA,NA,Sample_295_Buffer_scrub_1026_R_V11
Sample_its_296,NA,NA,EXP-22-AE2399,21296,DEO-CON-3690,BeautifulUnderarms2021,214784,No,NA,10_06_2021,Scotland,Edinburgh,1027,64,NA,NA,NA,Female,NA,NA,Caucasian,NA,NA,NA,NA,OwnProduct,OwnProduct,UnderarmStick,1,Offthestreet,ITS,BufferScrub,ITS,Illumina,CTTGGTCATTTAGAGGAAGTAA,GCTGCGTTCTTCATCGATGG,NA,NA,No,NA,NA,NA,NA,NA,Axilla,Axilla,Left,2.83,Healthy,NA,NA,NA,Sample_296_Buffer_scrub_1027_L_V1
Sample_its_297,NA,NA,EXP-22-AE2399,21297,DEO-CON-3690,BeautifulUnderarms2021,214784,No,NA,10_06_2021,Scotland,Edinburgh,1027,64,NA,NA,NA,Female,NA,NA,Caucasian,NA,NA,NA,NA,OwnProduct,OwnProduct,UnderarmStick,1,Offthestreet,ITS,BufferScrub,ITS,Illumina,CTTGGTCATTTAGAGGAAGTAA,GCTGCGTTCTTCATCGATGG,NA,NA,No,NA,NA,NA,NA,NA,Axilla,Axilla,Right,2.83,Healthy,NA,NA,NA,Sample_297_Buffer_scrub_1027_R_V1
Sample_its_298,NA,NA,EXP-22-AE2399,21298,DEO-CON-3690,BeautifulUnderarms2021,214784,No,NA,24_06_2021,Scotland,Edinburgh,1027,64,NA,NA,NA,Female,NA,NA,Caucasian,NA,NA,NA,NA,WOProv,WOProv,UnderarmStick,2,Baseline,ITS,BufferScrub,ITS,Illumina,CTTGGTCATTTAGAGGAAGTAA,GCTGCGTTCTTCATCGATGG,17.02,22.23,No,NA,NA,NA,0.5,2,Axilla,Axilla,Left,2.83,Healthy,NA,NA,NA,Sample_298_Buffer_scrub_1027_L_V2
Sample_its_299,NA,NA,EXP-22-AE2399,21299,DEO-CON-3690,BeautifulUnderarms2021,214784,No,NA,24_06_2021,Scotland,Edinburgh,1027,64,NA,NA,NA,Female,NA,NA,Caucasian,NA,NA,NA,NA,WOProv,WOProv,UnderarmStick,2,Baseline,ITS,BufferScrub,ITS,Illumina,CTTGGTCATTTAGAGGAAGTAA,GCTGCGTTCTTCATCGATGG,18.37,17.12,No,NA,NA,NA,0.5,2,Axilla,Axilla,Right,2.83,Healthy,NA,NA,NA,Sample_299_Buffer_scrub_1027_R_V2
Sample_its_300,NA,NA,EXP-22-AE2399,21300,DEO-CON-3690,BeautifulUnderarms2021,214784,No,NA,01_07_2021,Scotland,Edinburgh,1027,64,NA,NA,NA,Female,NA,NA,Caucasian,NA,NA,NA,NA,Dove0%,B11,UnderarmStick,5,PostProvocation,ITS,BufferScrub,ITS,Illumina,CTTGGTCATTTAGAGGAAGTAA,GCTGCGTTCTTCATCGATGG,15.85,11.23,No,NA,NA,NA,0.5,3,Axilla,Axilla,Left,2.83,Healthy,NA,NA,NA,Sample_300_Buffer_scrub_1027_L_V5
Sample_its_301,NA,NA,EXP-22-AE2399,21301,DEO-CON-3690,BeautifulUnderarms2021,214784,No,NA,01_07_2021,Scotland,Edinburgh,1027,64,NA,NA,NA,Female,NA,NA,Caucasian,NA,NA,NA,NA,DoveAdvancedCareAluminium,L82,UnderarmStick,5,PostProvocation,ITS,BufferScrub,ITS,Illumina,CTTGGTCATTTAGAGGAAGTAA,GCTGCGTTCTTCATCGATGG,23.92,16.37,No,61.65,298.76,0.23,0.5,3.5,Axilla,Axilla,Right,2.83,Healthy,NA,NA,NA,Sample_301_Buffer_scrub_1027_R_V5
Sample_its_302,NA,NA,EXP-22-AE2399,21302,DEO-CON-3690,BeautifulUnderarms2021,214784,No,NA,08_07_2021,Scotland,Edinburgh,1027,64,NA,NA,NA,Female,NA,NA,Caucasian,NA,NA,NA,NA,DoveAdvancedCareAluminium,L82,UnderarmStick,8,Recovery1,ITS,BufferScrub,ITS,Illumina,CTTGGTCATTTAGAGGAAGTAA,GCTGCGTTCTTCATCGATGG,16.05,18.78,No,NA,NA,NA,1,2.5,Axilla,Axilla,Right,2.83,Healthy,NA,NA,NA,Sample_302_Buffer_scrub_1027_R_V8
Sample_its_303,NA,NA,EXP-22-AE2399,21303,DEO-CON-3690,BeautifulUnderarms2021,214784,No,NA,15_07_2021,Scotland,Edinburgh,1027,64,NA,NA,NA,Female,NA,NA,Caucasian,NA,NA,NA,NA,Dove0%,B11,UnderarmStick,11,Recovery2,ITS,BufferScrub,ITS,Illumina,CTTGGTCATTTAGAGGAAGTAA,GCTGCGTTCTTCATCGATGG,31.08,27.82,No,39.94,163.52,0.31,0,3,Axilla,Axilla,Left,2.83,Healthy,NA,NA,NA,Sample_303_Buffer_scrub_1027_L_V11
Sample_its_304,NA,NA,EXP-22-AE2399,21304,DEO-CON-3690,BeautifulUnderarms2021,214784,No,NA,15_07_2021,Scotland,Edinburgh,1027,64,NA,NA,NA,Female,NA,NA,Caucasian,NA,NA,NA,NA,DoveAdvancedCareAluminium,L82,UnderarmStick,11,Recovery2,ITS,BufferScrub,ITS,Illumina,CTTGGTCATTTAGAGGAAGTAA,GCTGCGTTCTTCATCGATGG,16.18,18.8,No,12.68,22.28,0.06,0,3,Axilla,Axilla,Right,2.83,Healthy,NA,NA,NA,Sample_304_Buffer_scrub_1027_R_V11
Sample_its_305,NA,NA,EXP-22-AE2399,21305,DEO-CON-3690,BeautifulUnderarms2021,214784,No,NA,10_06_2021,Scotland,Edinburgh,1028,39,NA,NA,NA,Female,NA,NA,Caucasian,NA,NA,NA,NA,OwnProduct,OwnProduct,UnderarmStick,1,Offthestreet,ITS,BufferScrub,ITS,Illumina,CTTGGTCATTTAGAGGAAGTAA,GCTGCGTTCTTCATCGATGG,NA,NA,No,NA,NA,NA,NA,NA,Axilla,Axilla,Left,2.83,Healthy,NA,NA,NA,Sample_305_Buffer_scrub_1028_L_V1
Sample_its_306,NA,NA,EXP-22-AE2399,21306,DEO-CON-3690,BeautifulUnderarms2021,214784,No,NA,10_06_2021,Scotland,Edinburgh,1028,39,NA,NA,NA,Female,NA,NA,Caucasian,NA,NA,NA,NA,OwnProduct,OwnProduct,UnderarmStick,1,Offthestreet,ITS,BufferScrub,ITS,Illumina,CTTGGTCATTTAGAGGAAGTAA,GCTGCGTTCTTCATCGATGG,NA,NA,No,NA,NA,NA,NA,NA,Axilla,Axilla,Right,2.83,Healthy,NA,NA,NA,Sample_306_Buffer_scrub_1028_R_V1
Sample_its_307,NA,NA,EXP-22-AE2399,21307,DEO-CON-3690,BeautifulUnderarms2021,214784,No,NA,24_06_2021,Scotland,Edinburgh,1028,39,NA,NA,NA,Female,NA,NA,Caucasian,NA,NA,NA,NA,WOProv,WOProv,UnderarmStick,2,Baseline,ITS,BufferScrub,ITS,Illumina,CTTGGTCATTTAGAGGAAGTAA,GCTGCGTTCTTCATCGATGG,20.3,14.03,No,6.57,9.13,0.21,1,2,Axilla,Axilla,Left,2.83,Healthy,NA,NA,NA,Sample_307_Buffer_scrub_1028_L_V2
Sample_its_308,NA,NA,EXP-22-AE2399,21308,DEO-CON-3690,BeautifulUnderarms2021,214784,No,NA,24_06_2021,Scotland,Edinburgh,1028,39,NA,NA,NA,Female,NA,NA,Caucasian,NA,NA,NA,NA,WOProv,WOProv,UnderarmStick,2,Baseline,ITS,BufferScrub,ITS,Illumina,CTTGGTCATTTAGAGGAAGTAA,GCTGCGTTCTTCATCGATGG,15.67,15.23,No,1.87,24.55,0.29,1,2,Axilla,Axilla,Right,2.83,Healthy,NA,NA,NA,Sample_308_Buffer_scrub_1028_R_V2
Sample_its_309,NA,NA,EXP-22-AE2399,21309,DEO-CON-3690,BeautifulUnderarms2021,214784,No,NA,01_07_2021,Scotland,Edinburgh,1028,39,NA,NA,NA,Female,NA,NA,Caucasian,NA,NA,NA,NA,Dove0%,B11,UnderarmStick,5,PostProvocation,ITS,BufferScrub,ITS,Illumina,CTTGGTCATTTAGAGGAAGTAA,GCTGCGTTCTTCATCGATGG,21.58,20.83,No,12.76,66.9,0.31,1,2,Axilla,Axilla,Left,2.83,Healthy,NA,NA,NA,Sample_309_Buffer_scrub_1028_L_V5
Sample_its_310,NA,NA,EXP-22-AE2399,21310,DEO-CON-3690,BeautifulUnderarms2021,214784,No,NA,01_07_2021,Scotland,Edinburgh,1028,39,NA,NA,NA,Female,NA,NA,Caucasian,NA,NA,NA,NA,DoveAdvancedCareAluminium,L82,UnderarmStick,5,PostProvocation,ITS,BufferScrub,ITS,Illumina,CTTGGTCATTTAGAGGAAGTAA,GCTGCGTTCTTCATCGATGG,21.95,19.32,No,13.1,33.41,0.21,1,2,Axilla,Axilla,Right,2.83,Healthy,NA,NA,NA,Sample_310_Buffer_scrub_1028_R_V5
Sample_its_311,NA,NA,EXP-22-AE2399,21311,DEO-CON-3690,BeautifulUnderarms2021,214784,No,NA,08_07_2021,Scotland,Edinburgh,1028,39,NA,NA,NA,Female,NA,NA,Caucasian,NA,NA,NA,NA,Dove0%,B11,UnderarmStick,8,Recovery1,ITS,BufferScrub,ITS,Illumina,CTTGGTCATTTAGAGGAAGTAA,GCTGCGTTCTTCATCGATGG,37.37,34.95,No,NA,NA,NA,0.5,2,Axilla,Axilla,Left,2.83,Healthy,NA,NA,NA,Sample_311_Buffer_scrub_1028_L_V8
Sample_its_312,NA,NA,EXP-22-AE2399,21312,DEO-CON-3690,BeautifulUnderarms2021,214784,No,NA,08_07_2021,Scotland,Edinburgh,1028,39,NA,NA,NA,Female,NA,NA,Caucasian,NA,NA,NA,NA,DoveAdvancedCareAluminium,L82,UnderarmStick,8,Recovery1,ITS,BufferScrub,ITS,Illumina,CTTGGTCATTTAGAGGAAGTAA,GCTGCGTTCTTCATCGATGG,22.82,17.32,No,NA,NA,NA,1,2,Axilla,Axilla,Right,2.83,Healthy,NA,NA,NA,Sample_312_Buffer_scrub_1028_R_V8
Sample_its_313,NA,NA,EXP-22-AE2399,21313,DEO-CON-3690,BeautifulUnderarms2021,214784,No,NA,15_07_2021,Scotland,Edinburgh,1028,39,NA,NA,NA,Female,NA,NA,Caucasian,NA,NA,NA,NA,Dove0%,B11,UnderarmStick,11,Recovery2,ITS,BufferScrub,ITS,Illumina,CTTGGTCATTTAGAGGAAGTAA,GCTGCGTTCTTCATCGATGG,23.62,20.63,No,7.44,9.78,0.69,0.5,2,Axilla,Axilla,Left,2.83,Healthy,NA,NA,NA,Sample_313_Buffer_scrub_1028_L_V11
Sample_its_314,NA,NA,EXP-22-AE2399,21314,DEO-CON-3690,BeautifulUnderarms2021,214784,No,NA,15_07_2021,Scotland,Edinburgh,1028,39,NA,NA,NA,Female,NA,NA,Caucasian,NA,NA,NA,NA,DoveAdvancedCareAluminium,L82,UnderarmStick,11,Recovery2,ITS,BufferScrub,ITS,Illumina,CTTGGTCATTTAGAGGAAGTAA,GCTGCGTTCTTCATCGATGG,19.1,20.6,No,5.27,11.15,0.13,0.5,1.5,Axilla,Axilla,Right,2.83,Healthy,NA,NA,NA,Sample_314_Buffer_scrub_1028_R_V11
Sample_its_315,NA,NA,EXP-22-AE2399,21315,DEO-CON-3690,BeautifulUnderarms2021,214784,No,NA,07_07_2021,Scotland,Edinburgh,1052,39,NA,NA,NA,Female,NA,NA,Caucasian,NA,NA,NA,NA,OwnProduct,OwnProduct,UnderarmStick,1,Offthestreet,ITS,BufferScrub,ITS,Illumina,CTTGGTCATTTAGAGGAAGTAA,GCTGCGTTCTTCATCGATGG,NA,NA,No,NA,NA,NA,NA,NA,Axilla,Axilla,Left,2.83,Healthy,NA,NA,NA,Sample_315_Buffer_scrub_1052_L_V1
Sample_its_316,NA,NA,EXP-22-AE2399,21316,DEO-CON-3690,BeautifulUnderarms2021,214784,No,NA,07_07_2021,Scotland,Edinburgh,1052,39,NA,NA,NA,Female,NA,NA,Caucasian,NA,NA,NA,NA,OwnProduct,OwnProduct,UnderarmStick,1,Offthestreet,ITS,BufferScrub,ITS,Illumina,CTTGGTCATTTAGAGGAAGTAA,GCTGCGTTCTTCATCGATGG,NA,NA,No,NA,NA,NA,NA,NA,Axilla,Axilla,Right,2.83,Healthy,NA,NA,NA,Sample_316_Buffer_scrub_1052_R_V1
Sample_its_317,NA,NA,EXP-22-AE2399,21317,DEO-CON-3690,BeautifulUnderarms2021,214784,No,NA,21_07_2021,Scotland,Edinburgh,1052,39,NA,NA,NA,Female,NA,NA,Caucasian,NA,NA,NA,NA,WOProv,WOProv,UnderarmStick,2,Baseline,ITS,BufferScrub,ITS,Illumina,CTTGGTCATTTAGAGGAAGTAA,GCTGCGTTCTTCATCGATGG,19.27,19.98,No,10.34,190.88,0.67,0,2,Axilla,Axilla,Left,2.83,Healthy,NA,NA,NA,Sample_317_Buffer_scrub_1052_L_V2
Sample_its_318,NA,NA,EXP-22-AE2399,21318,DEO-CON-3690,BeautifulUnderarms2021,214784,No,NA,21_07_2021,Scotland,Edinburgh,1052,39,NA,NA,NA,Female,NA,NA,Caucasian,NA,NA,NA,NA,WOProv,WOProv,UnderarmStick,2,Baseline,ITS,BufferScrub,ITS,Illumina,CTTGGTCATTTAGAGGAAGTAA,GCTGCGTTCTTCATCGATGG,24.25,25.75,No,7.77,155.22,0.74,0,2,Axilla,Axilla,Right,2.83,Healthy,NA,NA,NA,Sample_318_Buffer_scrub_1052_R_V2
Sample_its_319,NA,NA,EXP-22-AE2399,21319,DEO-CON-3690,BeautifulUnderarms2021,214784,No,NA,28_07_2021,Scotland,Edinburgh,1052,39,NA,NA,NA,Female,NA,NA,Caucasian,NA,NA,NA,NA,DoveAdvancedCareAluminium,L82,UnderarmStick,5,PostProvocation,ITS,BufferScrub,ITS,Illumina,CTTGGTCATTTAGAGGAAGTAA,GCTGCGTTCTTCATCGATGG,22.22,28.63,No,26.09,72.78,0.25,1.5,3,Axilla,Axilla,Left,2.83,Healthy,NA,NA,NA,Sample_319_Buffer_scrub_1052_L_V5
Sample_its_320,NA,NA,EXP-22-AE2399,21320,DEO-CON-3690,BeautifulUnderarms2021,214784,No,NA,04_08_2021,Scotland,Edinburgh,1052,39,NA,NA,NA,Female,NA,NA,Caucasian,NA,NA,NA,NA,DoveAdvancedCareAluminium,L82,UnderarmStick,8,Recovery1,ITS,BufferScrub,ITS,Illumina,CTTGGTCATTTAGAGGAAGTAA,GCTGCGTTCTTCATCGATGG,29.32,32.8,No,NA,NA,NA,0,2,Axilla,Axilla,Left,2.83,Healthy,NA,NA,NA,Sample_320_Buffer_scrub_1052_L_V8
Sample_its_321,NA,NA,EXP-22-AE2399,21321,DEO-CON-3690,BeautifulUnderarms2021,214784,No,NA,04_08_2021,Scotland,Edinburgh,1052,39,NA,NA,NA,Female,NA,NA,Caucasian,NA,NA,NA,NA,Dove0%,B11,UnderarmStick,8,Recovery1,ITS,BufferScrub,ITS,Illumina,CTTGGTCATTTAGAGGAAGTAA,GCTGCGTTCTTCATCGATGG,42.13,41.37,No,NA,NA,NA,0,2.5,Axilla,Axilla,Right,2.83,Healthy,NA,NA,NA,Sample_321_Buffer_scrub_1052_R_V8
Sample_its_322,NA,NA,EXP-22-AE2399,21322,DEO-CON-3690,BeautifulUnderarms2021,214784,No,NA,11_08_2021,Scotland,Edinburgh,1052,39,NA,NA,NA,Female,NA,NA,Caucasian,NA,NA,NA,NA,DoveAdvancedCareAluminium,L82,UnderarmStick,11,Recovery2,ITS,BufferScrub,ITS,Illumina,CTTGGTCATTTAGAGGAAGTAA,GCTGCGTTCTTCATCGATGG,25.53,26.33,No,10.83,28.28,0.04,0,1.5,Axilla,Axilla,Left,2.83,Healthy,NA,NA,NA,Sample_322_Buffer_scrub_1052_L_V11
Sample_its_323,NA,NA,EXP-22-AE2399,21323,DEO-CON-3690,BeautifulUnderarms2021,214784,No,NA,11_08_2021,Scotland,Edinburgh,1052,39,NA,NA,NA,Female,NA,NA,Caucasian,NA,NA,NA,NA,Dove0%,B11,UnderarmStick,11,Recovery2,ITS,BufferScrub,ITS,Illumina,CTTGGTCATTTAGAGGAAGTAA,GCTGCGTTCTTCATCGATGG,41.92,45.05,No,19.64,67.21,0.14,0,2.5,Axilla,Axilla,Right,2.83,Healthy,NA,NA,NA,Sample_323_Buffer_scrub_1052_R_V11
Sample_its_324,NA,NA,EXP-22-AE2399,21324,DEO-CON-3690,BeautifulUnderarms2021,214784,Yes,NegativeControl,NA,NA,NA,NA,NA,NA,NA,NA,NA,NA,NA,NA,NA,NA,NA,NA,NA,NA,NA,NA,NA,ITS,BufferScrub,ITS,Illumina,CTTGGTCATTTAGAGGAAGTAA,GCTGCGTTCTTCATCGATGG,NA,NA,NA,NA,NA,NA,NA,NA,NA,NA,NA,NA,NA,NA,NA,NA,Sample_324_Negative_control
Sample_its_325,NA,NA,EXP-22-AE2399,21325,DEO-CON-3690,BeautifulUnderarms2021,214784,No,NA,09_06_2021,Scotland,Edinburgh,1005,54,NA,NA,NA,Female,NA,NA,Caucasian,NA,NA,NA,NA,OwnProduct,OwnProduct,UnderarmStick,1,Offthestreet,ITS,BufferScrub,ITS,Illumina,CTTGGTCATTTAGAGGAAGTAA,GCTGCGTTCTTCATCGATGG,NA,NA,No,NA,NA,NA,NA,NA,Axilla,Axilla,Left,2.83,Healthy,NA,NA,NA,Sample_325_Buffer_scrub_1005_L_V1
Sample_its_326,NA,NA,EXP-22-AE2399,21326,DEO-CON-3690,BeautifulUnderarms2021,214784,No,NA,09_06_2021,Scotland,Edinburgh,1005,54,NA,NA,NA,Female,NA,NA,Caucasian,NA,NA,NA,NA,OwnProduct,OwnProduct,UnderarmStick,1,Offthestreet,ITS,BufferScrub,ITS,Illumina,CTTGGTCATTTAGAGGAAGTAA,GCTGCGTTCTTCATCGATGG,NA,NA,No,NA,NA,NA,NA,NA,Axilla,Axilla,Right,2.83,Healthy,NA,NA,NA,Sample_326_Buffer_scrub_1005_R_V1
Sample_its_327,NA,NA,EXP-22-AE2399,21327,DEO-CON-3690,BeautifulUnderarms2021,214784,No,NA,23_06_2021,Scotland,Edinburgh,1005,54,NA,NA,NA,Female,NA,NA,Caucasian,NA,NA,NA,NA,WOProv,WOProv,UnderarmStick,2,Baseline,ITS,BufferScrub,ITS,Illumina,CTTGGTCATTTAGAGGAAGTAA,GCTGCGTTCTTCATCGATGG,20.33,27.2,No,NA,NA,NA,0.5,2.5,Axilla,Axilla,Left,2.83,Healthy,NA,NA,NA,Sample_327_Buffer_scrub_1005_L_V2
Sample_its_328,NA,NA,EXP-22-AE2399,21328,DEO-CON-3690,BeautifulUnderarms2021,214784,No,NA,23_06_2021,Scotland,Edinburgh,1005,54,NA,NA,NA,Female,NA,NA,Caucasian,NA,NA,NA,NA,WOProv,WOProv,UnderarmStick,2,Baseline,ITS,BufferScrub,ITS,Illumina,CTTGGTCATTTAGAGGAAGTAA,GCTGCGTTCTTCATCGATGG,16.5,18.08,No,NA,NA,NA,0.5,2.5,Axilla,Axilla,Right,2.83,Healthy,NA,NA,NA,Sample_328_Buffer_scrub_1005_R_V2
Sample_its_329,NA,NA,EXP-22-AE2399,21329,DEO-CON-3690,BeautifulUnderarms2021,214784,No,NA,07_07_2021,Scotland,Edinburgh,1005,54,NA,NA,NA,Female,NA,NA,Caucasian,NA,NA,NA,NA,DoveAdvancedCareAluminium,L82,UnderarmStick,8,Recovery1,ITS,BufferScrub,ITS,Illumina,CTTGGTCATTTAGAGGAAGTAA,GCTGCGTTCTTCATCGATGG,19.77,26.55,No,NA,NA,NA,0,2,Axilla,Axilla,Left,2.83,Healthy,NA,NA,NA,Sample_329_Buffer_scrub_1005_L_V8
Sample_its_330,NA,NA,EXP-22-AE2399,21330,DEO-CON-3690,BeautifulUnderarms2021,214784,No,NA,07_07_2021,Scotland,Edinburgh,1005,54,NA,NA,NA,Female,NA,NA,Caucasian,NA,NA,NA,NA,Dove0%,B11,UnderarmStick,8,Recovery1,ITS,BufferScrub,ITS,Illumina,CTTGGTCATTTAGAGGAAGTAA,GCTGCGTTCTTCATCGATGG,23.77,25.4,No,NA,NA,NA,0,3.5,Axilla,Axilla,Right,2.83,Healthy,NA,NA,NA,Sample_330_Buffer_scrub_1005_R_V8
Sample_its_331,NA,NA,EXP-22-AE2399,21331,DEO-CON-3690,BeautifulUnderarms2021,214784,No,NA,14_07_2021,Scotland,Edinburgh,1005,54,NA,NA,NA,Female,NA,NA,Caucasian,NA,NA,NA,NA,DoveAdvancedCareAluminium,L82,UnderarmStick,11,Recovery2,ITS,BufferScrub,ITS,Illumina,CTTGGTCATTTAGAGGAAGTAA,GCTGCGTTCTTCATCGATGG,20.23,20.35,No,NA,NA,NA,1,1.5,Axilla,Axilla,Left,2.83,Healthy,NA,NA,NA,Sample_331_Buffer_scrub_1005_L_V11
Sample_its_332,NA,NA,EXP-22-AE2399,21332,DEO-CON-3690,BeautifulUnderarms2021,214784,No,NA,14_07_2021,Scotland,Edinburgh,1005,54,NA,NA,NA,Female,NA,NA,Caucasian,NA,NA,NA,NA,Dove0%,B11,UnderarmStick,11,Recovery2,ITS,BufferScrub,ITS,Illumina,CTTGGTCATTTAGAGGAAGTAA,GCTGCGTTCTTCATCGATGG,27.35,28.75,No,NA,NA,NA,0,3,Axilla,Axilla,Right,2.83,Healthy,NA,NA,NA,Sample_332_Buffer_scrub_1005_R_V11
Sample_its_333,NA,NA,EXP-22-AE2399,21333,DEO-CON-3690,BeautifulUnderarms2021,214784,No,NA,09_06_2021,Scotland,Edinburgh,1014,48,NA,NA,NA,Female,NA,NA,Caucasian,NA,NA,NA,NA,OwnProduct,OwnProduct,UnderarmStick,1,Offthestreet,ITS,BufferScrub,ITS,Illumina,CTTGGTCATTTAGAGGAAGTAA,GCTGCGTTCTTCATCGATGG,NA,NA,No,NA,NA,NA,NA,NA,Axilla,Axilla,Left,2.83,Healthy,NA,NA,NA,Sample_333_Buffer_scrub_1014_L_V1
Sample_its_334,NA,NA,EXP-22-AE2399,21334,DEO-CON-3690,BeautifulUnderarms2021,214784,No,NA,09_06_2021,Scotland,Edinburgh,1014,48,NA,NA,NA,Female,NA,NA,Caucasian,NA,NA,NA,NA,OwnProduct,OwnProduct,UnderarmStick,1,Offthestreet,ITS,BufferScrub,ITS,Illumina,CTTGGTCATTTAGAGGAAGTAA,GCTGCGTTCTTCATCGATGG,NA,NA,No,NA,NA,NA,NA,NA,Axilla,Axilla,Right,2.83,Healthy,NA,NA,NA,Sample_334_Buffer_scrub_1014_R_V1
Sample_its_335,NA,NA,EXP-22-AE2399,21335,DEO-CON-3690,BeautifulUnderarms2021,214784,No,NA,23_06_2021,Scotland,Edinburgh,1014,48,NA,NA,NA,Female,NA,NA,Caucasian,NA,NA,NA,NA,WOProv,WOProv,UnderarmStick,2,Baseline,ITS,BufferScrub,ITS,Illumina,CTTGGTCATTTAGAGGAAGTAA,GCTGCGTTCTTCATCGATGG,31.78,35.33,No,6.17,30.22,1.37,0,0.5,Axilla,Axilla,Left,2.83,Healthy,NA,NA,NA,Sample_335_Buffer_scrub_1014_L_V2
Sample_its_336,NA,NA,EXP-22-AE2399,21336,DEO-CON-3690,BeautifulUnderarms2021,214784,No,NA,23_06_2021,Scotland,Edinburgh,1014,48,NA,NA,NA,Female,NA,NA,Caucasian,NA,NA,NA,NA,WOProv,WOProv,UnderarmStick,2,Baseline,ITS,BufferScrub,ITS,Illumina,CTTGGTCATTTAGAGGAAGTAA,GCTGCGTTCTTCATCGATGG,40.03,39.32,No,3.17,44.56,0.37,0,0.5,Axilla,Axilla,Right,2.83,Healthy,NA,NA,NA,Sample_336_Buffer_scrub_1014_R_V2
Sample_its_337,NA,NA,EXP-22-AE2399,21337,DEO-CON-3690,BeautifulUnderarms2021,214784,No,NA,30_06_2021,Scotland,Edinburgh,1014,48,NA,NA,NA,Female,NA,NA,Caucasian,NA,NA,NA,NA,Dove0%,B11,UnderarmStick,5,PostProvocation,ITS,BufferScrub,ITS,Illumina,CTTGGTCATTTAGAGGAAGTAA,GCTGCGTTCTTCATCGATGG,39.23,35.08,No,29.15,83.73,0.33,0.5,3.5,Axilla,Axilla,Left,2.83,Healthy,NA,NA,NA,Sample_337_Buffer_scrub_1014_L_V5
Sample_its_338,NA,NA,EXP-22-AE2399,21338,DEO-CON-3690,BeautifulUnderarms2021,214784,No,NA,30_06_2021,Scotland,Edinburgh,1014,48,NA,NA,NA,Female,NA,NA,Caucasian,NA,NA,NA,NA,DoveAdvancedCareAluminium,L82,UnderarmStick,5,PostProvocation,ITS,BufferScrub,ITS,Illumina,CTTGGTCATTTAGAGGAAGTAA,GCTGCGTTCTTCATCGATGG,31.62,31.33,No,24.81,54.68,0.06,0.5,3.5,Axilla,Axilla,Right,2.83,Healthy,NA,NA,NA,Sample_338_Buffer_scrub_1014_R_V5
Sample_its_339,NA,NA,EXP-22-AE2399,21339,DEO-CON-3690,BeautifulUnderarms2021,214784,No,NA,07_07_2021,Scotland,Edinburgh,1014,48,NA,NA,NA,Female,NA,NA,Caucasian,NA,NA,NA,NA,Dove0%,B11,UnderarmStick,8,Recovery1,ITS,BufferScrub,ITS,Illumina,CTTGGTCATTTAGAGGAAGTAA,GCTGCGTTCTTCATCGATGG,36.67,43.7,No,NA,NA,NA,1,2,Axilla,Axilla,Left,2.83,Healthy,NA,NA,NA,Sample_339_Buffer_scrub_1014_L_V8
Sample_its_340,NA,NA,EXP-22-AE2399,21340,DEO-CON-3690,BeautifulUnderarms2021,214784,No,NA,07_07_2021,Scotland,Edinburgh,1014,48,NA,NA,NA,Female,NA,NA,Caucasian,NA,NA,NA,NA,DoveAdvancedCareAluminium,L82,UnderarmStick,8,Recovery1,ITS,BufferScrub,ITS,Illumina,CTTGGTCATTTAGAGGAAGTAA,GCTGCGTTCTTCATCGATGG,24.85,29.2,No,NA,NA,NA,1,2,Axilla,Axilla,Right,2.83,Healthy,NA,NA,NA,Sample_340_Buffer_scrub_1014_R_V8
Sample_its_341,NA,NA,EXP-22-AE2399,21341,DEO-CON-3690,BeautifulUnderarms2021,214784,No,NA,14_07_2021,Scotland,Edinburgh,1014,48,NA,NA,NA,Female,NA,NA,Caucasian,NA,NA,NA,NA,Dove0%,B11,UnderarmStick,11,Recovery2,ITS,BufferScrub,ITS,Illumina,CTTGGTCATTTAGAGGAAGTAA,GCTGCGTTCTTCATCGATGG,44.37,41.07,No,22.96,44.53,0.01,0,0.5,Axilla,Axilla,Left,2.83,Healthy,NA,NA,NA,Sample_341_Buffer_scrub_1014_L_V11
Sample_its_342,NA,NA,EXP-22-AE2399,21342,DEO-CON-3690,BeautifulUnderarms2021,214784,No,NA,14_07_2021,Scotland,Edinburgh,1014,48,NA,NA,NA,Female,NA,NA,Caucasian,NA,NA,NA,NA,DoveAdvancedCareAluminium,L82,UnderarmStick,11,Recovery2,ITS,BufferScrub,ITS,Illumina,CTTGGTCATTTAGAGGAAGTAA,GCTGCGTTCTTCATCGATGG,46.08,51.75,No,5.29,7.73,0.01,0.5,1,Axilla,Axilla,Right,2.83,Healthy,NA,NA,NA,Sample_342_Buffer_scrub_1014_R_V11
Sample_its_343,NA,NA,EXP-22-AE2399,21343,DEO-CON-3690,BeautifulUnderarms2021,214784,No,NA,09_06_2021,Scotland,Edinburgh,1016,42,NA,NA,NA,Female,NA,NA,Caucasian,NA,NA,NA,NA,OwnProduct,OwnProduct,UnderarmStick,1,Offthestreet,ITS,BufferScrub,ITS,Illumina,CTTGGTCATTTAGAGGAAGTAA,GCTGCGTTCTTCATCGATGG,NA,NA,No,NA,NA,NA,NA,NA,Axilla,Axilla,Left,2.83,Healthy,NA,NA,NA,Sample_343_Buffer_scrub_1016_L_V1
Sample_its_344,NA,NA,EXP-22-AE2399,21344,DEO-CON-3690,BeautifulUnderarms2021,214784,No,NA,09_06_2021,Scotland,Edinburgh,1016,42,NA,NA,NA,Female,NA,NA,Caucasian,NA,NA,NA,NA,OwnProduct,OwnProduct,UnderarmStick,1,Offthestreet,ITS,BufferScrub,ITS,Illumina,CTTGGTCATTTAGAGGAAGTAA,GCTGCGTTCTTCATCGATGG,NA,NA,No,NA,NA,NA,NA,NA,Axilla,Axilla,Right,2.83,Healthy,NA,NA,NA,Sample_344_Buffer_scrub_1016_R_V1
Sample_its_345,NA,NA,EXP-22-AE2399,21345,DEO-CON-3690,BeautifulUnderarms2021,214784,No,NA,23_06_2021,Scotland,Edinburgh,1016,42,NA,NA,NA,Female,NA,NA,Caucasian,NA,NA,NA,NA,WOProv,WOProv,UnderarmStick,2,Baseline,ITS,BufferScrub,ITS,Illumina,CTTGGTCATTTAGAGGAAGTAA,GCTGCGTTCTTCATCGATGG,22.55,22.83,No,NA,NA,NA,0.5,1,Axilla,Axilla,Left,2.83,Healthy,NA,NA,NA,Sample_345_Buffer_scrub_1016_L_V2
Sample_its_346,NA,NA,EXP-22-AE2399,21346,DEO-CON-3690,BeautifulUnderarms2021,214784,No,NA,23_06_2021,Scotland,Edinburgh,1016,42,NA,NA,NA,Female,NA,NA,Caucasian,NA,NA,NA,NA,WOProv,WOProv,UnderarmStick,2,Baseline,ITS,BufferScrub,ITS,Illumina,CTTGGTCATTTAGAGGAAGTAA,GCTGCGTTCTTCATCGATGG,24.42,22.83,No,NA,NA,NA,0.5,1,Axilla,Axilla,Right,2.83,Healthy,NA,NA,NA,Sample_346_Buffer_scrub_1016_R_V2
Sample_its_347,NA,NA,EXP-22-AE2399,21347,DEO-CON-3690,BeautifulUnderarms2021,214784,No,NA,07_07_2021,Scotland,Edinburgh,1016,42,NA,NA,NA,Female,NA,NA,Caucasian,NA,NA,NA,NA,DoveAdvancedCareAluminium,L82,UnderarmStick,8,Recovery1,ITS,BufferScrub,ITS,Illumina,CTTGGTCATTTAGAGGAAGTAA,GCTGCGTTCTTCATCGATGG,17.25,17.65,No,NA,NA,NA,0,2,Axilla,Axilla,Left,2.83,Healthy,NA,NA,NA,Sample_347_Buffer_scrub_1016_L_V8
Sample_its_348,NA,NA,EXP-22-AE2399,21348,DEO-CON-3690,BeautifulUnderarms2021,214784,No,NA,07_07_2021,Scotland,Edinburgh,1016,42,NA,NA,NA,Female,NA,NA,Caucasian,NA,NA,NA,NA,Dove0%,B11,UnderarmStick,8,Recovery1,ITS,BufferScrub,ITS,Illumina,CTTGGTCATTTAGAGGAAGTAA,GCTGCGTTCTTCATCGATGG,19.73,16.5,No,NA,NA,NA,0,3,Axilla,Axilla,Right,2.83,Healthy,NA,NA,NA,Sample_348_Buffer_scrub_1016_R_V8
Sample_its_349,NA,NA,EXP-22-AE2399,21349,DEO-CON-3690,BeautifulUnderarms2021,214784,No,NA,14_07_2021,Scotland,Edinburgh,1016,42,NA,NA,NA,Female,NA,NA,Caucasian,NA,NA,NA,NA,DoveAdvancedCareAluminium,L82,UnderarmStick,11,Recovery2,ITS,BufferScrub,ITS,Illumina,CTTGGTCATTTAGAGGAAGTAA,GCTGCGTTCTTCATCGATGG,18.22,17.38,No,NA,NA,NA,0,1,Axilla,Axilla,Left,2.83,Healthy,NA,NA,NA,Sample_349_Buffer_scrub_1016_L_V11
Sample_its_350,NA,NA,EXP-22-AE2399,21350,DEO-CON-3690,BeautifulUnderarms2021,214784,No,NA,14_07_2021,Scotland,Edinburgh,1016,42,NA,NA,NA,Female,NA,NA,Caucasian,NA,NA,NA,NA,Dove0%,B11,UnderarmStick,11,Recovery2,ITS,BufferScrub,ITS,Illumina,CTTGGTCATTTAGAGGAAGTAA,GCTGCGTTCTTCATCGATGG,23.42,22.4,No,NA,NA,NA,0,2.5,Axilla,Axilla,Right,2.83,Healthy,NA,NA,NA,Sample_350_Buffer_scrub_1016_R_V11
Sample_its_351,NA,NA,EXP-22-AE2399,21351,DEO-CON-3690,BeautifulUnderarms2021,214784,No,NA,10_06_2021,Scotland,Edinburgh,1029,60,NA,NA,NA,Female,NA,NA,Caucasian,NA,NA,NA,NA,OwnProduct,OwnProduct,UnderarmStick,1,Offthestreet,ITS,BufferScrub,ITS,Illumina,CTTGGTCATTTAGAGGAAGTAA,GCTGCGTTCTTCATCGATGG,NA,NA,No,NA,NA,NA,NA,NA,Axilla,Axilla,Left,2.83,Healthy,NA,NA,NA,Sample_351_Buffer_scrub_1029_L_V1
Sample_its_352,NA,NA,EXP-22-AE2399,21352,DEO-CON-3690,BeautifulUnderarms2021,214784,No,NA,10_06_2021,Scotland,Edinburgh,1029,60,NA,NA,NA,Female,NA,NA,Caucasian,NA,NA,NA,NA,OwnProduct,OwnProduct,UnderarmStick,1,Offthestreet,ITS,BufferScrub,ITS,Illumina,CTTGGTCATTTAGAGGAAGTAA,GCTGCGTTCTTCATCGATGG,NA,NA,No,NA,NA,NA,NA,NA,Axilla,Axilla,Right,2.83,Healthy,NA,NA,NA,Sample_352_Buffer_scrub_1029_R_V1
Sample_its_353,NA,NA,EXP-22-AE2399,21353,DEO-CON-3690,BeautifulUnderarms2021,214784,No,NA,24_06_2021,Scotland,Edinburgh,1029,60,NA,NA,NA,Female,NA,NA,Caucasian,NA,NA,NA,NA,WOProv,WOProv,UnderarmStick,2,Baseline,ITS,BufferScrub,ITS,Illumina,CTTGGTCATTTAGAGGAAGTAA,GCTGCGTTCTTCATCGATGG,24.95,23.5,No,NA,NA,NA,0.5,0.5,Axilla,Axilla,Left,2.83,Healthy,NA,NA,NA,Sample_353_Buffer_scrub_1029_L_V2
Sample_its_354,NA,NA,EXP-22-AE2399,21354,DEO-CON-3690,BeautifulUnderarms2021,214784,No,NA,24_06_2021,Scotland,Edinburgh,1029,60,NA,NA,NA,Female,NA,NA,Caucasian,NA,NA,NA,NA,WOProv,WOProv,UnderarmStick,2,Baseline,ITS,BufferScrub,ITS,Illumina,CTTGGTCATTTAGAGGAAGTAA,GCTGCGTTCTTCATCGATGG,22.78,23.07,No,NA,NA,NA,0.5,0.5,Axilla,Axilla,Right,2.83,Healthy,NA,NA,NA,Sample_354_Buffer_scrub_1029_R_V2
Sample_its_355,NA,NA,EXP-22-AE2399,21355,DEO-CON-3690,BeautifulUnderarms2021,214784,No,NA,01_07_2021,Scotland,Edinburgh,1029,60,NA,NA,NA,Female,NA,NA,Caucasian,NA,NA,NA,NA,Dove0%,B11,UnderarmStick,5,PostProvocation,ITS,BufferScrub,ITS,Illumina,CTTGGTCATTTAGAGGAAGTAA,GCTGCGTTCTTCATCGATGG,32.83,35.78,No,54.06,99.25,0.43,0.5,2.5,Axilla,Axilla,Left,2.83,Healthy,NA,NA,NA,Sample_355_Buffer_scrub_1029_L_V5
Sample_its_356,NA,NA,EXP-22-AE2399,21356,DEO-CON-3690,BeautifulUnderarms2021,214784,No,NA,01_07_2021,Scotland,Edinburgh,1029,60,NA,NA,NA,Female,NA,NA,Caucasian,NA,NA,NA,NA,DoveAdvancedCareAluminium,L82,UnderarmStick,5,PostProvocation,ITS,BufferScrub,ITS,Illumina,CTTGGTCATTTAGAGGAAGTAA,GCTGCGTTCTTCATCGATGG,26.93,24.65,No,58.61,122.17,4.27,0.5,3,Axilla,Axilla,Right,2.83,Healthy,NA,NA,NA,Sample_356_Buffer_scrub_1029_R_V5
Sample_its_357,NA,NA,EXP-22-AE2399,21357,DEO-CON-3690,BeautifulUnderarms2021,214784,No,NA,08_07_2021,Scotland,Edinburgh,1029,60,NA,NA,NA,Female,NA,NA,Caucasian,NA,NA,NA,NA,Dove0%,B11,UnderarmStick,8,Recovery1,ITS,BufferScrub,ITS,Illumina,CTTGGTCATTTAGAGGAAGTAA,GCTGCGTTCTTCATCGATGG,34.45,42.62,No,NA,NA,NA,0.5,2,Axilla,Axilla,Left,2.83,Healthy,NA,NA,NA,Sample_357_Buffer_scrub_1029_L_V8
Sample_its_358,NA,NA,EXP-22-AE2399,21358,DEO-CON-3690,BeautifulUnderarms2021,214784,No,NA,08_07_2021,Scotland,Edinburgh,1029,60,NA,NA,NA,Female,NA,NA,Caucasian,NA,NA,NA,NA,DoveAdvancedCareAluminium,L82,UnderarmStick,8,Recovery1,ITS,BufferScrub,ITS,Illumina,CTTGGTCATTTAGAGGAAGTAA,GCTGCGTTCTTCATCGATGG,22.17,25.43,No,NA,NA,NA,0.5,1.5,Axilla,Axilla,Right,2.83,Healthy,NA,NA,NA,Sample_358_Buffer_scrub_1029_R_V8
Sample_its_359,NA,NA,EXP-22-AE2399,21359,DEO-CON-3690,BeautifulUnderarms2021,214784,No,NA,15_07_2021,Scotland,Edinburgh,1029,60,NA,NA,NA,Female,NA,NA,Caucasian,NA,NA,NA,NA,Dove0%,B11,UnderarmStick,11,Recovery2,ITS,BufferScrub,ITS,Illumina,CTTGGTCATTTAGAGGAAGTAA,GCTGCGTTCTTCATCGATGG,48.07,53.85,No,19.15,33.93,0.04,0.5,1.5,Axilla,Axilla,Left,2.83,Healthy,NA,NA,NA,Sample_359_Buffer_scrub_1029_L_V11
Sample_its_360,NA,NA,EXP-22-AE2399,21360,DEO-CON-3690,BeautifulUnderarms2021,214784,No,NA,15_07_2021,Scotland,Edinburgh,1029,60,NA,NA,NA,Female,NA,NA,Caucasian,NA,NA,NA,NA,DoveAdvancedCareAluminium,L82,UnderarmStick,11,Recovery2,ITS,BufferScrub,ITS,Illumina,CTTGGTCATTTAGAGGAAGTAA,GCTGCGTTCTTCATCGATGG,27.65,29.15,No,29.23,16.17,0.04,0,2,Axilla,Axilla,Right,2.83,Healthy,NA,NA,NA,Sample_360_Buffer_scrub_1029_R_V11
Sample_its_361,NA,NA,EXP-22-AE2399,21361,DEO-CON-3690,BeautifulUnderarms2021,214784,No,NA,10_06_2021,Scotland,Edinburgh,1030,53,NA,NA,NA,Female,NA,NA,Caucasian,NA,NA,NA,NA,OwnProduct,OwnProduct,UnderarmStick,1,Offthestreet,ITS,BufferScrub,ITS,Illumina,CTTGGTCATTTAGAGGAAGTAA,GCTGCGTTCTTCATCGATGG,NA,NA,No,NA,NA,NA,NA,NA,Axilla,Axilla,Left,2.83,Healthy,NA,NA,NA,Sample_361_Buffer_scrub_1030_L_V1
Sample_its_362,NA,NA,EXP-22-AE2399,21362,DEO-CON-3690,BeautifulUnderarms2021,214784,No,NA,10_06_2021,Scotland,Edinburgh,1030,53,NA,NA,NA,Female,NA,NA,Caucasian,NA,NA,NA,NA,OwnProduct,OwnProduct,UnderarmStick,1,Offthestreet,ITS,BufferScrub,ITS,Illumina,CTTGGTCATTTAGAGGAAGTAA,GCTGCGTTCTTCATCGATGG,NA,NA,No,NA,NA,NA,NA,NA,Axilla,Axilla,Right,2.83,Healthy,NA,NA,NA,Sample_362_Buffer_scrub_1030_R_V1
Sample_its_363,NA,NA,EXP-22-AE2399,21363,DEO-CON-3690,BeautifulUnderarms2021,214784,No,NA,24_06_2021,Scotland,Edinburgh,1030,53,NA,NA,NA,Female,NA,NA,Caucasian,NA,NA,NA,NA,WOProv,WOProv,UnderarmStick,2,Baseline,ITS,BufferScrub,ITS,Illumina,CTTGGTCATTTAGAGGAAGTAA,GCTGCGTTCTTCATCGATGG,41.57,32.17,No,1.58,12.39,0.07,0,1,Axilla,Axilla,Left,2.83,Healthy,NA,NA,NA,Sample_363_Buffer_scrub_1030_L_V2
Sample_its_364,NA,NA,EXP-22-AE2399,21364,DEO-CON-3690,BeautifulUnderarms2021,214784,No,NA,24_06_2021,Scotland,Edinburgh,1030,53,NA,NA,NA,Female,NA,NA,Caucasian,NA,NA,NA,NA,WOProv,WOProv,UnderarmStick,2,Baseline,ITS,BufferScrub,ITS,Illumina,CTTGGTCATTTAGAGGAAGTAA,GCTGCGTTCTTCATCGATGG,43.57,37.23,No,3.34,12.91,0.03,0,1,Axilla,Axilla,Right,2.83,Healthy,NA,NA,NA,Sample_364_Buffer_scrub_1030_R_V2
Sample_its_365,NA,NA,EXP-22-AE2399,21365,DEO-CON-3690,BeautifulUnderarms2021,214784,No,NA,01_07_2021,Scotland,Edinburgh,1030,53,NA,NA,NA,Female,NA,NA,Caucasian,NA,NA,NA,NA,Dove0%,B11,UnderarmStick,5,PostProvocation,ITS,BufferScrub,ITS,Illumina,CTTGGTCATTTAGAGGAAGTAA,GCTGCGTTCTTCATCGATGG,27.07,30.13,No,16.26,14.9,0.09,1.5,2.5,Axilla,Axilla,Left,2.83,Healthy,NA,NA,NA,Sample_365_Buffer_scrub_1030_L_V5
Sample_its_366,NA,NA,EXP-22-AE2399,21366,DEO-CON-3690,BeautifulUnderarms2021,214784,No,NA,01_07_2021,Scotland,Edinburgh,1030,53,NA,NA,NA,Female,NA,NA,Caucasian,NA,NA,NA,NA,DoveAdvancedCareAluminium,L82,UnderarmStick,5,PostProvocation,ITS,BufferScrub,ITS,Illumina,CTTGGTCATTTAGAGGAAGTAA,GCTGCGTTCTTCATCGATGG,37.95,35.03,No,11.03,6.71,0.24,1.5,2,Axilla,Axilla,Right,2.83,Healthy,NA,NA,NA,Sample_366_Buffer_scrub_1030_R_V5
Sample_its_367,NA,NA,EXP-22-AE2399,21367,DEO-CON-3690,BeautifulUnderarms2021,214784,No,NA,08_07_2021,Scotland,Edinburgh,1030,53,NA,NA,NA,Female,NA,NA,Caucasian,NA,NA,NA,NA,Dove0%,B11,UnderarmStick,8,Recovery1,ITS,BufferScrub,ITS,Illumina,CTTGGTCATTTAGAGGAAGTAA,GCTGCGTTCTTCATCGATGG,53.07,56.62,No,NA,NA,NA,0.5,2,Axilla,Axilla,Left,2.83,Healthy,NA,NA,NA,Sample_367_Buffer_scrub_1030_L_V8
Sample_its_368,NA,NA,EXP-22-AE2399,21368,DEO-CON-3690,BeautifulUnderarms2021,214784,No,NA,08_07_2021,Scotland,Edinburgh,1030,53,NA,NA,NA,Female,NA,NA,Caucasian,NA,NA,NA,NA,DoveAdvancedCareAluminium,L82,UnderarmStick,8,Recovery1,ITS,BufferScrub,ITS,Illumina,CTTGGTCATTTAGAGGAAGTAA,GCTGCGTTCTTCATCGATGG,43.35,38.3,No,NA,NA,NA,0.5,1.5,Axilla,Axilla,Right,2.83,Healthy,NA,NA,NA,Sample_368_Buffer_scrub_1030_R_V8
Sample_its_369,NA,NA,EXP-22-AE2399,21369,DEO-CON-3690,BeautifulUnderarms2021,214784,No,NA,15_07_2021,Scotland,Edinburgh,1030,53,NA,NA,NA,Female,NA,NA,Caucasian,NA,NA,NA,NA,Dove0%,B11,UnderarmStick,11,Recovery2,ITS,BufferScrub,ITS,Illumina,CTTGGTCATTTAGAGGAAGTAA,GCTGCGTTCTTCATCGATGG,36.27,40.08,No,9.42,13.01,0.03,0,0,Axilla,Axilla,Left,2.83,Healthy,NA,NA,NA,Sample_369_Buffer_scrub_1030_L_V11
Sample_its_370,NA,NA,EXP-22-AE2399,21370,DEO-CON-3690,BeautifulUnderarms2021,214784,No,NA,15_07_2021,Scotland,Edinburgh,1030,53,NA,NA,NA,Female,NA,NA,Caucasian,NA,NA,NA,NA,DoveAdvancedCareAluminium,L82,UnderarmStick,11,Recovery2,ITS,BufferScrub,ITS,Illumina,CTTGGTCATTTAGAGGAAGTAA,GCTGCGTTCTTCATCGATGG,39.68,47.23,No,10.67,12.02,0.02,0,0.5,Axilla,Axilla,Right,2.83,Healthy,NA,NA,NA,Sample_370_Buffer_scrub_1030_R_V11
Sample_its_371,NA,NA,EXP-22-AE2399,21371,DEO-CON-3690,BeautifulUnderarms2021,214784,No,NA,10_06_2021,Scotland,Edinburgh,1031,46,NA,NA,NA,Female,NA,NA,Caucasian,NA,NA,NA,NA,OwnProduct,OwnProduct,UnderarmStick,1,Offthestreet,ITS,BufferScrub,ITS,Illumina,CTTGGTCATTTAGAGGAAGTAA,GCTGCGTTCTTCATCGATGG,NA,NA,No,NA,NA,NA,NA,NA,Axilla,Axilla,Left,2.83,Healthy,NA,NA,NA,Sample_371_Buffer_scrub_1031_L_V1
Sample_its_372,NA,NA,EXP-22-AE2399,21372,DEO-CON-3690,BeautifulUnderarms2021,214784,No,NA,10_06_2021,Scotland,Edinburgh,1031,46,NA,NA,NA,Female,NA,NA,Caucasian,NA,NA,NA,NA,OwnProduct,OwnProduct,UnderarmStick,1,Offthestreet,ITS,BufferScrub,ITS,Illumina,CTTGGTCATTTAGAGGAAGTAA,GCTGCGTTCTTCATCGATGG,NA,NA,No,NA,NA,NA,NA,NA,Axilla,Axilla,Right,2.83,Healthy,NA,NA,NA,Sample_372_Buffer_scrub_1031_R_V1
Sample_its_373,NA,NA,EXP-22-AE2399,21373,DEO-CON-3690,BeautifulUnderarms2021,214784,No,NA,24_06_2021,Scotland,Edinburgh,1031,46,NA,NA,NA,Female,NA,NA,Caucasian,NA,NA,NA,NA,WOProv,WOProv,UnderarmStick,2,Baseline,ITS,BufferScrub,ITS,Illumina,CTTGGTCATTTAGAGGAAGTAA,GCTGCGTTCTTCATCGATGG,24.47,27.23,No,NA,NA,NA,0,0,Axilla,Axilla,Left,2.83,Healthy,NA,NA,NA,Sample_373_Buffer_scrub_1031_L_V2
Sample_its_374,NA,NA,EXP-22-AE2399,21374,DEO-CON-3690,BeautifulUnderarms2021,214784,No,NA,24_06_2021,Scotland,Edinburgh,1031,46,NA,NA,NA,Female,NA,NA,Caucasian,NA,NA,NA,NA,WOProv,WOProv,UnderarmStick,2,Baseline,ITS,BufferScrub,ITS,Illumina,CTTGGTCATTTAGAGGAAGTAA,GCTGCGTTCTTCATCGATGG,22,24.05,No,NA,NA,NA,0,0,Axilla,Axilla,Right,2.83,Healthy,NA,NA,NA,Sample_374_Buffer_scrub_1031_R_V2
Sample_its_375,NA,NA,EXP-22-AE2399,21375,DEO-CON-3690,BeautifulUnderarms2021,214784,No,NA,01_07_2021,Scotland,Edinburgh,1031,46,NA,NA,NA,Female,NA,NA,Caucasian,NA,NA,NA,NA,Dove0%,B11,UnderarmStick,5,PostProvocation,ITS,BufferScrub,ITS,Illumina,CTTGGTCATTTAGAGGAAGTAA,GCTGCGTTCTTCATCGATGG,19.53,22.3,No,NA,NA,NA,1,3,Axilla,Axilla,Left,2.83,Healthy,NA,NA,NA,Sample_375_Buffer_scrub_1031_L_V5
Sample_its_376,NA,NA,EXP-22-AE2399,21376,DEO-CON-3690,BeautifulUnderarms2021,214784,No,NA,08_07_2021,Scotland,Edinburgh,1031,46,NA,NA,NA,Female,NA,NA,Caucasian,NA,NA,NA,NA,Dove0%,B11,UnderarmStick,8,Recovery1,ITS,BufferScrub,ITS,Illumina,CTTGGTCATTTAGAGGAAGTAA,GCTGCGTTCTTCATCGATGG,27,27.65,No,NA,NA,NA,0.5,2.5,Axilla,Axilla,Left,2.83,Healthy,NA,NA,NA,Sample_376_Buffer_scrub_1031_L_V8
Sample_its_377,NA,NA,EXP-22-AE2399,21377,DEO-CON-3690,BeautifulUnderarms2021,214784,No,NA,08_07_2021,Scotland,Edinburgh,1031,46,NA,NA,NA,Female,NA,NA,Caucasian,NA,NA,NA,NA,DoveAdvancedCareAluminium,L82,UnderarmStick,8,Recovery1,ITS,BufferScrub,ITS,Illumina,CTTGGTCATTTAGAGGAAGTAA,GCTGCGTTCTTCATCGATGG,19.77,23,No,NA,NA,NA,0.5,2,Axilla,Axilla,Right,2.83,Healthy,NA,NA,NA,Sample_377_Buffer_scrub_1031_R_V8
Sample_its_378,NA,NA,EXP-22-AE2399,21378,DEO-CON-3690,BeautifulUnderarms2021,214784,No,NA,10_06_2021,Scotland,Edinburgh,1032,33,NA,NA,NA,Female,NA,NA,Caucasian,NA,NA,NA,NA,OwnProduct,OwnProduct,UnderarmStick,1,Offthestreet,ITS,BufferScrub,ITS,Illumina,CTTGGTCATTTAGAGGAAGTAA,GCTGCGTTCTTCATCGATGG,NA,NA,No,NA,NA,NA,NA,NA,Axilla,Axilla,Left,2.83,Healthy,NA,NA,NA,Sample_378_Buffer_scrub_1032_L_V1
Sample_its_379,NA,NA,EXP-22-AE2399,21379,DEO-CON-3690,BeautifulUnderarms2021,214784,No,NA,10_06_2021,Scotland,Edinburgh,1032,33,NA,NA,NA,Female,NA,NA,Caucasian,NA,NA,NA,NA,OwnProduct,OwnProduct,UnderarmStick,1,Offthestreet,ITS,BufferScrub,ITS,Illumina,CTTGGTCATTTAGAGGAAGTAA,GCTGCGTTCTTCATCGATGG,NA,NA,No,NA,NA,NA,NA,NA,Axilla,Axilla,Right,2.83,Healthy,NA,NA,NA,Sample_379_Buffer_scrub_1032_R_V1
Sample_its_380,NA,NA,EXP-22-AE2399,21380,DEO-CON-3690,BeautifulUnderarms2021,214784,No,NA,24_06_2021,Scotland,Edinburgh,1032,33,NA,NA,NA,Female,NA,NA,Caucasian,NA,NA,NA,NA,WOProv,WOProv,UnderarmStick,2,Baseline,ITS,BufferScrub,ITS,Illumina,CTTGGTCATTTAGAGGAAGTAA,GCTGCGTTCTTCATCGATGG,31.9,32.82,No,21.05,133.17,0.1,0,0.5,Axilla,Axilla,Left,2.83,Healthy,NA,NA,NA,Sample_380_Buffer_scrub_1032_L_V2
Sample_its_381,NA,NA,EXP-22-AE2399,21381,DEO-CON-3690,BeautifulUnderarms2021,214784,No,NA,24_06_2021,Scotland,Edinburgh,1032,33,NA,NA,NA,Female,NA,NA,Caucasian,NA,NA,NA,NA,WOProv,WOProv,UnderarmStick,2,Baseline,ITS,BufferScrub,ITS,Illumina,CTTGGTCATTTAGAGGAAGTAA,GCTGCGTTCTTCATCGATGG,29.17,31.25,No,15.87,63.82,0.24,0,0.5,Axilla,Axilla,Right,2.83,Healthy,NA,NA,NA,Sample_381_Buffer_scrub_1032_R_V2
Sample_its_382,NA,NA,EXP-22-AE2399,21382,DEO-CON-3690,BeautifulUnderarms2021,214784,No,NA,01_07_2021,Scotland,Edinburgh,1032,33,NA,NA,NA,Female,NA,NA,Caucasian,NA,NA,NA,NA,DoveAdvancedCareAluminium,L82,UnderarmStick,5,PostProvocation,ITS,BufferScrub,ITS,Illumina,CTTGGTCATTTAGAGGAAGTAA,GCTGCGTTCTTCATCGATGG,30.6,34.6,No,20.16,111.65,0.13,0,2.5,Axilla,Axilla,Left,2.83,Healthy,NA,NA,NA,Sample_382_Buffer_scrub_1032_L_V5
Sample_its_383,NA,NA,EXP-22-AE2399,21383,DEO-CON-3690,BeautifulUnderarms2021,214784,No,NA,01_07_2021,Scotland,Edinburgh,1032,33,NA,NA,NA,Female,NA,NA,Caucasian,NA,NA,NA,NA,Dove0%,B11,UnderarmStick,5,PostProvocation,ITS,BufferScrub,ITS,Illumina,CTTGGTCATTTAGAGGAAGTAA,GCTGCGTTCTTCATCGATGG,35.02,34.8,No,9.75,80.01,0.27,0,2.5,Axilla,Axilla,Right,2.83,Healthy,NA,NA,NA,Sample_383_Buffer_scrub_1032_R_V5
Sample_its_384,NA,NA,EXP-22-AE2399,21384,DEO-CON-3690,BeautifulUnderarms2021,214784,No,NA,08_07_2021,Scotland,Edinburgh,1032,33,NA,NA,NA,Female,NA,NA,Caucasian,NA,NA,NA,NA,DoveAdvancedCareAluminium,L82,UnderarmStick,8,Recovery1,ITS,BufferScrub,ITS,Illumina,CTTGGTCATTTAGAGGAAGTAA,GCTGCGTTCTTCATCGATGG,29.65,17.78,No,NA,NA,NA,1,2,Axilla,Axilla,Left,2.83,Healthy,NA,NA,NA,Sample_384_Buffer_scrub_1032_L_V8
Sample_its_385,NA,NA,EXP-22-AE2399,21385,DEO-CON-3690,BeautifulUnderarms2021,214784,No,NA,08_07_2021,Scotland,Edinburgh,1032,33,NA,NA,NA,Female,NA,NA,Caucasian,NA,NA,NA,NA,Dove0%,B11,UnderarmStick,8,Recovery1,ITS,BufferScrub,ITS,Illumina,CTTGGTCATTTAGAGGAAGTAA,GCTGCGTTCTTCATCGATGG,38.02,34.48,No,NA,NA,NA,0.5,2.5,Axilla,Axilla,Right,2.83,Healthy,NA,NA,NA,Sample_385_Buffer_scrub_1032_R_V8
Sample_its_386,NA,NA,EXP-22-AE2399,21386,DEO-CON-3690,BeautifulUnderarms2021,214784,No,NA,15_07_2021,Scotland,Edinburgh,1032,33,NA,NA,NA,Female,NA,NA,Caucasian,NA,NA,NA,NA,DoveAdvancedCareAluminium,L82,UnderarmStick,11,Recovery2,ITS,BufferScrub,ITS,Illumina,CTTGGTCATTTAGAGGAAGTAA,GCTGCGTTCTTCATCGATGG,27.65,26.87,No,34.91,16.09,0.14,0,1.5,Axilla,Axilla,Left,2.83,Healthy,NA,NA,NA,Sample_386_Buffer_scrub_1032_L_V11
Sample_its_387,NA,NA,EXP-22-AE2399,21387,DEO-CON-3690,BeautifulUnderarms2021,214784,No,NA,15_07_2021,Scotland,Edinburgh,1032,33,NA,NA,NA,Female,NA,NA,Caucasian,NA,NA,NA,NA,Dove0%,B11,UnderarmStick,11,Recovery2,ITS,BufferScrub,ITS,Illumina,CTTGGTCATTTAGAGGAAGTAA,GCTGCGTTCTTCATCGATGG,32.23,35.1,No,18.49,83.98,0.8,0,2.5,Axilla,Axilla,Right,2.83,Healthy,NA,NA,NA,Sample_387_Buffer_scrub_1032_R_V11
Sample_its_388,NA,NA,EXP-22-AE2399,21388,DEO-CON-3690,BeautifulUnderarms2021,214784,No,NA,07_07_2021,Scotland,Edinburgh,1033,25,NA,NA,NA,Female,NA,NA,Caucasian,NA,NA,NA,NA,OwnProduct,OwnProduct,UnderarmStick,1,Offthestreet,ITS,BufferScrub,ITS,Illumina,CTTGGTCATTTAGAGGAAGTAA,GCTGCGTTCTTCATCGATGG,NA,NA,No,NA,NA,NA,NA,NA,Axilla,Axilla,Left,2.83,Healthy,NA,NA,NA,Sample_388_Buffer_scrub_1033_L_V1
Sample_its_389,NA,NA,EXP-22-AE2399,21389,DEO-CON-3690,BeautifulUnderarms2021,214784,No,NA,07_07_2021,Scotland,Edinburgh,1033,25,NA,NA,NA,Female,NA,NA,Caucasian,NA,NA,NA,NA,OwnProduct,OwnProduct,UnderarmStick,1,Offthestreet,ITS,BufferScrub,ITS,Illumina,CTTGGTCATTTAGAGGAAGTAA,GCTGCGTTCTTCATCGATGG,NA,NA,No,NA,NA,NA,NA,NA,Axilla,Axilla,Right,2.83,Healthy,NA,NA,NA,Sample_389_Buffer_scrub_1033_R_V1
Sample_its_390,NA,NA,EXP-22-AE2399,21390,DEO-CON-3690,BeautifulUnderarms2021,214784,No,NA,07_07_2021,Scotland,Edinburgh,1034,62,NA,NA,NA,Female,NA,NA,Caucasian,NA,NA,NA,NA,OwnProduct,OwnProduct,UnderarmStick,1,Offthestreet,ITS,BufferScrub,ITS,Illumina,CTTGGTCATTTAGAGGAAGTAA,GCTGCGTTCTTCATCGATGG,NA,NA,No,NA,NA,NA,NA,NA,Axilla,Axilla,Left,2.83,Healthy,NA,NA,NA,Sample_390_Buffer_scrub_1034_L_V1
Sample_its_391,NA,NA,EXP-22-AE2399,21391,DEO-CON-3690,BeautifulUnderarms2021,214784,No,NA,07_07_2021,Scotland,Edinburgh,1034,62,NA,NA,NA,Female,NA,NA,Caucasian,NA,NA,NA,NA,OwnProduct,OwnProduct,UnderarmStick,1,Offthestreet,ITS,BufferScrub,ITS,Illumina,CTTGGTCATTTAGAGGAAGTAA,GCTGCGTTCTTCATCGATGG,NA,NA,No,NA,NA,NA,NA,NA,Axilla,Axilla,Right,2.83,Healthy,NA,NA,NA,Sample_391_Buffer_scrub_1034_R_V1
Sample_its_392,NA,NA,EXP-22-AE2399,21392,DEO-CON-3690,BeautifulUnderarms2021,214784,No,NA,07_07_2021,Scotland,Edinburgh,1040,23,NA,NA,NA,Female,NA,NA,Caucasian,NA,NA,NA,NA,OwnProduct,OwnProduct,UnderarmStick,1,Offthestreet,ITS,BufferScrub,ITS,Illumina,CTTGGTCATTTAGAGGAAGTAA,GCTGCGTTCTTCATCGATGG,NA,NA,No,NA,NA,NA,NA,NA,Axilla,Axilla,Left,2.83,Healthy,NA,NA,NA,Sample_392_Buffer_scrub_1040_L_V1
Sample_its_393,NA,NA,EXP-22-AE2399,21393,DEO-CON-3690,BeautifulUnderarms2021,214784,No,NA,07_07_2021,Scotland,Edinburgh,1040,23,NA,NA,NA,Female,NA,NA,Caucasian,NA,NA,NA,NA,OwnProduct,OwnProduct,UnderarmStick,1,Offthestreet,ITS,BufferScrub,ITS,Illumina,CTTGGTCATTTAGAGGAAGTAA,GCTGCGTTCTTCATCGATGG,NA,NA,No,NA,NA,NA,NA,NA,Axilla,Axilla,Right,2.83,Healthy,NA,NA,NA,Sample_393_Buffer_scrub_1040_R_V1
Sample_its_394,NA,NA,EXP-22-AE2399,21394,DEO-CON-3690,BeautifulUnderarms2021,214784,No,NA,07_07_2021,Scotland,Edinburgh,1041,NA,NA,NA,NA,Female,NA,NA,Caucasian,NA,NA,NA,NA,OwnProduct,OwnProduct,UnderarmStick,1,Offthestreet,ITS,BufferScrub,ITS,Illumina,CTTGGTCATTTAGAGGAAGTAA,GCTGCGTTCTTCATCGATGG,NA,NA,No,NA,NA,NA,NA,NA,Axilla,Axilla,Left,2.83,Healthy,NA,NA,NA,Sample_394_Buffer_scrub_1041_L_V1
Sample_its_395,NA,NA,EXP-22-AE2399,21395,DEO-CON-3690,BeautifulUnderarms2021,214784,No,NA,07_07_2021,Scotland,Edinburgh,1041,NA,NA,NA,NA,Female,NA,NA,Caucasian,NA,NA,NA,NA,OwnProduct,OwnProduct,UnderarmStick,1,Offthestreet,ITS,BufferScrub,ITS,Illumina,CTTGGTCATTTAGAGGAAGTAA,GCTGCGTTCTTCATCGATGG,NA,NA,No,NA,NA,NA,NA,NA,Axilla,Axilla,Right,2.83,Healthy,NA,NA,NA,Sample_395_Buffer_scrub_1041_R_V1
Sample_its_396,NA,NA,EXP-22-AE2399,21396,DEO-CON-3690,BeautifulUnderarms2021,214784,No,NA,07_07_2021,Scotland,Edinburgh,1045,NA,NA,NA,NA,Female,NA,NA,Caucasian,NA,NA,NA,NA,OwnProduct,OwnProduct,UnderarmStick,1,Offthestreet,ITS,BufferScrub,ITS,Illumina,CTTGGTCATTTAGAGGAAGTAA,GCTGCGTTCTTCATCGATGG,NA,NA,No,NA,NA,NA,NA,NA,Axilla,Axilla,Left,2.83,Healthy,NA,NA,NA,Sample_396_Buffer_scrub_1045_L_V1
Sample_its_397,NA,NA,EXP-22-AE2399,21397,DEO-CON-3690,BeautifulUnderarms2021,214784,No,NA,07_07_2021,Scotland,Edinburgh,1045,NA,NA,NA,NA,Female,NA,NA,Caucasian,NA,NA,NA,NA,OwnProduct,OwnProduct,UnderarmStick,1,Offthestreet,ITS,BufferScrub,ITS,Illumina,CTTGGTCATTTAGAGGAAGTAA,GCTGCGTTCTTCATCGATGG,NA,NA,No,NA,NA,NA,NA,NA,Axilla,Axilla,Right,2.83,Healthy,NA,NA,NA,Sample_397_Buffer_scrub_1045_R_V1
Sample_its_398,NA,NA,EXP-22-AE2399,21398,DEO-CON-3690,BeautifulUnderarms2021,214784,No,NA,07_07_2021,Scotland,Edinburgh,1046,NA,NA,NA,NA,Female,NA,NA,Caucasian,NA,NA,NA,NA,OwnProduct,OwnProduct,UnderarmStick,1,Offthestreet,ITS,BufferScrub,ITS,Illumina,CTTGGTCATTTAGAGGAAGTAA,GCTGCGTTCTTCATCGATGG,NA,NA,No,NA,NA,NA,NA,NA,Axilla,Axilla,Left,2.83,Healthy,NA,NA,NA,Sample_398_Buffer_scrub_1046_L_V1
Sample_its_399,NA,NA,EXP-22-AE2399,21399,DEO-CON-3690,BeautifulUnderarms2021,214784,No,NA,07_07_2021,Scotland,Edinburgh,1046,NA,NA,NA,NA,Female,NA,NA,Caucasian,NA,NA,NA,NA,OwnProduct,OwnProduct,UnderarmStick,1,Offthestreet,ITS,BufferScrub,ITS,Illumina,CTTGGTCATTTAGAGGAAGTAA,GCTGCGTTCTTCATCGATGG,NA,NA,No,NA,NA,NA,NA,NA,Axilla,Axilla,Right,2.83,Healthy,NA,NA,NA,Sample_399_Buffer_scrub_1046_R_V1
Sample_its_400,NA,NA,EXP-22-AE2399,21400,DEO-CON-3690,BeautifulUnderarms2021,214784,No,NA,07_07_2021,Scotland,Edinburgh,1047,43,NA,NA,NA,Female,NA,NA,Caucasian,NA,NA,NA,NA,OwnProduct,OwnProduct,UnderarmStick,1,Offthestreet,ITS,BufferScrub,ITS,Illumina,CTTGGTCATTTAGAGGAAGTAA,GCTGCGTTCTTCATCGATGG,NA,NA,No,NA,NA,NA,NA,NA,Axilla,Axilla,Left,2.83,Healthy,NA,NA,NA,Sample_400_Buffer_scrub_1047_L_V1
Sample_its_401,NA,NA,EXP-22-AE2399,21401,DEO-CON-3690,BeautifulUnderarms2021,214784,No,NA,07_07_2021,Scotland,Edinburgh,1047,43,NA,NA,NA,Female,NA,NA,Caucasian,NA,NA,NA,NA,OwnProduct,OwnProduct,UnderarmStick,1,Offthestreet,ITS,BufferScrub,ITS,Illumina,CTTGGTCATTTAGAGGAAGTAA,GCTGCGTTCTTCATCGATGG,NA,NA,No,NA,NA,NA,NA,NA,Axilla,Axilla,Right,2.83,Healthy,NA,NA,NA,Sample_401_Buffer_scrub_1047_R_V1
Sample_its_402,NA,NA,EXP-22-AE2399,21402,DEO-CON-3690,BeautifulUnderarms2021,214784,No,NA,07_07_2021,Scotland,Edinburgh,1048,37,NA,NA,NA,Female,NA,NA,Caucasian,NA,NA,NA,NA,OwnProduct,OwnProduct,UnderarmStick,1,Offthestreet,ITS,BufferScrub,ITS,Illumina,CTTGGTCATTTAGAGGAAGTAA,GCTGCGTTCTTCATCGATGG,NA,NA,No,NA,NA,NA,NA,NA,Axilla,Axilla,Left,2.83,Healthy,NA,NA,NA,Sample_402_Buffer_scrub_1048_L_V1
Sample_its_403,NA,NA,EXP-22-AE2399,21403,DEO-CON-3690,BeautifulUnderarms2021,214784,No,NA,07_07_2021,Scotland,Edinburgh,1048,37,NA,NA,NA,Female,NA,NA,Caucasian,NA,NA,NA,NA,OwnProduct,OwnProduct,UnderarmStick,1,Offthestreet,ITS,BufferScrub,ITS,Illumina,CTTGGTCATTTAGAGGAAGTAA,GCTGCGTTCTTCATCGATGG,NA,NA,No,NA,NA,NA,NA,NA,Axilla,Axilla,Right,2.83,Healthy,NA,NA,NA,Sample_403_Buffer_scrub_1048_R_V1
Sample_its_404,NA,NA,EXP-22-AE2399,21404,DEO-CON-3690,BeautifulUnderarms2021,214784,Yes,NegativeControl,NA,Scotland,Edinburgh,NA,NA,NA,NA,NA,NA,NA,NA,NA,NA,NA,NA,NA,NA,NA,NA,NA,NA,ITS,BufferScrub,ITS,Illumina,CTTGGTCATTTAGAGGAAGTAA,GCTGCGTTCTTCATCGATGG,NA,NA,NA,NA,NA,NA,NA,NA,NA,NA,NA,NA,NA,NA,NA,NA,Sample_404_Negative_control
Sample_its_405,NA,NA,EXP-22-AE2399,21405,DEO-CON-3690,BeautifulUnderarms2021,214784,Yes,MockCommunity,NA,NA,NA,NA,NA,NA,NA,NA,NA,NA,NA,NA,NA,NA,NA,NA,NA,NA,NA,NA,NA,ITS,BufferScrub,ITS,Illumina,CTTGGTCATTTAGAGGAAGTAA,GCTGCGTTCTTCATCGATGG,NA,NA,NA,NA,NA,NA,NA,NA,NA,NA,NA,NA,NA,NA,NA,NA,Sample_405_CGR_added_positive_control
Sample_406,NA,NA,EXP-22-AE2399,21406,DEO-CON-3690,BeautifulUnderarms2021,214784,Yes,MockCommunity,NA,NA,NA,NA,NA,NA,NA,NA,NA,NA,NA,NA,NA,NA,NA,NA,NA,NA,NA,NA,NA,ITS,BufferScrub,ITS,Illumina,CTTGGTCATTTAGAGGAAGTAA,GCTGCGTTCTTCATCGATGG,NA,NA,NA,NA,NA,NA,NA,NA,NA,NA,NA,NA,NA,NA,NA,NA,Sample_406_CGR_added_positive_control
Sample_407,NA,NA,EXP-22-AE2399,21407,DEO-CON-3690,BeautifulUnderarms2021,214784,Yes,MockCommunity,NA,NA,NA,NA,NA,NA,NA,NA,NA,NA,NA,NA,NA,NA,NA,NA,NA,NA,NA,NA,NA,ITS,BufferScrub,ITS,Illumina,CTTGGTCATTTAGAGGAAGTAA,GCTGCGTTCTTCATCGATGG,NA,NA,NA,NA,NA,NA,NA,NA,NA,NA,NA,NA,NA,NA,NA,NA,Sample_407_CGR_added_positive_control
Sample_408,NA,NA,EXP-22-AE2399,21408,DEO-CON-3690,BeautifulUnderarms2021,214784,Yes,MockCommunity,NA,NA,NA,NA,NA,NA,NA,NA,NA,NA,NA,NA,NA,NA,NA,NA,NA,NA,NA,NA,NA,ITS,BufferScrub,ITS,Illumina,CTTGGTCATTTAGAGGAAGTAA,GCTGCGTTCTTCATCGATGG,NA,NA,NA,NA,NA,NA,NA,NA,NA,NA,NA,NA,NA,NA,NA,NA,Sample_408_CGR_added_positive_control
Sample_409,NA,NA,EXP-22-AE2399,21409,DEO-CON-3690,BeautifulUnderarms2021,214784,Yes,MockCommunity,NA,NA,NA,NA,NA,NA,NA,NA,NA,NA,NA,NA,NA,NA,NA,NA,NA,NA,NA,NA,NA,ITS,BufferScrub,ITS,Illumina,CTTGGTCATTTAGAGGAAGTAA,GCTGCGTTCTTCATCGATGG,NA,NA,NA,NA,NA,NA,NA,NA,NA,NA,NA,NA,NA,NA,NA,NA,Sample_409_CGR_added_positive_control
