#SampleID,BarcodeSequence,LinkerPrimerSequence,ELN,UnileverSampleID,UnileverStudyNumber,Age,ControlID,ControlSample,Ethnicity,ExternalStudyNumber,Product,ProductType,SampleCollectionCity,SampleCollectionCountry,Sex,SubjectID,Timepoint,TimepointName,InvestigationType,SampleType,VariableRegion,SequencingPlatform,ForwardPrimer,ReversePrimer,Bodysite,AdherentDandruffScore,ImageCaptured,ItchingScore,SampleCollectionArea,ScalpCondition,ScalpSubcondition,SebumLevel,TEWL,TWHS,SRARun,Description
SRR6215830,NA,NA,EXP-22-AL9797,SRR6215830,ExternalCoconutOilFungi,34,NA,No,Indian,https://doi.org/10.1038/s41598-021-86454-1,Oil,Oil,Bangalore,India,Female,1,1,Day_0,ITS,Swab,ITS1,Illumina,CTTGGTCATTTAGAGGAAGTAA,GCTGCGTTCTTCATCGATGC,Scalp,0,No,0,4,Healthy,NA,5,24.73,0,SRR6215830,SRR6215830
SRR6215933,NA,NA,EXP-22-AL9797,SRR6215933,ExternalCoconutOilFungi,34,NA,No,Indian,https://doi.org/10.1038/s41598-021-86454-1,Oil,Oil,Bangalore,India,Female,1,2,Day_84,ITS,Swab,ITS1,Illumina,CTTGGTCATTTAGAGGAAGTAA,GCTGCGTTCTTCATCGATGC,Scalp,0,No,0,4,Healthy,NA,2,19,0,SRR6215933,SRR6215933
SRR6215836,NA,NA,EXP-22-AL9797,SRR6215836,ExternalCoconutOilFungi,34,NA,No,Indian,https://doi.org/10.1038/s41598-021-86454-1,Oil,Oil,Bangalore,India,Female,1,3,Day_112,ITS,Swab,ITS1,Illumina,CTTGGTCATTTAGAGGAAGTAA,GCTGCGTTCTTCATCGATGC,Scalp,0,No,,4,Healthy,NA,0,24.33,0.25,SRR6215836,SRR6215836
SRR6215831,NA,NA,EXP-22-AL9797,SRR6215831,ExternalCoconutOilFungi,32,NA,No,Indian,https://doi.org/10.1038/s41598-021-86454-1,Oil,Oil,Bangalore,India,Female,2,1,Day_0,ITS,Swab,ITS1,Illumina,CTTGGTCATTTAGAGGAAGTAA,GCTGCGTTCTTCATCGATGC,Scalp,0,No,1,4,Healthy,NA,5,23.7,0,SRR6215831,SRR6215831
SRR6215932,NA,NA,EXP-22-AL9797,SRR6215932,ExternalCoconutOilFungi,32,NA,No,Indian,https://doi.org/10.1038/s41598-021-86454-1,Oil,Oil,Bangalore,India,Female,2,2,Day_84,ITS,Swab,ITS1,Illumina,CTTGGTCATTTAGAGGAAGTAA,GCTGCGTTCTTCATCGATGC,Scalp,0,No,1,4,Healthy,NA,2,23.97,0,SRR6215932,SRR6215932
SRR6215839,NA,NA,EXP-22-AL9797,SRR6215839,ExternalCoconutOilFungi,32,NA,No,Indian,https://doi.org/10.1038/s41598-021-86454-1,Oil,Oil,Bangalore,India,Female,2,3,Day_112,ITS,Swab,ITS1,Illumina,CTTGGTCATTTAGAGGAAGTAA,GCTGCGTTCTTCATCGATGC,Scalp,0,No,,4,Healthy,NA,15,22.7,0,SRR6215839,SRR6215839
SRR6215832,NA,NA,EXP-22-AL9797,SRR6215832,ExternalCoconutOilFungi,31,NA,No,Indian,https://doi.org/10.1038/s41598-021-86454-1,Discontinued,Discontinued,Bangalore,India,Female,3,1,Day_0,ITS,Swab,ITS1,Illumina,CTTGGTCATTTAGAGGAAGTAA,GCTGCGTTCTTCATCGATGC,Scalp,0,No,1,4,Healthy,NA,8,16.73,0,SRR6215832,SRR6215832
SRR6215931,NA,NA,EXP-22-AL9797,SRR6215931,ExternalCoconutOilFungi,38,NA,No,Indian,https://doi.org/10.1038/s41598-021-86454-1,Shampoo,Shampoo,Bangalore,India,Female,4,1,Day_0,ITS,Swab,ITS1,Illumina,CTTGGTCATTTAGAGGAAGTAA,GCTGCGTTCTTCATCGATGC,Scalp,0,No,0,4,Healthy,NA,12,34.63,0,SRR6215931,SRR6215931
SRR6215838,NA,NA,EXP-22-AL9797,SRR6215838,ExternalCoconutOilFungi,38,NA,No,Indian,https://doi.org/10.1038/s41598-021-86454-1,Shampoo,Shampoo,Bangalore,India,Female,4,2,Day_84,ITS,Swab,ITS1,Illumina,CTTGGTCATTTAGAGGAAGTAA,GCTGCGTTCTTCATCGATGC,Scalp,0,No,0,4,Healthy,NA,11,18.5,0,SRR6215838,SRR6215838
SRR6215833,NA,NA,EXP-22-AL9797,SRR6215833,ExternalCoconutOilFungi,38,NA,No,Indian,https://doi.org/10.1038/s41598-021-86454-1,Shampoo,Shampoo,Bangalore,India,Female,4,3,Day_112,ITS,Swab,ITS1,Illumina,CTTGGTCATTTAGAGGAAGTAA,GCTGCGTTCTTCATCGATGC,Scalp,0,No,,4,Healthy,NA,10,22.3,0,SRR6215833,SRR6215833
SRR6215930,NA,NA,EXP-22-AL9797,SRR6215930,ExternalCoconutOilFungi,43,NA,No,Indian,https://doi.org/10.1038/s41598-021-86454-1,Shampoo,Shampoo,Bangalore,India,Female,5,1,Day_0,ITS,Swab,ITS1,Illumina,CTTGGTCATTTAGAGGAAGTAA,GCTGCGTTCTTCATCGATGC,Scalp,0,No,0,4,Healthy,NA,103,18.73,0,SRR6215930,SRR6215930
SRR6215841,NA,NA,EXP-22-AL9797,SRR6215841,ExternalCoconutOilFungi,43,NA,No,Indian,https://doi.org/10.1038/s41598-021-86454-1,Shampoo,Shampoo,Bangalore,India,Female,5,2,Day_84,ITS,Swab,ITS1,Illumina,CTTGGTCATTTAGAGGAAGTAA,GCTGCGTTCTTCATCGATGC,Scalp,0,No,0,4,Healthy,NA,43,23.03,0,SRR6215841,SRR6215841
SRR6215826,NA,NA,EXP-22-AL9797,SRR6215826,ExternalCoconutOilFungi,43,NA,No,Indian,https://doi.org/10.1038/s41598-021-86454-1,Shampoo,Shampoo,Bangalore,India,Female,5,3,Day_112,ITS,Swab,ITS1,Illumina,CTTGGTCATTTAGAGGAAGTAA,GCTGCGTTCTTCATCGATGC,Scalp,0,No,,4,Healthy,NA,24,19.17,0,SRR6215826,SRR6215826
SRR6215937,NA,NA,EXP-22-AL9797,SRR6215937,ExternalCoconutOilFungi,35,NA,No,Indian,https://doi.org/10.1038/s41598-021-86454-1,Shampoo,Shampoo,Bangalore,India,Female,6,1,Day_0,ITS,Swab,ITS1,Illumina,CTTGGTCATTTAGAGGAAGTAA,GCTGCGTTCTTCATCGATGC,Scalp,0.125,No,0,4,Healthy,NA,22,13.27,0.125,SRR6215937,SRR6215937
SRR6215840,NA,NA,EXP-22-AL9797,SRR6215840,ExternalCoconutOilFungi,35,NA,No,Indian,https://doi.org/10.1038/s41598-021-86454-1,Shampoo,Shampoo,Bangalore,India,Female,6,2,Day_84,ITS,Swab,ITS1,Illumina,CTTGGTCATTTAGAGGAAGTAA,GCTGCGTTCTTCATCGATGC,Scalp,0,No,0,4,Healthy,NA,43,14.77,0,SRR6215840,SRR6215840
SRR6215827,NA,NA,EXP-22-AL9797,SRR6215827,ExternalCoconutOilFungi,35,NA,No,Indian,https://doi.org/10.1038/s41598-021-86454-1,Shampoo,Shampoo,Bangalore,India,Female,6,3,Day_112,ITS,Swab,ITS1,Illumina,CTTGGTCATTTAGAGGAAGTAA,GCTGCGTTCTTCATCGATGC,Scalp,0,No,,4,Healthy,NA,12,19.03,0,SRR6215827,SRR6215827
SRR6215936,NA,NA,EXP-22-AL9797,SRR6215936,ExternalCoconutOilFungi,42,NA,No,Indian,https://doi.org/10.1038/s41598-021-86454-1,Oil,Oil,Bangalore,India,Female,7,1,Day_0,ITS,Swab,ITS1,Illumina,CTTGGTCATTTAGAGGAAGTAA,GCTGCGTTCTTCATCGATGC,Scalp,0.125,No,1,4,Healthy,NA,94,23.73,0.125,SRR6215936,SRR6215936
SRR6215843,NA,NA,EXP-22-AL9797,SRR6215843,ExternalCoconutOilFungi,42,NA,No,Indian,https://doi.org/10.1038/s41598-021-86454-1,Oil,Oil,Bangalore,India,Female,7,2,Day_84,ITS,Swab,ITS1,Illumina,CTTGGTCATTTAGAGGAAGTAA,GCTGCGTTCTTCATCGATGC,Scalp,0,No,0,4,Healthy,NA,14,24.17,0,SRR6215843,SRR6215843
SRR6215828,NA,NA,EXP-22-AL9797,SRR6215828,ExternalCoconutOilFungi,42,NA,No,Indian,https://doi.org/10.1038/s41598-021-86454-1,Oil,Oil,Bangalore,India,Female,7,3,Day_112,ITS,Swab,ITS1,Illumina,CTTGGTCATTTAGAGGAAGTAA,GCTGCGTTCTTCATCGATGC,Scalp,0,No,,4,Healthy,NA,9,13.73,0,SRR6215828,SRR6215828
SRR6215935,NA,NA,EXP-22-AL9797,SRR6215935,ExternalCoconutOilFungi,43,NA,No,Indian,https://doi.org/10.1038/s41598-021-86454-1,Oil,Oil,Bangalore,India,Female,8,1,Day_0,ITS,Swab,ITS1,Illumina,CTTGGTCATTTAGAGGAAGTAA,GCTGCGTTCTTCATCGATGC,Scalp,0.125,No,1,4,Healthy,NA,6,23.63,0.375,SRR6215935,SRR6215935
SRR6215842,NA,NA,EXP-22-AL9797,SRR6215842,ExternalCoconutOilFungi,43,NA,No,Indian,https://doi.org/10.1038/s41598-021-86454-1,Oil,Oil,Bangalore,India,Female,8,2,Day_84,ITS,Swab,ITS1,Illumina,CTTGGTCATTTAGAGGAAGTAA,GCTGCGTTCTTCATCGATGC,Scalp,0,No,1,4,Healthy,NA,10,25.93,0,SRR6215842,SRR6215842
SRR6215829,NA,NA,EXP-22-AL9797,SRR6215829,ExternalCoconutOilFungi,43,NA,No,Indian,https://doi.org/10.1038/s41598-021-86454-1,Oil,Oil,Bangalore,India,Female,8,3,Day_112,ITS,Swab,ITS1,Illumina,CTTGGTCATTTAGAGGAAGTAA,GCTGCGTTCTTCATCGATGC,Scalp,0,No,,4,Healthy,NA,22,23.8,0,SRR6215829,SRR6215829
SRR6215934,NA,NA,EXP-22-AL9797,SRR6215934,ExternalCoconutOilFungi,29,NA,No,Indian,https://doi.org/10.1038/s41598-021-86454-1,Shampoo,Shampoo,Bangalore,India,Female,9,1,Day_0,ITS,Swab,ITS1,Illumina,CTTGGTCATTTAGAGGAAGTAA,GCTGCGTTCTTCATCGATGC,Scalp,0,No,1,4,Healthy,NA,22,19.2,0.125,SRR6215934,SRR6215934
SRR6215845,NA,NA,EXP-22-AL9797,SRR6215845,ExternalCoconutOilFungi,29,NA,No,Indian,https://doi.org/10.1038/s41598-021-86454-1,Shampoo,Shampoo,Bangalore,India,Female,9,2,Day_84,ITS,Swab,ITS1,Illumina,CTTGGTCATTTAGAGGAAGTAA,GCTGCGTTCTTCATCGATGC,Scalp,0.25,No,0,4,Healthy,NA,26,18.4,0.375,SRR6215845,SRR6215845
SRR6215824,NA,NA,EXP-22-AL9797,SRR6215824,ExternalCoconutOilFungi,29,NA,No,Indian,https://doi.org/10.1038/s41598-021-86454-1,Shampoo,Shampoo,Bangalore,India,Female,9,3,Day_112,ITS,Swab,ITS1,Illumina,CTTGGTCATTTAGAGGAAGTAA,GCTGCGTTCTTCATCGATGC,Scalp,0.125,No,,4,Healthy,NA,31,19,0.125,SRR6215824,SRR6215824
SRR6215929,NA,NA,EXP-22-AL9797,SRR6215929,ExternalCoconutOilFungi,39,NA,No,Indian,https://doi.org/10.1038/s41598-021-86454-1,Oil,Oil,Bangalore,India,Female,10,1,Day_0,ITS,Swab,ITS1,Illumina,CTTGGTCATTTAGAGGAAGTAA,GCTGCGTTCTTCATCGATGC,Scalp,0,No,0,4,Healthy,NA,12,25.23,0,SRR6215929,SRR6215929
SRR6215844,NA,NA,EXP-22-AL9797,SRR6215844,ExternalCoconutOilFungi,39,NA,No,Indian,https://doi.org/10.1038/s41598-021-86454-1,Oil,Oil,Bangalore,India,Female,10,2,Day_84,ITS,Swab,ITS1,Illumina,CTTGGTCATTTAGAGGAAGTAA,GCTGCGTTCTTCATCGATGC,Scalp,0,No,0,4,Healthy,NA,60,22.5,0,SRR6215844,SRR6215844
SRR6215825,NA,NA,EXP-22-AL9797,SRR6215825,ExternalCoconutOilFungi,39,NA,No,Indian,https://doi.org/10.1038/s41598-021-86454-1,Oil,Oil,Bangalore,India,Female,10,3,Day_112,ITS,Swab,ITS1,Illumina,CTTGGTCATTTAGAGGAAGTAA,GCTGCGTTCTTCATCGATGC,Scalp,0,No,,4,Healthy,NA,3,23.1,0,SRR6215825,SRR6215825
SRR6215928,NA,NA,EXP-22-AL9797,SRR6215928,ExternalCoconutOilFungi,24,NA,No,Indian,https://doi.org/10.1038/s41598-021-86454-1,Shampoo,Shampoo,Bangalore,India,Female,11,1,Day_0,ITS,Swab,ITS1,Illumina,CTTGGTCATTTAGAGGAAGTAA,GCTGCGTTCTTCATCGATGC,Scalp,0,No,1,4,Healthy,NA,53,21.57,0,SRR6215928,SRR6215928
SRR6215739,NA,NA,EXP-22-AL9797,SRR6215739,ExternalCoconutOilFungi,24,NA,No,Indian,https://doi.org/10.1038/s41598-021-86454-1,Shampoo,Shampoo,Bangalore,India,Female,11,2,Day_84,ITS,Swab,ITS1,Illumina,CTTGGTCATTTAGAGGAAGTAA,GCTGCGTTCTTCATCGATGC,Scalp,0,No,0,4,Healthy,NA,60,20.93,0,SRR6215739,SRR6215739
SRR6215784,NA,NA,EXP-22-AL9797,SRR6215784,ExternalCoconutOilFungi,24,NA,No,Indian,https://doi.org/10.1038/s41598-021-86454-1,Shampoo,Shampoo,Bangalore,India,Female,11,3,Day_112,ITS,Swab,ITS1,Illumina,CTTGGTCATTTAGAGGAAGTAA,GCTGCGTTCTTCATCGATGC,Scalp,0,No,,4,Healthy,NA,50,8.5,0,SRR6215784,SRR6215784
SRR6215818,NA,NA,EXP-22-AL9797,SRR6215818,ExternalCoconutOilFungi,26,NA,No,Indian,https://doi.org/10.1038/s41598-021-86454-1,Oil,Oil,Bangalore,India,Female,12,1,Day_0,ITS,Swab,ITS1,Illumina,CTTGGTCATTTAGAGGAAGTAA,GCTGCGTTCTTCATCGATGC,Scalp,0,No,0,4,Healthy,NA,39,21.83,0,SRR6215818,SRR6215818
SRR6215740,NA,NA,EXP-22-AL9797,SRR6215740,ExternalCoconutOilFungi,26,NA,No,Indian,https://doi.org/10.1038/s41598-021-86454-1,Oil,Oil,Bangalore,India,Female,12,2,Day_84,ITS,Swab,ITS1,Illumina,CTTGGTCATTTAGAGGAAGTAA,GCTGCGTTCTTCATCGATGC,Scalp,0,No,0,4,Healthy,NA,34,23.23,0,SRR6215740,SRR6215740
SRR6215785,NA,NA,EXP-22-AL9797,SRR6215785,ExternalCoconutOilFungi,26,NA,No,Indian,https://doi.org/10.1038/s41598-021-86454-1,Oil,Oil,Bangalore,India,Female,12,3,Day_112,ITS,Swab,ITS1,Illumina,CTTGGTCATTTAGAGGAAGTAA,GCTGCGTTCTTCATCGATGC,Scalp,0,No,,4,Healthy,NA,16,13.77,0,SRR6215785,SRR6215785
SRR6215819,NA,NA,EXP-22-AL9797,SRR6215819,ExternalCoconutOilFungi,32,NA,No,Indian,https://doi.org/10.1038/s41598-021-86454-1,Shampoo,Shampoo,Bangalore,India,Female,13,1,Day_0,ITS,Swab,ITS1,Illumina,CTTGGTCATTTAGAGGAAGTAA,GCTGCGTTCTTCATCGATGC,Scalp,0,No,0,4,Healthy,NA,23,23.73,0,SRR6215819,SRR6215819
SRR6215741,NA,NA,EXP-22-AL9797,SRR6215741,ExternalCoconutOilFungi,32,NA,No,Indian,https://doi.org/10.1038/s41598-021-86454-1,Shampoo,Shampoo,Bangalore,India,Female,13,2,Day_84,ITS,Swab,ITS1,Illumina,CTTGGTCATTTAGAGGAAGTAA,GCTGCGTTCTTCATCGATGC,Scalp,0,No,0,4,Healthy,NA,11,10.87,0,SRR6215741,SRR6215741
SRR6215786,NA,NA,EXP-22-AL9797,SRR6215786,ExternalCoconutOilFungi,32,NA,No,Indian,https://doi.org/10.1038/s41598-021-86454-1,Shampoo,Shampoo,Bangalore,India,Female,13,3,Day_112,ITS,Swab,ITS1,Illumina,CTTGGTCATTTAGAGGAAGTAA,GCTGCGTTCTTCATCGATGC,Scalp,0,No,,4,Healthy,NA,21,24.43,0,SRR6215786,SRR6215786
SRR6215820,NA,NA,EXP-22-AL9797,SRR6215820,ExternalCoconutOilFungi,41,NA,No,Indian,https://doi.org/10.1038/s41598-021-86454-1,Shampoo,Shampoo,Bangalore,India,Female,14,1,Day_0,ITS,Swab,ITS1,Illumina,CTTGGTCATTTAGAGGAAGTAA,GCTGCGTTCTTCATCGATGC,Scalp,0,No,0,4,Healthy,NA,23,22.63,0,SRR6215820,SRR6215820
SRR6215742,NA,NA,EXP-22-AL9797,SRR6215742,ExternalCoconutOilFungi,41,NA,No,Indian,https://doi.org/10.1038/s41598-021-86454-1,Shampoo,Shampoo,Bangalore,India,Female,14,2,Day_84,ITS,Swab,ITS1,Illumina,CTTGGTCATTTAGAGGAAGTAA,GCTGCGTTCTTCATCGATGC,Scalp,0,No,0,4,Healthy,NA,16,11.37,0,SRR6215742,SRR6215742
SRR6215787,NA,NA,EXP-22-AL9797,SRR6215787,ExternalCoconutOilFungi,41,NA,No,Indian,https://doi.org/10.1038/s41598-021-86454-1,Shampoo,Shampoo,Bangalore,India,Female,14,3,Day_112,ITS,Swab,ITS1,Illumina,CTTGGTCATTTAGAGGAAGTAA,GCTGCGTTCTTCATCGATGC,Scalp,0,No,,4,Healthy,NA,37,22.03,0,SRR6215787,SRR6215787
SRR6215821,NA,NA,EXP-22-AL9797,SRR6215821,ExternalCoconutOilFungi,37,NA,No,Indian,https://doi.org/10.1038/s41598-021-86454-1,Oil,Oil,Bangalore,India,Female,15,1,Day_0,ITS,Swab,ITS1,Illumina,CTTGGTCATTTAGAGGAAGTAA,GCTGCGTTCTTCATCGATGC,Scalp,0,No,0,4,Healthy,NA,8,23.77,0,SRR6215821,SRR6215821
SRR6215735,NA,NA,EXP-22-AL9797,SRR6215735,ExternalCoconutOilFungi,37,NA,No,Indian,https://doi.org/10.1038/s41598-021-86454-1,Oil,Oil,Bangalore,India,Female,15,2,Day_84,ITS,Swab,ITS1,Illumina,CTTGGTCATTTAGAGGAAGTAA,GCTGCGTTCTTCATCGATGC,Scalp,0.25,No,0,4,Healthy,NA,7,24.33,0.25,SRR6215735,SRR6215735
SRR6215788,NA,NA,EXP-22-AL9797,SRR6215788,ExternalCoconutOilFungi,37,NA,No,Indian,https://doi.org/10.1038/s41598-021-86454-1,Oil,Oil,Bangalore,India,Female,15,3,Day_112,ITS,Swab,ITS1,Illumina,CTTGGTCATTTAGAGGAAGTAA,GCTGCGTTCTTCATCGATGC,Scalp,0,No,,4,Healthy,NA,16,22.83,0,SRR6215788,SRR6215788
SRR6215814,NA,NA,EXP-22-AL9797,SRR6215814,ExternalCoconutOilFungi,31,NA,No,Indian,https://doi.org/10.1038/s41598-021-86454-1,Oil,Oil,Bangalore,India,Female,16,1,Day_0,ITS,Swab,ITS1,Illumina,CTTGGTCATTTAGAGGAAGTAA,GCTGCGTTCTTCATCGATGC,Scalp,0,No,1,4,Healthy,NA,3,20.9,0.25,SRR6215814,SRR6215814
SRR6215736,NA,NA,EXP-22-AL9797,SRR6215736,ExternalCoconutOilFungi,31,NA,No,Indian,https://doi.org/10.1038/s41598-021-86454-1,Oil,Oil,Bangalore,India,Female,16,2,Day_84,ITS,Swab,ITS1,Illumina,CTTGGTCATTTAGAGGAAGTAA,GCTGCGTTCTTCATCGATGC,Scalp,0,No,0,4,Healthy,NA,48,21.87,0,SRR6215736,SRR6215736
SRR6215789,NA,NA,EXP-22-AL9797,SRR6215789,ExternalCoconutOilFungi,31,NA,No,Indian,https://doi.org/10.1038/s41598-021-86454-1,Oil,Oil,Bangalore,India,Female,16,3,Day_112,ITS,Swab,ITS1,Illumina,CTTGGTCATTTAGAGGAAGTAA,GCTGCGTTCTTCATCGATGC,Scalp,0,No,,4,Healthy,NA,7,12.07,0,SRR6215789,SRR6215789
SRR6215815,NA,NA,EXP-22-AL9797,SRR6215815,ExternalCoconutOilFungi,30,NA,No,Indian,https://doi.org/10.1038/s41598-021-86454-1,Shampoo,Shampoo,Bangalore,India,Female,17,1,Day_0,ITS,Swab,ITS1,Illumina,CTTGGTCATTTAGAGGAAGTAA,GCTGCGTTCTTCATCGATGC,Scalp,0,No,0,4,Healthy,NA,9,21.87,0,SRR6215815,SRR6215815
SRR6215737,NA,NA,EXP-22-AL9797,SRR6215737,ExternalCoconutOilFungi,30,NA,No,Indian,https://doi.org/10.1038/s41598-021-86454-1,Shampoo,Shampoo,Bangalore,India,Female,17,2,Day_84,ITS,Swab,ITS1,Illumina,CTTGGTCATTTAGAGGAAGTAA,GCTGCGTTCTTCATCGATGC,Scalp,0,No,0,4,Healthy,NA,5,16.1,0,SRR6215737,SRR6215737
SRR6215790,NA,NA,EXP-22-AL9797,SRR6215790,ExternalCoconutOilFungi,30,NA,No,Indian,https://doi.org/10.1038/s41598-021-86454-1,Shampoo,Shampoo,Bangalore,India,Female,17,3,Day_112,ITS,Swab,ITS1,Illumina,CTTGGTCATTTAGAGGAAGTAA,GCTGCGTTCTTCATCGATGC,Scalp,0,No,,4,Healthy,NA,30,13.47,0,SRR6215790,SRR6215790
SRR6215816,NA,NA,EXP-22-AL9797,SRR6215816,ExternalCoconutOilFungi,32,NA,No,Indian,https://doi.org/10.1038/s41598-021-86454-1,Shampoo,Shampoo,Bangalore,India,Female,18,1,Day_0,ITS,Swab,ITS1,Illumina,CTTGGTCATTTAGAGGAAGTAA,GCTGCGTTCTTCATCGATGC,Scalp,0,No,0,4,Healthy,NA,22,19.5,0,SRR6215816,SRR6215816
SRR6215738,NA,NA,EXP-22-AL9797,SRR6215738,ExternalCoconutOilFungi,32,NA,No,Indian,https://doi.org/10.1038/s41598-021-86454-1,Shampoo,Shampoo,Bangalore,India,Female,18,2,Day_84,ITS,Swab,ITS1,Illumina,CTTGGTCATTTAGAGGAAGTAA,GCTGCGTTCTTCATCGATGC,Scalp,0.25,No,1,4,Healthy,NA,0,17.13,0.25,SRR6215738,SRR6215738
SRR6215791,NA,NA,EXP-22-AL9797,SRR6215791,ExternalCoconutOilFungi,32,NA,No,Indian,https://doi.org/10.1038/s41598-021-86454-1,Shampoo,Shampoo,Bangalore,India,Female,18,3,Day_112,ITS,Swab,ITS1,Illumina,CTTGGTCATTTAGAGGAAGTAA,GCTGCGTTCTTCATCGATGC,Scalp,0,No,,4,Healthy,NA,20,20.53,0,SRR6215791,SRR6215791
SRR6215817,NA,NA,EXP-22-AL9797,SRR6215817,ExternalCoconutOilFungi,37,NA,No,Indian,https://doi.org/10.1038/s41598-021-86454-1,Oil,Oil,Bangalore,India,Female,19,1,Day_0,ITS,Swab,ITS1,Illumina,CTTGGTCATTTAGAGGAAGTAA,GCTGCGTTCTTCATCGATGC,Scalp,0,No,0,4,Healthy,NA,22,25.53,0,SRR6215817,SRR6215817
SRR6215731,NA,NA,EXP-22-AL9797,SRR6215731,ExternalCoconutOilFungi,37,NA,No,Indian,https://doi.org/10.1038/s41598-021-86454-1,Oil,Oil,Bangalore,India,Female,19,2,Day_84,ITS,Swab,ITS1,Illumina,CTTGGTCATTTAGAGGAAGTAA,GCTGCGTTCTTCATCGATGC,Scalp,0,No,0,4,Healthy,NA,6,21.2,0,SRR6215731,SRR6215731
SRR6215782,NA,NA,EXP-22-AL9797,SRR6215782,ExternalCoconutOilFungi,37,NA,No,Indian,https://doi.org/10.1038/s41598-021-86454-1,Oil,Oil,Bangalore,India,Female,19,3,Day_112,ITS,Swab,ITS1,Illumina,CTTGGTCATTTAGAGGAAGTAA,GCTGCGTTCTTCATCGATGC,Scalp,0,No,,4,Healthy,NA,15,18.5,0,SRR6215782,SRR6215782
SRR6215812,NA,NA,EXP-22-AL9797,SRR6215812,ExternalCoconutOilFungi,27,NA,No,Indian,https://doi.org/10.1038/s41598-021-86454-1,Oil,Oil,Bangalore,India,Female,20,1,Day_0,ITS,Swab,ITS1,Illumina,CTTGGTCATTTAGAGGAAGTAA,GCTGCGTTCTTCATCGATGC,Scalp,0,No,0,4,Healthy,NA,56,23.77,0,SRR6215812,SRR6215812
SRR6215732,NA,NA,EXP-22-AL9797,SRR6215732,ExternalCoconutOilFungi,27,NA,No,Indian,https://doi.org/10.1038/s41598-021-86454-1,Oil,Oil,Bangalore,India,Female,20,2,Day_84,ITS,Swab,ITS1,Illumina,CTTGGTCATTTAGAGGAAGTAA,GCTGCGTTCTTCATCGATGC,Scalp,0,No,0,4,Healthy,NA,18,16.3,0,SRR6215732,SRR6215732
SRR6215783,NA,NA,EXP-22-AL9797,SRR6215783,ExternalCoconutOilFungi,27,NA,No,Indian,https://doi.org/10.1038/s41598-021-86454-1,Oil,Oil,Bangalore,India,Female,20,3,Day_112,ITS,Swab,ITS1,Illumina,CTTGGTCATTTAGAGGAAGTAA,GCTGCGTTCTTCATCGATGC,Scalp,0,No,,4,Healthy,NA,24,21.6,0,SRR6215783,SRR6215783
SRR6215813,NA,NA,EXP-22-AL9797,SRR6215813,ExternalCoconutOilFungi,45,NA,No,Indian,https://doi.org/10.1038/s41598-021-86454-1,Oil,Oil,Bangalore,India,Female,21,1,Day_0,ITS,Swab,ITS1,Illumina,CTTGGTCATTTAGAGGAAGTAA,GCTGCGTTCTTCATCGATGC,Scalp,0,No,0,4,Healthy,NA,1,24.4,0,SRR6215813,SRR6215813
SRR6215877,NA,NA,EXP-22-AL9797,SRR6215877,ExternalCoconutOilFungi,45,NA,No,Indian,https://doi.org/10.1038/s41598-021-86454-1,Oil,Oil,Bangalore,India,Female,21,2,Day_84,ITS,Swab,ITS1,Illumina,CTTGGTCATTTAGAGGAAGTAA,GCTGCGTTCTTCATCGATGC,Scalp,0,No,0,4,Healthy,NA,0,25.6,0,SRR6215877,SRR6215877
SRR6215909,NA,NA,EXP-22-AL9797,SRR6215909,ExternalCoconutOilFungi,45,NA,No,Indian,https://doi.org/10.1038/s41598-021-86454-1,Oil,Oil,Bangalore,India,Female,21,3,Day_112,ITS,Swab,ITS1,Illumina,CTTGGTCATTTAGAGGAAGTAA,GCTGCGTTCTTCATCGATGC,Scalp,0,No,,4,Healthy,NA,29,19.27,0,SRR6215909,SRR6215909
SRR6215882,NA,NA,EXP-22-AL9797,SRR6215882,ExternalCoconutOilFungi,31,NA,No,Indian,https://doi.org/10.1038/s41598-021-86454-1,Shampoo,Shampoo,Bangalore,India,Female,22,1,Day_0,ITS,Swab,ITS1,Illumina,CTTGGTCATTTAGAGGAAGTAA,GCTGCGTTCTTCATCGATGC,Scalp,0,No,0,4,Healthy,NA,5,33.53,0,SRR6215882,SRR6215882
SRR6215876,NA,NA,EXP-22-AL9797,SRR6215876,ExternalCoconutOilFungi,31,NA,No,Indian,https://doi.org/10.1038/s41598-021-86454-1,Shampoo,Shampoo,Bangalore,India,Female,22,2,Day_84,ITS,Swab,ITS1,Illumina,CTTGGTCATTTAGAGGAAGTAA,GCTGCGTTCTTCATCGATGC,Scalp,0,No,0,4,Healthy,NA,15,24.43,0,SRR6215876,SRR6215876
SRR6215908,NA,NA,EXP-22-AL9797,SRR6215908,ExternalCoconutOilFungi,31,NA,No,Indian,https://doi.org/10.1038/s41598-021-86454-1,Shampoo,Shampoo,Bangalore,India,Female,22,3,Day_112,ITS,Swab,ITS1,Illumina,CTTGGTCATTTAGAGGAAGTAA,GCTGCGTTCTTCATCGATGC,Scalp,0,No,,4,Healthy,NA,44,21.67,0,SRR6215908,SRR6215908
SRR6215903,NA,NA,EXP-22-AL9797,SRR6215903,ExternalCoconutOilFungi,33,NA,No,Indian,https://doi.org/10.1038/s41598-021-86454-1,Shampoo,Shampoo,Bangalore,India,Female,23,1,Day_0,ITS,Swab,ITS1,Illumina,CTTGGTCATTTAGAGGAAGTAA,GCTGCGTTCTTCATCGATGC,Scalp,0.125,No,0,4,Healthy,NA,46,22.37,0.375,SRR6215903,SRR6215903
SRR6215875,NA,NA,EXP-22-AL9797,SRR6215875,ExternalCoconutOilFungi,33,NA,No,Indian,https://doi.org/10.1038/s41598-021-86454-1,Shampoo,Shampoo,Bangalore,India,Female,23,2,Day_84,ITS,Swab,ITS1,Illumina,CTTGGTCATTTAGAGGAAGTAA,GCTGCGTTCTTCATCGATGC,Scalp,0,No,0,4,Healthy,NA,28,15,0,SRR6215875,SRR6215875
SRR6215911,NA,NA,EXP-22-AL9797,SRR6215911,ExternalCoconutOilFungi,33,NA,No,Indian,https://doi.org/10.1038/s41598-021-86454-1,Shampoo,Shampoo,Bangalore,India,Female,23,3,Day_112,ITS,Swab,ITS1,Illumina,CTTGGTCATTTAGAGGAAGTAA,GCTGCGTTCTTCATCGATGC,Scalp,0,No,,4,Healthy,NA,3,11,0,SRR6215911,SRR6215911
SRR6215874,NA,NA,EXP-22-AL9797,SRR6215874,ExternalCoconutOilFungi,28,NA,No,Indian,https://doi.org/10.1038/s41598-021-86454-1,Oil,Oil,Bangalore,India,Female,25,1,Day_0,ITS,Swab,ITS1,Illumina,CTTGGTCATTTAGAGGAAGTAA,GCTGCGTTCTTCATCGATGC,Scalp,0,No,0,4,Healthy,NA,3,21.2,0,SRR6215874,SRR6215874
SRR6215905,NA,NA,EXP-22-AL9797,SRR6215905,ExternalCoconutOilFungi,28,NA,No,Indian,https://doi.org/10.1038/s41598-021-86454-1,Oil,Oil,Bangalore,India,Female,25,2,Day_84,ITS,Swab,ITS1,Illumina,CTTGGTCATTTAGAGGAAGTAA,GCTGCGTTCTTCATCGATGC,Scalp,0,No,0,4,Healthy,NA,70,22.33,0,SRR6215905,SRR6215905
SRR6215734,NA,NA,EXP-22-AL9797,SRR6215734,ExternalCoconutOilFungi,28,NA,No,Indian,https://doi.org/10.1038/s41598-021-86454-1,Oil,Oil,Bangalore,India,Female,25,3,Day_112,ITS,Swab,ITS1,Illumina,CTTGGTCATTTAGAGGAAGTAA,GCTGCGTTCTTCATCGATGC,Scalp,0,No,,4,Healthy,NA,26,22.13,0,SRR6215734,SRR6215734
SRR6215881,NA,NA,EXP-22-AL9797,SRR6215881,ExternalCoconutOilFungi,45,NA,No,Indian,https://doi.org/10.1038/s41598-021-86454-1,Shampoo,Shampoo,Bangalore,India,Female,26,1,Day_0,ITS,Swab,ITS1,Illumina,CTTGGTCATTTAGAGGAAGTAA,GCTGCGTTCTTCATCGATGC,Scalp,0,No,0,4,Healthy,NA,31,26.83,0,SRR6215881,SRR6215881
SRR6215904,NA,NA,EXP-22-AL9797,SRR6215904,ExternalCoconutOilFungi,45,NA,No,Indian,https://doi.org/10.1038/s41598-021-86454-1,Shampoo,Shampoo,Bangalore,India,Female,26,2,Day_84,ITS,Swab,ITS1,Illumina,CTTGGTCATTTAGAGGAAGTAA,GCTGCGTTCTTCATCGATGC,Scalp,0,No,0,4,Healthy,NA,9,26.83,0,SRR6215904,SRR6215904
SRR6215733,NA,NA,EXP-22-AL9797,SRR6215733,ExternalCoconutOilFungi,45,NA,No,Indian,https://doi.org/10.1038/s41598-021-86454-1,Shampoo,Shampoo,Bangalore,India,Female,26,3,Day_112,ITS,Swab,ITS1,Illumina,CTTGGTCATTTAGAGGAAGTAA,GCTGCGTTCTTCATCGATGC,Scalp,0.25,No,,4,Healthy,NA,10,16.73,0.25,SRR6215733,SRR6215733
SRR6215880,NA,NA,EXP-22-AL9797,SRR6215880,ExternalCoconutOilFungi,30,NA,No,Indian,https://doi.org/10.1038/s41598-021-86454-1,Oil,Oil,Bangalore,India,Female,27,1,Day_0,ITS,Swab,ITS1,Illumina,CTTGGTCATTTAGAGGAAGTAA,GCTGCGTTCTTCATCGATGC,Scalp,0,No,1,4,Healthy,NA,16,22.37,0,SRR6215880,SRR6215880
SRR6215907,NA,NA,EXP-22-AL9797,SRR6215907,ExternalCoconutOilFungi,30,NA,No,Indian,https://doi.org/10.1038/s41598-021-86454-1,Oil,Oil,Bangalore,India,Female,27,2,Day_84,ITS,Swab,ITS1,Illumina,CTTGGTCATTTAGAGGAAGTAA,GCTGCGTTCTTCATCGATGC,Scalp,0,No,0,4,Healthy,NA,15,25.27,0,SRR6215907,SRR6215907
SRR6215728,NA,NA,EXP-22-AL9797,SRR6215728,ExternalCoconutOilFungi,30,NA,No,Indian,https://doi.org/10.1038/s41598-021-86454-1,Oil,Oil,Bangalore,India,Female,27,3,Day_112,ITS,Swab,ITS1,Illumina,CTTGGTCATTTAGAGGAAGTAA,GCTGCGTTCTTCATCGATGC,Scalp,0,No,,4,Healthy,NA,1,15.83,0,SRR6215728,SRR6215728
SRR6215879,NA,NA,EXP-22-AL9797,SRR6215879,ExternalCoconutOilFungi,25,NA,No,Indian,https://doi.org/10.1038/s41598-021-86454-1,Shampoo,Shampoo,Bangalore,India,Female,28,1,Day_0,ITS,Swab,ITS1,Illumina,CTTGGTCATTTAGAGGAAGTAA,GCTGCGTTCTTCATCGATGC,Scalp,0,No,0,4,Healthy,NA,9,22.3,0,SRR6215879,SRR6215879
SRR6215906,NA,NA,EXP-22-AL9797,SRR6215906,ExternalCoconutOilFungi,25,NA,No,Indian,https://doi.org/10.1038/s41598-021-86454-1,Shampoo,Shampoo,Bangalore,India,Female,28,2,Day_84,ITS,Swab,ITS1,Illumina,CTTGGTCATTTAGAGGAAGTAA,GCTGCGTTCTTCATCGATGC,Scalp,0,No,0,4,Healthy,NA,10,24.8,0,SRR6215906,SRR6215906
SRR6215727,NA,NA,EXP-22-AL9797,SRR6215727,ExternalCoconutOilFungi,25,NA,No,Indian,https://doi.org/10.1038/s41598-021-86454-1,Shampoo,Shampoo,Bangalore,India,Female,28,3,Day_112,ITS,Swab,ITS1,Illumina,CTTGGTCATTTAGAGGAAGTAA,GCTGCGTTCTTCATCGATGC,Scalp,0,No,,4,Healthy,NA,7,15.27,0,SRR6215727,SRR6215727
SRR6215878,NA,NA,EXP-22-AL9797,SRR6215878,ExternalCoconutOilFungi,36,NA,No,Indian,https://doi.org/10.1038/s41598-021-86454-1,Oil,Oil,Bangalore,India,Female,29,1,Day_0,ITS,Swab,ITS1,Illumina,CTTGGTCATTTAGAGGAAGTAA,GCTGCGTTCTTCATCGATGC,Scalp,0,No,0,4,Healthy,NA,5,23.97,0,SRR6215878,SRR6215878
SRR6215913,NA,NA,EXP-22-AL9797,SRR6215913,ExternalCoconutOilFungi,36,NA,No,Indian,https://doi.org/10.1038/s41598-021-86454-1,Oil,Oil,Bangalore,India,Female,29,2,Day_84,ITS,Swab,ITS1,Illumina,CTTGGTCATTTAGAGGAAGTAA,GCTGCGTTCTTCATCGATGC,Scalp,0,No,0,4,Healthy,NA,83,22.9,0,SRR6215913,SRR6215913
SRR6215730,NA,NA,EXP-22-AL9797,SRR6215730,ExternalCoconutOilFungi,36,NA,No,Indian,https://doi.org/10.1038/s41598-021-86454-1,Oil,Oil,Bangalore,India,Female,29,3,Day_112,ITS,Swab,ITS1,Illumina,CTTGGTCATTTAGAGGAAGTAA,GCTGCGTTCTTCATCGATGC,Scalp,0.125,No,,4,Healthy,NA,19,11.93,0.25,SRR6215730,SRR6215730
SRR6215869,NA,NA,EXP-22-AL9797,SRR6215869,ExternalCoconutOilFungi,35,NA,No,Indian,https://doi.org/10.1038/s41598-021-86454-1,Shampoo,Shampoo,Bangalore,India,Female,30,1,Day_0,ITS,Swab,ITS1,Illumina,CTTGGTCATTTAGAGGAAGTAA,GCTGCGTTCTTCATCGATGC,Scalp,0,No,0,4,Healthy,NA,27,24.53,0,SRR6215869,SRR6215869
SRR6215912,NA,NA,EXP-22-AL9797,SRR6215912,ExternalCoconutOilFungi,35,NA,No,Indian,https://doi.org/10.1038/s41598-021-86454-1,Shampoo,Shampoo,Bangalore,India,Female,30,2,Day_84,ITS,Swab,ITS1,Illumina,CTTGGTCATTTAGAGGAAGTAA,GCTGCGTTCTTCATCGATGC,Scalp,0,No,0,4,Healthy,NA,12,10.17,0,SRR6215912,SRR6215912
SRR6215729,NA,NA,EXP-22-AL9797,SRR6215729,ExternalCoconutOilFungi,35,NA,No,Indian,https://doi.org/10.1038/s41598-021-86454-1,Shampoo,Shampoo,Bangalore,India,Female,30,3,Day_112,ITS,Swab,ITS1,Illumina,CTTGGTCATTTAGAGGAAGTAA,GCTGCGTTCTTCATCGATGC,Scalp,0.875,No,,4,Healthy,NA,12,9.97,1,SRR6215729,SRR6215729
SRR6215868,NA,NA,EXP-22-AL9797,SRR6215868,ExternalCoconutOilFungi,26,NA,No,Indian,https://doi.org/10.1038/s41598-021-86454-1,Oil,Oil,Bangalore,India,Female,31,1,Day_0,ITS,Swab,ITS1,Illumina,CTTGGTCATTTAGAGGAAGTAA,GCTGCGTTCTTCATCGATGC,Scalp,0,No,0,4,Healthy,NA,13,24.5,0,SRR6215868,SRR6215868
SRR6216014,NA,NA,EXP-22-AL9797,SRR6216014,ExternalCoconutOilFungi,26,NA,No,Indian,https://doi.org/10.1038/s41598-021-86454-1,Oil,Oil,Bangalore,India,Female,31,2,Day_84,ITS,Swab,ITS1,Illumina,CTTGGTCATTTAGAGGAAGTAA,GCTGCGTTCTTCATCGATGC,Scalp,0,No,0,4,Healthy,NA,31,14.03,0,SRR6216014,SRR6216014
SRR6215918,NA,NA,EXP-22-AL9797,SRR6215918,ExternalCoconutOilFungi,26,NA,No,Indian,https://doi.org/10.1038/s41598-021-86454-1,Oil,Oil,Bangalore,India,Female,31,3,Day_112,ITS,Swab,ITS1,Illumina,CTTGGTCATTTAGAGGAAGTAA,GCTGCGTTCTTCATCGATGC,Scalp,0,No,,4,Healthy,NA,29,15,0,SRR6215918,SRR6215918
SRR6215712,NA,NA,EXP-22-AL9797,SRR6215712,ExternalCoconutOilFungi,35,NA,No,Indian,https://doi.org/10.1038/s41598-021-86454-1,Shampoo,Shampoo,Bangalore,India,Female,32,1,Day_0,ITS,Swab,ITS1,Illumina,CTTGGTCATTTAGAGGAAGTAA,GCTGCGTTCTTCATCGATGC,Scalp,0,No,0,4,Healthy,NA,9,28.77,0,SRR6215712,SRR6215712
SRR6216015,NA,NA,EXP-22-AL9797,SRR6216015,ExternalCoconutOilFungi,35,NA,No,Indian,https://doi.org/10.1038/s41598-021-86454-1,Shampoo,Shampoo,Bangalore,India,Female,32,2,Day_84,ITS,Swab,ITS1,Illumina,CTTGGTCATTTAGAGGAAGTAA,GCTGCGTTCTTCATCGATGC,Scalp,0,No,0,4,Healthy,NA,9,16.73,0,SRR6216015,SRR6216015
SRR6215915,NA,NA,EXP-22-AL9797,SRR6215915,ExternalCoconutOilFungi,35,NA,No,Indian,https://doi.org/10.1038/s41598-021-86454-1,Shampoo,Shampoo,Bangalore,India,Female,32,3,Day_112,ITS,Swab,ITS1,Illumina,CTTGGTCATTTAGAGGAAGTAA,GCTGCGTTCTTCATCGATGC,Scalp,0,No,,4,Healthy,NA,10,20.4,0,SRR6215915,SRR6215915
SRR6215711,NA,NA,EXP-22-AL9797,SRR6215711,ExternalCoconutOilFungi,38,NA,No,Indian,https://doi.org/10.1038/s41598-021-86454-1,Shampoo,Shampoo,Bangalore,India,Female,33,1,Day_0,ITS,Swab,ITS1,Illumina,CTTGGTCATTTAGAGGAAGTAA,GCTGCGTTCTTCATCGATGC,Scalp,0,No,0,4,Healthy,NA,40,25.73,0,SRR6215711,SRR6215711
SRR6216012,NA,NA,EXP-22-AL9797,SRR6216012,ExternalCoconutOilFungi,38,NA,No,Indian,https://doi.org/10.1038/s41598-021-86454-1,Shampoo,Shampoo,Bangalore,India,Female,33,2,Day_84,ITS,Swab,ITS1,Illumina,CTTGGTCATTTAGAGGAAGTAA,GCTGCGTTCTTCATCGATGC,Scalp,0,No,0,4,Healthy,NA,39,16.5,0,SRR6216012,SRR6216012
SRR6216036,NA,NA,EXP-22-AL9797,SRR6216036,ExternalCoconutOilFungi,38,NA,No,Indian,https://doi.org/10.1038/s41598-021-86454-1,Shampoo,Shampoo,Bangalore,India,Female,33,3,Day_112,ITS,Swab,ITS1,Illumina,CTTGGTCATTTAGAGGAAGTAA,GCTGCGTTCTTCATCGATGC,Scalp,0,No,,4,Healthy,NA,43,10.33,0,SRR6216036,SRR6216036
SRR6215714,NA,NA,EXP-22-AL9797,SRR6215714,ExternalCoconutOilFungi,45,NA,No,Indian,https://doi.org/10.1038/s41598-021-86454-1,Shampoo,Shampoo,Bangalore,India,Female,34,1,Day_0,ITS,Swab,ITS1,Illumina,CTTGGTCATTTAGAGGAAGTAA,GCTGCGTTCTTCATCGATGC,Scalp,0,No,0,4,Healthy,NA,6,22.37,0,SRR6215714,SRR6215714
SRR6216013,NA,NA,EXP-22-AL9797,SRR6216013,ExternalCoconutOilFungi,45,NA,No,Indian,https://doi.org/10.1038/s41598-021-86454-1,Shampoo,Shampoo,Bangalore,India,Female,34,2,Day_84,ITS,Swab,ITS1,Illumina,CTTGGTCATTTAGAGGAAGTAA,GCTGCGTTCTTCATCGATGC,Scalp,0,No,0,4,Healthy,NA,0,22.5,0,SRR6216013,SRR6216013
SRR6216037,NA,NA,EXP-22-AL9797,SRR6216037,ExternalCoconutOilFungi,45,NA,No,Indian,https://doi.org/10.1038/s41598-021-86454-1,Shampoo,Shampoo,Bangalore,India,Female,34,3,Day_112,ITS,Swab,ITS1,Illumina,CTTGGTCATTTAGAGGAAGTAA,GCTGCGTTCTTCATCGATGC,Scalp,0,No,,4,Healthy,NA,23,17.13,0,SRR6216037,SRR6216037
SRR6215713,NA,NA,EXP-22-AL9797,SRR6215713,ExternalCoconutOilFungi,43,NA,No,Indian,https://doi.org/10.1038/s41598-021-86454-1,Oil,Oil,Bangalore,India,Female,35,1,Day_0,ITS,Swab,ITS1,Illumina,CTTGGTCATTTAGAGGAAGTAA,GCTGCGTTCTTCATCGATGC,Scalp,0,No,0,4,Healthy,NA,67,22.87,0,SRR6215713,SRR6215713
SRR6216010,NA,NA,EXP-22-AL9797,SRR6216010,ExternalCoconutOilFungi,43,NA,No,Indian,https://doi.org/10.1038/s41598-021-86454-1,Oil,Oil,Bangalore,India,Female,35,2,Day_84,ITS,Swab,ITS1,Illumina,CTTGGTCATTTAGAGGAAGTAA,GCTGCGTTCTTCATCGATGC,Scalp,0,No,0,4,Healthy,NA,18,16.27,0,SRR6216010,SRR6216010
SRR6216034,NA,NA,EXP-22-AL9797,SRR6216034,ExternalCoconutOilFungi,43,NA,No,Indian,https://doi.org/10.1038/s41598-021-86454-1,Oil,Oil,Bangalore,India,Female,35,3,Day_112,ITS,Swab,ITS1,Illumina,CTTGGTCATTTAGAGGAAGTAA,GCTGCGTTCTTCATCGATGC,Scalp,0,No,,4,Healthy,NA,15,12.83,0,SRR6216034,SRR6216034
SRR6215708,NA,NA,EXP-22-AL9797,SRR6215708,ExternalCoconutOilFungi,31,NA,No,Indian,https://doi.org/10.1038/s41598-021-86454-1,Oil,Oil,Bangalore,India,Female,36,1,Day_0,ITS,Swab,ITS1,Illumina,CTTGGTCATTTAGAGGAAGTAA,GCTGCGTTCTTCATCGATGC,Scalp,0,No,0,4,Healthy,NA,3,23.87,0,SRR6215708,SRR6215708
SRR6216011,NA,NA,EXP-22-AL9797,SRR6216011,ExternalCoconutOilFungi,31,NA,No,Indian,https://doi.org/10.1038/s41598-021-86454-1,Oil,Oil,Bangalore,India,Female,36,2,Day_84,ITS,Swab,ITS1,Illumina,CTTGGTCATTTAGAGGAAGTAA,GCTGCGTTCTTCATCGATGC,Scalp,0.25,No,0,4,Healthy,NA,8,23.47,0.25,SRR6216011,SRR6216011
SRR6216035,NA,NA,EXP-22-AL9797,SRR6216035,ExternalCoconutOilFungi,31,NA,No,Indian,https://doi.org/10.1038/s41598-021-86454-1,Oil,Oil,Bangalore,India,Female,36,3,Day_112,ITS,Swab,ITS1,Illumina,CTTGGTCATTTAGAGGAAGTAA,GCTGCGTTCTTCATCGATGC,Scalp,0.875,No,,4,Healthy,NA,12,12.5,1.375,SRR6216035,SRR6216035
SRR6215707,NA,NA,EXP-22-AL9797,SRR6215707,ExternalCoconutOilFungi,37,NA,No,Indian,https://doi.org/10.1038/s41598-021-86454-1,Oil,Oil,Bangalore,India,Female,37,1,Day_0,ITS,Swab,ITS1,Illumina,CTTGGTCATTTAGAGGAAGTAA,GCTGCGTTCTTCATCGATGC,Scalp,0.125,No,0,4,Healthy,NA,15,22.63,0.125,SRR6215707,SRR6215707
SRR6216008,NA,NA,EXP-22-AL9797,SRR6216008,ExternalCoconutOilFungi,37,NA,No,Indian,https://doi.org/10.1038/s41598-021-86454-1,Oil,Oil,Bangalore,India,Female,37,2,Day_84,ITS,Swab,ITS1,Illumina,CTTGGTCATTTAGAGGAAGTAA,GCTGCGTTCTTCATCGATGC,Scalp,0,No,0,4,Healthy,NA,35,22.23,0,SRR6216008,SRR6216008
SRR6216032,NA,NA,EXP-22-AL9797,SRR6216032,ExternalCoconutOilFungi,37,NA,No,Indian,https://doi.org/10.1038/s41598-021-86454-1,Oil,Oil,Bangalore,India,Female,37,3,Day_112,ITS,Swab,ITS1,Illumina,CTTGGTCATTTAGAGGAAGTAA,GCTGCGTTCTTCATCGATGC,Scalp,0.25,No,,4,Healthy,NA,42,21.7,0.25,SRR6216032,SRR6216032
SRR6215710,NA,NA,EXP-22-AL9797,SRR6215710,ExternalCoconutOilFungi,42,NA,No,Indian,https://doi.org/10.1038/s41598-021-86454-1,Shampoo,Shampoo,Bangalore,India,Female,38,1,Day_0,ITS,Swab,ITS1,Illumina,CTTGGTCATTTAGAGGAAGTAA,GCTGCGTTCTTCATCGATGC,Scalp,0,No,0,4,Healthy,NA,38,26.8,0,SRR6215710,SRR6215710
SRR6216009,NA,NA,EXP-22-AL9797,SRR6216009,ExternalCoconutOilFungi,42,NA,No,Indian,https://doi.org/10.1038/s41598-021-86454-1,Shampoo,Shampoo,Bangalore,India,Female,38,2,Day_84,ITS,Swab,ITS1,Illumina,CTTGGTCATTTAGAGGAAGTAA,GCTGCGTTCTTCATCGATGC,Scalp,0,No,0,4,Healthy,NA,45,21.7,0,SRR6216009,SRR6216009
SRR6216033,NA,NA,EXP-22-AL9797,SRR6216033,ExternalCoconutOilFungi,42,NA,No,Indian,https://doi.org/10.1038/s41598-021-86454-1,Shampoo,Shampoo,Bangalore,India,Female,38,3,Day_112,ITS,Swab,ITS1,Illumina,CTTGGTCATTTAGAGGAAGTAA,GCTGCGTTCTTCATCGATGC,Scalp,0.25,No,,4,Healthy,NA,20,19.87,0.375,SRR6216033,SRR6216033
SRR6215709,NA,NA,EXP-22-AL9797,SRR6215709,ExternalCoconutOilFungi,42,NA,No,Indian,https://doi.org/10.1038/s41598-021-86454-1,Shampoo,Shampoo,Bangalore,India,Female,39,1,Day_0,ITS,Swab,ITS1,Illumina,CTTGGTCATTTAGAGGAAGTAA,GCTGCGTTCTTCATCGATGC,Scalp,0,No,0,4,Healthy,NA,39,16.8,0,SRR6215709,SRR6215709
SRR6216016,NA,NA,EXP-22-AL9797,SRR6216016,ExternalCoconutOilFungi,42,NA,No,Indian,https://doi.org/10.1038/s41598-021-86454-1,Shampoo,Shampoo,Bangalore,India,Female,39,2,Day_84,ITS,Swab,ITS1,Illumina,CTTGGTCATTTAGAGGAAGTAA,GCTGCGTTCTTCATCGATGC,Scalp,0,No,0,4,Healthy,NA,40,12.57,0,SRR6216016,SRR6216016
SRR6216030,NA,NA,EXP-22-AL9797,SRR6216030,ExternalCoconutOilFungi,42,NA,No,Indian,https://doi.org/10.1038/s41598-021-86454-1,Shampoo,Shampoo,Bangalore,India,Female,39,3,Day_112,ITS,Swab,ITS1,Illumina,CTTGGTCATTTAGAGGAAGTAA,GCTGCGTTCTTCATCGATGC,Scalp,0,No,,4,Healthy,NA,62,12.7,0,SRR6216030,SRR6216030
SRR6216098,NA,NA,EXP-22-AL9797,SRR6216098,ExternalCoconutOilFungi,39,NA,No,Indian,https://doi.org/10.1038/s41598-021-86454-1,Oil,Oil,Bangalore,India,Female,40,1,Day_0,ITS,Swab,ITS1,Illumina,CTTGGTCATTTAGAGGAAGTAA,GCTGCGTTCTTCATCGATGC,Scalp,0,No,0,4,Healthy,NA,46,16.77,0,SRR6216098,SRR6216098
SRR6216017,NA,NA,EXP-22-AL9797,SRR6216017,ExternalCoconutOilFungi,39,NA,No,Indian,https://doi.org/10.1038/s41598-021-86454-1,Oil,Oil,Bangalore,India,Female,40,2,Day_84,ITS,Swab,ITS1,Illumina,CTTGGTCATTTAGAGGAAGTAA,GCTGCGTTCTTCATCGATGC,Scalp,0,No,0,4,Healthy,NA,53,18.87,0,SRR6216017,SRR6216017
SRR6216031,NA,NA,EXP-22-AL9797,SRR6216031,ExternalCoconutOilFungi,39,NA,No,Indian,https://doi.org/10.1038/s41598-021-86454-1,Oil,Oil,Bangalore,India,Female,40,3,Day_112,ITS,Swab,ITS1,Illumina,CTTGGTCATTTAGAGGAAGTAA,GCTGCGTTCTTCATCGATGC,Scalp,0,No,,4,Healthy,NA,5,26.87,0,SRR6216031,SRR6216031
SRR6216097,NA,NA,EXP-22-AL9797,SRR6216097,ExternalCoconutOilFungi,30,NA,No,Indian,https://doi.org/10.1038/s41598-021-86454-1,Oil,Oil,Bangalore,India,Female,41,1,Day_0,ITS,Swab,ITS1,Illumina,CTTGGTCATTTAGAGGAAGTAA,GCTGCGTTCTTCATCGATGC,Scalp,0.125,No,0,4,Healthy,NA,110,26.03,0.125,SRR6216097,SRR6216097
SRR6215720,NA,NA,EXP-22-AL9797,SRR6215720,ExternalCoconutOilFungi,30,NA,No,Indian,https://doi.org/10.1038/s41598-021-86454-1,Oil,Oil,Bangalore,India,Female,41,2,Day_84,ITS,Swab,ITS1,Illumina,CTTGGTCATTTAGAGGAAGTAA,GCTGCGTTCTTCATCGATGC,Scalp,0,No,0,4,Healthy,NA,0,22.4,0,SRR6215720,SRR6215720
SRR6216038,NA,NA,EXP-22-AL9797,SRR6216038,ExternalCoconutOilFungi,30,NA,No,Indian,https://doi.org/10.1038/s41598-021-86454-1,Oil,Oil,Bangalore,India,Female,41,3,Day_112,ITS,Swab,ITS1,Illumina,CTTGGTCATTTAGAGGAAGTAA,GCTGCGTTCTTCATCGATGC,Scalp,0.5,No,,4,Healthy,NA,5,12.07,0.625,SRR6216038,SRR6216038
SRR6216006,NA,NA,EXP-22-AL9797,SRR6216006,ExternalCoconutOilFungi,30,NA,No,Indian,https://doi.org/10.1038/s41598-021-86454-1,Shampoo,Shampoo,Bangalore,India,Female,42,1,Day_0,ITS,Swab,ITS1,Illumina,CTTGGTCATTTAGAGGAAGTAA,GCTGCGTTCTTCATCGATGC,Scalp,0,No,0,4,Healthy,NA,11,15.33,0,SRR6216006,SRR6216006
SRR6215719,NA,NA,EXP-22-AL9797,SRR6215719,ExternalCoconutOilFungi,30,NA,No,Indian,https://doi.org/10.1038/s41598-021-86454-1,Shampoo,Shampoo,Bangalore,India,Female,42,2,Day_84,ITS,Swab,ITS1,Illumina,CTTGGTCATTTAGAGGAAGTAA,GCTGCGTTCTTCATCGATGC,Scalp,0,No,0,4,Healthy,NA,37,22.57,0,SRR6215719,SRR6215719
SRR6216039,NA,NA,EXP-22-AL9797,SRR6216039,ExternalCoconutOilFungi,30,NA,No,Indian,https://doi.org/10.1038/s41598-021-86454-1,Shampoo,Shampoo,Bangalore,India,Female,42,3,Day_112,ITS,Swab,ITS1,Illumina,CTTGGTCATTTAGAGGAAGTAA,GCTGCGTTCTTCATCGATGC,Scalp,0,No,,4,Healthy,NA,19,15.27,0.25,SRR6216039,SRR6216039
SRR6215865,NA,NA,EXP-22-AL9797,SRR6215865,ExternalCoconutOilFungi,41,NA,No,Indian,https://doi.org/10.1038/s41598-021-86454-1,Oil,Oil,Bangalore,India,Female,43,1,Day_0,ITS,Swab,ITS1,Illumina,CTTGGTCATTTAGAGGAAGTAA,GCTGCGTTCTTCATCGATGC,Scalp,0,No,0,4,Healthy,NA,44,16.33,0,SRR6215865,SRR6215865
SRR6215718,NA,NA,EXP-22-AL9797,SRR6215718,ExternalCoconutOilFungi,41,NA,No,Indian,https://doi.org/10.1038/s41598-021-86454-1,Oil,Oil,Bangalore,India,Female,43,2,Day_84,ITS,Swab,ITS1,Illumina,CTTGGTCATTTAGAGGAAGTAA,GCTGCGTTCTTCATCGATGC,Scalp,0.125,No,1,4,Healthy,NA,22,16.63,0.125,SRR6215718,SRR6215718
SRR6215823,NA,NA,EXP-22-AL9797,SRR6215823,ExternalCoconutOilFungi,41,NA,No,Indian,https://doi.org/10.1038/s41598-021-86454-1,Oil,Oil,Bangalore,India,Female,43,3,Day_112,ITS,Swab,ITS1,Illumina,CTTGGTCATTTAGAGGAAGTAA,GCTGCGTTCTTCATCGATGC,Scalp,0,No,,4,Healthy,NA,33,14.4,0,SRR6215823,SRR6215823
SRR6216004,NA,NA,EXP-22-AL9797,SRR6216004,ExternalCoconutOilFungi,41,NA,No,Indian,https://doi.org/10.1038/s41598-021-86454-1,Shampoo,Shampoo,Bangalore,India,Female,44,1,Day_0,ITS,Swab,ITS1,Illumina,CTTGGTCATTTAGAGGAAGTAA,GCTGCGTTCTTCATCGATGC,Scalp,0,No,0,4,Healthy,NA,2,17,0,SRR6216004,SRR6216004
SRR6215717,NA,NA,EXP-22-AL9797,SRR6215717,ExternalCoconutOilFungi,41,NA,No,Indian,https://doi.org/10.1038/s41598-021-86454-1,Shampoo,Shampoo,Bangalore,India,Female,44,2,Day_84,ITS,Swab,ITS1,Illumina,CTTGGTCATTTAGAGGAAGTAA,GCTGCGTTCTTCATCGATGC,Scalp,0,No,0,4,Healthy,NA,39,19.23,0,SRR6215717,SRR6215717
SRR6215822,NA,NA,EXP-22-AL9797,SRR6215822,ExternalCoconutOilFungi,41,NA,No,Indian,https://doi.org/10.1038/s41598-021-86454-1,Shampoo,Shampoo,Bangalore,India,Female,44,3,Day_112,ITS,Swab,ITS1,Illumina,CTTGGTCATTTAGAGGAAGTAA,GCTGCGTTCTTCATCGATGC,Scalp,0.125,No,,4,Healthy,NA,48,7.43,0.125,SRR6215822,SRR6215822
SRR6216005,NA,NA,EXP-22-AL9797,SRR6216005,ExternalCoconutOilFungi,38,NA,No,Indian,https://doi.org/10.1038/s41598-021-86454-1,Oil,Oil,Bangalore,India,Female,45,1,Day_0,ITS,Swab,ITS1,Illumina,CTTGGTCATTTAGAGGAAGTAA,GCTGCGTTCTTCATCGATGC,Scalp,0,No,0,4,Healthy,NA,8,21.7,0,SRR6216005,SRR6216005
SRR6215724,NA,NA,EXP-22-AL9797,SRR6215724,ExternalCoconutOilFungi,38,NA,No,Indian,https://doi.org/10.1038/s41598-021-86454-1,Oil,Oil,Bangalore,India,Female,45,2,Day_84,ITS,Swab,ITS1,Illumina,CTTGGTCATTTAGAGGAAGTAA,GCTGCGTTCTTCATCGATGC,Scalp,0,No,0,4,Healthy,NA,15,13.17,0,SRR6215724,SRR6215724
SRR6216058,NA,NA,EXP-22-AL9797,SRR6216058,ExternalCoconutOilFungi,38,NA,No,Indian,https://doi.org/10.1038/s41598-021-86454-1,Oil,Oil,Bangalore,India,Female,45,3,Day_112,ITS,Swab,ITS1,Illumina,CTTGGTCATTTAGAGGAAGTAA,GCTGCGTTCTTCATCGATGC,Scalp,0,No,,4,Healthy,NA,2,11.17,0,SRR6216058,SRR6216058
SRR6216002,NA,NA,EXP-22-AL9797,SRR6216002,ExternalCoconutOilFungi,30,NA,No,Indian,https://doi.org/10.1038/s41598-021-86454-1,Oil,Oil,Bangalore,India,Female,46,1,Day_0,ITS,Swab,ITS1,Illumina,CTTGGTCATTTAGAGGAAGTAA,GCTGCGTTCTTCATCGATGC,Scalp,0,No,0,4,Healthy,NA,8,22.93,0,SRR6216002,SRR6216002
SRR6215723,NA,NA,EXP-22-AL9797,SRR6215723,ExternalCoconutOilFungi,30,NA,No,Indian,https://doi.org/10.1038/s41598-021-86454-1,Oil,Oil,Bangalore,India,Female,46,2,Day_84,ITS,Swab,ITS1,Illumina,CTTGGTCATTTAGAGGAAGTAA,GCTGCGTTCTTCATCGATGC,Scalp,0,No,0,4,Healthy,NA,32,23.7,0,SRR6215723,SRR6215723
SRR6216057,NA,NA,EXP-22-AL9797,SRR6216057,ExternalCoconutOilFungi,30,NA,No,Indian,https://doi.org/10.1038/s41598-021-86454-1,Oil,Oil,Bangalore,India,Female,46,3,Day_112,ITS,Swab,ITS1,Illumina,CTTGGTCATTTAGAGGAAGTAA,GCTGCGTTCTTCATCGATGC,Scalp,0,No,,4,Healthy,NA,10,21.67,0,SRR6216057,SRR6216057
SRR6216003,NA,NA,EXP-22-AL9797,SRR6216003,ExternalCoconutOilFungi,25,NA,No,Indian,https://doi.org/10.1038/s41598-021-86454-1,Shampoo,Shampoo,Bangalore,India,Female,47,1,Day_0,ITS,Swab,ITS1,Illumina,CTTGGTCATTTAGAGGAAGTAA,GCTGCGTTCTTCATCGATGC,Scalp,0,No,0,4,Healthy,NA,9,19.17,0,SRR6216003,SRR6216003
SRR6215722,NA,NA,EXP-22-AL9797,SRR6215722,ExternalCoconutOilFungi,25,NA,No,Indian,https://doi.org/10.1038/s41598-021-86454-1,Shampoo,Shampoo,Bangalore,India,Female,47,2,Day_84,ITS,Swab,ITS1,Illumina,CTTGGTCATTTAGAGGAAGTAA,GCTGCGTTCTTCATCGATGC,Scalp,0,No,0,4,Healthy,NA,3,12.83,0,SRR6215722,SRR6215722
SRR6216056,NA,NA,EXP-22-AL9797,SRR6216056,ExternalCoconutOilFungi,25,NA,No,Indian,https://doi.org/10.1038/s41598-021-86454-1,Shampoo,Shampoo,Bangalore,India,Female,47,3,Day_112,ITS,Swab,ITS1,Illumina,CTTGGTCATTTAGAGGAAGTAA,GCTGCGTTCTTCATCGATGC,Scalp,0.125,No,,4,Healthy,NA,25,7.43,0.25,SRR6216056,SRR6216056
SRR6216000,NA,NA,EXP-22-AL9797,SRR6216000,ExternalCoconutOilFungi,44,NA,No,Indian,https://doi.org/10.1038/s41598-021-86454-1,Shampoo,Shampoo,Bangalore,India,Female,48,1,Day_0,ITS,Swab,ITS1,Illumina,CTTGGTCATTTAGAGGAAGTAA,GCTGCGTTCTTCATCGATGC,Scalp,0,No,0,4,Healthy,NA,60,15.13,0,SRR6216000,SRR6216000
SRR6215721,NA,NA,EXP-22-AL9797,SRR6215721,ExternalCoconutOilFungi,44,NA,No,Indian,https://doi.org/10.1038/s41598-021-86454-1,Shampoo,Shampoo,Bangalore,India,Female,48,2,Day_84,ITS,Swab,ITS1,Illumina,CTTGGTCATTTAGAGGAAGTAA,GCTGCGTTCTTCATCGATGC,Scalp,0,No,0,4,Healthy,NA,44,20.47,0,SRR6215721,SRR6215721
SRR6216055,NA,NA,EXP-22-AL9797,SRR6216055,ExternalCoconutOilFungi,44,NA,No,Indian,https://doi.org/10.1038/s41598-021-86454-1,Shampoo,Shampoo,Bangalore,India,Female,48,3,Day_112,ITS,Swab,ITS1,Illumina,CTTGGTCATTTAGAGGAAGTAA,GCTGCGTTCTTCATCGATGC,Scalp,0,No,,4,Healthy,NA,50,13.6,0,SRR6216055,SRR6216055
SRR6216001,NA,NA,EXP-22-AL9797,SRR6216001,ExternalCoconutOilFungi,42,NA,No,Indian,https://doi.org/10.1038/s41598-021-86454-1,Shampoo,Shampoo,Bangalore,India,Female,49,1,Day_0,ITS,Swab,ITS1,Illumina,CTTGGTCATTTAGAGGAAGTAA,GCTGCGTTCTTCATCGATGC,Scalp,0,No,0,4,Healthy,NA,2,23.13,0,SRR6216001,SRR6216001
SRR6215726,NA,NA,EXP-22-AL9797,SRR6215726,ExternalCoconutOilFungi,42,NA,No,Indian,https://doi.org/10.1038/s41598-021-86454-1,Shampoo,Shampoo,Bangalore,India,Female,49,2,Day_84,ITS,Swab,ITS1,Illumina,CTTGGTCATTTAGAGGAAGTAA,GCTGCGTTCTTCATCGATGC,Scalp,0,No,0,4,Healthy,NA,45,15.33,0,SRR6215726,SRR6215726
SRR6216054,NA,NA,EXP-22-AL9797,SRR6216054,ExternalCoconutOilFungi,42,NA,No,Indian,https://doi.org/10.1038/s41598-021-86454-1,Shampoo,Shampoo,Bangalore,India,Female,49,3,Day_112,ITS,Swab,ITS1,Illumina,CTTGGTCATTTAGAGGAAGTAA,GCTGCGTTCTTCATCGATGC,Scalp,0,No,,4,Healthy,NA,25,12.43,0,SRR6216054,SRR6216054
SRR6215852,NA,NA,EXP-22-AL9797,SRR6215852,ExternalCoconutOilFungi,31,NA,No,Indian,https://doi.org/10.1038/s41598-021-86454-1,Oil,Oil,Bangalore,India,Female,50,1,Day_0,ITS,Swab,ITS1,Illumina,CTTGGTCATTTAGAGGAAGTAA,GCTGCGTTCTTCATCGATGC,Scalp,0,No,0,4,Healthy,NA,0,23.9,0,SRR6215852,SRR6215852
SRR6215725,NA,NA,EXP-22-AL9797,SRR6215725,ExternalCoconutOilFungi,31,NA,No,Indian,https://doi.org/10.1038/s41598-021-86454-1,Oil,Oil,Bangalore,India,Female,50,2,Day_84,ITS,Swab,ITS1,Illumina,CTTGGTCATTTAGAGGAAGTAA,GCTGCGTTCTTCATCGATGC,Scalp,0,No,0,4,Healthy,NA,20,22.33,0,SRR6215725,SRR6215725
SRR6216053,NA,NA,EXP-22-AL9797,SRR6216053,ExternalCoconutOilFungi,31,NA,No,Indian,https://doi.org/10.1038/s41598-021-86454-1,Oil,Oil,Bangalore,India,Female,50,3,Day_112,ITS,Swab,ITS1,Illumina,CTTGGTCATTTAGAGGAAGTAA,GCTGCGTTCTTCATCGATGC,Scalp,0,No,,4,Healthy,NA,61,11.6,0,SRR6216053,SRR6216053
SRR6215853,NA,NA,EXP-22-AL9797,SRR6215853,ExternalCoconutOilFungi,41,NA,No,Indian,https://doi.org/10.1038/s41598-021-86454-1,Oil,Oil,Bangalore,India,Female,51,1,Day_0,ITS,Swab,ITS1,Illumina,CTTGGTCATTTAGAGGAAGTAA,GCTGCGTTCTTCATCGATGC,Scalp,0,No,0,4,Healthy,NA,14,25.87,0,SRR6215853,SRR6215853
SRR6216042,NA,NA,EXP-22-AL9797,SRR6216042,ExternalCoconutOilFungi,41,NA,No,Indian,https://doi.org/10.1038/s41598-021-86454-1,Oil,Oil,Bangalore,India,Female,51,2,Day_84,ITS,Swab,ITS1,Illumina,CTTGGTCATTTAGAGGAAGTAA,GCTGCGTTCTTCATCGATGC,Scalp,0,No,0,4,Healthy,NA,18,15.8,0,SRR6216042,SRR6216042
SRR6216068,NA,NA,EXP-22-AL9797,SRR6216068,ExternalCoconutOilFungi,41,NA,No,Indian,https://doi.org/10.1038/s41598-021-86454-1,Oil,Oil,Bangalore,India,Female,51,3,Day_112,ITS,Swab,ITS1,Illumina,CTTGGTCATTTAGAGGAAGTAA,GCTGCGTTCTTCATCGATGC,Scalp,0,No,,4,Healthy,NA,18,11.93,0,SRR6216068,SRR6216068
SRR6215896,NA,NA,EXP-22-AL9797,SRR6215896,ExternalCoconutOilFungi,34,NA,No,Indian,https://doi.org/10.1038/s41598-021-86454-1,Shampoo,Shampoo,Bangalore,India,Female,52,1,Day_0,ITS,Swab,ITS1,Illumina,CTTGGTCATTTAGAGGAAGTAA,GCTGCGTTCTTCATCGATGC,Scalp,0,No,0,4,Healthy,NA,6,22.9,0,SRR6215896,SRR6215896
SRR6215779,NA,NA,EXP-22-AL9797,SRR6215779,ExternalCoconutOilFungi,34,NA,No,Indian,https://doi.org/10.1038/s41598-021-86454-1,Shampoo,Shampoo,Bangalore,India,Female,52,2,Day_84,ITS,Swab,ITS1,Illumina,CTTGGTCATTTAGAGGAAGTAA,GCTGCGTTCTTCATCGATGC,Scalp,0,No,0,4,Healthy,NA,24,18.2,0,SRR6215779,SRR6215779
SRR6215834,NA,NA,EXP-22-AL9797,SRR6215834,ExternalCoconutOilFungi,34,NA,No,Indian,https://doi.org/10.1038/s41598-021-86454-1,Shampoo,Shampoo,Bangalore,India,Female,52,3,Day_112,ITS,Swab,ITS1,Illumina,CTTGGTCATTTAGAGGAAGTAA,GCTGCGTTCTTCATCGATGC,Scalp,0,No,,4,Healthy,NA,68,22.43,0,SRR6215834,SRR6215834
SRR6215895,NA,NA,EXP-22-AL9797,SRR6215895,ExternalCoconutOilFungi,26,NA,No,Indian,https://doi.org/10.1038/s41598-021-86454-1,Oil,Oil,Bangalore,India,Female,53,1,Day_0,ITS,Swab,ITS1,Illumina,CTTGGTCATTTAGAGGAAGTAA,GCTGCGTTCTTCATCGATGC,Scalp,0,No,0,4,Healthy,NA,6,27.33,0,SRR6215895,SRR6215895
SRR6215780,NA,NA,EXP-22-AL9797,SRR6215780,ExternalCoconutOilFungi,26,NA,No,Indian,https://doi.org/10.1038/s41598-021-86454-1,Oil,Oil,Bangalore,India,Female,53,2,Day_84,ITS,Swab,ITS1,Illumina,CTTGGTCATTTAGAGGAAGTAA,GCTGCGTTCTTCATCGATGC,Scalp,0,No,0,4,Healthy,NA,2,24.87,0,SRR6215780,SRR6215780
SRR6215950,NA,NA,EXP-22-AL9797,SRR6215950,ExternalCoconutOilFungi,26,NA,No,Indian,https://doi.org/10.1038/s41598-021-86454-1,Oil,Oil,Bangalore,India,Female,53,3,Day_112,ITS,Swab,ITS1,Illumina,CTTGGTCATTTAGAGGAAGTAA,GCTGCGTTCTTCATCGATGC,Scalp,0,No,,4,Healthy,NA,23,22.83,0,SRR6215950,SRR6215950
SRR6215781,NA,NA,EXP-22-AL9797,SRR6215781,ExternalCoconutOilFungi,20,NA,No,Indian,https://doi.org/10.1038/s41598-021-86454-1,Shampoo,Shampoo,Bangalore,India,Female,54,2,Day_84,ITS,Swab,ITS1,Illumina,CTTGGTCATTTAGAGGAAGTAA,GCTGCGTTCTTCATCGATGC,Scalp,0,No,0,4,Healthy,NA,11,16.37,0,SRR6215781,SRR6215781
SRR6215951,NA,NA,EXP-22-AL9797,SRR6215951,ExternalCoconutOilFungi,20,NA,No,Indian,https://doi.org/10.1038/s41598-021-86454-1,Shampoo,Shampoo,Bangalore,India,Female,54,3,Day_112,ITS,Swab,ITS1,Illumina,CTTGGTCATTTAGAGGAAGTAA,GCTGCGTTCTTCATCGATGC,Scalp,0.25,No,,4,Healthy,NA,10,8.17,0.25,SRR6215951,SRR6215951
SRR6216029,NA,NA,EXP-22-AL9797,SRR6216029,ExternalCoconutOilFungi,45,NA,No,Indian,https://doi.org/10.1038/s41598-021-86454-1,Oil,Oil,Bangalore,India,Female,56,1,Day_0,ITS,Swab,ITS1,Illumina,CTTGGTCATTTAGAGGAAGTAA,GCTGCGTTCTTCATCGATGC,Scalp,0,No,0,4,Healthy,NA,71,22.7,0,SRR6216029,SRR6216029
SRR6215952,NA,NA,EXP-22-AL9797,SRR6215952,ExternalCoconutOilFungi,45,NA,No,Indian,https://doi.org/10.1038/s41598-021-86454-1,Oil,Oil,Bangalore,India,Female,56,2,Day_84,ITS,Swab,ITS1,Illumina,CTTGGTCATTTAGAGGAAGTAA,GCTGCGTTCTTCATCGATGC,Scalp,0,No,0,4,Healthy,NA,31,10.67,0,SRR6215952,SRR6215952
SRR6215894,NA,NA,EXP-22-AL9797,SRR6215894,ExternalCoconutOilFungi,45,NA,No,Indian,https://doi.org/10.1038/s41598-021-86454-1,Oil,Oil,Bangalore,India,Female,56,3,Day_112,ITS,Swab,ITS1,Illumina,CTTGGTCATTTAGAGGAAGTAA,GCTGCGTTCTTCATCGATGC,Scalp,0,No,,4,Healthy,NA,6,16.33,0,SRR6215894,SRR6215894
SRR6216040,NA,NA,EXP-22-AL9797,SRR6216040,ExternalCoconutOilFungi,25,NA,No,Indian,https://doi.org/10.1038/s41598-021-86454-1,Oil,Oil,Bangalore,India,Female,57,1,Day_0,ITS,Swab,ITS1,Illumina,CTTGGTCATTTAGAGGAAGTAA,GCTGCGTTCTTCATCGATGC,Scalp,0,No,0,4,Healthy,NA,70,26.2,0,SRR6216040,SRR6216040
SRR6215953,NA,NA,EXP-22-AL9797,SRR6215953,ExternalCoconutOilFungi,25,NA,No,Indian,https://doi.org/10.1038/s41598-021-86454-1,Oil,Oil,Bangalore,India,Female,57,2,Day_84,ITS,Swab,ITS1,Illumina,CTTGGTCATTTAGAGGAAGTAA,GCTGCGTTCTTCATCGATGC,Scalp,0,No,0,4,Healthy,NA,36,16.8,0,SRR6215953,SRR6215953
SRR6215893,NA,NA,EXP-22-AL9797,SRR6215893,ExternalCoconutOilFungi,25,NA,No,Indian,https://doi.org/10.1038/s41598-021-86454-1,Oil,Oil,Bangalore,India,Female,57,3,Day_112,ITS,Swab,ITS1,Illumina,CTTGGTCATTTAGAGGAAGTAA,GCTGCGTTCTTCATCGATGC,Scalp,0,No,,4,Healthy,NA,72,20.87,0,SRR6215893,SRR6215893
SRR6216041,NA,NA,EXP-22-AL9797,SRR6216041,ExternalCoconutOilFungi,42,NA,No,Indian,https://doi.org/10.1038/s41598-021-86454-1,Shampoo,Shampoo,Bangalore,India,Female,58,1,Day_0,ITS,Swab,ITS1,Illumina,CTTGGTCATTTAGAGGAAGTAA,GCTGCGTTCTTCATCGATGC,Scalp,0,No,0,4,Healthy,NA,64,21.97,0,SRR6216041,SRR6216041
SRR6215954,NA,NA,EXP-22-AL9797,SRR6215954,ExternalCoconutOilFungi,42,NA,No,Indian,https://doi.org/10.1038/s41598-021-86454-1,Shampoo,Shampoo,Bangalore,India,Female,58,2,Day_84,ITS,Swab,ITS1,Illumina,CTTGGTCATTTAGAGGAAGTAA,GCTGCGTTCTTCATCGATGC,Scalp,0,No,0,4,Healthy,NA,53,19.43,0,SRR6215954,SRR6215954
SRR6215900,NA,NA,EXP-22-AL9797,SRR6215900,ExternalCoconutOilFungi,42,NA,No,Indian,https://doi.org/10.1038/s41598-021-86454-1,Shampoo,Shampoo,Bangalore,India,Female,58,3,Day_112,ITS,Swab,ITS1,Illumina,CTTGGTCATTTAGAGGAAGTAA,GCTGCGTTCTTCATCGATGC,Scalp,0,No,,4,Healthy,NA,17,10.83,0,SRR6215900,SRR6215900
SRR6215757,NA,NA,EXP-22-AL9797,SRR6215757,ExternalCoconutOilFungi,44,NA,No,Indian,https://doi.org/10.1038/s41598-021-86454-1,Shampoo,Shampoo,Bangalore,India,Female,59,1,Day_0,ITS,Swab,ITS1,Illumina,CTTGGTCATTTAGAGGAAGTAA,GCTGCGTTCTTCATCGATGC,Scalp,0,No,0,4,Healthy,NA,76,34.03,0,SRR6215757,SRR6215757
SRR6215955,NA,NA,EXP-22-AL9797,SRR6215955,ExternalCoconutOilFungi,44,NA,No,Indian,https://doi.org/10.1038/s41598-021-86454-1,Shampoo,Shampoo,Bangalore,India,Female,59,2,Day_84,ITS,Swab,ITS1,Illumina,CTTGGTCATTTAGAGGAAGTAA,GCTGCGTTCTTCATCGATGC,Scalp,0,No,0,4,Healthy,NA,10,26.23,0,SRR6215955,SRR6215955
SRR6215899,NA,NA,EXP-22-AL9797,SRR6215899,ExternalCoconutOilFungi,44,NA,No,Indian,https://doi.org/10.1038/s41598-021-86454-1,Shampoo,Shampoo,Bangalore,India,Female,59,3,Day_112,ITS,Swab,ITS1,Illumina,CTTGGTCATTTAGAGGAAGTAA,GCTGCGTTCTTCATCGATGC,Scalp,0.125,No,,4,Healthy,NA,12,22.7,0.25,SRR6215899,SRR6215899
SRR6215758,NA,NA,EXP-22-AL9797,SRR6215758,ExternalCoconutOilFungi,40,NA,No,Indian,https://doi.org/10.1038/s41598-021-86454-1,Oil,Oil,Bangalore,India,Female,60,1,Day_0,ITS,Swab,ITS1,Illumina,CTTGGTCATTTAGAGGAAGTAA,GCTGCGTTCTTCATCGATGC,Scalp,0,No,0,4,Healthy,NA,41,19.77,0,SRR6215758,SRR6215758
SRR6215956,NA,NA,EXP-22-AL9797,SRR6215956,ExternalCoconutOilFungi,40,NA,No,Indian,https://doi.org/10.1038/s41598-021-86454-1,Oil,Oil,Bangalore,India,Female,60,2,Day_84,ITS,Swab,ITS1,Illumina,CTTGGTCATTTAGAGGAAGTAA,GCTGCGTTCTTCATCGATGC,Scalp,0,No,0,4,Healthy,NA,50,11.37,0,SRR6215956,SRR6215956
SRR6215898,NA,NA,EXP-22-AL9797,SRR6215898,ExternalCoconutOilFungi,40,NA,No,Indian,https://doi.org/10.1038/s41598-021-86454-1,Oil,Oil,Bangalore,India,Female,60,3,Day_112,ITS,Swab,ITS1,Illumina,CTTGGTCATTTAGAGGAAGTAA,GCTGCGTTCTTCATCGATGC,Scalp,0.5,No,,4,Healthy,NA,27,13.47,0.5,SRR6215898,SRR6215898
SRR6215981,NA,NA,EXP-22-AL9797,SRR6215981,ExternalCoconutOilFungi,42,NA,No,Indian,https://doi.org/10.1038/s41598-021-86454-1,Oil,Oil,Bangalore,India,Female,61,1,Day_0,ITS,Swab,ITS1,Illumina,CTTGGTCATTTAGAGGAAGTAA,GCTGCGTTCTTCATCGATGC,Scalp,0,No,0,4,Healthy,NA,75,21.4,0,SRR6215981,SRR6215981
SRR6215957,NA,NA,EXP-22-AL9797,SRR6215957,ExternalCoconutOilFungi,42,NA,No,Indian,https://doi.org/10.1038/s41598-021-86454-1,Oil,Oil,Bangalore,India,Female,61,2,Day_84,ITS,Swab,ITS1,Illumina,CTTGGTCATTTAGAGGAAGTAA,GCTGCGTTCTTCATCGATGC,Scalp,0,No,0,4,Healthy,NA,20,20.1,0,SRR6215957,SRR6215957
SRR6215897,NA,NA,EXP-22-AL9797,SRR6215897,ExternalCoconutOilFungi,42,NA,No,Indian,https://doi.org/10.1038/s41598-021-86454-1,Oil,Oil,Bangalore,India,Female,61,3,Day_112,ITS,Swab,ITS1,Illumina,CTTGGTCATTTAGAGGAAGTAA,GCTGCGTTCTTCATCGATGC,Scalp,0,No,,4,Healthy,NA,20,10.6,0,SRR6215897,SRR6215897
SRR6215980,NA,NA,EXP-22-AL9797,SRR6215980,ExternalCoconutOilFungi,30,NA,No,Indian,https://doi.org/10.1038/s41598-021-86454-1,Oil,Oil,Bangalore,India,Female,62,1,Day_0,ITS,Swab,ITS1,Illumina,CTTGGTCATTTAGAGGAAGTAA,GCTGCGTTCTTCATCGATGC,Scalp,0,No,0,4,Healthy,NA,9,24.77,0,SRR6215980,SRR6215980
SRR6215948,NA,NA,EXP-22-AL9797,SRR6215948,ExternalCoconutOilFungi,30,NA,No,Indian,https://doi.org/10.1038/s41598-021-86454-1,Oil,Oil,Bangalore,India,Female,62,2,Day_84,ITS,Swab,ITS1,Illumina,CTTGGTCATTTAGAGGAAGTAA,GCTGCGTTCTTCATCGATGC,Scalp,0,No,0,4,Healthy,NA,7,12.93,0,SRR6215948,SRR6215948
SRR6215902,NA,NA,EXP-22-AL9797,SRR6215902,ExternalCoconutOilFungi,30,NA,No,Indian,https://doi.org/10.1038/s41598-021-86454-1,Oil,Oil,Bangalore,India,Female,62,3,Day_112,ITS,Swab,ITS1,Illumina,CTTGGTCATTTAGAGGAAGTAA,GCTGCGTTCTTCATCGATGC,Scalp,0,No,,4,Healthy,NA,1,12.23,0,SRR6215902,SRR6215902
SRR6215983,NA,NA,EXP-22-AL9797,SRR6215983,ExternalCoconutOilFungi,34,NA,No,Indian,https://doi.org/10.1038/s41598-021-86454-1,Shampoo,Shampoo,Bangalore,India,Female,63,1,Day_0,ITS,Swab,ITS1,Illumina,CTTGGTCATTTAGAGGAAGTAA,GCTGCGTTCTTCATCGATGC,Scalp,0,No,0,4,Healthy,NA,15,17.87,0,SRR6215983,SRR6215983
SRR6215949,NA,NA,EXP-22-AL9797,SRR6215949,ExternalCoconutOilFungi,34,NA,No,Indian,https://doi.org/10.1038/s41598-021-86454-1,Shampoo,Shampoo,Bangalore,India,Female,63,2,Day_84,ITS,Swab,ITS1,Illumina,CTTGGTCATTTAGAGGAAGTAA,GCTGCGTTCTTCATCGATGC,Scalp,0,No,0,4,Healthy,NA,23,25.2,0,SRR6215949,SRR6215949
SRR6215901,NA,NA,EXP-22-AL9797,SRR6215901,ExternalCoconutOilFungi,34,NA,No,Indian,https://doi.org/10.1038/s41598-021-86454-1,Shampoo,Shampoo,Bangalore,India,Female,63,3,Day_112,ITS,Swab,ITS1,Illumina,CTTGGTCATTTAGAGGAAGTAA,GCTGCGTTCTTCATCGATGC,Scalp,0,No,,4,Healthy,NA,29,20.03,0,SRR6215901,SRR6215901
SRR6215982,NA,NA,EXP-22-AL9797,SRR6215982,ExternalCoconutOilFungi,45,NA,No,Indian,https://doi.org/10.1038/s41598-021-86454-1,Shampoo,Shampoo,Bangalore,India,Female,64,1,Day_0,ITS,Swab,ITS1,Illumina,CTTGGTCATTTAGAGGAAGTAA,GCTGCGTTCTTCATCGATGC,Scalp,0,No,0,4,Healthy,NA,8,25.97,0,SRR6215982,SRR6215982
SRR6215858,NA,NA,EXP-22-AL9797,SRR6215858,ExternalCoconutOilFungi,45,NA,No,Indian,https://doi.org/10.1038/s41598-021-86454-1,Shampoo,Shampoo,Bangalore,India,Female,64,2,Day_84,ITS,Swab,ITS1,Illumina,CTTGGTCATTTAGAGGAAGTAA,GCTGCGTTCTTCATCGATGC,Scalp,0,No,0,4,Healthy,NA,6,28.27,0,SRR6215858,SRR6215858
SRR6215773,NA,NA,EXP-22-AL9797,SRR6215773,ExternalCoconutOilFungi,45,NA,No,Indian,https://doi.org/10.1038/s41598-021-86454-1,Shampoo,Shampoo,Bangalore,India,Female,64,3,Day_112,ITS,Swab,ITS1,Illumina,CTTGGTCATTTAGAGGAAGTAA,GCTGCGTTCTTCATCGATGC,Scalp,0,No,,4,Healthy,NA,25,24.4,0,SRR6215773,SRR6215773
SRR6215985,NA,NA,EXP-22-AL9797,SRR6215985,ExternalCoconutOilFungi,37,NA,No,Indian,https://doi.org/10.1038/s41598-021-86454-1,Shampoo,Shampoo,Bangalore,India,Female,65,1,Day_0,ITS,Swab,ITS1,Illumina,CTTGGTCATTTAGAGGAAGTAA,GCTGCGTTCTTCATCGATGC,Scalp,0,No,0,4,Healthy,NA,54,19.4,0,SRR6215985,SRR6215985
SRR6215859,NA,NA,EXP-22-AL9797,SRR6215859,ExternalCoconutOilFungi,37,NA,No,Indian,https://doi.org/10.1038/s41598-021-86454-1,Shampoo,Shampoo,Bangalore,India,Female,65,2,Day_84,ITS,Swab,ITS1,Illumina,CTTGGTCATTTAGAGGAAGTAA,GCTGCGTTCTTCATCGATGC,Scalp,0,No,0,4,Healthy,NA,39,16.73,0,SRR6215859,SRR6215859
SRR6215774,NA,NA,EXP-22-AL9797,SRR6215774,ExternalCoconutOilFungi,37,NA,No,Indian,https://doi.org/10.1038/s41598-021-86454-1,Shampoo,Shampoo,Bangalore,India,Female,65,3,Day_112,ITS,Swab,ITS1,Illumina,CTTGGTCATTTAGAGGAAGTAA,GCTGCGTTCTTCATCGATGC,Scalp,0,No,,4,Healthy,NA,23,15.67,0,SRR6215774,SRR6215774
SRR6215984,NA,NA,EXP-22-AL9797,SRR6215984,ExternalCoconutOilFungi,44,NA,No,Indian,https://doi.org/10.1038/s41598-021-86454-1,Shampoo,Shampoo,Bangalore,India,Female,66,1,Day_0,ITS,Swab,ITS1,Illumina,CTTGGTCATTTAGAGGAAGTAA,GCTGCGTTCTTCATCGATGC,Scalp,0,No,0,4,Healthy,NA,5,16.2,0,SRR6215984,SRR6215984
SRR6215860,NA,NA,EXP-22-AL9797,SRR6215860,ExternalCoconutOilFungi,44,NA,No,Indian,https://doi.org/10.1038/s41598-021-86454-1,Shampoo,Shampoo,Bangalore,India,Female,66,2,Day_84,ITS,Swab,ITS1,Illumina,CTTGGTCATTTAGAGGAAGTAA,GCTGCGTTCTTCATCGATGC,Scalp,0,No,0,4,Healthy,NA,8,12.37,0,SRR6215860,SRR6215860
SRR6215775,NA,NA,EXP-22-AL9797,SRR6215775,ExternalCoconutOilFungi,44,NA,No,Indian,https://doi.org/10.1038/s41598-021-86454-1,Shampoo,Shampoo,Bangalore,India,Female,66,3,Day_112,ITS,Swab,ITS1,Illumina,CTTGGTCATTTAGAGGAAGTAA,GCTGCGTTCTTCATCGATGC,Scalp,0.25,No,,4,Healthy,NA,29,17.13,0.25,SRR6215775,SRR6215775
SRR6215987,NA,NA,EXP-22-AL9797,SRR6215987,ExternalCoconutOilFungi,32,NA,No,Indian,https://doi.org/10.1038/s41598-021-86454-1,Oil,Oil,Bangalore,India,Female,67,1,Day_0,ITS,Swab,ITS1,Illumina,CTTGGTCATTTAGAGGAAGTAA,GCTGCGTTCTTCATCGATGC,Scalp,0,No,0,4,Healthy,NA,9,25.27,0,SRR6215987,SRR6215987
SRR6215861,NA,NA,EXP-22-AL9797,SRR6215861,ExternalCoconutOilFungi,32,NA,No,Indian,https://doi.org/10.1038/s41598-021-86454-1,Oil,Oil,Bangalore,India,Female,67,2,Day_84,ITS,Swab,ITS1,Illumina,CTTGGTCATTTAGAGGAAGTAA,GCTGCGTTCTTCATCGATGC,Scalp,0,No,0,4,Healthy,NA,18,19.23,0,SRR6215861,SRR6215861
SRR6215776,NA,NA,EXP-22-AL9797,SRR6215776,ExternalCoconutOilFungi,32,NA,No,Indian,https://doi.org/10.1038/s41598-021-86454-1,Oil,Oil,Bangalore,India,Female,67,3,Day_112,ITS,Swab,ITS1,Illumina,CTTGGTCATTTAGAGGAAGTAA,GCTGCGTTCTTCATCGATGC,Scalp,0,No,,4,Healthy,NA,10,19.9,0,SRR6215776,SRR6215776
SRR6215986,NA,NA,EXP-22-AL9797,SRR6215986,ExternalCoconutOilFungi,45,NA,No,Indian,https://doi.org/10.1038/s41598-021-86454-1,Oil,Oil,Bangalore,India,Female,68,1,Day_0,ITS,Swab,ITS1,Illumina,CTTGGTCATTTAGAGGAAGTAA,GCTGCGTTCTTCATCGATGC,Scalp,0,No,0,4,Healthy,NA,10,21.57,0,SRR6215986,SRR6215986
SRR6215854,NA,NA,EXP-22-AL9797,SRR6215854,ExternalCoconutOilFungi,45,NA,No,Indian,https://doi.org/10.1038/s41598-021-86454-1,Oil,Oil,Bangalore,India,Female,68,2,Day_84,ITS,Swab,ITS1,Illumina,CTTGGTCATTTAGAGGAAGTAA,GCTGCGTTCTTCATCGATGC,Scalp,0,No,0,4,Healthy,NA,32,16.43,0,SRR6215854,SRR6215854
SRR6215769,NA,NA,EXP-22-AL9797,SRR6215769,ExternalCoconutOilFungi,45,NA,No,Indian,https://doi.org/10.1038/s41598-021-86454-1,Oil,Oil,Bangalore,India,Female,68,3,Day_112,ITS,Swab,ITS1,Illumina,CTTGGTCATTTAGAGGAAGTAA,GCTGCGTTCTTCATCGATGC,Scalp,0.125,No,,4,Healthy,NA,65,14.17,0.125,SRR6215769,SRR6215769
SRR6215979,NA,NA,EXP-22-AL9797,SRR6215979,ExternalCoconutOilFungi,41,NA,No,Indian,https://doi.org/10.1038/s41598-021-86454-1,Oil,Oil,Bangalore,India,Female,69,1,Day_0,ITS,Swab,ITS1,Illumina,CTTGGTCATTTAGAGGAAGTAA,GCTGCGTTCTTCATCGATGC,Scalp,0,No,0,4,Healthy,NA,25,23.2,0,SRR6215979,SRR6215979
SRR6215855,NA,NA,EXP-22-AL9797,SRR6215855,ExternalCoconutOilFungi,41,NA,No,Indian,https://doi.org/10.1038/s41598-021-86454-1,Oil,Oil,Bangalore,India,Female,69,2,Day_84,ITS,Swab,ITS1,Illumina,CTTGGTCATTTAGAGGAAGTAA,GCTGCGTTCTTCATCGATGC,Scalp,0.125,No,0,4,Healthy,NA,27,20.07,0.125,SRR6215855,SRR6215855
SRR6215770,NA,NA,EXP-22-AL9797,SRR6215770,ExternalCoconutOilFungi,41,NA,No,Indian,https://doi.org/10.1038/s41598-021-86454-1,Oil,Oil,Bangalore,India,Female,69,3,Day_112,ITS,Swab,ITS1,Illumina,CTTGGTCATTTAGAGGAAGTAA,GCTGCGTTCTTCATCGATGC,Scalp,0,No,,4,Healthy,NA,32,23.43,0,SRR6215770,SRR6215770
SRR6215978,NA,NA,EXP-22-AL9797,SRR6215978,ExternalCoconutOilFungi,35,NA,No,Indian,https://doi.org/10.1038/s41598-021-86454-1,Discontinued,Discontinued,Bangalore,India,Female,70,1,Day_0,ITS,Swab,ITS1,Illumina,CTTGGTCATTTAGAGGAAGTAA,GCTGCGTTCTTCATCGATGC,Scalp,0,No,0,4,Healthy,NA,4,25.47,0,SRR6215978,SRR6215978
SRR6215856,NA,NA,EXP-22-AL9797,SRR6215856,ExternalCoconutOilFungi,32,NA,No,Indian,https://doi.org/10.1038/s41598-021-86454-1,Shampoo,Shampoo,Bangalore,India,Female,71,1,Day_0,ITS,Swab,ITS1,Illumina,CTTGGTCATTTAGAGGAAGTAA,GCTGCGTTCTTCATCGATGC,Scalp,3.25,No,6,4,Dandruff,Lesional,4,34.23,6.875,SRR6215856,SRR6215856
SRR6215771,NA,NA,EXP-22-AL9797,SRR6215771,ExternalCoconutOilFungi,32,NA,No,Indian,https://doi.org/10.1038/s41598-021-86454-1,Shampoo,Shampoo,Bangalore,India,Female,71,2,Day_84,ITS,Swab,ITS1,Illumina,CTTGGTCATTTAGAGGAAGTAA,GCTGCGTTCTTCATCGATGC,Scalp,2.375,No,5,4,Dandruff,Lesional,18,31.83,4.5,SRR6215771,SRR6215771
SRR6216091,NA,NA,EXP-22-AL9797,SRR6216091,ExternalCoconutOilFungi,32,NA,No,Indian,https://doi.org/10.1038/s41598-021-86454-1,Shampoo,Shampoo,Bangalore,India,Female,71,3,Day_112,ITS,Swab,ITS1,Illumina,CTTGGTCATTTAGAGGAAGTAA,GCTGCGTTCTTCATCGATGC,Scalp,2,No,,4,Dandruff,Lesional,27,22.27,4,SRR6216091,SRR6216091
SRR6215857,NA,NA,EXP-22-AL9797,SRR6215857,ExternalCoconutOilFungi,41,NA,No,Indian,https://doi.org/10.1038/s41598-021-86454-1,Oil,Oil,Bangalore,India,Female,72,1,Day_0,ITS,Swab,ITS1,Illumina,CTTGGTCATTTAGAGGAAGTAA,GCTGCGTTCTTCATCGATGC,Scalp,3.25,No,6,4,Dandruff,Lesional,18,24.8,6.75,SRR6215857,SRR6215857
SRR6215772,NA,NA,EXP-22-AL9797,SRR6215772,ExternalCoconutOilFungi,41,NA,No,Indian,https://doi.org/10.1038/s41598-021-86454-1,Oil,Oil,Bangalore,India,Female,72,2,Day_84,ITS,Swab,ITS1,Illumina,CTTGGTCATTTAGAGGAAGTAA,GCTGCGTTCTTCATCGATGC,Scalp,1.75,No,3,4,Dandruff,Lesional,34,21.87,4,SRR6215772,SRR6215772
SRR6216092,NA,NA,EXP-22-AL9797,SRR6216092,ExternalCoconutOilFungi,41,NA,No,Indian,https://doi.org/10.1038/s41598-021-86454-1,Oil,Oil,Bangalore,India,Female,72,3,Day_112,ITS,Swab,ITS1,Illumina,CTTGGTCATTTAGAGGAAGTAA,GCTGCGTTCTTCATCGATGC,Scalp,2.375,No,,4,Dandruff,Lesional,11,22.97,4.125,SRR6216092,SRR6216092
SRR6215862,NA,NA,EXP-22-AL9797,SRR6215862,ExternalCoconutOilFungi,37,NA,No,Indian,https://doi.org/10.1038/s41598-021-86454-1,Shampoo,Shampoo,Bangalore,India,Female,73,1,Day_0,ITS,Swab,ITS1,Illumina,CTTGGTCATTTAGAGGAAGTAA,GCTGCGTTCTTCATCGATGC,Scalp,3.125,No,6,4,Dandruff,Lesional,7,23.8,6.375,SRR6215862,SRR6215862
SRR6215777,NA,NA,EXP-22-AL9797,SRR6215777,ExternalCoconutOilFungi,37,NA,No,Indian,https://doi.org/10.1038/s41598-021-86454-1,Shampoo,Shampoo,Bangalore,India,Female,73,2,Day_84,ITS,Swab,ITS1,Illumina,CTTGGTCATTTAGAGGAAGTAA,GCTGCGTTCTTCATCGATGC,Scalp,0.25,No,1,4,Dandruff,Lesional,30,20.87,0.75,SRR6215777,SRR6215777
SRR6216089,NA,NA,EXP-22-AL9797,SRR6216089,ExternalCoconutOilFungi,37,NA,No,Indian,https://doi.org/10.1038/s41598-021-86454-1,Shampoo,Shampoo,Bangalore,India,Female,73,3,Day_112,ITS,Swab,ITS1,Illumina,CTTGGTCATTTAGAGGAAGTAA,GCTGCGTTCTTCATCGATGC,Scalp,0.375,No,,4,Dandruff,Lesional,6,21.83,0.5,SRR6216089,SRR6216089
SRR6215863,NA,NA,EXP-22-AL9797,SRR6215863,ExternalCoconutOilFungi,36,NA,No,Indian,https://doi.org/10.1038/s41598-021-86454-1,Oil,Oil,Bangalore,India,Female,74,1,Day_0,ITS,Swab,ITS1,Illumina,CTTGGTCATTTAGAGGAAGTAA,GCTGCGTTCTTCATCGATGC,Scalp,2.875,No,5,4,Dandruff,Lesional,22,25.73,5.625,SRR6215863,SRR6215863
SRR6215778,NA,NA,EXP-22-AL9797,SRR6215778,ExternalCoconutOilFungi,36,NA,No,Indian,https://doi.org/10.1038/s41598-021-86454-1,Oil,Oil,Bangalore,India,Female,74,2,Day_84,ITS,Swab,ITS1,Illumina,CTTGGTCATTTAGAGGAAGTAA,GCTGCGTTCTTCATCGATGC,Scalp,0.125,No,0,4,Dandruff,Lesional,20,19.27,0.375,SRR6215778,SRR6215778
SRR6216090,NA,NA,EXP-22-AL9797,SRR6216090,ExternalCoconutOilFungi,36,NA,No,Indian,https://doi.org/10.1038/s41598-021-86454-1,Oil,Oil,Bangalore,India,Female,74,3,Day_112,ITS,Swab,ITS1,Illumina,CTTGGTCATTTAGAGGAAGTAA,GCTGCGTTCTTCATCGATGC,Scalp,0.5,No,,4,Dandruff,Lesional,42,13.1,0.75,SRR6216090,SRR6216090
SRR6215961,NA,NA,EXP-22-AL9797,SRR6215961,ExternalCoconutOilFungi,30,NA,No,Indian,https://doi.org/10.1038/s41598-021-86454-1,Shampoo,Shampoo,Bangalore,India,Female,75,1,Day_0,ITS,Swab,ITS1,Illumina,CTTGGTCATTTAGAGGAAGTAA,GCTGCGTTCTTCATCGATGC,Scalp,3,No,8,4,Dandruff,Lesional,25,25.4,6.375,SRR6215961,SRR6215961
SRR6215745,NA,NA,EXP-22-AL9797,SRR6215745,ExternalCoconutOilFungi,30,NA,No,Indian,https://doi.org/10.1038/s41598-021-86454-1,Shampoo,Shampoo,Bangalore,India,Female,75,2,Day_84,ITS,Swab,ITS1,Illumina,CTTGGTCATTTAGAGGAAGTAA,GCTGCGTTCTTCATCGATGC,Scalp,0.75,No,1,4,Dandruff,Lesional,39,20.97,1.875,SRR6215745,SRR6215745
SRR6216095,NA,NA,EXP-22-AL9797,SRR6216095,ExternalCoconutOilFungi,30,NA,No,Indian,https://doi.org/10.1038/s41598-021-86454-1,Shampoo,Shampoo,Bangalore,India,Female,75,3,Day_112,ITS,Swab,ITS1,Illumina,CTTGGTCATTTAGAGGAAGTAA,GCTGCGTTCTTCATCGATGC,Scalp,0.5,No,,4,Dandruff,Lesional,16,20.07,1.375,SRR6216095,SRR6216095
SRR6215960,NA,NA,EXP-22-AL9797,SRR6215960,ExternalCoconutOilFungi,39,NA,No,Indian,https://doi.org/10.1038/s41598-021-86454-1,Oil,Oil,Bangalore,India,Female,76,1,Day_0,ITS,Swab,ITS1,Illumina,CTTGGTCATTTAGAGGAAGTAA,GCTGCGTTCTTCATCGATGC,Scalp,3.125,No,6,4,Dandruff,Lesional,29,21.73,6.375,SRR6215960,SRR6215960
SRR6216096,NA,NA,EXP-22-AL9797,SRR6216096,ExternalCoconutOilFungi,39,NA,No,Indian,https://doi.org/10.1038/s41598-021-86454-1,Oil,Oil,Bangalore,India,Female,76,3,Day_112,ITS,Swab,ITS1,Illumina,CTTGGTCATTTAGAGGAAGTAA,GCTGCGTTCTTCATCGATGC,Scalp,1.25,No,,4,Dandruff,Lesional,28,27.63,2.875,SRR6216096,SRR6216096
SRR6215959,NA,NA,EXP-22-AL9797,SRR6215959,ExternalCoconutOilFungi,32,NA,No,Indian,https://doi.org/10.1038/s41598-021-86454-1,Shampoo,Shampoo,Bangalore,India,Female,77,1,Day_0,ITS,Swab,ITS1,Illumina,CTTGGTCATTTAGAGGAAGTAA,GCTGCGTTCTTCATCGATGC,Scalp,3.5,No,6,4,Dandruff,Lesional,83,23.8,7.125,SRR6215959,SRR6215959
SRR6215744,NA,NA,EXP-22-AL9797,SRR6215744,ExternalCoconutOilFungi,32,NA,No,Indian,https://doi.org/10.1038/s41598-021-86454-1,Shampoo,Shampoo,Bangalore,India,Female,77,2,Day_84,ITS,Swab,ITS1,Illumina,CTTGGTCATTTAGAGGAAGTAA,GCTGCGTTCTTCATCGATGC,Scalp,0.625,No,2,4,Dandruff,Lesional,28,23.03,1.75,SRR6215744,SRR6215744
SRR6216093,NA,NA,EXP-22-AL9797,SRR6216093,ExternalCoconutOilFungi,32,NA,No,Indian,https://doi.org/10.1038/s41598-021-86454-1,Shampoo,Shampoo,Bangalore,India,Female,77,3,Day_112,ITS,Swab,ITS1,Illumina,CTTGGTCATTTAGAGGAAGTAA,GCTGCGTTCTTCATCGATGC,Scalp,0.375,No,,4,Dandruff,Lesional,33,24.63,0.375,SRR6216093,SRR6216093
SRR6215958,NA,NA,EXP-22-AL9797,SRR6215958,ExternalCoconutOilFungi,39,NA,No,Indian,https://doi.org/10.1038/s41598-021-86454-1,Oil,Oil,Bangalore,India,Female,78,1,Day_0,ITS,Swab,ITS1,Illumina,CTTGGTCATTTAGAGGAAGTAA,GCTGCGTTCTTCATCGATGC,Scalp,3,No,8,4,Dandruff,Lesional,27,24.57,6.125,SRR6215958,SRR6215958
SRR6215747,NA,NA,EXP-22-AL9797,SRR6215747,ExternalCoconutOilFungi,39,NA,No,Indian,https://doi.org/10.1038/s41598-021-86454-1,Oil,Oil,Bangalore,India,Female,78,2,Day_84,ITS,Swab,ITS1,Illumina,CTTGGTCATTTAGAGGAAGTAA,GCTGCGTTCTTCATCGATGC,Scalp,0.875,No,2,4,Dandruff,Lesional,22,23.6,1.625,SRR6215747,SRR6215747
SRR6216094,NA,NA,EXP-22-AL9797,SRR6216094,ExternalCoconutOilFungi,39,NA,No,Indian,https://doi.org/10.1038/s41598-021-86454-1,Oil,Oil,Bangalore,India,Female,78,3,Day_112,ITS,Swab,ITS1,Illumina,CTTGGTCATTTAGAGGAAGTAA,GCTGCGTTCTTCATCGATGC,Scalp,1.625,No,,4,Dandruff,Lesional,5,23.9,2.75,SRR6216094,SRR6216094
SRR6215965,NA,NA,EXP-22-AL9797,SRR6215965,ExternalCoconutOilFungi,38,NA,No,Indian,https://doi.org/10.1038/s41598-021-86454-1,Shampoo,Shampoo,Bangalore,India,Female,79,1,Day_0,ITS,Swab,ITS1,Illumina,CTTGGTCATTTAGAGGAAGTAA,GCTGCGTTCTTCATCGATGC,Scalp,4,No,8,4,Dandruff,Lesional,138,26.4,8,SRR6215965,SRR6215965
SRR6215746,NA,NA,EXP-22-AL9797,SRR6215746,ExternalCoconutOilFungi,38,NA,No,Indian,https://doi.org/10.1038/s41598-021-86454-1,Shampoo,Shampoo,Bangalore,India,Female,79,2,Day_84,ITS,Swab,ITS1,Illumina,CTTGGTCATTTAGAGGAAGTAA,GCTGCGTTCTTCATCGATGC,Scalp,2.375,No,4,4,Dandruff,Lesional,3,24.73,4.5,SRR6215746,SRR6215746
SRR6216087,NA,NA,EXP-22-AL9797,SRR6216087,ExternalCoconutOilFungi,38,NA,No,Indian,https://doi.org/10.1038/s41598-021-86454-1,Shampoo,Shampoo,Bangalore,India,Female,79,3,Day_112,ITS,Swab,ITS1,Illumina,CTTGGTCATTTAGAGGAAGTAA,GCTGCGTTCTTCATCGATGC,Scalp,2.75,No,,4,Dandruff,Lesional,43,23.77,5,SRR6216087,SRR6216087
SRR6215964,NA,NA,EXP-22-AL9797,SRR6215964,ExternalCoconutOilFungi,31,NA,No,Indian,https://doi.org/10.1038/s41598-021-86454-1,Oil,Oil,Bangalore,India,Female,80,1,Day_0,ITS,Swab,ITS1,Illumina,CTTGGTCATTTAGAGGAAGTAA,GCTGCGTTCTTCATCGATGC,Scalp,2.75,No,7,4,Dandruff,Lesional,29,23.67,5.875,SRR6215964,SRR6215964
SRR6215749,NA,NA,EXP-22-AL9797,SRR6215749,ExternalCoconutOilFungi,31,NA,No,Indian,https://doi.org/10.1038/s41598-021-86454-1,Oil,Oil,Bangalore,India,Female,80,2,Day_84,ITS,Swab,ITS1,Illumina,CTTGGTCATTTAGAGGAAGTAA,GCTGCGTTCTTCATCGATGC,Scalp,0.25,No,1,4,Dandruff,Lesional,77,22.07,0.75,SRR6215749,SRR6215749
SRR6216088,NA,NA,EXP-22-AL9797,SRR6216088,ExternalCoconutOilFungi,31,NA,No,Indian,https://doi.org/10.1038/s41598-021-86454-1,Oil,Oil,Bangalore,India,Female,80,3,Day_112,ITS,Swab,ITS1,Illumina,CTTGGTCATTTAGAGGAAGTAA,GCTGCGTTCTTCATCGATGC,Scalp,1.375,No,,4,Dandruff,Lesional,46,24.23,2.875,SRR6216088,SRR6216088
SRR6215748,NA,NA,EXP-22-AL9797,SRR6215748,ExternalCoconutOilFungi,40,NA,No,Indian,https://doi.org/10.1038/s41598-021-86454-1,Oil,Oil,Bangalore,India,Female,82,1,Day_0,ITS,Swab,ITS1,Illumina,CTTGGTCATTTAGAGGAAGTAA,GCTGCGTTCTTCATCGATGC,Scalp,3.5,No,7,4,Dandruff,Lesional,12,25.73,7.25,SRR6215748,SRR6215748
SRR6215808,NA,NA,EXP-22-AL9797,SRR6215808,ExternalCoconutOilFungi,40,NA,No,Indian,https://doi.org/10.1038/s41598-021-86454-1,Oil,Oil,Bangalore,India,Female,82,2,Day_84,ITS,Swab,ITS1,Illumina,CTTGGTCATTTAGAGGAAGTAA,GCTGCGTTCTTCATCGATGC,Scalp,2,No,2,4,Dandruff,Lesional,24,19.23,3.75,SRR6215808,SRR6215808
SRR6215963,NA,NA,EXP-22-AL9797,SRR6215963,ExternalCoconutOilFungi,40,NA,No,Indian,https://doi.org/10.1038/s41598-021-86454-1,Oil,Oil,Bangalore,India,Female,82,3,Day_112,ITS,Swab,ITS1,Illumina,CTTGGTCATTTAGAGGAAGTAA,GCTGCGTTCTTCATCGATGC,Scalp,2,No,,4,Dandruff,Lesional,13,24.4,3.75,SRR6215963,SRR6215963
SRR6215751,NA,NA,EXP-22-AL9797,SRR6215751,ExternalCoconutOilFungi,37,NA,No,Indian,https://doi.org/10.1038/s41598-021-86454-1,Shampoo,Shampoo,Bangalore,India,Female,83,1,Day_0,ITS,Swab,ITS1,Illumina,CTTGGTCATTTAGAGGAAGTAA,GCTGCGTTCTTCATCGATGC,Scalp,2.5,No,7,4,Dandruff,Lesional,47,17.47,5.5,SRR6215751,SRR6215751
SRR6215807,NA,NA,EXP-22-AL9797,SRR6215807,ExternalCoconutOilFungi,37,NA,No,Indian,https://doi.org/10.1038/s41598-021-86454-1,Shampoo,Shampoo,Bangalore,India,Female,83,2,Day_84,ITS,Swab,ITS1,Illumina,CTTGGTCATTTAGAGGAAGTAA,GCTGCGTTCTTCATCGATGC,Scalp,0,No,0,4,Dandruff,Lesional,28,15.57,0.125,SRR6215807,SRR6215807
SRR6215962,NA,NA,EXP-22-AL9797,SRR6215962,ExternalCoconutOilFungi,37,NA,No,Indian,https://doi.org/10.1038/s41598-021-86454-1,Shampoo,Shampoo,Bangalore,India,Female,83,3,Day_112,ITS,Swab,ITS1,Illumina,CTTGGTCATTTAGAGGAAGTAA,GCTGCGTTCTTCATCGATGC,Scalp,0,No,,4,Dandruff,Lesional,57,23.63,0,SRR6215962,SRR6215962
SRR6215750,NA,NA,EXP-22-AL9797,SRR6215750,ExternalCoconutOilFungi,32,NA,No,Indian,https://doi.org/10.1038/s41598-021-86454-1,Shampoo,Shampoo,Bangalore,India,Female,84,1,Day_0,ITS,Swab,ITS1,Illumina,CTTGGTCATTTAGAGGAAGTAA,GCTGCGTTCTTCATCGATGC,Scalp,3.125,No,7,4,Dandruff,Lesional,28,17.3,6.875,SRR6215750,SRR6215750
SRR6215806,NA,NA,EXP-22-AL9797,SRR6215806,ExternalCoconutOilFungi,32,NA,No,Indian,https://doi.org/10.1038/s41598-021-86454-1,Shampoo,Shampoo,Bangalore,India,Female,84,2,Day_84,ITS,Swab,ITS1,Illumina,CTTGGTCATTTAGAGGAAGTAA,GCTGCGTTCTTCATCGATGC,Scalp,1.75,No,4,4,Dandruff,Lesional,23,15.53,2,SRR6215806,SRR6215806
SRR6215967,NA,NA,EXP-22-AL9797,SRR6215967,ExternalCoconutOilFungi,32,NA,No,Indian,https://doi.org/10.1038/s41598-021-86454-1,Shampoo,Shampoo,Bangalore,India,Female,84,3,Day_112,ITS,Swab,ITS1,Illumina,CTTGGTCATTTAGAGGAAGTAA,GCTGCGTTCTTCATCGATGC,Scalp,0.625,No,,4,Dandruff,Lesional,72,24.67,1.25,SRR6215967,SRR6215967
SRR6215753,NA,NA,EXP-22-AL9797,SRR6215753,ExternalCoconutOilFungi,35,NA,No,Indian,https://doi.org/10.1038/s41598-021-86454-1,Oil,Oil,Bangalore,India,Female,85,1,Day_0,ITS,Swab,ITS1,Illumina,CTTGGTCATTTAGAGGAAGTAA,GCTGCGTTCTTCATCGATGC,Scalp,4,No,6,4,Dandruff,Lesional,38,26.67,8,SRR6215753,SRR6215753
SRR6215805,NA,NA,EXP-22-AL9797,SRR6215805,ExternalCoconutOilFungi,35,NA,No,Indian,https://doi.org/10.1038/s41598-021-86454-1,Oil,Oil,Bangalore,India,Female,85,2,Day_84,ITS,Swab,ITS1,Illumina,CTTGGTCATTTAGAGGAAGTAA,GCTGCGTTCTTCATCGATGC,Scalp,1.5,No,6,4,Dandruff,Lesional,32,19.13,2.875,SRR6215805,SRR6215805
SRR6215966,NA,NA,EXP-22-AL9797,SRR6215966,ExternalCoconutOilFungi,35,NA,No,Indian,https://doi.org/10.1038/s41598-021-86454-1,Oil,Oil,Bangalore,India,Female,85,3,Day_112,ITS,Swab,ITS1,Illumina,CTTGGTCATTTAGAGGAAGTAA,GCTGCGTTCTTCATCGATGC,Scalp,2,No,,4,Dandruff,Lesional,31,22.23,3.625,SRR6215966,SRR6215966
SRR6215752,NA,NA,EXP-22-AL9797,SRR6215752,ExternalCoconutOilFungi,32,NA,No,Indian,https://doi.org/10.1038/s41598-021-86454-1,Oil,Oil,Bangalore,India,Female,86,1,Day_0,ITS,Swab,ITS1,Illumina,CTTGGTCATTTAGAGGAAGTAA,GCTGCGTTCTTCATCGATGC,Scalp,2.875,No,6,4,Dandruff,Lesional,35,22.6,6.125,SRR6215752,SRR6215752
SRR6215804,NA,NA,EXP-22-AL9797,SRR6215804,ExternalCoconutOilFungi,32,NA,No,Indian,https://doi.org/10.1038/s41598-021-86454-1,Oil,Oil,Bangalore,India,Female,86,2,Day_84,ITS,Swab,ITS1,Illumina,CTTGGTCATTTAGAGGAAGTAA,GCTGCGTTCTTCATCGATGC,Scalp,0.5,No,1,4,Dandruff,Lesional,16,22.6,0.75,SRR6215804,SRR6215804
SRR6216067,NA,NA,EXP-22-AL9797,SRR6216067,ExternalCoconutOilFungi,32,NA,No,Indian,https://doi.org/10.1038/s41598-021-86454-1,Oil,Oil,Bangalore,India,Female,86,3,Day_112,ITS,Swab,ITS1,Illumina,CTTGGTCATTTAGAGGAAGTAA,GCTGCGTTCTTCATCGATGC,Scalp,1,No,,4,Dandruff,Lesional,32,20.1,1.75,SRR6216067,SRR6216067
SRR6216045,NA,NA,EXP-22-AL9797,SRR6216045,ExternalCoconutOilFungi,28,NA,No,Indian,https://doi.org/10.1038/s41598-021-86454-1,Oil,Oil,Bangalore,India,Female,87,1,Day_0,ITS,Swab,ITS1,Illumina,CTTGGTCATTTAGAGGAAGTAA,GCTGCGTTCTTCATCGATGC,Scalp,2.75,No,6,4,Dandruff,Lesional,40,51.37,6,SRR6216045,SRR6216045
SRR6215803,NA,NA,EXP-22-AL9797,SRR6215803,ExternalCoconutOilFungi,28,NA,No,Indian,https://doi.org/10.1038/s41598-021-86454-1,Oil,Oil,Bangalore,India,Female,87,2,Day_84,ITS,Swab,ITS1,Illumina,CTTGGTCATTTAGAGGAAGTAA,GCTGCGTTCTTCATCGATGC,Scalp,0,No,0,4,Dandruff,Lesional,5,24.97,0,SRR6215803,SRR6215803
SRR6215835,NA,NA,EXP-22-AL9797,SRR6215835,ExternalCoconutOilFungi,28,NA,No,Indian,https://doi.org/10.1038/s41598-021-86454-1,Oil,Oil,Bangalore,India,Female,87,3,Day_112,ITS,Swab,ITS1,Illumina,CTTGGTCATTTAGAGGAAGTAA,GCTGCGTTCTTCATCGATGC,Scalp,0.125,No,,4,Dandruff,Lesional,90,17.53,0.125,SRR6215835,SRR6215835
SRR6216046,NA,NA,EXP-22-AL9797,SRR6216046,ExternalCoconutOilFungi,28,NA,No,Indian,https://doi.org/10.1038/s41598-021-86454-1,Shampoo,Shampoo,Bangalore,India,Female,88,1,Day_0,ITS,Swab,ITS1,Illumina,CTTGGTCATTTAGAGGAAGTAA,GCTGCGTTCTTCATCGATGC,Scalp,2.75,No,7,4,Dandruff,Lesional,47,14.13,5.75,SRR6216046,SRR6216046
SRR6215802,NA,NA,EXP-22-AL9797,SRR6215802,ExternalCoconutOilFungi,28,NA,No,Indian,https://doi.org/10.1038/s41598-021-86454-1,Shampoo,Shampoo,Bangalore,India,Female,88,2,Day_84,ITS,Swab,ITS1,Illumina,CTTGGTCATTTAGAGGAAGTAA,GCTGCGTTCTTCATCGATGC,Scalp,0.125,No,0,4,Dandruff,Lesional,40,18.33,0.25,SRR6215802,SRR6215802
SRR6216065,NA,NA,EXP-22-AL9797,SRR6216065,ExternalCoconutOilFungi,28,NA,No,Indian,https://doi.org/10.1038/s41598-021-86454-1,Shampoo,Shampoo,Bangalore,India,Female,88,3,Day_112,ITS,Swab,ITS1,Illumina,CTTGGTCATTTAGAGGAAGTAA,GCTGCGTTCTTCATCGATGC,Scalp,1.25,No,,4,Dandruff,Lesional,45,11.03,2.5,SRR6216065,SRR6216065
SRR6216043,NA,NA,EXP-22-AL9797,SRR6216043,ExternalCoconutOilFungi,21,NA,No,Indian,https://doi.org/10.1038/s41598-021-86454-1,Shampoo,Shampoo,Bangalore,India,Female,89,1,Day_0,ITS,Swab,ITS1,Illumina,CTTGGTCATTTAGAGGAAGTAA,GCTGCGTTCTTCATCGATGC,Scalp,2.625,No,6,4,Dandruff,Lesional,23,20.93,5.5,SRR6216043,SRR6216043
SRR6215811,NA,NA,EXP-22-AL9797,SRR6215811,ExternalCoconutOilFungi,21,NA,No,Indian,https://doi.org/10.1038/s41598-021-86454-1,Shampoo,Shampoo,Bangalore,India,Female,89,2,Day_84,ITS,Swab,ITS1,Illumina,CTTGGTCATTTAGAGGAAGTAA,GCTGCGTTCTTCATCGATGC,Scalp,0,No,0,4,Dandruff,Lesional,38,23.13,0,SRR6215811,SRR6215811
SRR6216066,NA,NA,EXP-22-AL9797,SRR6216066,ExternalCoconutOilFungi,21,NA,No,Indian,https://doi.org/10.1038/s41598-021-86454-1,Shampoo,Shampoo,Bangalore,India,Female,89,3,Day_112,ITS,Swab,ITS1,Illumina,CTTGGTCATTTAGAGGAAGTAA,GCTGCGTTCTTCATCGATGC,Scalp,2.25,No,,4,Dandruff,Lesional,27,16.63,4,SRR6216066,SRR6216066
SRR6216044,NA,NA,EXP-22-AL9797,SRR6216044,ExternalCoconutOilFungi,34,NA,No,Indian,https://doi.org/10.1038/s41598-021-86454-1,Oil,Oil,Bangalore,India,Female,90,1,Day_0,ITS,Swab,ITS1,Illumina,CTTGGTCATTTAGAGGAAGTAA,GCTGCGTTCTTCATCGATGC,Scalp,3.25,No,9,4,Dandruff,Lesional,39,21.9,6.625,SRR6216044,SRR6216044
SRR6215810,NA,NA,EXP-22-AL9797,SRR6215810,ExternalCoconutOilFungi,34,NA,No,Indian,https://doi.org/10.1038/s41598-021-86454-1,Oil,Oil,Bangalore,India,Female,90,2,Day_84,ITS,Swab,ITS1,Illumina,CTTGGTCATTTAGAGGAAGTAA,GCTGCGTTCTTCATCGATGC,Scalp,0.875,No,1,4,Dandruff,Lesional,15,14.83,1.625,SRR6215810,SRR6215810
SRR6216063,NA,NA,EXP-22-AL9797,SRR6216063,ExternalCoconutOilFungi,34,NA,No,Indian,https://doi.org/10.1038/s41598-021-86454-1,Oil,Oil,Bangalore,India,Female,90,3,Day_112,ITS,Swab,ITS1,Illumina,CTTGGTCATTTAGAGGAAGTAA,GCTGCGTTCTTCATCGATGC,Scalp,1.375,No,,4,Dandruff,Lesional,60,12.53,2.625,SRR6216063,SRR6216063
SRR6216049,NA,NA,EXP-22-AL9797,SRR6216049,ExternalCoconutOilFungi,39,NA,No,Indian,https://doi.org/10.1038/s41598-021-86454-1,Shampoo,Shampoo,Bangalore,India,Female,91,1,Day_0,ITS,Swab,ITS1,Illumina,CTTGGTCATTTAGAGGAAGTAA,GCTGCGTTCTTCATCGATGC,Scalp,2.875,No,8,4,Dandruff,Lesional,17,27.73,6.375,SRR6216049,SRR6216049
SRR6216069,NA,NA,EXP-22-AL9797,SRR6216069,ExternalCoconutOilFungi,39,NA,No,Indian,https://doi.org/10.1038/s41598-021-86454-1,Shampoo,Shampoo,Bangalore,India,Female,91,2,Day_84,ITS,Swab,ITS1,Illumina,CTTGGTCATTTAGAGGAAGTAA,GCTGCGTTCTTCATCGATGC,Scalp,1,No,1,4,Dandruff,Lesional,98,23.87,1.75,SRR6216069,SRR6216069
SRR6216064,NA,NA,EXP-22-AL9797,SRR6216064,ExternalCoconutOilFungi,39,NA,No,Indian,https://doi.org/10.1038/s41598-021-86454-1,Shampoo,Shampoo,Bangalore,India,Female,91,3,Day_112,ITS,Swab,ITS1,Illumina,CTTGGTCATTTAGAGGAAGTAA,GCTGCGTTCTTCATCGATGC,Scalp,1.5,No,,4,Dandruff,Lesional,17,17.83,3.125,SRR6216064,SRR6216064
SRR6216050,NA,NA,EXP-22-AL9797,SRR6216050,ExternalCoconutOilFungi,44,NA,No,Indian,https://doi.org/10.1038/s41598-021-86454-1,Shampoo,Shampoo,Bangalore,India,Female,92,1,Day_0,ITS,Swab,ITS1,Illumina,CTTGGTCATTTAGAGGAAGTAA,GCTGCGTTCTTCATCGATGC,Scalp,4,No,8,4,Dandruff,Lesional,4,34.53,8,SRR6216050,SRR6216050
SRR6216070,NA,NA,EXP-22-AL9797,SRR6216070,ExternalCoconutOilFungi,44,NA,No,Indian,https://doi.org/10.1038/s41598-021-86454-1,Shampoo,Shampoo,Bangalore,India,Female,92,2,Day_84,ITS,Swab,ITS1,Illumina,CTTGGTCATTTAGAGGAAGTAA,GCTGCGTTCTTCATCGATGC,Scalp,2.25,No,4,4,Dandruff,Lesional,0,27.2,4.25,SRR6216070,SRR6216070
SRR6216061,NA,NA,EXP-22-AL9797,SRR6216061,ExternalCoconutOilFungi,44,NA,No,Indian,https://doi.org/10.1038/s41598-021-86454-1,Shampoo,Shampoo,Bangalore,India,Female,92,3,Day_112,ITS,Swab,ITS1,Illumina,CTTGGTCATTTAGAGGAAGTAA,GCTGCGTTCTTCATCGATGC,Scalp,2.625,No,,4,Dandruff,Lesional,10,18.1,4.625,SRR6216061,SRR6216061
SRR6216047,NA,NA,EXP-22-AL9797,SRR6216047,ExternalCoconutOilFungi,35,NA,No,Indian,https://doi.org/10.1038/s41598-021-86454-1,Oil,Oil,Bangalore,India,Female,93,1,Day_0,ITS,Swab,ITS1,Illumina,CTTGGTCATTTAGAGGAAGTAA,GCTGCGTTCTTCATCGATGC,Scalp,3,No,7,4,Dandruff,Lesional,24,16.3,7,SRR6216047,SRR6216047
SRR6215914,NA,NA,EXP-22-AL9797,SRR6215914,ExternalCoconutOilFungi,35,NA,No,Indian,https://doi.org/10.1038/s41598-021-86454-1,Oil,Oil,Bangalore,India,Female,93,2,Day_84,ITS,Swab,ITS1,Illumina,CTTGGTCATTTAGAGGAAGTAA,GCTGCGTTCTTCATCGATGC,Scalp,2,No,2,4,Dandruff,Lesional,52,12.3,4,SRR6215914,SRR6215914
SRR6216062,NA,NA,EXP-22-AL9797,SRR6216062,ExternalCoconutOilFungi,35,NA,No,Indian,https://doi.org/10.1038/s41598-021-86454-1,Oil,Oil,Bangalore,India,Female,93,3,Day_112,ITS,Swab,ITS1,Illumina,CTTGGTCATTTAGAGGAAGTAA,GCTGCGTTCTTCATCGATGC,Scalp,1.875,No,,4,Dandruff,Lesional,38,12.27,3.125,SRR6216062,SRR6216062
SRR6216048,NA,NA,EXP-22-AL9797,SRR6216048,ExternalCoconutOilFungi,44,NA,No,Indian,https://doi.org/10.1038/s41598-021-86454-1,Oil,Oil,Bangalore,India,Female,94,1,Day_0,ITS,Swab,ITS1,Illumina,CTTGGTCATTTAGAGGAAGTAA,GCTGCGTTCTTCATCGATGC,Scalp,3,No,9,4,Dandruff,Lesional,7,27.2,6.125,SRR6216048,SRR6216048
SRR6216072,NA,NA,EXP-22-AL9797,SRR6216072,ExternalCoconutOilFungi,44,NA,No,Indian,https://doi.org/10.1038/s41598-021-86454-1,Oil,Oil,Bangalore,India,Female,94,2,Day_84,ITS,Swab,ITS1,Illumina,CTTGGTCATTTAGAGGAAGTAA,GCTGCGTTCTTCATCGATGC,Scalp,0.5,No,0,4,Dandruff,Lesional,14,23.37,1,SRR6216072,SRR6216072
SRR6216059,NA,NA,EXP-22-AL9797,SRR6216059,ExternalCoconutOilFungi,44,NA,No,Indian,https://doi.org/10.1038/s41598-021-86454-1,Oil,Oil,Bangalore,India,Female,94,3,Day_112,ITS,Swab,ITS1,Illumina,CTTGGTCATTTAGAGGAAGTAA,GCTGCGTTCTTCATCGATGC,Scalp,0.875,No,,4,Dandruff,Lesional,94,19.5,1.5,SRR6216059,SRR6216059
SRR6216051,NA,NA,EXP-22-AL9797,SRR6216051,ExternalCoconutOilFungi,43,NA,No,Indian,https://doi.org/10.1038/s41598-021-86454-1,Oil,Oil,Bangalore,India,Female,95,1,Day_0,ITS,Swab,ITS1,Illumina,CTTGGTCATTTAGAGGAAGTAA,GCTGCGTTCTTCATCGATGC,Scalp,2.75,No,5,4,Dandruff,Lesional,10,27,5.625,SRR6216051,SRR6216051
SRR6216073,NA,NA,EXP-22-AL9797,SRR6216073,ExternalCoconutOilFungi,43,NA,No,Indian,https://doi.org/10.1038/s41598-021-86454-1,Oil,Oil,Bangalore,India,Female,95,2,Day_84,ITS,Swab,ITS1,Illumina,CTTGGTCATTTAGAGGAAGTAA,GCTGCGTTCTTCATCGATGC,Scalp,0,No,0,4,Dandruff,Lesional,18,21.27,0,SRR6216073,SRR6216073
SRR6216060,NA,NA,EXP-22-AL9797,SRR6216060,ExternalCoconutOilFungi,43,NA,No,Indian,https://doi.org/10.1038/s41598-021-86454-1,Oil,Oil,Bangalore,India,Female,95,3,Day_112,ITS,Swab,ITS1,Illumina,CTTGGTCATTTAGAGGAAGTAA,GCTGCGTTCTTCATCGATGC,Scalp,0,No,,4,Dandruff,Lesional,26,10.07,0,SRR6216060,SRR6216060
SRR6216052,NA,NA,EXP-22-AL9797,SRR6216052,ExternalCoconutOilFungi,34,NA,No,Indian,https://doi.org/10.1038/s41598-021-86454-1,Shampoo,Shampoo,Bangalore,India,Female,96,1,Day_0,ITS,Swab,ITS1,Illumina,CTTGGTCATTTAGAGGAAGTAA,GCTGCGTTCTTCATCGATGC,Scalp,3.125,No,7,4,Dandruff,Lesional,12,24.07,6.5,SRR6216052,SRR6216052
SRR6216074,NA,NA,EXP-22-AL9797,SRR6216074,ExternalCoconutOilFungi,34,NA,No,Indian,https://doi.org/10.1038/s41598-021-86454-1,Shampoo,Shampoo,Bangalore,India,Female,96,2,Day_84,ITS,Swab,ITS1,Illumina,CTTGGTCATTTAGAGGAAGTAA,GCTGCGTTCTTCATCGATGC,Scalp,1.625,No,2,4,Dandruff,Lesional,12,22.2,3.125,SRR6216074,SRR6216074
SRR6215766,NA,NA,EXP-22-AL9797,SRR6215766,ExternalCoconutOilFungi,34,NA,No,Indian,https://doi.org/10.1038/s41598-021-86454-1,Shampoo,Shampoo,Bangalore,India,Female,96,3,Day_112,ITS,Swab,ITS1,Illumina,CTTGGTCATTTAGAGGAAGTAA,GCTGCGTTCTTCATCGATGC,Scalp,1.5,No,,4,Dandruff,Lesional,11,19.1,2.625,SRR6215766,SRR6215766
SRR6215945,NA,NA,EXP-22-AL9797,SRR6215945,ExternalCoconutOilFungi,32,NA,No,Indian,https://doi.org/10.1038/s41598-021-86454-1,Shampoo,Shampoo,Bangalore,India,Female,97,1,Day_0,ITS,Swab,ITS1,Illumina,CTTGGTCATTTAGAGGAAGTAA,GCTGCGTTCTTCATCGATGC,Scalp,3,No,5,4,Dandruff,Lesional,27,25,6.125,SRR6215945,SRR6215945
SRR6216075,NA,NA,EXP-22-AL9797,SRR6216075,ExternalCoconutOilFungi,32,NA,No,Indian,https://doi.org/10.1038/s41598-021-86454-1,Shampoo,Shampoo,Bangalore,India,Female,97,2,Day_84,ITS,Swab,ITS1,Illumina,CTTGGTCATTTAGAGGAAGTAA,GCTGCGTTCTTCATCGATGC,Scalp,0.5,No,1,4,Dandruff,Lesional,40,24.37,1.375,SRR6216075,SRR6216075
SRR6215765,NA,NA,EXP-22-AL9797,SRR6215765,ExternalCoconutOilFungi,32,NA,No,Indian,https://doi.org/10.1038/s41598-021-86454-1,Shampoo,Shampoo,Bangalore,India,Female,97,3,Day_112,ITS,Swab,ITS1,Illumina,CTTGGTCATTTAGAGGAAGTAA,GCTGCGTTCTTCATCGATGC,Scalp,2,No,,4,Dandruff,Lesional,16,21.97,3.625,SRR6215765,SRR6215765
SRR6215944,NA,NA,EXP-22-AL9797,SRR6215944,ExternalCoconutOilFungi,40,NA,No,Indian,https://doi.org/10.1038/s41598-021-86454-1,Oil,Oil,Bangalore,India,Female,98,1,Day_0,ITS,Swab,ITS1,Illumina,CTTGGTCATTTAGAGGAAGTAA,GCTGCGTTCTTCATCGATGC,Scalp,3,No,7,4,Dandruff,Lesional,20,23,6.625,SRR6215944,SRR6215944
SRR6216076,NA,NA,EXP-22-AL9797,SRR6216076,ExternalCoconutOilFungi,40,NA,No,Indian,https://doi.org/10.1038/s41598-021-86454-1,Oil,Oil,Bangalore,India,Female,98,2,Day_84,ITS,Swab,ITS1,Illumina,CTTGGTCATTTAGAGGAAGTAA,GCTGCGTTCTTCATCGATGC,Scalp,0.25,No,0,4,Dandruff,Lesional,12,22.57,0.25,SRR6216076,SRR6216076
SRR6215768,NA,NA,EXP-22-AL9797,SRR6215768,ExternalCoconutOilFungi,40,NA,No,Indian,https://doi.org/10.1038/s41598-021-86454-1,Oil,Oil,Bangalore,India,Female,98,3,Day_112,ITS,Swab,ITS1,Illumina,CTTGGTCATTTAGAGGAAGTAA,GCTGCGTTCTTCATCGATGC,Scalp,0.875,No,,4,Dandruff,Lesional,16,21.87,1.375,SRR6215768,SRR6215768
SRR6215943,NA,NA,EXP-22-AL9797,SRR6215943,ExternalCoconutOilFungi,39,NA,No,Indian,https://doi.org/10.1038/s41598-021-86454-1,Shampoo,Shampoo,Bangalore,India,Female,99,1,Day_0,ITS,Swab,ITS1,Illumina,CTTGGTCATTTAGAGGAAGTAA,GCTGCGTTCTTCATCGATGC,Scalp,3.25,No,5,4,Dandruff,Lesional,49,19.3,6.5,SRR6215943,SRR6215943
SRR6215924,NA,NA,EXP-22-AL9797,SRR6215924,ExternalCoconutOilFungi,39,NA,No,Indian,https://doi.org/10.1038/s41598-021-86454-1,Shampoo,Shampoo,Bangalore,India,Female,99,2,Day_84,ITS,Swab,ITS1,Illumina,CTTGGTCATTTAGAGGAAGTAA,GCTGCGTTCTTCATCGATGC,Scalp,0,No,0,4,Dandruff,Lesional,41,17.53,0,SRR6215924,SRR6215924
SRR6215767,NA,NA,EXP-22-AL9797,SRR6215767,ExternalCoconutOilFungi,39,NA,No,Indian,https://doi.org/10.1038/s41598-021-86454-1,Shampoo,Shampoo,Bangalore,India,Female,99,3,Day_112,ITS,Swab,ITS1,Illumina,CTTGGTCATTTAGAGGAAGTAA,GCTGCGTTCTTCATCGATGC,Scalp,0.875,No,,4,Dandruff,Lesional,19,17.07,1.375,SRR6215767,SRR6215767
SRR6215977,NA,NA,EXP-22-AL9797,SRR6215977,ExternalCoconutOilFungi,32,NA,No,Indian,https://doi.org/10.1038/s41598-021-86454-1,Shampoo,Shampoo,Bangalore,India,Female,101,1,Day_0,ITS,Swab,ITS1,Illumina,CTTGGTCATTTAGAGGAAGTAA,GCTGCGTTCTTCATCGATGC,Scalp,3.25,No,8,4,Dandruff,Lesional,5,27.33,7.25,SRR6215977,SRR6215977
SRR6215762,NA,NA,EXP-22-AL9797,SRR6215762,ExternalCoconutOilFungi,32,NA,No,Indian,https://doi.org/10.1038/s41598-021-86454-1,Shampoo,Shampoo,Bangalore,India,Female,101,2,Day_84,ITS,Swab,ITS1,Illumina,CTTGGTCATTTAGAGGAAGTAA,GCTGCGTTCTTCATCGATGC,Scalp,1.25,No,5,4,Dandruff,Lesional,8,27.23,2.75,SRR6215762,SRR6215762
SRR6215942,NA,NA,EXP-22-AL9797,SRR6215942,ExternalCoconutOilFungi,32,NA,No,Indian,https://doi.org/10.1038/s41598-021-86454-1,Shampoo,Shampoo,Bangalore,India,Female,101,3,Day_112,ITS,Swab,ITS1,Illumina,CTTGGTCATTTAGAGGAAGTAA,GCTGCGTTCTTCATCGATGC,Scalp,0.75,No,,4,Dandruff,Lesional,32,23.6,1.75,SRR6215942,SRR6215942
SRR6215976,NA,NA,EXP-22-AL9797,SRR6215976,ExternalCoconutOilFungi,33,NA,No,Indian,https://doi.org/10.1038/s41598-021-86454-1,Oil,Oil,Bangalore,India,Female,102,1,Day_0,ITS,Swab,ITS1,Illumina,CTTGGTCATTTAGAGGAAGTAA,GCTGCGTTCTTCATCGATGC,Scalp,2.75,No,7,4,Dandruff,Lesional,183,22.43,5.625,SRR6215976,SRR6215976
SRR6215761,NA,NA,EXP-22-AL9797,SRR6215761,ExternalCoconutOilFungi,33,NA,No,Indian,https://doi.org/10.1038/s41598-021-86454-1,Oil,Oil,Bangalore,India,Female,102,2,Day_84,ITS,Swab,ITS1,Illumina,CTTGGTCATTTAGAGGAAGTAA,GCTGCGTTCTTCATCGATGC,Scalp,0,No,0,4,Dandruff,Lesional,17,15.53,0.25,SRR6215761,SRR6215761
SRR6215941,NA,NA,EXP-22-AL9797,SRR6215941,ExternalCoconutOilFungi,33,NA,No,Indian,https://doi.org/10.1038/s41598-021-86454-1,Oil,Oil,Bangalore,India,Female,102,3,Day_112,ITS,Swab,ITS1,Illumina,CTTGGTCATTTAGAGGAAGTAA,GCTGCGTTCTTCATCGATGC,Scalp,0.125,No,,4,Dandruff,Lesional,41,17.53,0.5,SRR6215941,SRR6215941
SRR6215975,NA,NA,EXP-22-AL9797,SRR6215975,ExternalCoconutOilFungi,37,NA,No,Indian,https://doi.org/10.1038/s41598-021-86454-1,Oil,Oil,Bangalore,India,Female,103,1,Day_0,ITS,Swab,ITS1,Illumina,CTTGGTCATTTAGAGGAAGTAA,GCTGCGTTCTTCATCGATGC,Scalp,3.5,No,5,4,Dandruff,Lesional,21,23.03,7.25,SRR6215975,SRR6215975
SRR6215764,NA,NA,EXP-22-AL9797,SRR6215764,ExternalCoconutOilFungi,37,NA,No,Indian,https://doi.org/10.1038/s41598-021-86454-1,Oil,Oil,Bangalore,India,Female,103,2,Day_84,ITS,Swab,ITS1,Illumina,CTTGGTCATTTAGAGGAAGTAA,GCTGCGTTCTTCATCGATGC,Scalp,0,No,0,4,Dandruff,Lesional,71,21.17,0.125,SRR6215764,SRR6215764
SRR6215940,NA,NA,EXP-22-AL9797,SRR6215940,ExternalCoconutOilFungi,37,NA,No,Indian,https://doi.org/10.1038/s41598-021-86454-1,Oil,Oil,Bangalore,India,Female,103,3,Day_112,ITS,Swab,ITS1,Illumina,CTTGGTCATTTAGAGGAAGTAA,GCTGCGTTCTTCATCGATGC,Scalp,1,No,,4,Dandruff,Lesional,13,21.53,2,SRR6215940,SRR6215940
SRR6215974,NA,NA,EXP-22-AL9797,SRR6215974,ExternalCoconutOilFungi,32,NA,No,Indian,https://doi.org/10.1038/s41598-021-86454-1,Oil,Oil,Bangalore,India,Female,104,1,Day_0,ITS,Swab,ITS1,Illumina,CTTGGTCATTTAGAGGAAGTAA,GCTGCGTTCTTCATCGATGC,Scalp,3,No,5,4,Dandruff,Lesional,62,21.93,6.125,SRR6215974,SRR6215974
SRR6215763,NA,NA,EXP-22-AL9797,SRR6215763,ExternalCoconutOilFungi,32,NA,No,Indian,https://doi.org/10.1038/s41598-021-86454-1,Oil,Oil,Bangalore,India,Female,104,2,Day_84,ITS,Swab,ITS1,Illumina,CTTGGTCATTTAGAGGAAGTAA,GCTGCGTTCTTCATCGATGC,Scalp,0.375,No,1,4,Dandruff,Lesional,38,26.67,0.875,SRR6215763,SRR6215763
SRR6215939,NA,NA,EXP-22-AL9797,SRR6215939,ExternalCoconutOilFungi,32,NA,No,Indian,https://doi.org/10.1038/s41598-021-86454-1,Oil,Oil,Bangalore,India,Female,104,3,Day_112,ITS,Swab,ITS1,Illumina,CTTGGTCATTTAGAGGAAGTAA,GCTGCGTTCTTCATCGATGC,Scalp,0.125,No,,4,Dandruff,Lesional,45,19.67,0.25,SRR6215939,SRR6215939
SRR6215973,NA,NA,EXP-22-AL9797,SRR6215973,ExternalCoconutOilFungi,31,NA,No,Indian,https://doi.org/10.1038/s41598-021-86454-1,Shampoo,Shampoo,Bangalore,India,Female,105,1,Day_0,ITS,Swab,ITS1,Illumina,CTTGGTCATTTAGAGGAAGTAA,GCTGCGTTCTTCATCGATGC,Scalp,3,No,5,4,Dandruff,Lesional,42,22.4,6.375,SRR6215973,SRR6215973
SRR6215760,NA,NA,EXP-22-AL9797,SRR6215760,ExternalCoconutOilFungi,31,NA,No,Indian,https://doi.org/10.1038/s41598-021-86454-1,Shampoo,Shampoo,Bangalore,India,Female,105,2,Day_84,ITS,Swab,ITS1,Illumina,CTTGGTCATTTAGAGGAAGTAA,GCTGCGTTCTTCATCGATGC,Scalp,0.5,No,1,4,Dandruff,Lesional,5,21.57,1.25,SRR6215760,SRR6215760
SRR6215938,NA,NA,EXP-22-AL9797,SRR6215938,ExternalCoconutOilFungi,31,NA,No,Indian,https://doi.org/10.1038/s41598-021-86454-1,Shampoo,Shampoo,Bangalore,India,Female,105,3,Day_112,ITS,Swab,ITS1,Illumina,CTTGGTCATTTAGAGGAAGTAA,GCTGCGTTCTTCATCGATGC,Scalp,0.875,No,,4,Dandruff,Lesional,9,18.93,1.125,SRR6215938,SRR6215938
SRR6215972,NA,NA,EXP-22-AL9797,SRR6215972,ExternalCoconutOilFungi,39,NA,No,Indian,https://doi.org/10.1038/s41598-021-86454-1,Shampoo,Shampoo,Bangalore,India,Female,106,1,Day_0,ITS,Swab,ITS1,Illumina,CTTGGTCATTTAGAGGAAGTAA,GCTGCGTTCTTCATCGATGC,Scalp,3.75,No,6,4,Dandruff,Lesional,6,24.43,7.375,SRR6215972,SRR6215972
SRR6215759,NA,NA,EXP-22-AL9797,SRR6215759,ExternalCoconutOilFungi,39,NA,No,Indian,https://doi.org/10.1038/s41598-021-86454-1,Shampoo,Shampoo,Bangalore,India,Female,106,2,Day_84,ITS,Swab,ITS1,Illumina,CTTGGTCATTTAGAGGAAGTAA,GCTGCGTTCTTCATCGATGC,Scalp,0.375,No,0,4,Dandruff,Lesional,10,25.4,0.375,SRR6215759,SRR6215759
SRR6215947,NA,NA,EXP-22-AL9797,SRR6215947,ExternalCoconutOilFungi,39,NA,No,Indian,https://doi.org/10.1038/s41598-021-86454-1,Shampoo,Shampoo,Bangalore,India,Female,106,3,Day_112,ITS,Swab,ITS1,Illumina,CTTGGTCATTTAGAGGAAGTAA,GCTGCGTTCTTCATCGATGC,Scalp,1.5,No,,4,Dandruff,Lesional,23,10.93,2.25,SRR6215947,SRR6215947
SRR6215971,NA,NA,EXP-22-AL9797,SRR6215971,ExternalCoconutOilFungi,37,NA,No,Indian,https://doi.org/10.1038/s41598-021-86454-1,Oil,Oil,Bangalore,India,Female,107,1,Day_0,ITS,Swab,ITS1,Illumina,CTTGGTCATTTAGAGGAAGTAA,GCTGCGTTCTTCATCGATGC,Scalp,4,No,6,4,Dandruff,Lesional,1,35.87,8,SRR6215971,SRR6215971
SRR6215885,NA,NA,EXP-22-AL9797,SRR6215885,ExternalCoconutOilFungi,37,NA,No,Indian,https://doi.org/10.1038/s41598-021-86454-1,Oil,Oil,Bangalore,India,Female,107,2,Day_84,ITS,Swab,ITS1,Illumina,CTTGGTCATTTAGAGGAAGTAA,GCTGCGTTCTTCATCGATGC,Scalp,1.625,No,3,4,Dandruff,Lesional,4,22.27,3.125,SRR6215885,SRR6215885
SRR6215946,NA,NA,EXP-22-AL9797,SRR6215946,ExternalCoconutOilFungi,37,NA,No,Indian,https://doi.org/10.1038/s41598-021-86454-1,Oil,Oil,Bangalore,India,Female,107,3,Day_112,ITS,Swab,ITS1,Illumina,CTTGGTCATTTAGAGGAAGTAA,GCTGCGTTCTTCATCGATGC,Scalp,1.75,No,,4,Dandruff,Lesional,13,22.1,3.25,SRR6215946,SRR6215946
SRR6215970,NA,NA,EXP-22-AL9797,SRR6215970,ExternalCoconutOilFungi,25,NA,No,Indian,https://doi.org/10.1038/s41598-021-86454-1,Shampoo,Shampoo,Bangalore,India,Female,108,1,Day_0,ITS,Swab,ITS1,Illumina,CTTGGTCATTTAGAGGAAGTAA,GCTGCGTTCTTCATCGATGC,Scalp,3.125,No,8,4,Dandruff,Lesional,9,26.1,6.5,SRR6215970,SRR6215970
SRR6215886,NA,NA,EXP-22-AL9797,SRR6215886,ExternalCoconutOilFungi,25,NA,No,Indian,https://doi.org/10.1038/s41598-021-86454-1,Shampoo,Shampoo,Bangalore,India,Female,108,2,Day_84,ITS,Swab,ITS1,Illumina,CTTGGTCATTTAGAGGAAGTAA,GCTGCGTTCTTCATCGATGC,Scalp,1.625,No,4,4,Dandruff,Lesional,24,26.6,3.625,SRR6215886,SRR6215886
SRR6215990,NA,NA,EXP-22-AL9797,SRR6215990,ExternalCoconutOilFungi,25,NA,No,Indian,https://doi.org/10.1038/s41598-021-86454-1,Shampoo,Shampoo,Bangalore,India,Female,108,3,Day_112,ITS,Swab,ITS1,Illumina,CTTGGTCATTTAGAGGAAGTAA,GCTGCGTTCTTCATCGATGC,Scalp,0.625,No,,4,Dandruff,Lesional,6,15.13,1.25,SRR6215990,SRR6215990
SRR6215969,NA,NA,EXP-22-AL9797,SRR6215969,ExternalCoconutOilFungi,37,NA,No,Indian,https://doi.org/10.1038/s41598-021-86454-1,Oil,Oil,Bangalore,India,Female,109,1,Day_0,ITS,Swab,ITS1,Illumina,CTTGGTCATTTAGAGGAAGTAA,GCTGCGTTCTTCATCGATGC,Scalp,2.75,No,7,4,Dandruff,Lesional,37,20.37,5.5,SRR6215969,SRR6215969
SRR6215887,NA,NA,EXP-22-AL9797,SRR6215887,ExternalCoconutOilFungi,37,NA,No,Indian,https://doi.org/10.1038/s41598-021-86454-1,Oil,Oil,Bangalore,India,Female,109,2,Day_84,ITS,Swab,ITS1,Illumina,CTTGGTCATTTAGAGGAAGTAA,GCTGCGTTCTTCATCGATGC,Scalp,0.25,No,0,4,Dandruff,Lesional,18,13.37,0.25,SRR6215887,SRR6215887
SRR6215991,NA,NA,EXP-22-AL9797,SRR6215991,ExternalCoconutOilFungi,37,NA,No,Indian,https://doi.org/10.1038/s41598-021-86454-1,Oil,Oil,Bangalore,India,Female,109,3,Day_112,ITS,Swab,ITS1,Illumina,CTTGGTCATTTAGAGGAAGTAA,GCTGCGTTCTTCATCGATGC,Scalp,0,No,,4,Dandruff,Lesional,25,16.27,0.125,SRR6215991,SRR6215991
SRR6215968,NA,NA,EXP-22-AL9797,SRR6215968,ExternalCoconutOilFungi,34,NA,No,Indian,https://doi.org/10.1038/s41598-021-86454-1,Shampoo,Shampoo,Bangalore,India,Female,110,1,Day_0,ITS,Swab,ITS1,Illumina,CTTGGTCATTTAGAGGAAGTAA,GCTGCGTTCTTCATCGATGC,Scalp,2.625,No,6,4,Dandruff,Lesional,15,23.9,5.625,SRR6215968,SRR6215968
SRR6215888,NA,NA,EXP-22-AL9797,SRR6215888,ExternalCoconutOilFungi,34,NA,No,Indian,https://doi.org/10.1038/s41598-021-86454-1,Shampoo,Shampoo,Bangalore,India,Female,110,2,Day_84,ITS,Swab,ITS1,Illumina,CTTGGTCATTTAGAGGAAGTAA,GCTGCGTTCTTCATCGATGC,Scalp,1,No,1,4,Dandruff,Lesional,20,26.37,1.5,SRR6215888,SRR6215888
SRR6215846,NA,NA,EXP-22-AL9797,SRR6215846,ExternalCoconutOilFungi,34,NA,No,Indian,https://doi.org/10.1038/s41598-021-86454-1,Shampoo,Shampoo,Bangalore,India,Female,110,3,Day_112,ITS,Swab,ITS1,Illumina,CTTGGTCATTTAGAGGAAGTAA,GCTGCGTTCTTCATCGATGC,Scalp,0.75,No,,4,Dandruff,Lesional,5,13.17,1.75,SRR6215846,SRR6215846
SRR6215866,NA,NA,EXP-22-AL9797,SRR6215866,ExternalCoconutOilFungi,31,NA,No,Indian,https://doi.org/10.1038/s41598-021-86454-1,Oil,Oil,Bangalore,India,Female,111,1,Day_0,ITS,Swab,ITS1,Illumina,CTTGGTCATTTAGAGGAAGTAA,GCTGCGTTCTTCATCGATGC,Scalp,4,No,8,4,Dandruff,Lesional,9,49.7,8,SRR6215866,SRR6215866
SRR6215889,NA,NA,EXP-22-AL9797,SRR6215889,ExternalCoconutOilFungi,31,NA,No,Indian,https://doi.org/10.1038/s41598-021-86454-1,Oil,Oil,Bangalore,India,Female,111,2,Day_84,ITS,Swab,ITS1,Illumina,CTTGGTCATTTAGAGGAAGTAA,GCTGCGTTCTTCATCGATGC,Scalp,0.375,No,1,4,Dandruff,Lesional,56,25.53,0.75,SRR6215889,SRR6215889
SRR6215847,NA,NA,EXP-22-AL9797,SRR6215847,ExternalCoconutOilFungi,31,NA,No,Indian,https://doi.org/10.1038/s41598-021-86454-1,Oil,Oil,Bangalore,India,Female,111,3,Day_112,ITS,Swab,ITS1,Illumina,CTTGGTCATTTAGAGGAAGTAA,GCTGCGTTCTTCATCGATGC,Scalp,1.875,No,,4,Dandruff,Lesional,26,32.97,3.375,SRR6215847,SRR6215847
SRR6215867,NA,NA,EXP-22-AL9797,SRR6215867,ExternalCoconutOilFungi,35,NA,No,Indian,https://doi.org/10.1038/s41598-021-86454-1,Oil,Oil,Bangalore,India,Female,112,1,Day_0,ITS,Swab,ITS1,Illumina,CTTGGTCATTTAGAGGAAGTAA,GCTGCGTTCTTCATCGATGC,Scalp,3.75,No,7,4,Dandruff,Lesional,10,22.67,7.5,SRR6215867,SRR6215867
SRR6215890,NA,NA,EXP-22-AL9797,SRR6215890,ExternalCoconutOilFungi,35,NA,No,Indian,https://doi.org/10.1038/s41598-021-86454-1,Oil,Oil,Bangalore,India,Female,112,2,Day_84,ITS,Swab,ITS1,Illumina,CTTGGTCATTTAGAGGAAGTAA,GCTGCGTTCTTCATCGATGC,Scalp,1.75,No,2,4,Dandruff,Lesional,4,9.63,3,SRR6215890,SRR6215890
SRR6215848,NA,NA,EXP-22-AL9797,SRR6215848,ExternalCoconutOilFungi,35,NA,No,Indian,https://doi.org/10.1038/s41598-021-86454-1,Oil,Oil,Bangalore,India,Female,112,3,Day_112,ITS,Swab,ITS1,Illumina,CTTGGTCATTTAGAGGAAGTAA,GCTGCGTTCTTCATCGATGC,Scalp,0.75,No,,4,Dandruff,Lesional,20,17.7,1.75,SRR6215848,SRR6215848
SRR6215755,NA,NA,EXP-22-AL9797,SRR6215755,ExternalCoconutOilFungi,33,NA,No,Indian,https://doi.org/10.1038/s41598-021-86454-1,Shampoo,Shampoo,Bangalore,India,Female,113,1,Day_0,ITS,Swab,ITS1,Illumina,CTTGGTCATTTAGAGGAAGTAA,GCTGCGTTCTTCATCGATGC,Scalp,3,No,6,4,Dandruff,Lesional,46,23.93,6,SRR6215755,SRR6215755
SRR6215891,NA,NA,EXP-22-AL9797,SRR6215891,ExternalCoconutOilFungi,33,NA,No,Indian,https://doi.org/10.1038/s41598-021-86454-1,Shampoo,Shampoo,Bangalore,India,Female,113,2,Day_84,ITS,Swab,ITS1,Illumina,CTTGGTCATTTAGAGGAAGTAA,GCTGCGTTCTTCATCGATGC,Scalp,1.375,No,2,4,Dandruff,Lesional,51,12.23,2.375,SRR6215891,SRR6215891
SRR6215849,NA,NA,EXP-22-AL9797,SRR6215849,ExternalCoconutOilFungi,33,NA,No,Indian,https://doi.org/10.1038/s41598-021-86454-1,Shampoo,Shampoo,Bangalore,India,Female,113,3,Day_112,ITS,Swab,ITS1,Illumina,CTTGGTCATTTAGAGGAAGTAA,GCTGCGTTCTTCATCGATGC,Scalp,1.5,No,,4,Dandruff,Lesional,54,15.13,2.875,SRR6215849,SRR6215849
SRR6215756,NA,NA,EXP-22-AL9797,SRR6215756,ExternalCoconutOilFungi,31,NA,No,Indian,https://doi.org/10.1038/s41598-021-86454-1,Shampoo,Shampoo,Bangalore,India,Female,114,1,Day_0,ITS,Swab,ITS1,Illumina,CTTGGTCATTTAGAGGAAGTAA,GCTGCGTTCTTCATCGATGC,Scalp,3.125,No,7,4,Dandruff,Lesional,46,27.17,6.5,SRR6215756,SRR6215756
SRR6215892,NA,NA,EXP-22-AL9797,SRR6215892,ExternalCoconutOilFungi,31,NA,No,Indian,https://doi.org/10.1038/s41598-021-86454-1,Shampoo,Shampoo,Bangalore,India,Female,114,2,Day_84,ITS,Swab,ITS1,Illumina,CTTGGTCATTTAGAGGAAGTAA,GCTGCGTTCTTCATCGATGC,Scalp,0,No,0,4,Dandruff,Lesional,45,13.6,0,SRR6215892,SRR6215892
SRR6215850,NA,NA,EXP-22-AL9797,SRR6215850,ExternalCoconutOilFungi,31,NA,No,Indian,https://doi.org/10.1038/s41598-021-86454-1,Shampoo,Shampoo,Bangalore,India,Female,114,3,Day_112,ITS,Swab,ITS1,Illumina,CTTGGTCATTTAGAGGAAGTAA,GCTGCGTTCTTCATCGATGC,Scalp,1,No,,4,Dandruff,Lesional,33,13.57,1.875,SRR6215850,SRR6215850
SRR6215870,NA,NA,EXP-22-AL9797,SRR6215870,ExternalCoconutOilFungi,26,NA,No,Indian,https://doi.org/10.1038/s41598-021-86454-1,Discontinued,Discontinued,Bangalore,India,Female,115,1,Day_0,ITS,Swab,ITS1,Illumina,CTTGGTCATTTAGAGGAAGTAA,GCTGCGTTCTTCATCGATGC,Scalp,3,No,5,4,Dandruff,Lesional,17,31.73,6.5,SRR6215870,SRR6215870
SRR6215851,NA,NA,EXP-22-AL9797,SRR6215851,ExternalCoconutOilFungi,43,NA,No,Indian,https://doi.org/10.1038/s41598-021-86454-1,Shampoo,Shampoo,Bangalore,India,Female,117,1,Day_0,ITS,Swab,ITS1,Illumina,CTTGGTCATTTAGAGGAAGTAA,GCTGCGTTCTTCATCGATGC,Scalp,2.75,No,7,4,Dandruff,Lesional,46,17.4,5.5,SRR6215851,SRR6215851
SRR6215872,NA,NA,EXP-22-AL9797,SRR6215872,ExternalCoconutOilFungi,43,NA,No,Indian,https://doi.org/10.1038/s41598-021-86454-1,Shampoo,Shampoo,Bangalore,India,Female,117,2,Day_84,ITS,Swab,ITS1,Illumina,CTTGGTCATTTAGAGGAAGTAA,GCTGCGTTCTTCATCGATGC,Scalp,0.25,No,1,4,Dandruff,Lesional,41,16.9,0.5,SRR6215872,SRR6215872
SRR6215883,NA,NA,EXP-22-AL9797,SRR6215883,ExternalCoconutOilFungi,43,NA,No,Indian,https://doi.org/10.1038/s41598-021-86454-1,Shampoo,Shampoo,Bangalore,India,Female,117,3,Day_112,ITS,Swab,ITS1,Illumina,CTTGGTCATTTAGAGGAAGTAA,GCTGCGTTCTTCATCGATGC,Scalp,0.625,No,,4,Dandruff,Lesional,14,16.3,1,SRR6215883,SRR6215883
SRR6215988,NA,NA,EXP-22-AL9797,SRR6215988,ExternalCoconutOilFungi,33,NA,No,Indian,https://doi.org/10.1038/s41598-021-86454-1,Oil,Oil,Bangalore,India,Female,118,1,Day_0,ITS,Swab,ITS1,Illumina,CTTGGTCATTTAGAGGAAGTAA,GCTGCGTTCTTCATCGATGC,Scalp,2.75,No,8,4,Dandruff,Lesional,8,23.2,5.5,SRR6215988,SRR6215988
SRR6215873,NA,NA,EXP-22-AL9797,SRR6215873,ExternalCoconutOilFungi,33,NA,No,Indian,https://doi.org/10.1038/s41598-021-86454-1,Oil,Oil,Bangalore,India,Female,118,2,Day_84,ITS,Swab,ITS1,Illumina,CTTGGTCATTTAGAGGAAGTAA,GCTGCGTTCTTCATCGATGC,Scalp,0.75,No,1,4,Dandruff,Lesional,37,21.3,1.25,SRR6215873,SRR6215873
SRR6215884,NA,NA,EXP-22-AL9797,SRR6215884,ExternalCoconutOilFungi,33,NA,No,Indian,https://doi.org/10.1038/s41598-021-86454-1,Oil,Oil,Bangalore,India,Female,118,3,Day_112,ITS,Swab,ITS1,Illumina,CTTGGTCATTTAGAGGAAGTAA,GCTGCGTTCTTCATCGATGC,Scalp,0.875,No,,4,Dandruff,Lesional,23,15.07,1.375,SRR6215884,SRR6215884
SRR6215989,NA,NA,EXP-22-AL9797,SRR6215989,ExternalCoconutOilFungi,38,NA,No,Indian,https://doi.org/10.1038/s41598-021-86454-1,Shampoo,Shampoo,Bangalore,India,Female,119,1,Day_0,ITS,Swab,ITS1,Illumina,CTTGGTCATTTAGAGGAAGTAA,GCTGCGTTCTTCATCGATGC,Scalp,3.125,No,8,4,Dandruff,Lesional,1,31.47,6.125,SRR6215989,SRR6215989
SRR6215743,NA,NA,EXP-22-AL9797,SRR6215743,ExternalCoconutOilFungi,38,NA,No,Indian,https://doi.org/10.1038/s41598-021-86454-1,Shampoo,Shampoo,Bangalore,India,Female,119,2,Day_84,ITS,Swab,ITS1,Illumina,CTTGGTCATTTAGAGGAAGTAA,GCTGCGTTCTTCATCGATGC,Scalp,0,No,0,4,Dandruff,Lesional,0,20.6,0,SRR6215743,SRR6215743
SRR6215999,NA,NA,EXP-22-AL9797,SRR6215999,ExternalCoconutOilFungi,38,NA,No,Indian,https://doi.org/10.1038/s41598-021-86454-1,Shampoo,Shampoo,Bangalore,India,Female,119,3,Day_112,ITS,Swab,ITS1,Illumina,CTTGGTCATTTAGAGGAAGTAA,GCTGCGTTCTTCATCGATGC,Scalp,2.25,No,,4,Dandruff,Lesional,5,19.87,4.75,SRR6215999,SRR6215999
SRR6216023,NA,NA,EXP-22-AL9797,SRR6216023,ExternalCoconutOilFungi,35,NA,No,Indian,https://doi.org/10.1038/s41598-021-86454-1,Oil,Oil,Bangalore,India,Female,120,1,Day_0,ITS,Swab,ITS1,Illumina,CTTGGTCATTTAGAGGAAGTAA,GCTGCGTTCTTCATCGATGC,Scalp,2.875,No,7,4,Dandruff,Lesional,82,22.17,5.75,SRR6216023,SRR6216023
SRR6215754,NA,NA,EXP-22-AL9797,SRR6215754,ExternalCoconutOilFungi,35,NA,No,Indian,https://doi.org/10.1038/s41598-021-86454-1,Oil,Oil,Bangalore,India,Female,120,2,Day_84,ITS,Swab,ITS1,Illumina,CTTGGTCATTTAGAGGAAGTAA,GCTGCGTTCTTCATCGATGC,Scalp,0.375,No,1,4,Dandruff,Lesional,29,14.73,0.375,SRR6215754,SRR6215754
SRR6215998,NA,NA,EXP-22-AL9797,SRR6215998,ExternalCoconutOilFungi,35,NA,No,Indian,https://doi.org/10.1038/s41598-021-86454-1,Oil,Oil,Bangalore,India,Female,120,3,Day_112,ITS,Swab,ITS1,Illumina,CTTGGTCATTTAGAGGAAGTAA,GCTGCGTTCTTCATCGATGC,Scalp,0.125,No,,4,Dandruff,Lesional,23,21.17,0.125,SRR6215998,SRR6215998
SRR6216022,NA,NA,EXP-22-AL9797,SRR6216022,ExternalCoconutOilFungi,32,NA,No,Indian,https://doi.org/10.1038/s41598-021-86454-1,Oil,Oil,Bangalore,India,Female,121,1,Day_0,ITS,Swab,ITS1,Illumina,CTTGGTCATTTAGAGGAAGTAA,GCTGCGTTCTTCATCGATGC,Scalp,3,No,7,4,Dandruff,Lesional,192,22.57,5.875,SRR6216022,SRR6216022
SRR6215795,NA,NA,EXP-22-AL9797,SRR6215795,ExternalCoconutOilFungi,32,NA,No,Indian,https://doi.org/10.1038/s41598-021-86454-1,Oil,Oil,Bangalore,India,Female,121,2,Day_84,ITS,Swab,ITS1,Illumina,CTTGGTCATTTAGAGGAAGTAA,GCTGCGTTCTTCATCGATGC,Scalp,0.125,No,0,4,Dandruff,Lesional,46,21.53,0.125,SRR6215795,SRR6215795
SRR6215997,NA,NA,EXP-22-AL9797,SRR6215997,ExternalCoconutOilFungi,32,NA,No,Indian,https://doi.org/10.1038/s41598-021-86454-1,Oil,Oil,Bangalore,India,Female,121,3,Day_112,ITS,Swab,ITS1,Illumina,CTTGGTCATTTAGAGGAAGTAA,GCTGCGTTCTTCATCGATGC,Scalp,2.25,No,,4,Dandruff,Lesional,55,22.13,3.875,SRR6215997,SRR6215997
SRR6216025,NA,NA,EXP-22-AL9797,SRR6216025,ExternalCoconutOilFungi,35,NA,No,Indian,https://doi.org/10.1038/s41598-021-86454-1,Shampoo,Shampoo,Bangalore,India,Female,122,1,Day_0,ITS,Swab,ITS1,Illumina,CTTGGTCATTTAGAGGAAGTAA,GCTGCGTTCTTCATCGATGC,Scalp,3.125,No,7,4,Dandruff,Lesional,49,46.33,6.25,SRR6216025,SRR6216025
SRR6215794,NA,NA,EXP-22-AL9797,SRR6215794,ExternalCoconutOilFungi,35,NA,No,Indian,https://doi.org/10.1038/s41598-021-86454-1,Shampoo,Shampoo,Bangalore,India,Female,122,2,Day_84,ITS,Swab,ITS1,Illumina,CTTGGTCATTTAGAGGAAGTAA,GCTGCGTTCTTCATCGATGC,Scalp,0.375,No,1,4,Dandruff,Lesional,6,24.87,0.75,SRR6215794,SRR6215794
SRR6215996,NA,NA,EXP-22-AL9797,SRR6215996,ExternalCoconutOilFungi,35,NA,No,Indian,https://doi.org/10.1038/s41598-021-86454-1,Shampoo,Shampoo,Bangalore,India,Female,122,3,Day_112,ITS,Swab,ITS1,Illumina,CTTGGTCATTTAGAGGAAGTAA,GCTGCGTTCTTCATCGATGC,Scalp,0.875,No,,4,Dandruff,Lesional,7,22.2,1.375,SRR6215996,SRR6215996
SRR6215796,NA,NA,EXP-22-AL9797,SRR6215796,ExternalCoconutOilFungi,23,NA,No,Indian,https://doi.org/10.1038/s41598-021-86454-1,Shampoo,Shampoo,Bangalore,India,Female,124,1,Day_0,ITS,Swab,ITS1,Illumina,CTTGGTCATTTAGAGGAAGTAA,GCTGCGTTCTTCATCGATGC,Scalp,3,No,6,4,Dandruff,Lesional,43,18.27,6,SRR6215796,SRR6215796
SRR6215995,NA,NA,EXP-22-AL9797,SRR6215995,ExternalCoconutOilFungi,23,NA,No,Indian,https://doi.org/10.1038/s41598-021-86454-1,Shampoo,Shampoo,Bangalore,India,Female,124,2,Day_84,ITS,Swab,ITS1,Illumina,CTTGGTCATTTAGAGGAAGTAA,GCTGCGTTCTTCATCGATGC,Scalp,0.375,No,2,4,Dandruff,Lesional,22,18.03,0.5,SRR6215995,SRR6215995
SRR6216024,NA,NA,EXP-22-AL9797,SRR6216024,ExternalCoconutOilFungi,23,NA,No,Indian,https://doi.org/10.1038/s41598-021-86454-1,Shampoo,Shampoo,Bangalore,India,Female,125,3,Day_112,ITS,Swab,ITS1,Illumina,CTTGGTCATTTAGAGGAAGTAA,GCTGCGTTCTTCATCGATGC,Scalp,1.5,No,,4,Dandruff,Lesional,16,11.6,2.625,SRR6216024,SRR6216024
SRR6215799,NA,NA,EXP-22-AL9797,SRR6215799,ExternalCoconutOilFungi,38,NA,No,Indian,https://doi.org/10.1038/s41598-021-86454-1,Oil,Oil,Bangalore,India,Female,125,1,Day_0,ITS,Swab,ITS1,Illumina,CTTGGTCATTTAGAGGAAGTAA,GCTGCGTTCTTCATCGATGC,Scalp,3,No,6,4,Dandruff,Lesional,3,24.73,6,SRR6215799,SRR6215799
SRR6215994,NA,NA,EXP-22-AL9797,SRR6215994,ExternalCoconutOilFungi,38,NA,No,Indian,https://doi.org/10.1038/s41598-021-86454-1,Oil,Oil,Bangalore,India,Female,125,2,Day_84,ITS,Swab,ITS1,Illumina,CTTGGTCATTTAGAGGAAGTAA,GCTGCGTTCTTCATCGATGC,Scalp,1.25,No,3,4,Dandruff,Lesional,3,23.6,2.875,SRR6215994,SRR6215994
SRR6216019,NA,NA,EXP-22-AL9797,SRR6216019,ExternalCoconutOilFungi,38,NA,No,Indian,https://doi.org/10.1038/s41598-021-86454-1,Oil,Oil,Bangalore,India,Female,125,3,Day_112,ITS,Swab,ITS1,Illumina,CTTGGTCATTTAGAGGAAGTAA,GCTGCGTTCTTCATCGATGC,Scalp,1.25,No,,4,Dandruff,Lesional,3,22.07,2.375,SRR6216019,SRR6216019
SRR6215798,NA,NA,EXP-22-AL9797,SRR6215798,ExternalCoconutOilFungi,25,NA,No,Indian,https://doi.org/10.1038/s41598-021-86454-1,Shampoo,Shampoo,Bangalore,India,Female,126,1,Day_0,ITS,Swab,ITS1,Illumina,CTTGGTCATTTAGAGGAAGTAA,GCTGCGTTCTTCATCGATGC,Scalp,2.875,No,7,4,Dandruff,Lesional,15,28.43,5.75,SRR6215798,SRR6215798
SRR6215993,NA,NA,EXP-22-AL9797,SRR6215993,ExternalCoconutOilFungi,25,NA,No,Indian,https://doi.org/10.1038/s41598-021-86454-1,Shampoo,Shampoo,Bangalore,India,Female,126,2,Day_84,ITS,Swab,ITS1,Illumina,CTTGGTCATTTAGAGGAAGTAA,GCTGCGTTCTTCATCGATGC,Scalp,0.875,No,1,4,Dandruff,Lesional,11,14.13,1.25,SRR6215993,SRR6215993
SRR6216018,NA,NA,EXP-22-AL9797,SRR6216018,ExternalCoconutOilFungi,25,NA,No,Indian,https://doi.org/10.1038/s41598-021-86454-1,Shampoo,Shampoo,Bangalore,India,Female,126,3,Day_112,ITS,Swab,ITS1,Illumina,CTTGGTCATTTAGAGGAAGTAA,GCTGCGTTCTTCATCGATGC,Scalp,1.625,No,,4,Dandruff,Lesional,12,12.6,2.875,SRR6216018,SRR6216018
SRR6215801,NA,NA,EXP-22-AL9797,SRR6215801,ExternalCoconutOilFungi,31,NA,No,Indian,https://doi.org/10.1038/s41598-021-86454-1,Oil,Oil,Bangalore,India,Female,127,1,Day_0,ITS,Swab,ITS1,Illumina,CTTGGTCATTTAGAGGAAGTAA,GCTGCGTTCTTCATCGATGC,Scalp,2.75,No,7,4,Dandruff,Lesional,34,21.73,6.5,SRR6215801,SRR6215801
SRR6215992,NA,NA,EXP-22-AL9797,SRR6215992,ExternalCoconutOilFungi,31,NA,No,Indian,https://doi.org/10.1038/s41598-021-86454-1,Oil,Oil,Bangalore,India,Female,127,2,Day_84,ITS,Swab,ITS1,Illumina,CTTGGTCATTTAGAGGAAGTAA,GCTGCGTTCTTCATCGATGC,Scalp,0.75,No,1,4,Dandruff,Lesional,3,23.7,0.75,SRR6215992,SRR6215992
SRR6216021,NA,NA,EXP-22-AL9797,SRR6216021,ExternalCoconutOilFungi,31,NA,No,Indian,https://doi.org/10.1038/s41598-021-86454-1,Oil,Oil,Bangalore,India,Female,127,3,Day_112,ITS,Swab,ITS1,Illumina,CTTGGTCATTTAGAGGAAGTAA,GCTGCGTTCTTCATCGATGC,Scalp,1.5,No,,4,Dandruff,Lesional,50,12.87,2.625,SRR6216021,SRR6216021
SRR6215800,NA,NA,EXP-22-AL9797,SRR6215800,ExternalCoconutOilFungi,29,NA,No,Indian,https://doi.org/10.1038/s41598-021-86454-1,Shampoo,Shampoo,Bangalore,India,Female,128,1,Day_0,ITS,Swab,ITS1,Illumina,CTTGGTCATTTAGAGGAAGTAA,GCTGCGTTCTTCATCGATGC,Scalp,3,No,6,4,Dandruff,Lesional,55,23.83,6.625,SRR6215800,SRR6215800
SRR6216007,NA,NA,EXP-22-AL9797,SRR6216007,ExternalCoconutOilFungi,29,NA,No,Indian,https://doi.org/10.1038/s41598-021-86454-1,Shampoo,Shampoo,Bangalore,India,Female,128,2,Day_84,ITS,Swab,ITS1,Illumina,CTTGGTCATTTAGAGGAAGTAA,GCTGCGTTCTTCATCGATGC,Scalp,1.875,No,3,4,Dandruff,Lesional,7,18.2,4,SRR6216007,SRR6216007
SRR6216020,NA,NA,EXP-22-AL9797,SRR6216020,ExternalCoconutOilFungi,29,NA,No,Indian,https://doi.org/10.1038/s41598-021-86454-1,Shampoo,Shampoo,Bangalore,India,Female,128,3,Day_112,ITS,Swab,ITS1,Illumina,CTTGGTCATTTAGAGGAAGTAA,GCTGCGTTCTTCATCGATGC,Scalp,1.5,No,,4,Dandruff,Lesional,2,23.5,2.75,SRR6216020,SRR6216020
SRR6215793,NA,NA,EXP-22-AL9797,SRR6215793,ExternalCoconutOilFungi,35,NA,No,Indian,https://doi.org/10.1038/s41598-021-86454-1,Shampoo,Shampoo,Bangalore,India,Female,129,1,Day_0,ITS,Swab,ITS1,Illumina,CTTGGTCATTTAGAGGAAGTAA,GCTGCGTTCTTCATCGATGC,Scalp,3.125,No,6,4,Dandruff,Lesional,46,21.7,7,SRR6215793,SRR6215793
SRR6215864,NA,NA,EXP-22-AL9797,SRR6215864,ExternalCoconutOilFungi,35,NA,No,Indian,https://doi.org/10.1038/s41598-021-86454-1,Shampoo,Shampoo,Bangalore,India,Female,129,2,Day_84,ITS,Swab,ITS1,Illumina,CTTGGTCATTTAGAGGAAGTAA,GCTGCGTTCTTCATCGATGC,Scalp,2,No,4,4,Dandruff,Lesional,32,28.87,3.5,SRR6215864,SRR6215864
SRR6216027,NA,NA,EXP-22-AL9797,SRR6216027,ExternalCoconutOilFungi,35,NA,No,Indian,https://doi.org/10.1038/s41598-021-86454-1,Shampoo,Shampoo,Bangalore,India,Female,129,3,Day_112,ITS,Swab,ITS1,Illumina,CTTGGTCATTTAGAGGAAGTAA,GCTGCGTTCTTCATCGATGC,Scalp,1.25,No,,4,Dandruff,Lesional,39,13.57,2.625,SRR6216027,SRR6216027
SRR6215792,NA,NA,EXP-22-AL9797,SRR6215792,ExternalCoconutOilFungi,38,NA,No,Indian,https://doi.org/10.1038/s41598-021-86454-1,Oil,Oil,Bangalore,India,Female,130,1,Day_0,ITS,Swab,ITS1,Illumina,CTTGGTCATTTAGAGGAAGTAA,GCTGCGTTCTTCATCGATGC,Scalp,3.25,No,7,4,Dandruff,Lesional,12,32.07,7,SRR6215792,SRR6215792
SRR6216101,NA,NA,EXP-22-AL9797,SRR6216101,ExternalCoconutOilFungi,38,NA,No,Indian,https://doi.org/10.1038/s41598-021-86454-1,Oil,Oil,Bangalore,India,Female,130,2,Day_84,ITS,Swab,ITS1,Illumina,CTTGGTCATTTAGAGGAAGTAA,GCTGCGTTCTTCATCGATGC,Scalp,2.5,No,4,4,Dandruff,Lesional,2,28.33,4.875,SRR6216101,SRR6216101
SRR6216026,NA,NA,EXP-22-AL9797,SRR6216026,ExternalCoconutOilFungi,38,NA,No,Indian,https://doi.org/10.1038/s41598-021-86454-1,Oil,Oil,Bangalore,India,Female,130,3,Day_112,ITS,Swab,ITS1,Illumina,CTTGGTCATTTAGAGGAAGTAA,GCTGCGTTCTTCATCGATGC,Scalp,1.75,No,,4,Dandruff,Lesional,1,22.47,3.125,SRR6216026,SRR6216026
SRR6216081,NA,NA,EXP-22-AL9797,SRR6216081,ExternalCoconutOilFungi,43,NA,No,Indian,https://doi.org/10.1038/s41598-021-86454-1,Shampoo,Shampoo,Bangalore,India,Female,131,1,Day_0,ITS,Swab,ITS1,Illumina,CTTGGTCATTTAGAGGAAGTAA,GCTGCGTTCTTCATCGATGC,Scalp,2.75,No,7,4,Dandruff,Lesional,28,19.07,5.75,SRR6216081,SRR6216081
SRR6216102,NA,NA,EXP-22-AL9797,SRR6216102,ExternalCoconutOilFungi,43,NA,No,Indian,https://doi.org/10.1038/s41598-021-86454-1,Shampoo,Shampoo,Bangalore,India,Female,131,2,Day_84,ITS,Swab,ITS1,Illumina,CTTGGTCATTTAGAGGAAGTAA,GCTGCGTTCTTCATCGATGC,Scalp,2.125,No,2,4,Dandruff,Lesional,119,22.6,4.5,SRR6216102,SRR6216102
SRR6215922,NA,NA,EXP-22-AL9797,SRR6215922,ExternalCoconutOilFungi,43,NA,No,Indian,https://doi.org/10.1038/s41598-021-86454-1,Shampoo,Shampoo,Bangalore,India,Female,131,3,Day_112,ITS,Swab,ITS1,Illumina,CTTGGTCATTTAGAGGAAGTAA,GCTGCGTTCTTCATCGATGC,Scalp,0.125,No,,4,Dandruff,Lesional,46,9.67,0.25,SRR6215922,SRR6215922
SRR6216082,NA,NA,EXP-22-AL9797,SRR6216082,ExternalCoconutOilFungi,45,NA,No,Indian,https://doi.org/10.1038/s41598-021-86454-1,Oil,Oil,Bangalore,India,Female,132,1,Day_0,ITS,Swab,ITS1,Illumina,CTTGGTCATTTAGAGGAAGTAA,GCTGCGTTCTTCATCGATGC,Scalp,3.5,No,6,4,Dandruff,Lesional,56,19.13,7,SRR6216082,SRR6216082
SRR6216099,NA,NA,EXP-22-AL9797,SRR6216099,ExternalCoconutOilFungi,45,NA,No,Indian,https://doi.org/10.1038/s41598-021-86454-1,Oil,Oil,Bangalore,India,Female,132,2,Day_84,ITS,Swab,ITS1,Illumina,CTTGGTCATTTAGAGGAAGTAA,GCTGCGTTCTTCATCGATGC,Scalp,1.5,No,1,4,Dandruff,Lesional,12,18.6,2.875,SRR6216099,SRR6216099
SRR6215923,NA,NA,EXP-22-AL9797,SRR6215923,ExternalCoconutOilFungi,45,NA,No,Indian,https://doi.org/10.1038/s41598-021-86454-1,Oil,Oil,Bangalore,India,Female,132,3,Day_112,ITS,Swab,ITS1,Illumina,CTTGGTCATTTAGAGGAAGTAA,GCTGCGTTCTTCATCGATGC,Scalp,1.5,No,,4,Dandruff,Lesional,14,12.77,2.625,SRR6215923,SRR6215923
SRR6216079,NA,NA,EXP-22-AL9797,SRR6216079,ExternalCoconutOilFungi,37,NA,No,Indian,https://doi.org/10.1038/s41598-021-86454-1,Oil,Oil,Bangalore,India,Female,133,1,Day_0,ITS,Swab,ITS1,Illumina,CTTGGTCATTTAGAGGAAGTAA,GCTGCGTTCTTCATCGATGC,Scalp,3,No,6,4,Dandruff,Lesional,190,21.77,6.75,SRR6216079,SRR6216079
SRR6216100,NA,NA,EXP-22-AL9797,SRR6216100,ExternalCoconutOilFungi,37,NA,No,Indian,https://doi.org/10.1038/s41598-021-86454-1,Oil,Oil,Bangalore,India,Female,133,2,Day_84,ITS,Swab,ITS1,Illumina,CTTGGTCATTTAGAGGAAGTAA,GCTGCGTTCTTCATCGATGC,Scalp,1.5,No,1,4,Dandruff,Lesional,16,10.33,2,SRR6216100,SRR6216100
SRR6215920,NA,NA,EXP-22-AL9797,SRR6215920,ExternalCoconutOilFungi,37,NA,No,Indian,https://doi.org/10.1038/s41598-021-86454-1,Oil,Oil,Bangalore,India,Female,133,3,Day_112,ITS,Swab,ITS1,Illumina,CTTGGTCATTTAGAGGAAGTAA,GCTGCGTTCTTCATCGATGC,Scalp,1.375,No,,4,Dandruff,Lesional,7,8.73,2.125,SRR6215920,SRR6215920
SRR6216080,NA,NA,EXP-22-AL9797,SRR6216080,ExternalCoconutOilFungi,25,NA,No,Indian,https://doi.org/10.1038/s41598-021-86454-1,Shampoo,Shampoo,Bangalore,India,Female,134,1,Day_0,ITS,Swab,ITS1,Illumina,CTTGGTCATTTAGAGGAAGTAA,GCTGCGTTCTTCATCGATGC,Scalp,3.125,No,6,4,Dandruff,Lesional,19,13.73,6.875,SRR6216080,SRR6216080
SRR6215705,NA,NA,EXP-22-AL9797,SRR6215705,ExternalCoconutOilFungi,25,NA,No,Indian,https://doi.org/10.1038/s41598-021-86454-1,Shampoo,Shampoo,Bangalore,India,Female,134,2,Day_84,ITS,Swab,ITS1,Illumina,CTTGGTCATTTAGAGGAAGTAA,GCTGCGTTCTTCATCGATGC,Scalp,0.375,No,1,4,Dandruff,Lesional,29,19.77,0.5,SRR6215705,SRR6215705
SRR6215921,NA,NA,EXP-22-AL9797,SRR6215921,ExternalCoconutOilFungi,25,NA,No,Indian,https://doi.org/10.1038/s41598-021-86454-1,Shampoo,Shampoo,Bangalore,India,Female,134,3,Day_112,ITS,Swab,ITS1,Illumina,CTTGGTCATTTAGAGGAAGTAA,GCTGCGTTCTTCATCGATGC,Scalp,0.5,No,,4,Dandruff,Lesional,29,10.9,0.5,SRR6215921,SRR6215921
SRR6216085,NA,NA,EXP-22-AL9797,SRR6216085,ExternalCoconutOilFungi,40,NA,No,Indian,https://doi.org/10.1038/s41598-021-86454-1,Shampoo,Shampoo,Bangalore,India,Female,135,1,Day_0,ITS,Swab,ITS1,Illumina,CTTGGTCATTTAGAGGAAGTAA,GCTGCGTTCTTCATCGATGC,Scalp,3.375,No,6,4,Dandruff,Lesional,19,30.83,6.625,SRR6216085,SRR6216085
SRR6215706,NA,NA,EXP-22-AL9797,SRR6215706,ExternalCoconutOilFungi,40,NA,No,Indian,https://doi.org/10.1038/s41598-021-86454-1,Shampoo,Shampoo,Bangalore,India,Female,135,2,Day_84,ITS,Swab,ITS1,Illumina,CTTGGTCATTTAGAGGAAGTAA,GCTGCGTTCTTCATCGATGC,Scalp,1.625,No,2,4,Dandruff,Lesional,49,17.73,3.25,SRR6215706,SRR6215706
SRR6216071,NA,NA,EXP-22-AL9797,SRR6216071,ExternalCoconutOilFungi,40,NA,No,Indian,https://doi.org/10.1038/s41598-021-86454-1,Shampoo,Shampoo,Bangalore,India,Female,135,3,Day_112,ITS,Swab,ITS1,Illumina,CTTGGTCATTTAGAGGAAGTAA,GCTGCGTTCTTCATCGATGC,Scalp,1.125,No,,4,Dandruff,Lesional,47,29.03,1.75,SRR6216071,SRR6216071
SRR6216086,NA,NA,EXP-22-AL9797,SRR6216086,ExternalCoconutOilFungi,30,NA,No,Indian,https://doi.org/10.1038/s41598-021-86454-1,Shampoo,Shampoo,Bangalore,India,Female,136,1,Day_0,ITS,Swab,ITS1,Illumina,CTTGGTCATTTAGAGGAAGTAA,GCTGCGTTCTTCATCGATGC,Scalp,2.875,No,8,4,Dandruff,Lesional,26,24.63,6.5,SRR6216086,SRR6216086
SRR6216103,NA,NA,EXP-22-AL9797,SRR6216103,ExternalCoconutOilFungi,30,NA,No,Indian,https://doi.org/10.1038/s41598-021-86454-1,Shampoo,Shampoo,Bangalore,India,Female,136,2,Day_84,ITS,Swab,ITS1,Illumina,CTTGGTCATTTAGAGGAAGTAA,GCTGCGTTCTTCATCGATGC,Scalp,0,No,0,4,Dandruff,Lesional,23,18.63,0,SRR6216103,SRR6216103
SRR6215919,NA,NA,EXP-22-AL9797,SRR6215919,ExternalCoconutOilFungi,30,NA,No,Indian,https://doi.org/10.1038/s41598-021-86454-1,Shampoo,Shampoo,Bangalore,India,Female,136,3,Day_112,ITS,Swab,ITS1,Illumina,CTTGGTCATTTAGAGGAAGTAA,GCTGCGTTCTTCATCGATGC,Scalp,0.875,No,,4,Dandruff,Lesional,38,19.47,1.125,SRR6215919,SRR6215919
SRR6216083,NA,NA,EXP-22-AL9797,SRR6216083,ExternalCoconutOilFungi,33,NA,No,Indian,https://doi.org/10.1038/s41598-021-86454-1,Oil,Oil,Bangalore,India,Female,137,1,Day_0,ITS,Swab,ITS1,Illumina,CTTGGTCATTTAGAGGAAGTAA,GCTGCGTTCTTCATCGATGC,Scalp,3.25,No,8,4,Dandruff,Lesional,29,24.9,7.25,SRR6216083,SRR6216083
SRR6215704,NA,NA,EXP-22-AL9797,SRR6215704,ExternalCoconutOilFungi,33,NA,No,Indian,https://doi.org/10.1038/s41598-021-86454-1,Oil,Oil,Bangalore,India,Female,137,2,Day_84,ITS,Swab,ITS1,Illumina,CTTGGTCATTTAGAGGAAGTAA,GCTGCGTTCTTCATCGATGC,Scalp,0.375,No,0,4,Dandruff,Lesional,31,20.6,0.375,SRR6215704,SRR6215704
SRR6215916,NA,NA,EXP-22-AL9797,SRR6215916,ExternalCoconutOilFungi,33,NA,No,Indian,https://doi.org/10.1038/s41598-021-86454-2,Oil,Oil,Bangalore,India,Female,137,3,Day_112,ITS,Swab,ITS1,Illumina,CTTGGTCATTTAGAGGAAGTAA,GCTGCGTTCTTCATCGATGC,Scalp,1.75,No,,4,Dandruff,Lesional,16,21.3,3,SRR6215916,SRR6215916
SRR6216084,NA,NA,EXP-22-AL9797,SRR6216084,ExternalCoconutOilFungi,20,NA,No,Indian,https://doi.org/10.1038/s41598-021-86454-3,Oil,Oil,Bangalore,India,Female,138,1,Day_0,ITS,Swab,ITS1,Illumina,CTTGGTCATTTAGAGGAAGTAA,GCTGCGTTCTTCATCGATGC,Scalp,3.125,No,6,4,Dandruff,Lesional,7,23,6.625,SRR6216084,SRR6216084
SRR6215715,NA,NA,EXP-22-AL9797,SRR6215715,ExternalCoconutOilFungi,20,NA,No,Indian,https://doi.org/10.1038/s41598-021-86454-4,Oil,Oil,Bangalore,India,Female,138,2,Day_84,ITS,Swab,ITS1,Illumina,CTTGGTCATTTAGAGGAAGTAA,GCTGCGTTCTTCATCGATGC,Scalp,1.375,No,2,4,Dandruff,Lesional,15,19.83,2.875,SRR6215715,SRR6215715
SRR6215917,NA,NA,EXP-22-AL9797,SRR6215917,ExternalCoconutOilFungi,20,NA,No,Indian,https://doi.org/10.1038/s41598-021-86454-5,Oil,Oil,Bangalore,India,Female,138,3,Day_112,ITS,Swab,ITS1,Illumina,CTTGGTCATTTAGAGGAAGTAA,GCTGCGTTCTTCATCGATGC,Scalp,1.25,No,,4,Dandruff,Lesional,7,18.57,1.75,SRR6215917,SRR6215917
SRR6216077,NA,NA,EXP-22-AL9797,SRR6216077,ExternalCoconutOilFungi,22,NA,No,Indian,https://doi.org/10.1038/s41598-021-86454-6,Oil,Oil,Bangalore,India,Female,139,1,Day_0,ITS,Swab,ITS1,Illumina,CTTGGTCATTTAGAGGAAGTAA,GCTGCGTTCTTCATCGATGC,Scalp,3.625,No,6,4,Dandruff,Lesional,12,22.67,7.375,SRR6216077,SRR6216077
SRR6215716,NA,NA,EXP-22-AL9797,SRR6215716,ExternalCoconutOilFungi,22,NA,No,Indian,https://doi.org/10.1038/s41598-021-86454-7,Oil,Oil,Bangalore,India,Female,139,2,Day_84,ITS,Swab,ITS1,Illumina,CTTGGTCATTTAGAGGAAGTAA,GCTGCGTTCTTCATCGATGC,Scalp,1.875,No,2,4,Dandruff,Lesional,37,24.37,3.375,SRR6215716,SRR6215716
SRR6215926,NA,NA,EXP-22-AL9797,SRR6215926,ExternalCoconutOilFungi,22,NA,No,Indian,https://doi.org/10.1038/s41598-021-86454-8,Oil,Oil,Bangalore,India,Female,139,3,Day_112,ITS,Swab,ITS1,Illumina,CTTGGTCATTTAGAGGAAGTAA,GCTGCGTTCTTCATCGATGC,Scalp,1.375,No,,4,Dandruff,Lesional,19,12.07,2,SRR6215926,SRR6215926
SRR6216078,NA,NA,EXP-22-AL9797,SRR6216078,ExternalCoconutOilFungi,28,NA,No,Indian,https://doi.org/10.1038/s41598-021-86454-9,Shampoo,Shampoo,Bangalore,India,Female,140,1,Day_0,ITS,Swab,ITS1,Illumina,CTTGGTCATTTAGAGGAAGTAA,GCTGCGTTCTTCATCGATGC,Scalp,3,No,6,4,Dandruff,Lesional,1,24.87,6.625,SRR6216078,SRR6216078
SRR6215837,NA,NA,EXP-22-AL9797,SRR6215837,ExternalCoconutOilFungi,28,NA,No,Indian,https://doi.org/10.1038/s41598-021-86454-10,Shampoo,Shampoo,Bangalore,India,Female,140,2,Day_84,ITS,Swab,ITS1,Illumina,CTTGGTCATTTAGAGGAAGTAA,GCTGCGTTCTTCATCGATGC,Scalp,1.125,No,1,4,Dandruff,Lesional,28,24.53,1.625,SRR6215837,SRR6215837
SRR6215927,NA,NA,EXP-22-AL9797,SRR6215927,ExternalCoconutOilFungi,28,NA,No,Indian,https://doi.org/10.1038/s41598-021-86454-11,Shampoo,Shampoo,Bangalore,India,Female,140,3,Day_112,ITS,Swab,ITS1,Illumina,CTTGGTCATTTAGAGGAAGTAA,GCTGCGTTCTTCATCGATGC,Scalp,0.875,No,,4,Dandruff,Lesional,34,15.6,1.25,SRR6215927,SRR6215927
