#SampleID,BarcodeSequence,LinkerPrimerSequence,ELN,UnileverSampleID,UnileverStudyNumber,UnileverStudyName,ExternalStudyNumber,ControlSample,ControlID,SampleCollectionDate,SampleCollectionCountry,SampleCollectionCity,SubjectID,Sex,Smoker,Product,ProductCode,ProductType,Timepoint,TimepointName,InvestigationType,SampleType,VariableRegion,SequencingPlatform,ForwardPrimer,ReversePrimer,Bodysite,SampleSite,BleedingIndexAverage,MeanGingivalIndexMGI,PlaqueIndexPI,Description
b001,NA,NA,EXP-16-AL9708,1,ORL_GUM-1235,"ProjectPacman,placeboversusPacman",NA,No,NA,NA,UK,NA,1,Male,No,Control,G18,Toothpaste,2,Pre_treatment,16S,Plaque,V4,Illumina,GTGCCAGCMGCCGCGGTAA,GGACTACHVGGGTWTCTAAT,OralCavity,Teeth,0.1,1.56,1.89,b001_1_V2_Males
b002,NA,NA,EXP-16-AL9708,2,ORL_GUM-1235,"ProjectPacman,placeboversusPacman",NA,No,NA,NA,UK,NA,1,Male,No,Control,G18,Toothpaste,4,Post_treatment,16S,Plaque,V4,Illumina,GTGCCAGCMGCCGCGGTAA,GGACTACHVGGGTWTCTAAT,OralCavity,Teeth,0.12,1.25,1.36,b002_1_V4_Males
b003,NA,NA,EXP-16-AL9708,3,ORL_GUM-1235,"ProjectPacman,placeboversusPacman",NA,No,NA,NA,UK,NA,2,Male,No,Control,G18,Toothpaste,2,Pre_treatment,16S,Plaque,V4,Illumina,GTGCCAGCMGCCGCGGTAA,GGACTACHVGGGTWTCTAAT,OralCavity,Teeth,0.28,1.74,2.41,b003_2_V2_Males
b004,NA,NA,EXP-16-AL9708,4,ORL_GUM-1235,"ProjectPacman,placeboversusPacman",NA,No,NA,NA,UK,NA,2,Male,No,Control,G18,Toothpaste,4,Post_treatment,16S,Plaque,V4,Illumina,GTGCCAGCMGCCGCGGTAA,GGACTACHVGGGTWTCTAAT,OralCavity,Teeth,0.26,1.77,2.12,b004_2_V4_Males
b005,NA,NA,EXP-16-AL9708,5,ORL_GUM-1235,"ProjectPacman,placeboversusPacman",NA,No,NA,NA,UK,NA,5,Female,No,Pacman,M83,Toothpaste,2,Pre_treatment,16S,Plaque,V4,Illumina,GTGCCAGCMGCCGCGGTAA,GGACTACHVGGGTWTCTAAT,OralCavity,Teeth,0.13,1.34,1.96,b005_5_V2_Female
b006,NA,NA,EXP-16-AL9708,6,ORL_GUM-1235,"ProjectPacman,placeboversusPacman",NA,No,NA,NA,UK,NA,5,Female,No,Pacman,M83,Toothpaste,4,Post_treatment,16S,Plaque,V4,Illumina,GTGCCAGCMGCCGCGGTAA,GGACTACHVGGGTWTCTAAT,OralCavity,Teeth,0.03,1.13,1.21,b006_5_V4_Female
b007,NA,NA,EXP-16-AL9708,7,ORL_GUM-1235,"ProjectPacman,placeboversusPacman",NA,No,NA,NA,UK,NA,7,Female,No,Control,G18,Toothpaste,2,Pre_treatment,16S,Plaque,V4,Illumina,GTGCCAGCMGCCGCGGTAA,GGACTACHVGGGTWTCTAAT,OralCavity,Teeth,0.09,1.62,2.09,b007_7_V2_Female
b008,NA,NA,EXP-16-AL9708,8,ORL_GUM-1235,"ProjectPacman,placeboversusPacman",NA,No,NA,NA,UK,NA,7,Female,No,Control,G18,Toothpaste,4,Post_treatment,16S,Plaque,V4,Illumina,GTGCCAGCMGCCGCGGTAA,GGACTACHVGGGTWTCTAAT,OralCavity,Teeth,0.06,1.23,1.17,b008_7_V4_Female
b009,NA,NA,EXP-16-AL9708,9,ORL_GUM-1235,"ProjectPacman,placeboversusPacman",NA,No,NA,NA,UK,NA,9,Male,No,Control,G18,Toothpaste,2,Pre_treatment,16S,Plaque,V4,Illumina,GTGCCAGCMGCCGCGGTAA,GGACTACHVGGGTWTCTAAT,OralCavity,Teeth,0.21,1.82,2.34,b009_9_V2_Males
b010,NA,NA,EXP-16-AL9708,10,ORL_GUM-1235,"ProjectPacman,placeboversusPacman",NA,No,NA,NA,UK,NA,9,Male,No,Control,G18,Toothpaste,4,Post_treatment,16S,Plaque,V4,Illumina,GTGCCAGCMGCCGCGGTAA,GGACTACHVGGGTWTCTAAT,OralCavity,Teeth,0.2,1.61,1.75,b010_9_V4_Males
b011,NA,NA,EXP-16-AL9708,11,ORL_GUM-1235,"ProjectPacman,placeboversusPacman",NA,No,NA,NA,UK,NA,11,Male,No,Pacman,M83,Toothpaste,2,Pre_treatment,16S,Plaque,V4,Illumina,GTGCCAGCMGCCGCGGTAA,GGACTACHVGGGTWTCTAAT,OralCavity,Teeth,0.09,1.38,2.03,b011_11_V2_Males
b012,NA,NA,EXP-16-AL9708,12,ORL_GUM-1235,"ProjectPacman,placeboversusPacman",NA,No,NA,NA,UK,NA,11,Male,No,Pacman,M83,Toothpaste,4,Post_treatment,16S,Plaque,V4,Illumina,GTGCCAGCMGCCGCGGTAA,GGACTACHVGGGTWTCTAAT,OralCavity,Teeth,0.04,1.2,1.32,b012_11_V4_Males
b013,NA,NA,EXP-16-AL9708,13,ORL_GUM-1235,"ProjectPacman,placeboversusPacman",NA,No,NA,NA,UK,NA,14,Female,No,Pacman,M83,Toothpaste,2,Pre_treatment,16S,Plaque,V4,Illumina,GTGCCAGCMGCCGCGGTAA,GGACTACHVGGGTWTCTAAT,OralCavity,Teeth,0.25,1.47,1.93,b013_14_V2_Female
b014,NA,NA,EXP-16-AL9708,14,ORL_GUM-1235,"ProjectPacman,placeboversusPacman",NA,No,NA,NA,UK,NA,14,Female,No,Pacman,M83,Toothpaste,4,Post_treatment,16S,Plaque,V4,Illumina,GTGCCAGCMGCCGCGGTAA,GGACTACHVGGGTWTCTAAT,OralCavity,Teeth,0.21,1.29,1.92,b014_14_V4_Female
b015,NA,NA,EXP-16-AL9708,15,ORL_GUM-1235,"ProjectPacman,placeboversusPacman",NA,No,NA,NA,UK,NA,15,Female,No,Pacman,M83,Toothpaste,2,Pre_treatment,16S,Plaque,V4,Illumina,GTGCCAGCMGCCGCGGTAA,GGACTACHVGGGTWTCTAAT,OralCavity,Teeth,0.07,1.41,1.41,b015_15_V2_Female
b016,NA,NA,EXP-16-AL9708,16,ORL_GUM-1235,"ProjectPacman,placeboversusPacman",NA,No,NA,NA,UK,NA,15,Female,No,Pacman,M83,Toothpaste,4,Post_treatment,16S,Plaque,V4,Illumina,GTGCCAGCMGCCGCGGTAA,GGACTACHVGGGTWTCTAAT,OralCavity,Teeth,0.04,1.39,1.09,b016_15_V4_Female
b017,NA,NA,EXP-16-AL9708,17,ORL_GUM-1235,"ProjectPacman,placeboversusPacman",NA,No,NA,NA,UK,NA,17,Female,No,Control,G18,Toothpaste,2,Pre_treatment,16S,Plaque,V4,Illumina,GTGCCAGCMGCCGCGGTAA,GGACTACHVGGGTWTCTAAT,OralCavity,Teeth,0.35,1.69,1.98,b017_17_V2_Female
b018,NA,NA,EXP-16-AL9708,18,ORL_GUM-1235,"ProjectPacman,placeboversusPacman",NA,No,NA,NA,UK,NA,17,Female,No,Control,G18,Toothpaste,4,Post_treatment,16S,Plaque,V4,Illumina,GTGCCAGCMGCCGCGGTAA,GGACTACHVGGGTWTCTAAT,OralCavity,Teeth,0.41,1.34,1.96,b018_17_V4_Female
b019,NA,NA,EXP-16-AL9708,19,ORL_GUM-1235,"ProjectPacman,placeboversusPacman",NA,No,NA,NA,UK,NA,19,Female,No,Control,G18,Toothpaste,2,Pre_treatment,16S,Plaque,V4,Illumina,GTGCCAGCMGCCGCGGTAA,GGACTACHVGGGTWTCTAAT,OralCavity,Teeth,0.42,1.53,1.32,b019_19_V2_Female
b020,NA,NA,EXP-16-AL9708,20,ORL_GUM-1235,"ProjectPacman,placeboversusPacman",NA,No,NA,NA,UK,NA,19,Female,No,Control,G18,Toothpaste,4,Post_treatment,16S,Plaque,V4,Illumina,GTGCCAGCMGCCGCGGTAA,GGACTACHVGGGTWTCTAAT,OralCavity,Teeth,0.17,1.24,1.28,b020_19_V4_Female
b021,NA,NA,EXP-16-AL9708,21,ORL_GUM-1235,"ProjectPacman,placeboversusPacman",NA,No,NA,NA,UK,NA,24,Female,No,Control,G18,Toothpaste,2,Pre_treatment,16S,Plaque,V4,Illumina,GTGCCAGCMGCCGCGGTAA,GGACTACHVGGGTWTCTAAT,OralCavity,Teeth,0.32,1.66,2.16,b021_24_V2_Female
b022,NA,NA,EXP-16-AL9708,22,ORL_GUM-1235,"ProjectPacman,placeboversusPacman",NA,No,NA,NA,UK,NA,24,Female,No,Control,G18,Toothpaste,4,Post_treatment,16S,Plaque,V4,Illumina,GTGCCAGCMGCCGCGGTAA,GGACTACHVGGGTWTCTAAT,OralCavity,Teeth,0.61,1.55,1.14,b022_24_V4_Female
b023,NA,NA,EXP-16-AL9708,23,ORL_GUM-1235,"ProjectPacman,placeboversusPacman",NA,No,NA,NA,UK,NA,25,Female,No,Pacman,M83,Toothpaste,2,Pre_treatment,16S,Plaque,V4,Illumina,GTGCCAGCMGCCGCGGTAA,GGACTACHVGGGTWTCTAAT,OralCavity,Teeth,0.1,1.36,0.88,b023_25_V2_Female
b024,NA,NA,EXP-16-AL9708,24,ORL_GUM-1235,"ProjectPacman,placeboversusPacman",NA,No,NA,NA,UK,NA,25,Female,No,Pacman,M83,Toothpaste,4,Post_treatment,16S,Plaque,V4,Illumina,GTGCCAGCMGCCGCGGTAA,GGACTACHVGGGTWTCTAAT,OralCavity,Teeth,0.03,1.12,1.07,b024_25_V4_Female
b025,NA,NA,EXP-16-AL9708,25,ORL_GUM-1235,"ProjectPacman,placeboversusPacman",NA,No,NA,NA,UK,NA,27,Female,No,Pacman,M83,Toothpaste,2,Pre_treatment,16S,Plaque,V4,Illumina,GTGCCAGCMGCCGCGGTAA,GGACTACHVGGGTWTCTAAT,OralCavity,Teeth,0.27,1.53,0.86,b025_27_V2_Female
b026,NA,NA,EXP-16-AL9708,26,ORL_GUM-1235,"ProjectPacman,placeboversusPacman",NA,No,NA,NA,UK,NA,27,Female,No,Pacman,M83,Toothpaste,4,Post_treatment,16S,Plaque,V4,Illumina,GTGCCAGCMGCCGCGGTAA,GGACTACHVGGGTWTCTAAT,OralCavity,Teeth,0.18,1.08,0.5,b026_27_V4_Female
b027,NA,NA,EXP-16-AL9708,27,ORL_GUM-1235,"ProjectPacman,placeboversusPacman",NA,No,NA,NA,UK,NA,30,Female,No,Control,G18,Toothpaste,2,Pre_treatment,16S,Plaque,V4,Illumina,GTGCCAGCMGCCGCGGTAA,GGACTACHVGGGTWTCTAAT,OralCavity,Teeth,0.03,1.27,1.93,b027_30_V2_Female
b028,NA,NA,EXP-16-AL9708,28,ORL_GUM-1235,"ProjectPacman,placeboversusPacman",NA,No,NA,NA,UK,NA,30,Female,No,Control,G18,Toothpaste,4,Post_treatment,16S,Plaque,V4,Illumina,GTGCCAGCMGCCGCGGTAA,GGACTACHVGGGTWTCTAAT,OralCavity,Teeth,0.05,1.09,1.61,b028_30_V4_Female
b029,NA,NA,EXP-16-AL9708,29,ORL_GUM-1235,"ProjectPacman,placeboversusPacman",NA,No,NA,NA,UK,NA,31,Female,No,Pacman,M83,Toothpaste,2,Pre_treatment,16S,Plaque,V4,Illumina,GTGCCAGCMGCCGCGGTAA,GGACTACHVGGGTWTCTAAT,OralCavity,Teeth,0.06,1.49,2.35,b029_31_V2_Female
b030,NA,NA,EXP-16-AL9708,30,ORL_GUM-1235,"ProjectPacman,placeboversusPacman",NA,No,NA,NA,UK,NA,31,Female,No,Pacman,M83,Toothpaste,4,Post_treatment,16S,Plaque,V4,Illumina,GTGCCAGCMGCCGCGGTAA,GGACTACHVGGGTWTCTAAT,OralCavity,Teeth,0.17,1.3,2.42,b030_31_V4_Female
b031,NA,NA,EXP-16-AL9708,31,ORL_GUM-1235,"ProjectPacman,placeboversusPacman",NA,No,NA,NA,UK,NA,32,Female,No,Control,G18,Toothpaste,2,Pre_treatment,16S,Plaque,V4,Illumina,GTGCCAGCMGCCGCGGTAA,GGACTACHVGGGTWTCTAAT,OralCavity,Teeth,0.09,1.61,1.92,b031_32_V2_Female
b032,NA,NA,EXP-16-AL9708,32,ORL_GUM-1235,"ProjectPacman,placeboversusPacman",NA,No,NA,NA,UK,NA,32,Female,No,Control,G18,Toothpaste,4,Post_treatment,16S,Plaque,V4,Illumina,GTGCCAGCMGCCGCGGTAA,GGACTACHVGGGTWTCTAAT,OralCavity,Teeth,0.13,1.48,1.01,b032_32_V4_Female
b033,NA,NA,EXP-16-AL9708,33,ORL_GUM-1235,"ProjectPacman,placeboversusPacman",NA,No,NA,NA,UK,NA,34,Female,No,Pacman,M83,Toothpaste,2,Pre_treatment,16S,Plaque,V4,Illumina,GTGCCAGCMGCCGCGGTAA,GGACTACHVGGGTWTCTAAT,OralCavity,Teeth,0.21,1.45,0.9,b033_34_V2_Female
b034,NA,NA,EXP-16-AL9708,34,ORL_GUM-1235,"ProjectPacman,placeboversusPacman",NA,No,NA,NA,UK,NA,34,Female,No,Pacman,M83,Toothpaste,4,Post_treatment,16S,Plaque,V4,Illumina,GTGCCAGCMGCCGCGGTAA,GGACTACHVGGGTWTCTAAT,OralCavity,Teeth,0.15,1.12,1.07,b034_34_V4_Female
b035,NA,NA,EXP-16-AL9708,35,ORL_GUM-1235,"ProjectPacman,placeboversusPacman",NA,No,NA,NA,UK,NA,36,Female,No,Pacman,M83,Toothpaste,2,Pre_treatment,16S,Plaque,V4,Illumina,GTGCCAGCMGCCGCGGTAA,GGACTACHVGGGTWTCTAAT,OralCavity,Teeth,0.15,1.38,1.48,b035_36_V2_Female
b036,NA,NA,EXP-16-AL9708,36,ORL_GUM-1235,"ProjectPacman,placeboversusPacman",NA,No,NA,NA,UK,NA,36,Female,No,Pacman,M83,Toothpaste,4,Post_treatment,16S,Plaque,V4,Illumina,GTGCCAGCMGCCGCGGTAA,GGACTACHVGGGTWTCTAAT,OralCavity,Teeth,0.18,1.26,0.75,b036_36_V4_Female
b037,NA,NA,EXP-16-AL9708,37,ORL_GUM-1235,"ProjectPacman,placeboversusPacman",NA,No,NA,NA,UK,NA,38,Female,No,Pacman,M83,Toothpaste,2,Pre_treatment,16S,Plaque,V4,Illumina,GTGCCAGCMGCCGCGGTAA,GGACTACHVGGGTWTCTAAT,OralCavity,Teeth,0.08,1.41,2.02,b037_38_V2_Female
b038,NA,NA,EXP-16-AL9708,38,ORL_GUM-1235,"ProjectPacman,placeboversusPacman",NA,No,NA,NA,UK,NA,38,Female,No,Pacman,M83,Toothpaste,4,Post_treatment,16S,Plaque,V4,Illumina,GTGCCAGCMGCCGCGGTAA,GGACTACHVGGGTWTCTAAT,OralCavity,Teeth,0.05,1.03,1.76,b038_38_V4_Female
b039,NA,NA,EXP-16-AL9708,39,ORL_GUM-1235,"ProjectPacman,placeboversusPacman",NA,No,NA,NA,UK,NA,41,Female,No,Control,G18,Toothpaste,2,Pre_treatment,16S,Plaque,V4,Illumina,GTGCCAGCMGCCGCGGTAA,GGACTACHVGGGTWTCTAAT,OralCavity,Teeth,0.11,1.31,1.62,b039_41_V2_Female
b040,NA,NA,EXP-16-AL9708,40,ORL_GUM-1235,"ProjectPacman,placeboversusPacman",NA,No,NA,NA,UK,NA,41,Female,No,Control,G18,Toothpaste,4,Post_treatment,16S,Plaque,V4,Illumina,GTGCCAGCMGCCGCGGTAA,GGACTACHVGGGTWTCTAAT,OralCavity,Teeth,0.16,1.12,1.27,b040_41_V4_Female
b041,NA,NA,EXP-16-AL9708,41,ORL_GUM-1235,"ProjectPacman,placeboversusPacman",NA,No,NA,NA,UK,NA,43,Female,No,Control,G18,Toothpaste,2,Pre_treatment,16S,Plaque,V4,Illumina,GTGCCAGCMGCCGCGGTAA,GGACTACHVGGGTWTCTAAT,OralCavity,Teeth,0.08,1.53,2.12,b041_43_V2_Female
b042,NA,NA,EXP-16-AL9708,42,ORL_GUM-1235,"ProjectPacman,placeboversusPacman",NA,No,NA,NA,UK,NA,43,Female,No,Control,G18,Toothpaste,4,Post_treatment,16S,Plaque,V4,Illumina,GTGCCAGCMGCCGCGGTAA,GGACTACHVGGGTWTCTAAT,OralCavity,Teeth,0.08,1.37,1.16,b042_43_V4_Female
b043,NA,NA,EXP-16-AL9708,43,ORL_GUM-1235,"ProjectPacman,placeboversusPacman",NA,No,NA,NA,UK,NA,44,Female,No,Pacman,M83,Toothpaste,2,Pre_treatment,16S,Plaque,V4,Illumina,GTGCCAGCMGCCGCGGTAA,GGACTACHVGGGTWTCTAAT,OralCavity,Teeth,0.15,1.48,1.49,b043_44_V2_Female
b044,NA,NA,EXP-16-AL9708,44,ORL_GUM-1235,"ProjectPacman,placeboversusPacman",NA,No,NA,NA,UK,NA,44,Female,No,Pacman,M83,Toothpaste,4,Post_treatment,16S,Plaque,V4,Illumina,GTGCCAGCMGCCGCGGTAA,GGACTACHVGGGTWTCTAAT,OralCavity,Teeth,0.16,1.31,NA,b044_44_V4_Female
b045,NA,NA,EXP-16-AL9708,45,ORL_GUM-1235,"ProjectPacman,placeboversusPacman",NA,No,NA,NA,UK,NA,47,Male,No,Control,G18,Toothpaste,2,Pre_treatment,16S,Plaque,V4,Illumina,GTGCCAGCMGCCGCGGTAA,GGACTACHVGGGTWTCTAAT,OralCavity,Teeth,0.44,1.45,1.9,b045_47_V2_Males
b046,NA,NA,EXP-16-AL9708,46,ORL_GUM-1235,"ProjectPacman,placeboversusPacman",NA,No,NA,NA,UK,NA,47,Male,No,Control,G18,Toothpaste,4,Post_treatment,16S,Plaque,V4,Illumina,GTGCCAGCMGCCGCGGTAA,GGACTACHVGGGTWTCTAAT,OralCavity,Teeth,0.63,1.6,1.68,b046_47_V4_Males
b047,NA,NA,EXP-16-AL9708,47,ORL_GUM-1235,"ProjectPacman,placeboversusPacman",NA,No,NA,NA,UK,NA,48,Female,No,Control,G18,Toothpaste,2,Pre_treatment,16S,Plaque,V4,Illumina,GTGCCAGCMGCCGCGGTAA,GGACTACHVGGGTWTCTAAT,OralCavity,Teeth,0.13,1.4,1.87,b047_48_V2_Female
b048,NA,NA,EXP-16-AL9708,48,ORL_GUM-1235,"ProjectPacman,placeboversusPacman",NA,No,NA,NA,UK,NA,48,Female,No,Control,G18,Toothpaste,4,Post_treatment,16S,Plaque,V4,Illumina,GTGCCAGCMGCCGCGGTAA,GGACTACHVGGGTWTCTAAT,OralCavity,Teeth,0.13,1.36,1.56,b048_48_V4_Female
b049,NA,NA,EXP-16-AL9708,49,ORL_GUM-1235,"ProjectPacman,placeboversusPacman",NA,No,NA,NA,UK,NA,50,Male,No,Pacman,M83,Toothpaste,2,Pre_treatment,16S,Plaque,V4,Illumina,GTGCCAGCMGCCGCGGTAA,GGACTACHVGGGTWTCTAAT,OralCavity,Teeth,0.16,1.43,1.76,b049_50_V2_Males
b050,NA,NA,EXP-16-AL9708,50,ORL_GUM-1235,"ProjectPacman,placeboversusPacman",NA,No,NA,NA,UK,NA,50,Male,No,Pacman,M83,Toothpaste,4,Post_treatment,16S,Plaque,V4,Illumina,GTGCCAGCMGCCGCGGTAA,GGACTACHVGGGTWTCTAAT,OralCavity,Teeth,0.21,1.09,1.75,b050_50_V4_Males
b051,NA,NA,EXP-16-AL9708,51,ORL_GUM-1235,"ProjectPacman,placeboversusPacman",NA,No,NA,NA,UK,NA,52,Female,No,Control,G18,Toothpaste,2,Pre_treatment,16S,Plaque,V4,Illumina,GTGCCAGCMGCCGCGGTAA,GGACTACHVGGGTWTCTAAT,OralCavity,Teeth,0.05,1.25,1.56,b051_52_V2_Female
b052,NA,NA,EXP-16-AL9708,52,ORL_GUM-1235,"ProjectPacman,placeboversusPacman",NA,No,NA,NA,UK,NA,52,Female,No,Control,G18,Toothpaste,4,Post_treatment,16S,Plaque,V4,Illumina,GTGCCAGCMGCCGCGGTAA,GGACTACHVGGGTWTCTAAT,OralCavity,Teeth,0.09,1.02,1.7,b052_52_V4_Female
b053,NA,NA,EXP-16-AL9708,53,ORL_GUM-1235,"ProjectPacman,placeboversusPacman",NA,No,NA,NA,UK,NA,53,Female,No,Control,G18,Toothpaste,2,Pre_treatment,16S,Plaque,V4,Illumina,GTGCCAGCMGCCGCGGTAA,GGACTACHVGGGTWTCTAAT,OralCavity,Teeth,0.18,1.5,1.66,b053_53_V2_Female
b054,NA,NA,EXP-16-AL9708,54,ORL_GUM-1235,"ProjectPacman,placeboversusPacman",NA,No,NA,NA,UK,NA,53,Female,No,Control,G18,Toothpaste,4,Post_treatment,16S,Plaque,V4,Illumina,GTGCCAGCMGCCGCGGTAA,GGACTACHVGGGTWTCTAAT,OralCavity,Teeth,0.03,1.25,2.13,b054_53_V4_Female
b055,NA,NA,EXP-16-AL9708,55,ORL_GUM-1235,"ProjectPacman,placeboversusPacman",NA,No,NA,NA,UK,NA,55,Male,No,Pacman,M83,Toothpaste,2,Pre_treatment,16S,Plaque,V4,Illumina,GTGCCAGCMGCCGCGGTAA,GGACTACHVGGGTWTCTAAT,OralCavity,Teeth,0.31,1.3,1.35,b055_55_V2_Males
b056,NA,NA,EXP-16-AL9708,56,ORL_GUM-1235,"ProjectPacman,placeboversusPacman",NA,No,NA,NA,UK,NA,55,Male,No,Pacman,M83,Toothpaste,4,Post_treatment,16S,Plaque,V4,Illumina,GTGCCAGCMGCCGCGGTAA,GGACTACHVGGGTWTCTAAT,OralCavity,Teeth,0.14,1.3,0.36,b056_55_V4_Males
b057,NA,NA,EXP-16-AL9708,57,ORL_GUM-1235,"ProjectPacman,placeboversusPacman",NA,No,NA,NA,UK,NA,56,Female,No,Control,G18,Toothpaste,2,Pre_treatment,16S,Plaque,V4,Illumina,GTGCCAGCMGCCGCGGTAA,GGACTACHVGGGTWTCTAAT,OralCavity,Teeth,0.24,1.58,2.34,b057_56_V2_Female
b058,NA,NA,EXP-16-AL9708,58,ORL_GUM-1235,"ProjectPacman,placeboversusPacman",NA,No,NA,NA,UK,NA,56,Female,No,Control,G18,Toothpaste,4,Post_treatment,16S,Plaque,V4,Illumina,GTGCCAGCMGCCGCGGTAA,GGACTACHVGGGTWTCTAAT,OralCavity,Teeth,0.55,1.55,2.13,b058_56_V4_Female
b059,NA,NA,EXP-16-AL9708,59,ORL_GUM-1235,"ProjectPacman,placeboversusPacman",NA,No,NA,NA,UK,NA,58,Female,No,Pacman,M83,Toothpaste,2,Pre_treatment,16S,Plaque,V4,Illumina,GTGCCAGCMGCCGCGGTAA,GGACTACHVGGGTWTCTAAT,OralCavity,Teeth,0.37,1.52,2.42,b059_58_V2_Female
b060,NA,NA,EXP-16-AL9708,60,ORL_GUM-1235,"ProjectPacman,placeboversusPacman",NA,No,NA,NA,UK,NA,58,Female,No,Pacman,M83,Toothpaste,4,Post_treatment,16S,Plaque,V4,Illumina,GTGCCAGCMGCCGCGGTAA,GGACTACHVGGGTWTCTAAT,OralCavity,Teeth,0.24,1.44,1.9,b060_58_V4_Female
b061,NA,NA,EXP-16-AL9708,61,ORL_GUM-1235,"ProjectPacman,placeboversusPacman",NA,No,NA,NA,UK,NA,59,Female,No,Control,G18,Toothpaste,2,Pre_treatment,16S,Plaque,V4,Illumina,GTGCCAGCMGCCGCGGTAA,GGACTACHVGGGTWTCTAAT,OralCavity,Teeth,0.17,1.33,0.83,b061_59_V2_Female
b062,NA,NA,EXP-16-AL9708,62,ORL_GUM-1235,"ProjectPacman,placeboversusPacman",NA,No,NA,NA,UK,NA,59,Female,No,Control,G18,Toothpaste,4,Post_treatment,16S,Plaque,V4,Illumina,GTGCCAGCMGCCGCGGTAA,GGACTACHVGGGTWTCTAAT,OralCavity,Teeth,0.17,1.18,0.26,b062_59_V4_Female
b063,NA,NA,EXP-16-AL9708,63,ORL_GUM-1235,"ProjectPacman,placeboversusPacman",NA,No,NA,NA,UK,NA,62,Female,No,Control,G18,Toothpaste,2,Pre_treatment,16S,Plaque,V4,Illumina,GTGCCAGCMGCCGCGGTAA,GGACTACHVGGGTWTCTAAT,OralCavity,Teeth,0.08,1.26,1.61,b063_62_V2_Female
b064,NA,NA,EXP-16-AL9708,64,ORL_GUM-1235,"ProjectPacman,placeboversusPacman",NA,No,NA,NA,UK,NA,62,Female,No,Control,G18,Toothpaste,4,Post_treatment,16S,Plaque,V4,Illumina,GTGCCAGCMGCCGCGGTAA,GGACTACHVGGGTWTCTAAT,OralCavity,Teeth,0.23,1.49,1.67,b064_62_V4_Female
b065,NA,NA,EXP-16-AL9708,65,ORL_GUM-1235,"ProjectPacman,placeboversusPacman",NA,No,NA,NA,UK,NA,64,Male,No,Pacman,M83,Toothpaste,2,Pre_treatment,16S,Plaque,V4,Illumina,GTGCCAGCMGCCGCGGTAA,GGACTACHVGGGTWTCTAAT,OralCavity,Teeth,0.34,1.43,1.66,b065_64_V2_Males
b066,NA,NA,EXP-16-AL9708,66,ORL_GUM-1235,"ProjectPacman,placeboversusPacman",NA,No,NA,NA,UK,NA,64,Male,No,Pacman,M83,Toothpaste,4,Post_treatment,16S,Plaque,V4,Illumina,GTGCCAGCMGCCGCGGTAA,GGACTACHVGGGTWTCTAAT,OralCavity,Teeth,0.13,1.32,1.54,b066_64_V4_Males
b067,NA,NA,EXP-16-AL9708,67,ORL_GUM-1235,"ProjectPacman,placeboversusPacman",NA,No,NA,NA,UK,NA,65,Male,No,Pacman,M83,Toothpaste,2,Pre_treatment,16S,Plaque,V4,Illumina,GTGCCAGCMGCCGCGGTAA,GGACTACHVGGGTWTCTAAT,OralCavity,Teeth,0.21,1.59,1.96,b067_65_V2_Males
b068,NA,NA,EXP-16-AL9708,68,ORL_GUM-1235,"ProjectPacman,placeboversusPacman",NA,No,NA,NA,UK,NA,65,Male,No,Pacman,M83,Toothpaste,4,Post_treatment,16S,Plaque,V4,Illumina,GTGCCAGCMGCCGCGGTAA,GGACTACHVGGGTWTCTAAT,OralCavity,Teeth,0.13,1.33,1.41,b068_65_V4_Males
b069,NA,NA,EXP-16-AL9708,69,ORL_GUM-1235,"ProjectPacman,placeboversusPacman",NA,No,NA,NA,UK,NA,66,Female,No,Control,G18,Toothpaste,2,Pre_treatment,16S,Plaque,V4,Illumina,GTGCCAGCMGCCGCGGTAA,GGACTACHVGGGTWTCTAAT,OralCavity,Teeth,0.19,1.34,1.21,b069_66_V2_Female
b070,NA,NA,EXP-16-AL9708,70,ORL_GUM-1235,"ProjectPacman,placeboversusPacman",NA,No,NA,NA,UK,NA,66,Female,No,Control,G18,Toothpaste,4,Post_treatment,16S,Plaque,V4,Illumina,GTGCCAGCMGCCGCGGTAA,GGACTACHVGGGTWTCTAAT,OralCavity,Teeth,0.14,1.2,1.33,b070_66_V4_Female
b071,NA,NA,EXP-16-AL9708,71,ORL_GUM-1235,"ProjectPacman,placeboversusPacman",NA,No,NA,NA,UK,NA,67,Female,No,Control,G18,Toothpaste,2,Pre_treatment,16S,Plaque,V4,Illumina,GTGCCAGCMGCCGCGGTAA,GGACTACHVGGGTWTCTAAT,OralCavity,Teeth,0.17,1.43,1.44,b071_67_V2_Female
b072,NA,NA,EXP-16-AL9708,72,ORL_GUM-1235,"ProjectPacman,placeboversusPacman",NA,No,NA,NA,UK,NA,67,Female,No,Control,G18,Toothpaste,4,Post_treatment,16S,Plaque,V4,Illumina,GTGCCAGCMGCCGCGGTAA,GGACTACHVGGGTWTCTAAT,OralCavity,Teeth,0.13,1.22,1.37,b072_67_V4_Female
b073,NA,NA,EXP-16-AL9708,73,ORL_GUM-1235,"ProjectPacman,placeboversusPacman",NA,No,NA,NA,UK,NA,68,Male,No,Control,G18,Toothpaste,2,Pre_treatment,16S,Plaque,V4,Illumina,GTGCCAGCMGCCGCGGTAA,GGACTACHVGGGTWTCTAAT,OralCavity,Teeth,0.23,1.6,2.22,b073_68_V2_Males
b074,NA,NA,EXP-16-AL9708,74,ORL_GUM-1235,"ProjectPacman,placeboversusPacman",NA,No,NA,NA,UK,NA,68,Male,No,Control,G18,Toothpaste,4,Post_treatment,16S,Plaque,V4,Illumina,GTGCCAGCMGCCGCGGTAA,GGACTACHVGGGTWTCTAAT,OralCavity,Teeth,0.14,1.59,2.01,b074_68_V4_Males
b075,NA,NA,EXP-16-AL9708,75,ORL_GUM-1235,"ProjectPacman,placeboversusPacman",NA,No,NA,NA,UK,NA,69,Female,No,Pacman,M83,Toothpaste,2,Pre_treatment,16S,Plaque,V4,Illumina,GTGCCAGCMGCCGCGGTAA,GGACTACHVGGGTWTCTAAT,OralCavity,Teeth,0.3,1.71,1.87,b075_69_V2_Female
b076,NA,NA,EXP-16-AL9708,76,ORL_GUM-1235,"ProjectPacman,placeboversusPacman",NA,No,NA,NA,UK,NA,69,Female,No,Pacman,M83,Toothpaste,4,Post_treatment,16S,Plaque,V4,Illumina,GTGCCAGCMGCCGCGGTAA,GGACTACHVGGGTWTCTAAT,OralCavity,Teeth,0.22,1.6,2.45,b076_69_V4_Female
b077,NA,NA,EXP-16-AL9708,77,ORL_GUM-1235,"ProjectPacman,placeboversusPacman",NA,No,NA,NA,UK,NA,73,Male,No,Pacman,M83,Toothpaste,2,Pre_treatment,16S,Plaque,V4,Illumina,GTGCCAGCMGCCGCGGTAA,GGACTACHVGGGTWTCTAAT,OralCavity,Teeth,0.38,1.58,1.68,b077_73_V2_Males
b078,NA,NA,EXP-16-AL9708,78,ORL_GUM-1235,"ProjectPacman,placeboversusPacman",NA,No,NA,NA,UK,NA,73,Male,No,Pacman,M83,Toothpaste,4,Post_treatment,16S,Plaque,V4,Illumina,GTGCCAGCMGCCGCGGTAA,GGACTACHVGGGTWTCTAAT,OralCavity,Teeth,0.3,1.4,1.64,b078_73_V4_Males
b079,NA,NA,EXP-16-AL9708,79,ORL_GUM-1235,"ProjectPacman,placeboversusPacman",NA,No,NA,NA,UK,NA,74,Male,No,Pacman,M83,Toothpaste,2,Pre_treatment,16S,Plaque,V4,Illumina,GTGCCAGCMGCCGCGGTAA,GGACTACHVGGGTWTCTAAT,OralCavity,Teeth,0.17,1.42,1.53,b079_74_V2_Males
b080,NA,NA,EXP-16-AL9708,80,ORL_GUM-1235,"ProjectPacman,placeboversusPacman",NA,No,NA,NA,UK,NA,74,Male,No,Pacman,M83,Toothpaste,4,Post_treatment,16S,Plaque,V4,Illumina,GTGCCAGCMGCCGCGGTAA,GGACTACHVGGGTWTCTAAT,OralCavity,Teeth,0.08,1.11,0.67,b080_74_V4_Males
b081,NA,NA,EXP-16-AL9708,81,ORL_GUM-1235,"ProjectPacman,placeboversusPacman",NA,No,NA,NA,UK,NA,75,Male,No,Pacman,M83,Toothpaste,2,Pre_treatment,16S,Plaque,V4,Illumina,GTGCCAGCMGCCGCGGTAA,GGACTACHVGGGTWTCTAAT,OralCavity,Teeth,0.46,1.66,2.42,b081_75_V2_Males
b082,NA,NA,EXP-16-AL9708,82,ORL_GUM-1235,"ProjectPacman,placeboversusPacman",NA,No,NA,NA,UK,NA,75,Male,No,Pacman,M83,Toothpaste,4,Post_treatment,16S,Plaque,V4,Illumina,GTGCCAGCMGCCGCGGTAA,GGACTACHVGGGTWTCTAAT,OralCavity,Teeth,0.42,1.48,2.43,b082_75_V4_Males
b083,NA,NA,EXP-16-AL9708,83,ORL_GUM-1235,"ProjectPacman,placeboversusPacman",NA,No,NA,NA,UK,NA,76,Female,No,Control,G18,Toothpaste,2,Pre_treatment,16S,Plaque,V4,Illumina,GTGCCAGCMGCCGCGGTAA,GGACTACHVGGGTWTCTAAT,OralCavity,Teeth,0.37,1.37,2.29,b083_76_V2_Female
b084,NA,NA,EXP-16-AL9708,84,ORL_GUM-1235,"ProjectPacman,placeboversusPacman",NA,No,NA,NA,UK,NA,76,Female,No,Control,G18,Toothpaste,4,Post_treatment,16S,Plaque,V4,Illumina,GTGCCAGCMGCCGCGGTAA,GGACTACHVGGGTWTCTAAT,OralCavity,Teeth,0.38,1.4,1.45,b084_76_V4_Female
b085,NA,NA,EXP-16-AL9708,85,ORL_GUM-1235,"ProjectPacman,placeboversusPacman",NA,No,NA,NA,UK,NA,77,Female,No,Control,G18,Toothpaste,2,Pre_treatment,16S,Plaque,V4,Illumina,GTGCCAGCMGCCGCGGTAA,GGACTACHVGGGTWTCTAAT,OralCavity,Teeth,0.14,1.37,1.22,b085_77_V2_Female
b086,NA,NA,EXP-16-AL9708,86,ORL_GUM-1235,"ProjectPacman,placeboversusPacman",NA,No,NA,NA,UK,NA,77,Female,No,Control,G18,Toothpaste,4,Post_treatment,16S,Plaque,V4,Illumina,GTGCCAGCMGCCGCGGTAA,GGACTACHVGGGTWTCTAAT,OralCavity,Teeth,0.18,1.23,0.83,b086_77_V4_Female
b087,NA,NA,EXP-16-AL9708,87,ORL_GUM-1235,"ProjectPacman,placeboversusPacman",NA,No,NA,NA,UK,NA,80,Female,No,Control,G18,Toothpaste,2,Pre_treatment,16S,Plaque,V4,Illumina,GTGCCAGCMGCCGCGGTAA,GGACTACHVGGGTWTCTAAT,OralCavity,Teeth,0.28,1.44,1.22,b087_80_V2_Female
b088,NA,NA,EXP-16-AL9708,88,ORL_GUM-1235,"ProjectPacman,placeboversusPacman",NA,No,NA,NA,UK,NA,80,Female,No,Control,G18,Toothpaste,4,Post_treatment,16S,Plaque,V4,Illumina,GTGCCAGCMGCCGCGGTAA,GGACTACHVGGGTWTCTAAT,OralCavity,Teeth,0.1,1.28,0.84,b088_80_V4_Female
b089,NA,NA,EXP-16-AL9708,89,ORL_GUM-1235,"ProjectPacman,placeboversusPacman",NA,No,NA,NA,UK,NA,81,Female,No,Pacman,M83,Toothpaste,2,Pre_treatment,16S,Plaque,V4,Illumina,GTGCCAGCMGCCGCGGTAA,GGACTACHVGGGTWTCTAAT,OralCavity,Teeth,0.31,1.53,2.02,b089_81_V2_Female
b090,NA,NA,EXP-16-AL9708,90,ORL_GUM-1235,"ProjectPacman,placeboversusPacman",NA,No,NA,NA,UK,NA,81,Female,No,Pacman,M83,Toothpaste,4,Post_treatment,16S,Plaque,V4,Illumina,GTGCCAGCMGCCGCGGTAA,GGACTACHVGGGTWTCTAAT,OralCavity,Teeth,0.18,1.39,1.26,b090_81_V4_Female
b091,NA,NA,EXP-16-AL9708,91,ORL_GUM-1235,"ProjectPacman,placeboversusPacman",NA,No,NA,NA,UK,NA,84,Female,No,Control,G18,Toothpaste,2,Pre_treatment,16S,Plaque,V4,Illumina,GTGCCAGCMGCCGCGGTAA,GGACTACHVGGGTWTCTAAT,OralCavity,Teeth,0.06,1.36,1.21,b091_84_V2_Female
b092,NA,NA,EXP-16-AL9708,92,ORL_GUM-1235,"ProjectPacman,placeboversusPacman",NA,No,NA,NA,UK,NA,84,Female,No,Control,G18,Toothpaste,4,Post_treatment,16S,Plaque,V4,Illumina,GTGCCAGCMGCCGCGGTAA,GGACTACHVGGGTWTCTAAT,OralCavity,Teeth,0.05,1.22,0.94,b092_84_V4_Female
b093,NA,NA,EXP-16-AL9708,93,ORL_GUM-1235,"ProjectPacman,placeboversusPacman",NA,No,NA,NA,UK,NA,88,Female,No,Pacman,M83,Toothpaste,2,Pre_treatment,16S,Plaque,V4,Illumina,GTGCCAGCMGCCGCGGTAA,GGACTACHVGGGTWTCTAAT,OralCavity,Teeth,0.16,1.45,1.04,b093_88_V2_Female
b094,NA,NA,EXP-16-AL9708,94,ORL_GUM-1235,"ProjectPacman,placeboversusPacman",NA,No,NA,NA,UK,NA,88,Female,No,Pacman,M83,Toothpaste,4,Post_treatment,16S,Plaque,V4,Illumina,GTGCCAGCMGCCGCGGTAA,GGACTACHVGGGTWTCTAAT,OralCavity,Teeth,0.18,1.21,1.18,b094_88_V4_Female
b095,NA,NA,EXP-16-AL9708,NA,ORL_GUM-1235,"ProjectPacman,placeboversusPacman",NA,Yes,Mock,NA,UK,NA,NA,NA,NA,NA,NA,NA,NA,NA,16S,NA,V4,Illumina,GTGCCAGCMGCCGCGGTAA,GGACTACHVGGGTWTCTAAT,OralCavity,NA,NA,NA,NA,b095_Mock1
b096,NA,NA,EXP-16-AL9708,NA,ORL_GUM-1235,"ProjectPacman,placeboversusPacman",NA,Yes,Mock,NA,UK,NA,NA,NA,NA,NA,NA,NA,NA,NA,16S,NA,V4,Illumina,GTGCCAGCMGCCGCGGTAA,GGACTACHVGGGTWTCTAAT,OralCavity,NA,NA,NA,NA,b096_Mock2
b097,NA,NA,EXP-16-AL9708,95,ORL_GUM-1235,"ProjectPacman,placeboversusPacman",NA,No,NA,NA,UK,NA,89,Male,No,Control,G18,Toothpaste,2,Pre_treatment,16S,Plaque,V4,Illumina,GTGCCAGCMGCCGCGGTAA,GGACTACHVGGGTWTCTAAT,OralCavity,Teeth,0.1,1.45,1.35,b097_89_V2_Males
b098,NA,NA,EXP-16-AL9708,96,ORL_GUM-1235,"ProjectPacman,placeboversusPacman",NA,No,NA,NA,UK,NA,89,Male,No,Control,G18,Toothpaste,4,Post_treatment,16S,Plaque,V4,Illumina,GTGCCAGCMGCCGCGGTAA,GGACTACHVGGGTWTCTAAT,OralCavity,Teeth,0.04,1.27,1.3,b098_89_V4_Males
b099,NA,NA,EXP-16-AL9708,97,ORL_GUM-1235,"ProjectPacman,placeboversusPacman",NA,No,NA,NA,UK,NA,91,Female,No,Pacman,M83,Toothpaste,2,Pre_treatment,16S,Plaque,V4,Illumina,GTGCCAGCMGCCGCGGTAA,GGACTACHVGGGTWTCTAAT,OralCavity,Teeth,0.19,1.31,1.46,b099_91_V2_Female
b100,NA,NA,EXP-16-AL9708,98,ORL_GUM-1235,"ProjectPacman,placeboversusPacman",NA,No,NA,NA,UK,NA,91,Female,No,Pacman,M83,Toothpaste,4,Post_treatment,16S,Plaque,V4,Illumina,GTGCCAGCMGCCGCGGTAA,GGACTACHVGGGTWTCTAAT,OralCavity,Teeth,0.04,1.08,1.33,b100_91_V4_Female
b101,NA,NA,EXP-16-AL9708,99,ORL_GUM-1235,"ProjectPacman,placeboversusPacman",NA,No,NA,NA,UK,NA,92,Female,No,Control,G18,Toothpaste,2,Pre_treatment,16S,Plaque,V4,Illumina,GTGCCAGCMGCCGCGGTAA,GGACTACHVGGGTWTCTAAT,OralCavity,Teeth,0.16,1.44,0.95,b101_92_V2_Female
b102,NA,NA,EXP-16-AL9708,100,ORL_GUM-1235,"ProjectPacman,placeboversusPacman",NA,No,NA,NA,UK,NA,92,Female,No,Control,G18,Toothpaste,4,Post_treatment,16S,Plaque,V4,Illumina,GTGCCAGCMGCCGCGGTAA,GGACTACHVGGGTWTCTAAT,OralCavity,Teeth,0.14,1.22,1.22,b102_92_V4_Female
b103,NA,NA,EXP-16-AL9708,101,ORL_GUM-1235,"ProjectPacman,placeboversusPacman",NA,No,NA,NA,UK,NA,95,Female,No,Control,G18,Toothpaste,2,Pre_treatment,16S,Plaque,V4,Illumina,GTGCCAGCMGCCGCGGTAA,GGACTACHVGGGTWTCTAAT,OralCavity,Teeth,0.29,1.39,1.74,b103_95_V2_Female
b104,NA,NA,EXP-16-AL9708,102,ORL_GUM-1235,"ProjectPacman,placeboversusPacman",NA,No,NA,NA,UK,NA,95,Female,No,Control,G18,Toothpaste,4,Post_treatment,16S,Plaque,V4,Illumina,GTGCCAGCMGCCGCGGTAA,GGACTACHVGGGTWTCTAAT,OralCavity,Teeth,0.08,1.07,1.19,b104_95_V4_Female
b105,NA,NA,EXP-16-AL9708,103,ORL_GUM-1235,"ProjectPacman,placeboversusPacman",NA,No,NA,NA,UK,NA,96,Female,No,Control,G18,Toothpaste,2,Pre_treatment,16S,Plaque,V4,Illumina,GTGCCAGCMGCCGCGGTAA,GGACTACHVGGGTWTCTAAT,OralCavity,Teeth,0.26,1.38,1.32,b105_96_V2_Female
b106,NA,NA,EXP-16-AL9708,104,ORL_GUM-1235,"ProjectPacman,placeboversusPacman",NA,No,NA,NA,UK,NA,96,Female,No,Control,G18,Toothpaste,4,Post_treatment,16S,Plaque,V4,Illumina,GTGCCAGCMGCCGCGGTAA,GGACTACHVGGGTWTCTAAT,OralCavity,Teeth,0.21,1.22,1.09,b106_96_V4_Female
b107,NA,NA,EXP-16-AL9708,105,ORL_GUM-1235,"ProjectPacman,placeboversusPacman",NA,No,NA,NA,UK,NA,97,Female,No,Pacman,M83,Toothpaste,2,Pre_treatment,16S,Plaque,V4,Illumina,GTGCCAGCMGCCGCGGTAA,GGACTACHVGGGTWTCTAAT,OralCavity,Teeth,0.31,1.44,1.98,b107_97_V2_Female
b108,NA,NA,EXP-16-AL9708,106,ORL_GUM-1235,"ProjectPacman,placeboversusPacman",NA,No,NA,NA,UK,NA,97,Female,No,Pacman,M83,Toothpaste,4,Post_treatment,16S,Plaque,V4,Illumina,GTGCCAGCMGCCGCGGTAA,GGACTACHVGGGTWTCTAAT,OralCavity,Teeth,0.22,1.25,1.3,b108_97_V4_Female
b109,NA,NA,EXP-16-AL9708,107,ORL_GUM-1235,"ProjectPacman,placeboversusPacman",NA,No,NA,NA,UK,NA,102,Female,No,Control,G18,Toothpaste,2,Pre_treatment,16S,Plaque,V4,Illumina,GTGCCAGCMGCCGCGGTAA,GGACTACHVGGGTWTCTAAT,OralCavity,Teeth,0.13,1.41,1.17,b109_102_V2_Female
b110,NA,NA,EXP-16-AL9708,108,ORL_GUM-1235,"ProjectPacman,placeboversusPacman",NA,No,NA,NA,UK,NA,102,Female,No,Control,G18,Toothpaste,4,Post_treatment,16S,Plaque,V4,Illumina,GTGCCAGCMGCCGCGGTAA,GGACTACHVGGGTWTCTAAT,OralCavity,Teeth,0.1,0.94,0.75,b110_102_V4_Female
b111,NA,NA,EXP-16-AL9708,109,ORL_GUM-1235,"ProjectPacman,placeboversusPacman",NA,No,NA,NA,UK,NA,104,Female,No,Control,G18,Toothpaste,2,Pre_treatment,16S,Plaque,V4,Illumina,GTGCCAGCMGCCGCGGTAA,GGACTACHVGGGTWTCTAAT,OralCavity,Teeth,0.04,1.35,2.47,b111_104_V2_Female
b112,NA,NA,EXP-16-AL9708,110,ORL_GUM-1235,"ProjectPacman,placeboversusPacman",NA,No,NA,NA,UK,NA,104,Female,No,Control,G18,Toothpaste,4,Post_treatment,16S,Plaque,V4,Illumina,GTGCCAGCMGCCGCGGTAA,GGACTACHVGGGTWTCTAAT,OralCavity,Teeth,0.04,1.34,1.7,b112_104_V4_Female
b113,NA,NA,EXP-16-AL9708,111,ORL_GUM-1235,"ProjectPacman,placeboversusPacman",NA,No,NA,NA,UK,NA,105,Female,No,Pacman,M83,Toothpaste,2,Pre_treatment,16S,Plaque,V4,Illumina,GTGCCAGCMGCCGCGGTAA,GGACTACHVGGGTWTCTAAT,OralCavity,Teeth,0.36,1.34,1.85,b113_105_V2_Female
b114,NA,NA,EXP-16-AL9708,112,ORL_GUM-1235,"ProjectPacman,placeboversusPacman",NA,No,NA,NA,UK,NA,105,Female,No,Pacman,M83,Toothpaste,4,Post_treatment,16S,Plaque,V4,Illumina,GTGCCAGCMGCCGCGGTAA,GGACTACHVGGGTWTCTAAT,OralCavity,Teeth,0.31,1.08,0.95,b114_105_V4_Female
b115,NA,NA,EXP-16-AL9708,113,ORL_GUM-1235,"ProjectPacman,placeboversusPacman",NA,No,NA,NA,UK,NA,108,Male,No,Control,G18,Toothpaste,2,Pre_treatment,16S,Plaque,V4,Illumina,GTGCCAGCMGCCGCGGTAA,GGACTACHVGGGTWTCTAAT,OralCavity,Teeth,0.22,1.32,1.29,b115_108_V2_Males
b116,NA,NA,EXP-16-AL9708,114,ORL_GUM-1235,"ProjectPacman,placeboversusPacman",NA,No,NA,NA,UK,NA,108,Male,No,Control,G18,Toothpaste,4,Post_treatment,16S,Plaque,V4,Illumina,GTGCCAGCMGCCGCGGTAA,GGACTACHVGGGTWTCTAAT,OralCavity,Teeth,0.04,1.1,1.19,b116_108_V4_Males
b117,NA,NA,EXP-16-AL9708,115,ORL_GUM-1235,"ProjectPacman,placeboversusPacman",NA,No,NA,NA,UK,NA,109,Female,No,Pacman,M83,Toothpaste,2,Pre_treatment,16S,Plaque,V4,Illumina,GTGCCAGCMGCCGCGGTAA,GGACTACHVGGGTWTCTAAT,OralCavity,Teeth,0.06,1.39,1.78,b117_109_V2_Female
b118,NA,NA,EXP-16-AL9708,116,ORL_GUM-1235,"ProjectPacman,placeboversusPacman",NA,No,NA,NA,UK,NA,109,Female,No,Pacman,M83,Toothpaste,4,Post_treatment,16S,Plaque,V4,Illumina,GTGCCAGCMGCCGCGGTAA,GGACTACHVGGGTWTCTAAT,OralCavity,Teeth,0.01,1.22,1.67,b118_109_V4_Female
b119,NA,NA,EXP-16-AL9708,117,ORL_GUM-1235,"ProjectPacman,placeboversusPacman",NA,No,NA,NA,UK,NA,113,Female,No,Pacman,M83,Toothpaste,2,Pre_treatment,16S,Plaque,V4,Illumina,GTGCCAGCMGCCGCGGTAA,GGACTACHVGGGTWTCTAAT,OralCavity,Teeth,0.26,1.48,1.12,b119_113_V2_Female
b120,NA,NA,EXP-16-AL9708,118,ORL_GUM-1235,"ProjectPacman,placeboversusPacman",NA,No,NA,NA,UK,NA,113,Female,No,Pacman,M83,Toothpaste,4,Post_treatment,16S,Plaque,V4,Illumina,GTGCCAGCMGCCGCGGTAA,GGACTACHVGGGTWTCTAAT,OralCavity,Teeth,0.09,1.23,0.82,b120_113_V4_Female
b121,NA,NA,EXP-16-AL9708,119,ORL_GUM-1235,"ProjectPacman,placeboversusPacman",NA,No,NA,NA,UK,NA,114,Female,No,Control,G18,Toothpaste,2,Pre_treatment,16S,Plaque,V4,Illumina,GTGCCAGCMGCCGCGGTAA,GGACTACHVGGGTWTCTAAT,OralCavity,Teeth,0.14,1.54,2.06,b121_114_V2_Female
b122,NA,NA,EXP-16-AL9708,120,ORL_GUM-1235,"ProjectPacman,placeboversusPacman",NA,No,NA,NA,UK,NA,114,Female,No,Control,G18,Toothpaste,4,Post_treatment,16S,Plaque,V4,Illumina,GTGCCAGCMGCCGCGGTAA,GGACTACHVGGGTWTCTAAT,OralCavity,Teeth,0.11,1.41,1.71,b122_114_V4_Female
b123,NA,NA,EXP-16-AL9708,121,ORL_GUM-1235,"ProjectPacman,placeboversusPacman",NA,No,NA,NA,UK,NA,115,Female,No,Pacman,M83,Toothpaste,2,Pre_treatment,16S,Plaque,V4,Illumina,GTGCCAGCMGCCGCGGTAA,GGACTACHVGGGTWTCTAAT,OralCavity,Teeth,0.25,1.65,1.48,b123_115_V2_Female
b124,NA,NA,EXP-16-AL9708,122,ORL_GUM-1235,"ProjectPacman,placeboversusPacman",NA,No,NA,NA,UK,NA,115,Female,No,Pacman,M83,Toothpaste,4,Post_treatment,16S,Plaque,V4,Illumina,GTGCCAGCMGCCGCGGTAA,GGACTACHVGGGTWTCTAAT,OralCavity,Teeth,0.3,1.39,1.31,b124_115_V4_Female
b125,NA,NA,EXP-16-AL9708,123,ORL_GUM-1235,"ProjectPacman,placeboversusPacman",NA,No,NA,NA,UK,NA,117,Female,No,Control,G18,Toothpaste,2,Pre_treatment,16S,Plaque,V4,Illumina,GTGCCAGCMGCCGCGGTAA,GGACTACHVGGGTWTCTAAT,OralCavity,Teeth,0.32,1.55,0.79,b125_117_V2_Female
b126,NA,NA,EXP-16-AL9708,124,ORL_GUM-1235,"ProjectPacman,placeboversusPacman",NA,No,NA,NA,UK,NA,117,Female,No,Control,G18,Toothpaste,4,Post_treatment,16S,Plaque,V4,Illumina,GTGCCAGCMGCCGCGGTAA,GGACTACHVGGGTWTCTAAT,OralCavity,Teeth,0.27,1.56,0.93,b126_117_V4_Female
b127,NA,NA,EXP-16-AL9708,125,ORL_GUM-1235,"ProjectPacman,placeboversusPacman",NA,No,NA,NA,UK,NA,118,Male,No,Control,G18,Toothpaste,2,Pre_treatment,16S,Plaque,V4,Illumina,GTGCCAGCMGCCGCGGTAA,GGACTACHVGGGTWTCTAAT,OralCavity,Teeth,0.35,1.62,1.37,b127_118_V2_Males
b128,NA,NA,EXP-16-AL9708,126,ORL_GUM-1235,"ProjectPacman,placeboversusPacman",NA,No,NA,NA,UK,NA,118,Male,No,Control,G18,Toothpaste,4,Post_treatment,16S,Plaque,V4,Illumina,GTGCCAGCMGCCGCGGTAA,GGACTACHVGGGTWTCTAAT,OralCavity,Teeth,0.32,1.47,1.65,b128_118_V4_Males
b129,NA,NA,EXP-16-AL9708,127,ORL_GUM-1235,"ProjectPacman,placeboversusPacman",NA,No,NA,NA,UK,NA,120,Female,No,Pacman,M83,Toothpaste,2,Pre_treatment,16S,Plaque,V4,Illumina,GTGCCAGCMGCCGCGGTAA,GGACTACHVGGGTWTCTAAT,OralCavity,Teeth,0.26,1.49,1.39,b129_120_V2_Female
b130,NA,NA,EXP-16-AL9708,128,ORL_GUM-1235,"ProjectPacman,placeboversusPacman",NA,No,NA,NA,UK,NA,120,Female,No,Pacman,M83,Toothpaste,4,Post_treatment,16S,Plaque,V4,Illumina,GTGCCAGCMGCCGCGGTAA,GGACTACHVGGGTWTCTAAT,OralCavity,Teeth,0.1,1.31,1.41,b130_120_V4_Female
b131,NA,NA,EXP-16-AL9708,129,ORL_GUM-1235,"ProjectPacman,placeboversusPacman",NA,No,NA,NA,UK,NA,121,Female,No,Pacman,M83,Toothpaste,2,Pre_treatment,16S,Plaque,V4,Illumina,GTGCCAGCMGCCGCGGTAA,GGACTACHVGGGTWTCTAAT,OralCavity,Teeth,0.22,1.39,1.94,b131_121_V2_Female
b132,NA,NA,EXP-16-AL9708,130,ORL_GUM-1235,"ProjectPacman,placeboversusPacman",NA,No,NA,NA,UK,NA,121,Female,No,Pacman,M83,Toothpaste,4,Post_treatment,16S,Plaque,V4,Illumina,GTGCCAGCMGCCGCGGTAA,GGACTACHVGGGTWTCTAAT,OralCavity,Teeth,0.16,1.17,1.53,b132_121_V4_Female
b133,NA,NA,EXP-16-AL9708,131,ORL_GUM-1235,"ProjectPacman,placeboversusPacman",NA,No,NA,NA,UK,NA,122,Female,No,Pacman,M83,Toothpaste,2,Pre_treatment,16S,Plaque,V4,Illumina,GTGCCAGCMGCCGCGGTAA,GGACTACHVGGGTWTCTAAT,OralCavity,Teeth,0.13,1.56,2.22,b133_122_V2_Female
b134,NA,NA,EXP-16-AL9708,132,ORL_GUM-1235,"ProjectPacman,placeboversusPacman",NA,No,NA,NA,UK,NA,122,Female,No,Pacman,M83,Toothpaste,4,Post_treatment,16S,Plaque,V4,Illumina,GTGCCAGCMGCCGCGGTAA,GGACTACHVGGGTWTCTAAT,OralCavity,Teeth,0.09,1.26,1.48,b134_122_V4_Female
b135,NA,NA,EXP-16-AL9708,133,ORL_GUM-1235,"ProjectPacman,placeboversusPacman",NA,No,NA,NA,UK,NA,124,Female,No,Pacman,M83,Toothpaste,2,Pre_treatment,16S,Plaque,V4,Illumina,GTGCCAGCMGCCGCGGTAA,GGACTACHVGGGTWTCTAAT,OralCavity,Teeth,0.15,1.6,1.24,b135_124_V2_Female
b136,NA,NA,EXP-16-AL9708,134,ORL_GUM-1235,"ProjectPacman,placeboversusPacman",NA,No,NA,NA,UK,NA,124,Female,No,Pacman,M83,Toothpaste,4,Post_treatment,16S,Plaque,V4,Illumina,GTGCCAGCMGCCGCGGTAA,GGACTACHVGGGTWTCTAAT,OralCavity,Teeth,0.11,1.39,1.2,b136_124_V4_Female
b137,NA,NA,EXP-16-AL9708,135,ORL_GUM-1235,"ProjectPacman,placeboversusPacman",NA,No,NA,NA,UK,NA,126,Female,No,Control,G18,Toothpaste,2,Pre_treatment,16S,Plaque,V4,Illumina,GTGCCAGCMGCCGCGGTAA,GGACTACHVGGGTWTCTAAT,OralCavity,Teeth,0.19,1.5,2.18,b137_126_V2_Female
b138,NA,NA,EXP-16-AL9708,136,ORL_GUM-1235,"ProjectPacman,placeboversusPacman",NA,No,NA,NA,UK,NA,126,Female,No,Control,G18,Toothpaste,4,Post_treatment,16S,Plaque,V4,Illumina,GTGCCAGCMGCCGCGGTAA,GGACTACHVGGGTWTCTAAT,OralCavity,Teeth,0.19,1.45,1.33,b138_126_V4_Female
b139,NA,NA,EXP-16-AL9708,137,ORL_GUM-1235,"ProjectPacman,placeboversusPacman",NA,No,NA,NA,UK,NA,127,Female,No,Pacman,M83,Toothpaste,2,Pre_treatment,16S,Plaque,V4,Illumina,GTGCCAGCMGCCGCGGTAA,GGACTACHVGGGTWTCTAAT,OralCavity,Teeth,0.11,1.26,1.3,b139_127_V2_Female
b140,NA,NA,EXP-16-AL9708,138,ORL_GUM-1235,"ProjectPacman,placeboversusPacman",NA,No,NA,NA,UK,NA,127,Female,No,Pacman,M83,Toothpaste,4,Post_treatment,16S,Plaque,V4,Illumina,GTGCCAGCMGCCGCGGTAA,GGACTACHVGGGTWTCTAAT,OralCavity,Teeth,0.13,1.07,1.03,b140_127_V4_Female
b141,NA,NA,EXP-16-AL9708,139,ORL_GUM-1235,"ProjectPacman,placeboversusPacman",NA,No,NA,NA,UK,NA,128,Female,No,Pacman,M83,Toothpaste,2,Pre_treatment,16S,Plaque,V4,Illumina,GTGCCAGCMGCCGCGGTAA,GGACTACHVGGGTWTCTAAT,OralCavity,Teeth,0.22,1.38,1.92,b141_128_V2_Female
b142,NA,NA,EXP-16-AL9708,140,ORL_GUM-1235,"ProjectPacman,placeboversusPacman",NA,No,NA,NA,UK,NA,128,Female,No,Pacman,M83,Toothpaste,4,Post_treatment,16S,Plaque,V4,Illumina,GTGCCAGCMGCCGCGGTAA,GGACTACHVGGGTWTCTAAT,OralCavity,Teeth,0.11,1.4,1.1,b142_128_V4_Female
b143,NA,NA,EXP-16-AL9708,141,ORL_GUM-1235,"ProjectPacman,placeboversusPacman",NA,No,NA,NA,UK,NA,131,Female,No,Control,G18,Toothpaste,2,Pre_treatment,16S,Plaque,V4,Illumina,GTGCCAGCMGCCGCGGTAA,GGACTACHVGGGTWTCTAAT,OralCavity,Teeth,0.29,1.3,1.08,b143_131_V2_Female
b144,NA,NA,EXP-16-AL9708,142,ORL_GUM-1235,"ProjectPacman,placeboversusPacman",NA,No,NA,NA,UK,NA,131,Female,No,Control,G18,Toothpaste,4,Post_treatment,16S,Plaque,V4,Illumina,GTGCCAGCMGCCGCGGTAA,GGACTACHVGGGTWTCTAAT,OralCavity,Teeth,0.15,1.31,1.25,b144_131_V4_Female
b145,NA,NA,EXP-16-AL9708,143,ORL_GUM-1235,"ProjectPacman,placeboversusPacman",NA,No,NA,NA,UK,NA,133,Male,No,Control,G18,Toothpaste,2,Pre_treatment,16S,Plaque,V4,Illumina,GTGCCAGCMGCCGCGGTAA,GGACTACHVGGGTWTCTAAT,OralCavity,Teeth,0.23,1.42,1.32,b145_133_V2_Males
b146,NA,NA,EXP-16-AL9708,144,ORL_GUM-1235,"ProjectPacman,placeboversusPacman",NA,No,NA,NA,UK,NA,133,Male,No,Control,G18,Toothpaste,4,Post_treatment,16S,Plaque,V4,Illumina,GTGCCAGCMGCCGCGGTAA,GGACTACHVGGGTWTCTAAT,OralCavity,Teeth,0.11,1.34,1.13,b146_133_V4_Males
b147,NA,NA,EXP-16-AL9708,145,ORL_GUM-1235,"ProjectPacman,placeboversusPacman",NA,No,NA,NA,UK,NA,135,Male,No,Pacman,M83,Toothpaste,2,Pre_treatment,16S,Plaque,V4,Illumina,GTGCCAGCMGCCGCGGTAA,GGACTACHVGGGTWTCTAAT,OralCavity,Teeth,0.17,1.33,1.01,b147_135_V2_Males
b148,NA,NA,EXP-16-AL9708,146,ORL_GUM-1235,"ProjectPacman,placeboversusPacman",NA,No,NA,NA,UK,NA,135,Male,No,Pacman,M83,Toothpaste,4,Post_treatment,16S,Plaque,V4,Illumina,GTGCCAGCMGCCGCGGTAA,GGACTACHVGGGTWTCTAAT,OralCavity,Teeth,0.11,1.23,0.97,b148_135_V4_Males
b149,NA,NA,EXP-16-AL9708,147,ORL_GUM-1235,"ProjectPacman,placeboversusPacman",NA,No,NA,NA,UK,NA,136,Female,No,Pacman,M83,Toothpaste,2,Pre_treatment,16S,Plaque,V4,Illumina,GTGCCAGCMGCCGCGGTAA,GGACTACHVGGGTWTCTAAT,OralCavity,Teeth,0.08,1.44,1.74,b149_136_V2_Female
b150,NA,NA,EXP-16-AL9708,148,ORL_GUM-1235,"ProjectPacman,placeboversusPacman",NA,No,NA,NA,UK,NA,136,Female,No,Pacman,M83,Toothpaste,4,Post_treatment,16S,Plaque,V4,Illumina,GTGCCAGCMGCCGCGGTAA,GGACTACHVGGGTWTCTAAT,OralCavity,Teeth,0.05,1.1,1.18,b150_136_V4_Female
b151,NA,NA,EXP-16-AL9708,149,ORL_GUM-1235,"ProjectPacman,placeboversusPacman",NA,No,NA,NA,UK,NA,137,Male,No,Control,G18,Toothpaste,2,Pre_treatment,16S,Plaque,V4,Illumina,GTGCCAGCMGCCGCGGTAA,GGACTACHVGGGTWTCTAAT,OralCavity,Teeth,0.17,1.49,1.35,b151_137_V2_Males
b152,NA,NA,EXP-16-AL9708,150,ORL_GUM-1235,"ProjectPacman,placeboversusPacman",NA,No,NA,NA,UK,NA,137,Male,No,Control,G18,Toothpaste,4,Post_treatment,16S,Plaque,V4,Illumina,GTGCCAGCMGCCGCGGTAA,GGACTACHVGGGTWTCTAAT,OralCavity,Teeth,0.12,1.47,1.23,b152_137_V4_Males
b153,NA,NA,EXP-16-AL9708,151,ORL_GUM-1235,"ProjectPacman,placeboversusPacman",NA,No,NA,NA,UK,NA,138,Male,No,Pacman,M83,Toothpaste,2,Pre_treatment,16S,Plaque,V4,Illumina,GTGCCAGCMGCCGCGGTAA,GGACTACHVGGGTWTCTAAT,OralCavity,Teeth,0.07,1.63,1.57,b153_138_V2_Males
b154,NA,NA,EXP-16-AL9708,152,ORL_GUM-1235,"ProjectPacman,placeboversusPacman",NA,No,NA,NA,UK,NA,138,Male,No,Pacman,M83,Toothpaste,4,Post_treatment,16S,Plaque,V4,Illumina,GTGCCAGCMGCCGCGGTAA,GGACTACHVGGGTWTCTAAT,OralCavity,Teeth,0.27,1.52,1.36,b154_138_V4_Males
b155,NA,NA,EXP-16-AL9708,153,ORL_GUM-1235,"ProjectPacman,placeboversusPacman",NA,No,NA,NA,UK,NA,139,Female,No,Pacman,M83,Toothpaste,2,Pre_treatment,16S,Plaque,V4,Illumina,GTGCCAGCMGCCGCGGTAA,GGACTACHVGGGTWTCTAAT,OralCavity,Teeth,0.2,1.43,1.74,b155_139_V2_Female
b156,NA,NA,EXP-16-AL9708,154,ORL_GUM-1235,"ProjectPacman,placeboversusPacman",NA,No,NA,NA,UK,NA,139,Female,No,Pacman,M83,Toothpaste,4,Post_treatment,16S,Plaque,V4,Illumina,GTGCCAGCMGCCGCGGTAA,GGACTACHVGGGTWTCTAAT,OralCavity,Teeth,0.2,1.31,1.91,b156_139_V4_Female
b157,NA,NA,EXP-16-AL9708,155,ORL_GUM-1235,"ProjectPacman,placeboversusPacman",NA,No,NA,NA,UK,NA,143,Male,No,Control,G18,Toothpaste,2,Pre_treatment,16S,Plaque,V4,Illumina,GTGCCAGCMGCCGCGGTAA,GGACTACHVGGGTWTCTAAT,OralCavity,Teeth,0.13,1.47,1.31,b157_143_V2_Males
b158,NA,NA,EXP-16-AL9708,156,ORL_GUM-1235,"ProjectPacman,placeboversusPacman",NA,No,NA,NA,UK,NA,143,Male,No,Control,G18,Toothpaste,4,Post_treatment,16S,Plaque,V4,Illumina,GTGCCAGCMGCCGCGGTAA,GGACTACHVGGGTWTCTAAT,OralCavity,Teeth,0.11,1.31,1.4,b158_143_V4_Males
b159,NA,NA,EXP-16-AL9708,157,ORL_GUM-1235,"ProjectPacman,placeboversusPacman",NA,No,NA,NA,UK,NA,145,Female,No,Control,G18,Toothpaste,2,Pre_treatment,16S,Plaque,V4,Illumina,GTGCCAGCMGCCGCGGTAA,GGACTACHVGGGTWTCTAAT,OralCavity,Teeth,0.33,1.61,1.55,b159_145_V2_Female
b160,NA,NA,EXP-16-AL9708,158,ORL_GUM-1235,"ProjectPacman,placeboversusPacman",NA,No,NA,NA,UK,NA,145,Female,No,Control,G18,Toothpaste,4,Post_treatment,16S,Plaque,V4,Illumina,GTGCCAGCMGCCGCGGTAA,GGACTACHVGGGTWTCTAAT,OralCavity,Teeth,0.4,1.36,1.45,b160_145_V4_Female
b161,NA,NA,EXP-16-AL9708,159,ORL_GUM-1235,"ProjectPacman,placeboversusPacman",NA,No,NA,NA,UK,NA,146,Female,No,Pacman,M83,Toothpaste,2,Pre_treatment,16S,Plaque,V4,Illumina,GTGCCAGCMGCCGCGGTAA,GGACTACHVGGGTWTCTAAT,OralCavity,Teeth,0.16,1.23,1.43,b161_146_V2_Female
b162,NA,NA,EXP-16-AL9708,160,ORL_GUM-1235,"ProjectPacman,placeboversusPacman",NA,No,NA,NA,UK,NA,146,Female,No,Pacman,M83,Toothpaste,4,Post_treatment,16S,Plaque,V4,Illumina,GTGCCAGCMGCCGCGGTAA,GGACTACHVGGGTWTCTAAT,OralCavity,Teeth,0.14,1.16,1.02,b162_146_V4_Female
b163,NA,NA,EXP-16-AL9708,161,ORL_GUM-1235,"ProjectPacman,placeboversusPacman",NA,No,NA,NA,UK,NA,151,Male,No,Control,G18,Toothpaste,2,Pre_treatment,16S,Plaque,V4,Illumina,GTGCCAGCMGCCGCGGTAA,GGACTACHVGGGTWTCTAAT,OralCavity,Teeth,0.09,1.54,2.36,b163_151_V2_Males
b164,NA,NA,EXP-16-AL9708,162,ORL_GUM-1235,"ProjectPacman,placeboversusPacman",NA,No,NA,NA,UK,NA,151,Male,No,Control,G18,Toothpaste,4,Post_treatment,16S,Plaque,V4,Illumina,GTGCCAGCMGCCGCGGTAA,GGACTACHVGGGTWTCTAAT,OralCavity,Teeth,0.14,1.43,2.08,b164_151_V4_Males
b165,NA,NA,EXP-16-AL9708,163,ORL_GUM-1235,"ProjectPacman,placeboversusPacman",NA,No,NA,NA,UK,NA,152,Female,No,Pacman,M83,Toothpaste,2,Pre_treatment,16S,Plaque,V4,Illumina,GTGCCAGCMGCCGCGGTAA,GGACTACHVGGGTWTCTAAT,OralCavity,Teeth,0.1,1.34,1.59,b165_152_V2_Female
b166,NA,NA,EXP-16-AL9708,164,ORL_GUM-1235,"ProjectPacman,placeboversusPacman",NA,No,NA,NA,UK,NA,152,Female,No,Pacman,M83,Toothpaste,4,Post_treatment,16S,Plaque,V4,Illumina,GTGCCAGCMGCCGCGGTAA,GGACTACHVGGGTWTCTAAT,OralCavity,Teeth,0.06,1.15,1.15,b166_152_V4_Female
b167,NA,NA,EXP-16-AL9708,165,ORL_GUM-1235,"ProjectPacman,placeboversusPacman",NA,No,NA,NA,UK,NA,153,Male,No,Control,G18,Toothpaste,2,Pre_treatment,16S,Plaque,V4,Illumina,GTGCCAGCMGCCGCGGTAA,GGACTACHVGGGTWTCTAAT,OralCavity,Teeth,0.06,1.39,1.45,b167_153_V2_Males
b168,NA,NA,EXP-16-AL9708,166,ORL_GUM-1235,"ProjectPacman,placeboversusPacman",NA,No,NA,NA,UK,NA,153,Male,No,Control,G18,Toothpaste,4,Post_treatment,16S,Plaque,V4,Illumina,GTGCCAGCMGCCGCGGTAA,GGACTACHVGGGTWTCTAAT,OralCavity,Teeth,0.05,1.22,1.57,b168_153_V4_Males
b169,NA,NA,EXP-16-AL9708,167,ORL_GUM-1235,"ProjectPacman,placeboversusPacman",NA,No,NA,NA,UK,NA,154,Female,No,Control,G18,Toothpaste,2,Pre_treatment,16S,Plaque,V4,Illumina,GTGCCAGCMGCCGCGGTAA,GGACTACHVGGGTWTCTAAT,OralCavity,Teeth,0.19,1.43,0.92,b169_154_V2_Female
b170,NA,NA,EXP-16-AL9708,168,ORL_GUM-1235,"ProjectPacman,placeboversusPacman",NA,No,NA,NA,UK,NA,154,Female,No,Control,G18,Toothpaste,4,Post_treatment,16S,Plaque,V4,Illumina,GTGCCAGCMGCCGCGGTAA,GGACTACHVGGGTWTCTAAT,OralCavity,Teeth,0.07,1.2,0.89,b170_154_V4_Female
b171,NA,NA,EXP-16-AL9708,169,ORL_GUM-1235,"ProjectPacman,placeboversusPacman",NA,No,NA,NA,UK,NA,157,Female,No,Control,G18,Toothpaste,2,Pre_treatment,16S,Plaque,V4,Illumina,GTGCCAGCMGCCGCGGTAA,GGACTACHVGGGTWTCTAAT,OralCavity,Teeth,0.14,1.54,1.19,b171_157_V2_Female
b172,NA,NA,EXP-16-AL9708,170,ORL_GUM-1235,"ProjectPacman,placeboversusPacman",NA,No,NA,NA,UK,NA,157,Female,No,Control,G18,Toothpaste,4,Post_treatment,16S,Plaque,V4,Illumina,GTGCCAGCMGCCGCGGTAA,GGACTACHVGGGTWTCTAAT,OralCavity,Teeth,0.2,1.44,0.92,b172_157_V4_Female
b173,NA,NA,EXP-16-AL9708,171,ORL_GUM-1235,"ProjectPacman,placeboversusPacman",NA,No,NA,NA,UK,NA,159,Female,No,Pacman,M83,Toothpaste,2,Pre_treatment,16S,Plaque,V4,Illumina,GTGCCAGCMGCCGCGGTAA,GGACTACHVGGGTWTCTAAT,OralCavity,Teeth,0.36,1.44,2.24,b173_159_V2_Female
b174,NA,NA,EXP-16-AL9708,172,ORL_GUM-1235,"ProjectPacman,placeboversusPacman",NA,No,NA,NA,UK,NA,159,Female,No,Pacman,M83,Toothpaste,4,Post_treatment,16S,Plaque,V4,Illumina,GTGCCAGCMGCCGCGGTAA,GGACTACHVGGGTWTCTAAT,OralCavity,Teeth,0.24,1.51,1.23,b174_159_V4_Female
b175,NA,NA,EXP-16-AL9708,173,ORL_GUM-1235,"ProjectPacman,placeboversusPacman",NA,No,NA,NA,UK,NA,160,Female,No,Pacman,M83,Toothpaste,2,Pre_treatment,16S,Plaque,V4,Illumina,GTGCCAGCMGCCGCGGTAA,GGACTACHVGGGTWTCTAAT,OralCavity,Teeth,0.07,1.41,0.92,b175_160_V2_Female
b176,NA,NA,EXP-16-AL9708,174,ORL_GUM-1235,"ProjectPacman,placeboversusPacman",NA,No,NA,NA,UK,NA,160,Female,No,Pacman,M83,Toothpaste,4,Post_treatment,16S,Plaque,V4,Illumina,GTGCCAGCMGCCGCGGTAA,GGACTACHVGGGTWTCTAAT,OralCavity,Teeth,0.01,1.1,0.47,b176_160_V4_Female
b177,NA,NA,EXP-16-AL9708,175,ORL_GUM-1235,"ProjectPacman,placeboversusPacman",NA,No,NA,NA,UK,NA,164,Female,No,Control,G18,Toothpaste,2,Pre_treatment,16S,Plaque,V4,Illumina,GTGCCAGCMGCCGCGGTAA,GGACTACHVGGGTWTCTAAT,OralCavity,Teeth,0.13,1.4,2.04,b177_164_V2_Female
b178,NA,NA,EXP-16-AL9708,176,ORL_GUM-1235,"ProjectPacman,placeboversusPacman",NA,No,NA,NA,UK,NA,164,Female,No,Control,G18,Toothpaste,4,Post_treatment,16S,Plaque,V4,Illumina,GTGCCAGCMGCCGCGGTAA,GGACTACHVGGGTWTCTAAT,OralCavity,Teeth,0.15,1.51,1.82,b178_164_V4_Female
b179,NA,NA,EXP-16-AL9708,177,ORL_GUM-1235,"ProjectPacman,placeboversusPacman",NA,No,NA,NA,UK,NA,166,Male,No,Control,G18,Toothpaste,2,Pre_treatment,16S,Plaque,V4,Illumina,GTGCCAGCMGCCGCGGTAA,GGACTACHVGGGTWTCTAAT,OralCavity,Teeth,0.09,1.45,1.51,b179_166_V2_Males
b180,NA,NA,EXP-16-AL9708,178,ORL_GUM-1235,"ProjectPacman,placeboversusPacman",NA,No,NA,NA,UK,NA,166,Male,No,Control,G18,Toothpaste,4,Post_treatment,16S,Plaque,V4,Illumina,GTGCCAGCMGCCGCGGTAA,GGACTACHVGGGTWTCTAAT,OralCavity,Teeth,0.05,1.42,1.27,b180_166_V4_Males
b181,NA,NA,EXP-16-AL9708,179,ORL_GUM-1235,"ProjectPacman,placeboversusPacman",NA,No,NA,NA,UK,NA,169,Female,No,Control,G18,Toothpaste,2,Pre_treatment,16S,Plaque,V4,Illumina,GTGCCAGCMGCCGCGGTAA,GGACTACHVGGGTWTCTAAT,OralCavity,Teeth,0.4,1.64,2.1,b181_169_V2_Female
b182,NA,NA,EXP-16-AL9708,180,ORL_GUM-1235,"ProjectPacman,placeboversusPacman",NA,No,NA,NA,UK,NA,169,Female,No,Control,G18,Toothpaste,4,Post_treatment,16S,Plaque,V4,Illumina,GTGCCAGCMGCCGCGGTAA,GGACTACHVGGGTWTCTAAT,OralCavity,Teeth,0.16,1.48,2,b182_169_V4_Female
b183,NA,NA,EXP-16-AL9708,181,ORL_GUM-1235,"ProjectPacman,placeboversusPacman",NA,No,NA,NA,UK,NA,171,Male,No,Pacman,M83,Toothpaste,2,Pre_treatment,16S,Plaque,V4,Illumina,GTGCCAGCMGCCGCGGTAA,GGACTACHVGGGTWTCTAAT,OralCavity,Teeth,0.23,1.67,2.32,b183_171_V2_Males
b184,NA,NA,EXP-16-AL9708,182,ORL_GUM-1235,"ProjectPacman,placeboversusPacman",NA,No,NA,NA,UK,NA,171,Male,No,Pacman,M83,Toothpaste,4,Post_treatment,16S,Plaque,V4,Illumina,GTGCCAGCMGCCGCGGTAA,GGACTACHVGGGTWTCTAAT,OralCavity,Teeth,0.29,1.56,1.37,b184_171_V4_Males
b185,NA,NA,EXP-16-AL9708,183,ORL_GUM-1235,"ProjectPacman,placeboversusPacman",NA,No,NA,NA,UK,NA,174,Female,No,Control,G18,Toothpaste,2,Pre_treatment,16S,Plaque,V4,Illumina,GTGCCAGCMGCCGCGGTAA,GGACTACHVGGGTWTCTAAT,OralCavity,Teeth,0.13,1.36,0.78,b185_174_V2_Female
b186,NA,NA,EXP-16-AL9708,184,ORL_GUM-1235,"ProjectPacman,placeboversusPacman",NA,No,NA,NA,UK,NA,174,Female,No,Control,G18,Toothpaste,4,Post_treatment,16S,Plaque,V4,Illumina,GTGCCAGCMGCCGCGGTAA,GGACTACHVGGGTWTCTAAT,OralCavity,Teeth,0.05,1.07,0.92,b186_174_V4_Female
b187,NA,NA,EXP-16-AL9708,185,ORL_GUM-1235,"ProjectPacman,placeboversusPacman",NA,No,NA,NA,UK,NA,176,Male,No,Control,G18,Toothpaste,2,Pre_treatment,16S,Plaque,V4,Illumina,GTGCCAGCMGCCGCGGTAA,GGACTACHVGGGTWTCTAAT,OralCavity,Teeth,0.08,1.39,1.48,b187_176_V2_Males
b188,NA,NA,EXP-16-AL9708,186,ORL_GUM-1235,"ProjectPacman,placeboversusPacman",NA,No,NA,NA,UK,NA,176,Male,No,Control,G18,Toothpaste,4,Post_treatment,16S,Plaque,V4,Illumina,GTGCCAGCMGCCGCGGTAA,GGACTACHVGGGTWTCTAAT,OralCavity,Teeth,0.06,1.32,0.9,b188_176_V4_Males
b189,NA,NA,EXP-16-AL9708,187,ORL_GUM-1235,"ProjectPacman,placeboversusPacman",NA,No,NA,NA,UK,NA,177,Female,No,Control,G18,Toothpaste,2,Pre_treatment,16S,Plaque,V4,Illumina,GTGCCAGCMGCCGCGGTAA,GGACTACHVGGGTWTCTAAT,OralCavity,Teeth,0.15,1.5,1.72,b189_177_V2_Female
b190,NA,NA,EXP-16-AL9708,188,ORL_GUM-1235,"ProjectPacman,placeboversusPacman",NA,No,NA,NA,UK,NA,177,Female,No,Control,G18,Toothpaste,4,Post_treatment,16S,Plaque,V4,Illumina,GTGCCAGCMGCCGCGGTAA,GGACTACHVGGGTWTCTAAT,OralCavity,Teeth,0.18,1.43,1.37,b190_177_V4_Female
b191,NA,NA,EXP-16-AL9708,NA,ORL_GUM-1235,"ProjectPacman,placeboversusPacman",NA,Yes,Mock,NA,UK,NA,NA,NA,NA,NA,NA,NA,NA,NA,16S,NA,V4,Illumina,GTGCCAGCMGCCGCGGTAA,GGACTACHVGGGTWTCTAAT,OralCavity,NA,NA,NA,NA,b191_Mock3
b192,NA,NA,EXP-16-AL9708,NA,ORL_GUM-1235,"ProjectPacman,placeboversusPacman",NA,Yes,Mock,NA,UK,NA,NA,NA,NA,NA,NA,NA,NA,NA,16S,NA,V4,Illumina,GTGCCAGCMGCCGCGGTAA,GGACTACHVGGGTWTCTAAT,OralCavity,NA,NA,NA,NA,b192_Mock4
b193,NA,NA,EXP-16-AL9708,189,ORL_GUM-1235,"ProjectPacman,placeboversusPacman",NA,No,NA,NA,UK,NA,178,Male,No,Pacman,M83,Toothpaste,2,Pre_treatment,16S,Plaque,V4,Illumina,GTGCCAGCMGCCGCGGTAA,GGACTACHVGGGTWTCTAAT,OralCavity,Teeth,0.12,1.49,1.53,b193_178_V2_Males
b194,NA,NA,EXP-16-AL9708,190,ORL_GUM-1235,"ProjectPacman,placeboversusPacman",NA,No,NA,NA,UK,NA,178,Male,No,Pacman,M83,Toothpaste,4,Post_treatment,16S,Plaque,V4,Illumina,GTGCCAGCMGCCGCGGTAA,GGACTACHVGGGTWTCTAAT,OralCavity,Teeth,0.11,1.66,0.75,b194_178_V4_Males
b195,NA,NA,EXP-16-AL9708,191,ORL_GUM-1235,"ProjectPacman,placeboversusPacman",NA,No,NA,NA,UK,NA,179,Male,No,Control,G18,Toothpaste,2,Pre_treatment,16S,Plaque,V4,Illumina,GTGCCAGCMGCCGCGGTAA,GGACTACHVGGGTWTCTAAT,OralCavity,Teeth,0.32,1.6,1.74,b195_179_V2_Males
b196,NA,NA,EXP-16-AL9708,192,ORL_GUM-1235,"ProjectPacman,placeboversusPacman",NA,No,NA,NA,UK,NA,179,Male,No,Control,G18,Toothpaste,4,Post_treatment,16S,Plaque,V4,Illumina,GTGCCAGCMGCCGCGGTAA,GGACTACHVGGGTWTCTAAT,OralCavity,Teeth,0.59,1.41,2.24,b196_179_V4_Males
b197,NA,NA,EXP-16-AL9708,193,ORL_GUM-1235,"ProjectPacman,placeboversusPacman",NA,No,NA,NA,UK,NA,180,Female,No,Control,G18,Toothpaste,2,Pre_treatment,16S,Plaque,V4,Illumina,GTGCCAGCMGCCGCGGTAA,GGACTACHVGGGTWTCTAAT,OralCavity,Teeth,0.07,1.44,1.96,b197_180_V2_Female
b198,NA,NA,EXP-16-AL9708,194,ORL_GUM-1235,"ProjectPacman,placeboversusPacman",NA,No,NA,NA,UK,NA,180,Female,No,Control,G18,Toothpaste,4,Post_treatment,16S,Plaque,V4,Illumina,GTGCCAGCMGCCGCGGTAA,GGACTACHVGGGTWTCTAAT,OralCavity,Teeth,0.08,1.11,1.31,b198_180_V4_Female
b199,NA,NA,EXP-16-AL9708,195,ORL_GUM-1235,"ProjectPacman,placeboversusPacman",NA,No,NA,NA,UK,NA,188,Male,No,Pacman,M83,Toothpaste,2,Pre_treatment,16S,Plaque,V4,Illumina,GTGCCAGCMGCCGCGGTAA,GGACTACHVGGGTWTCTAAT,OralCavity,Teeth,0.29,1.64,2.32,b199_188_V2_Males
b200,NA,NA,EXP-16-AL9708,196,ORL_GUM-1235,"ProjectPacman,placeboversusPacman",NA,No,NA,NA,UK,NA,188,Male,No,Pacman,M83,Toothpaste,4,Post_treatment,16S,Plaque,V4,Illumina,GTGCCAGCMGCCGCGGTAA,GGACTACHVGGGTWTCTAAT,OralCavity,Teeth,0.29,1.58,2.48,b200_188_V4_Males
b201,NA,NA,EXP-16-AL9708,197,ORL_GUM-1235,"ProjectPacman,placeboversusPacman",NA,No,NA,NA,UK,NA,189,Female,No,Pacman,M83,Toothpaste,2,Pre_treatment,16S,Plaque,V4,Illumina,GTGCCAGCMGCCGCGGTAA,GGACTACHVGGGTWTCTAAT,OralCavity,Teeth,0.24,1.6,1.56,b201_189_V2_Female
b202,NA,NA,EXP-16-AL9708,198,ORL_GUM-1235,"ProjectPacman,placeboversusPacman",NA,No,NA,NA,UK,NA,189,Female,No,Pacman,M83,Toothpaste,4,Post_treatment,16S,Plaque,V4,Illumina,GTGCCAGCMGCCGCGGTAA,GGACTACHVGGGTWTCTAAT,OralCavity,Teeth,0.1,1.48,1.51,b202_189_V4_Female
b203,NA,NA,EXP-16-AL9708,199,ORL_GUM-1235,"ProjectPacman,placeboversusPacman",NA,No,NA,NA,UK,NA,196,Male,No,Pacman,M83,Toothpaste,2,Pre_treatment,16S,Plaque,V4,Illumina,GTGCCAGCMGCCGCGGTAA,GGACTACHVGGGTWTCTAAT,OralCavity,Teeth,0.19,1.43,1.92,b203_196_V2_Males
b204,NA,NA,EXP-16-AL9708,200,ORL_GUM-1235,"ProjectPacman,placeboversusPacman",NA,No,NA,NA,UK,NA,196,Male,No,Pacman,M83,Toothpaste,4,Post_treatment,16S,Plaque,V4,Illumina,GTGCCAGCMGCCGCGGTAA,GGACTACHVGGGTWTCTAAT,OralCavity,Teeth,0.26,1.49,1.32,b204_196_V4_Males
b205,NA,NA,EXP-16-AL9708,201,ORL_GUM-1235,"ProjectPacman,placeboversusPacman",NA,No,NA,NA,UK,NA,197,Male,No,Pacman,M83,Toothpaste,2,Pre_treatment,16S,Plaque,V4,Illumina,GTGCCAGCMGCCGCGGTAA,GGACTACHVGGGTWTCTAAT,OralCavity,Teeth,0.12,1.43,1.78,b205_197_V2_Males
b206,NA,NA,EXP-16-AL9708,202,ORL_GUM-1235,"ProjectPacman,placeboversusPacman",NA,No,NA,NA,UK,NA,197,Male,No,Pacman,M83,Toothpaste,4,Post_treatment,16S,Plaque,V4,Illumina,GTGCCAGCMGCCGCGGTAA,GGACTACHVGGGTWTCTAAT,OralCavity,Teeth,0.07,1.15,1.97,b206_197_V4_Males
b207,NA,NA,EXP-16-AL9708,203,ORL_GUM-1235,"ProjectPacman,placeboversusPacman",NA,No,NA,NA,UK,NA,198,Female,No,Pacman,M83,Toothpaste,2,Pre_treatment,16S,Plaque,V4,Illumina,GTGCCAGCMGCCGCGGTAA,GGACTACHVGGGTWTCTAAT,OralCavity,Teeth,0.06,1.41,1.28,b207_198_V2_Female
b208,NA,NA,EXP-16-AL9708,204,ORL_GUM-1235,"ProjectPacman,placeboversusPacman",NA,No,NA,NA,UK,NA,198,Female,No,Pacman,M83,Toothpaste,4,Post_treatment,16S,Plaque,V4,Illumina,GTGCCAGCMGCCGCGGTAA,GGACTACHVGGGTWTCTAAT,OralCavity,Teeth,0.18,1.02,1.02,b208_198_V4_Female
b209,NA,NA,EXP-16-AL9708,205,ORL_GUM-1235,"ProjectPacman,placeboversusPacman",NA,No,NA,NA,UK,NA,200,Male,No,Control,G18,Toothpaste,2,Pre_treatment,16S,Plaque,V4,Illumina,GTGCCAGCMGCCGCGGTAA,GGACTACHVGGGTWTCTAAT,OralCavity,Teeth,0.11,1.67,2.14,b209_200_V2_Males
b210,NA,NA,EXP-16-AL9708,206,ORL_GUM-1235,"ProjectPacman,placeboversusPacman",NA,No,NA,NA,UK,NA,200,Male,No,Control,G18,Toothpaste,4,Post_treatment,16S,Plaque,V4,Illumina,GTGCCAGCMGCCGCGGTAA,GGACTACHVGGGTWTCTAAT,OralCavity,Teeth,0.16,1.52,1.77,b210_200_V4_Males
b211,NA,NA,EXP-16-AL9708,207,ORL_GUM-1235,"ProjectPacman,placeboversusPacman",NA,No,NA,NA,UK,NA,202,Female,No,Control,G18,Toothpaste,2,Pre_treatment,16S,Plaque,V4,Illumina,GTGCCAGCMGCCGCGGTAA,GGACTACHVGGGTWTCTAAT,OralCavity,Teeth,0.12,1.33,1.08,b211_202_V2_Female
b212,NA,NA,EXP-16-AL9708,208,ORL_GUM-1235,"ProjectPacman,placeboversusPacman",NA,No,NA,NA,UK,NA,202,Female,No,Control,G18,Toothpaste,4,Post_treatment,16S,Plaque,V4,Illumina,GTGCCAGCMGCCGCGGTAA,GGACTACHVGGGTWTCTAAT,OralCavity,Teeth,0.08,1.33,0.53,b212_202_V4_Female
b213,NA,NA,EXP-16-AL9708,209,ORL_GUM-1235,"ProjectPacman,placeboversusPacman",NA,No,NA,NA,UK,NA,207,Female,No,Control,G18,Toothpaste,2,Pre_treatment,16S,Plaque,V4,Illumina,GTGCCAGCMGCCGCGGTAA,GGACTACHVGGGTWTCTAAT,OralCavity,Teeth,0.14,1.44,1.47,b213_207_V2_Female
b214,NA,NA,EXP-16-AL9708,210,ORL_GUM-1235,"ProjectPacman,placeboversusPacman",NA,No,NA,NA,UK,NA,207,Female,No,Control,G18,Toothpaste,4,Post_treatment,16S,Plaque,V4,Illumina,GTGCCAGCMGCCGCGGTAA,GGACTACHVGGGTWTCTAAT,OralCavity,Teeth,0.02,1.2,1.03,b214_207_V4_Female
b215,NA,NA,EXP-16-AL9708,211,ORL_GUM-1235,"ProjectPacman,placeboversusPacman",NA,No,NA,NA,UK,NA,210,Male,No,Control,G18,Toothpaste,2,Pre_treatment,16S,Plaque,V4,Illumina,GTGCCAGCMGCCGCGGTAA,GGACTACHVGGGTWTCTAAT,OralCavity,Teeth,0.4,1.61,2.25,b215_210_V2_Males
b216,NA,NA,EXP-16-AL9708,212,ORL_GUM-1235,"ProjectPacman,placeboversusPacman",NA,No,NA,NA,UK,NA,210,Male,No,Control,G18,Toothpaste,4,Post_treatment,16S,Plaque,V4,Illumina,GTGCCAGCMGCCGCGGTAA,GGACTACHVGGGTWTCTAAT,OralCavity,Teeth,0.22,1.52,1.57,b216_210_V4_Males
b217,NA,NA,EXP-16-AL9708,213,ORL_GUM-1235,"ProjectPacman,placeboversusPacman",NA,No,NA,NA,UK,NA,213,Female,No,Control,G18,Toothpaste,2,Pre_treatment,16S,Plaque,V4,Illumina,GTGCCAGCMGCCGCGGTAA,GGACTACHVGGGTWTCTAAT,OralCavity,Teeth,0.18,1.5,1.89,b217_213_V2_Female
b218,NA,NA,EXP-16-AL9708,214,ORL_GUM-1235,"ProjectPacman,placeboversusPacman",NA,No,NA,NA,UK,NA,213,Female,No,Control,G18,Toothpaste,4,Post_treatment,16S,Plaque,V4,Illumina,GTGCCAGCMGCCGCGGTAA,GGACTACHVGGGTWTCTAAT,OralCavity,Teeth,0.11,1.24,1.92,b218_213_V4_Female
b219,NA,NA,EXP-16-AL9708,215,ORL_GUM-1235,"ProjectPacman,placeboversusPacman",NA,No,NA,NA,UK,NA,215,Female,No,Pacman,M83,Toothpaste,2,Pre_treatment,16S,Plaque,V4,Illumina,GTGCCAGCMGCCGCGGTAA,GGACTACHVGGGTWTCTAAT,OralCavity,Teeth,0.19,1.56,1.87,b219_215_V2_Female
b220,NA,NA,EXP-16-AL9708,216,ORL_GUM-1235,"ProjectPacman,placeboversusPacman",NA,No,NA,NA,UK,NA,215,Female,No,Pacman,M83,Toothpaste,4,Post_treatment,16S,Plaque,V4,Illumina,GTGCCAGCMGCCGCGGTAA,GGACTACHVGGGTWTCTAAT,OralCavity,Teeth,0.12,1.41,1.42,b220_215_V4_Female
b221,NA,NA,EXP-16-AL9708,217,ORL_GUM-1235,"ProjectPacman,placeboversusPacman",NA,No,NA,NA,UK,NA,216,Female,No,Control,G18,Toothpaste,2,Pre_treatment,16S,Plaque,V4,Illumina,GTGCCAGCMGCCGCGGTAA,GGACTACHVGGGTWTCTAAT,OralCavity,Teeth,0.35,1.43,1.81,b221_216_V2_Female
b222,NA,NA,EXP-16-AL9708,218,ORL_GUM-1235,"ProjectPacman,placeboversusPacman",NA,No,NA,NA,UK,NA,216,Female,No,Control,G18,Toothpaste,4,Post_treatment,16S,Plaque,V4,Illumina,GTGCCAGCMGCCGCGGTAA,GGACTACHVGGGTWTCTAAT,OralCavity,Teeth,0.28,1.51,1.52,b222_216_V4_Female
b223,NA,NA,EXP-16-AL9708,219,ORL_GUM-1235,"ProjectPacman,placeboversusPacman",NA,No,NA,NA,UK,NA,1,Male,No,Control,G18,Toothpaste,2,Pre_treatment,16S,Saliva,V4,Illumina,GTGCCAGCMGCCGCGGTAA,GGACTACHVGGGTWTCTAAT,OralCavity,Saliva,0.1,1.56,1.89,b223_1_V2_Males
b224,NA,NA,EXP-16-AL9708,220,ORL_GUM-1235,"ProjectPacman,placeboversusPacman",NA,No,NA,NA,UK,NA,1,Male,No,Control,G18,Toothpaste,4,Post_treatment,16S,Saliva,V4,Illumina,GTGCCAGCMGCCGCGGTAA,GGACTACHVGGGTWTCTAAT,OralCavity,Saliva,0.12,1.25,1.36,b224_1_V4_Males
b225,NA,NA,EXP-16-AL9708,221,ORL_GUM-1235,"ProjectPacman,placeboversusPacman",NA,No,NA,NA,UK,NA,2,Male,No,Control,G18,Toothpaste,2,Pre_treatment,16S,Saliva,V4,Illumina,GTGCCAGCMGCCGCGGTAA,GGACTACHVGGGTWTCTAAT,OralCavity,Saliva,0.28,1.74,2.41,b225_2_V2_Males
b226,NA,NA,EXP-16-AL9708,222,ORL_GUM-1235,"ProjectPacman,placeboversusPacman",NA,No,NA,NA,UK,NA,2,Male,No,Control,G18,Toothpaste,4,Post_treatment,16S,Saliva,V4,Illumina,GTGCCAGCMGCCGCGGTAA,GGACTACHVGGGTWTCTAAT,OralCavity,Saliva,0.26,1.77,2.12,b226_2_V4_Males
b227,NA,NA,EXP-16-AL9708,223,ORL_GUM-1235,"ProjectPacman,placeboversusPacman",NA,No,NA,NA,UK,NA,5,Female,No,Pacman,M83,Toothpaste,2,Pre_treatment,16S,Saliva,V4,Illumina,GTGCCAGCMGCCGCGGTAA,GGACTACHVGGGTWTCTAAT,OralCavity,Saliva,0.13,1.34,1.96,b227_5_V2_Female
b228,NA,NA,EXP-16-AL9708,224,ORL_GUM-1235,"ProjectPacman,placeboversusPacman",NA,No,NA,NA,UK,NA,5,Female,No,Pacman,M83,Toothpaste,4,Post_treatment,16S,Saliva,V4,Illumina,GTGCCAGCMGCCGCGGTAA,GGACTACHVGGGTWTCTAAT,OralCavity,Saliva,0.03,1.13,1.21,b228_5_V4_Female
b229,NA,NA,EXP-16-AL9708,225,ORL_GUM-1235,"ProjectPacman,placeboversusPacman",NA,No,NA,NA,UK,NA,7,Female,No,Control,G18,Toothpaste,2,Pre_treatment,16S,Saliva,V4,Illumina,GTGCCAGCMGCCGCGGTAA,GGACTACHVGGGTWTCTAAT,OralCavity,Saliva,0.09,1.62,2.09,b229_7_V2_Female
b230,NA,NA,EXP-16-AL9708,226,ORL_GUM-1235,"ProjectPacman,placeboversusPacman",NA,No,NA,NA,UK,NA,7,Female,No,Control,G18,Toothpaste,4,Post_treatment,16S,Saliva,V4,Illumina,GTGCCAGCMGCCGCGGTAA,GGACTACHVGGGTWTCTAAT,OralCavity,Saliva,0.06,1.23,1.17,b230_7_V4_Female
b231,NA,NA,EXP-16-AL9708,227,ORL_GUM-1235,"ProjectPacman,placeboversusPacman",NA,No,NA,NA,UK,NA,9,Male,No,Control,G18,Toothpaste,2,Pre_treatment,16S,Saliva,V4,Illumina,GTGCCAGCMGCCGCGGTAA,GGACTACHVGGGTWTCTAAT,OralCavity,Saliva,0.21,1.82,2.34,b231_9_V2_Males
b232,NA,NA,EXP-16-AL9708,228,ORL_GUM-1235,"ProjectPacman,placeboversusPacman",NA,No,NA,NA,UK,NA,9,Male,No,Control,G18,Toothpaste,4,Post_treatment,16S,Saliva,V4,Illumina,GTGCCAGCMGCCGCGGTAA,GGACTACHVGGGTWTCTAAT,OralCavity,Saliva,0.2,1.61,1.75,b232_9_V4_Males
b233,NA,NA,EXP-16-AL9708,229,ORL_GUM-1235,"ProjectPacman,placeboversusPacman",NA,No,NA,NA,UK,NA,11,Male,No,Pacman,M83,Toothpaste,2,Pre_treatment,16S,Saliva,V4,Illumina,GTGCCAGCMGCCGCGGTAA,GGACTACHVGGGTWTCTAAT,OralCavity,Saliva,0.09,1.38,2.03,b233_11_V2_Males
b234,NA,NA,EXP-16-AL9708,230,ORL_GUM-1235,"ProjectPacman,placeboversusPacman",NA,No,NA,NA,UK,NA,11,Male,No,Pacman,M83,Toothpaste,4,Post_treatment,16S,Saliva,V4,Illumina,GTGCCAGCMGCCGCGGTAA,GGACTACHVGGGTWTCTAAT,OralCavity,Saliva,0.04,1.2,1.32,b234_11_V4_Males
b235,NA,NA,EXP-16-AL9708,231,ORL_GUM-1235,"ProjectPacman,placeboversusPacman",NA,No,NA,NA,UK,NA,14,Female,No,Pacman,M83,Toothpaste,2,Pre_treatment,16S,Saliva,V4,Illumina,GTGCCAGCMGCCGCGGTAA,GGACTACHVGGGTWTCTAAT,OralCavity,Saliva,0.25,1.47,1.93,b235_14_V2_Female
b236,NA,NA,EXP-16-AL9708,232,ORL_GUM-1235,"ProjectPacman,placeboversusPacman",NA,No,NA,NA,UK,NA,14,Female,No,Pacman,M83,Toothpaste,4,Post_treatment,16S,Saliva,V4,Illumina,GTGCCAGCMGCCGCGGTAA,GGACTACHVGGGTWTCTAAT,OralCavity,Saliva,0.21,1.29,1.92,b236_14_V4_Female
b237,NA,NA,EXP-16-AL9708,233,ORL_GUM-1235,"ProjectPacman,placeboversusPacman",NA,No,NA,NA,UK,NA,15,Female,No,Pacman,M83,Toothpaste,2,Pre_treatment,16S,Saliva,V4,Illumina,GTGCCAGCMGCCGCGGTAA,GGACTACHVGGGTWTCTAAT,OralCavity,Saliva,0.07,1.41,1.41,b237_15_V2_Female
b238,NA,NA,EXP-16-AL9708,234,ORL_GUM-1235,"ProjectPacman,placeboversusPacman",NA,No,NA,NA,UK,NA,15,Female,No,Pacman,M83,Toothpaste,4,Post_treatment,16S,Saliva,V4,Illumina,GTGCCAGCMGCCGCGGTAA,GGACTACHVGGGTWTCTAAT,OralCavity,Saliva,0.04,1.39,1.09,b238_15_V4_Female
b239,NA,NA,EXP-16-AL9708,235,ORL_GUM-1235,"ProjectPacman,placeboversusPacman",NA,No,NA,NA,UK,NA,17,Female,No,Control,G18,Toothpaste,2,Pre_treatment,16S,Saliva,V4,Illumina,GTGCCAGCMGCCGCGGTAA,GGACTACHVGGGTWTCTAAT,OralCavity,Saliva,0.35,1.69,1.98,b239_17_V2_Female
b240,NA,NA,EXP-16-AL9708,236,ORL_GUM-1235,"ProjectPacman,placeboversusPacman",NA,No,NA,NA,UK,NA,17,Female,No,Control,G18,Toothpaste,4,Post_treatment,16S,Saliva,V4,Illumina,GTGCCAGCMGCCGCGGTAA,GGACTACHVGGGTWTCTAAT,OralCavity,Saliva,0.41,1.34,1.96,b240_17_V4_Female
b241,NA,NA,EXP-16-AL9708,237,ORL_GUM-1235,"ProjectPacman,placeboversusPacman",NA,No,NA,NA,UK,NA,19,Female,No,Control,G18,Toothpaste,2,Pre_treatment,16S,Saliva,V4,Illumina,GTGCCAGCMGCCGCGGTAA,GGACTACHVGGGTWTCTAAT,OralCavity,Saliva,0.42,1.53,1.32,b241_19_V2_Female
b242,NA,NA,EXP-16-AL9708,238,ORL_GUM-1235,"ProjectPacman,placeboversusPacman",NA,No,NA,NA,UK,NA,19,Female,No,Control,G18,Toothpaste,4,Post_treatment,16S,Saliva,V4,Illumina,GTGCCAGCMGCCGCGGTAA,GGACTACHVGGGTWTCTAAT,OralCavity,Saliva,0.17,1.24,1.28,b242_19_V4_Female
b243,NA,NA,EXP-16-AL9708,239,ORL_GUM-1235,"ProjectPacman,placeboversusPacman",NA,No,NA,NA,UK,NA,24,Female,No,Control,G18,Toothpaste,2,Pre_treatment,16S,Saliva,V4,Illumina,GTGCCAGCMGCCGCGGTAA,GGACTACHVGGGTWTCTAAT,OralCavity,Saliva,0.32,1.66,2.16,b243_24_V2_Female
b244,NA,NA,EXP-16-AL9708,240,ORL_GUM-1235,"ProjectPacman,placeboversusPacman",NA,No,NA,NA,UK,NA,24,Female,No,Control,G18,Toothpaste,4,Post_treatment,16S,Saliva,V4,Illumina,GTGCCAGCMGCCGCGGTAA,GGACTACHVGGGTWTCTAAT,OralCavity,Saliva,0.61,1.55,1.14,b244_24_V4_Female
b245,NA,NA,EXP-16-AL9708,241,ORL_GUM-1235,"ProjectPacman,placeboversusPacman",NA,No,NA,NA,UK,NA,25,Female,No,Pacman,M83,Toothpaste,2,Pre_treatment,16S,Saliva,V4,Illumina,GTGCCAGCMGCCGCGGTAA,GGACTACHVGGGTWTCTAAT,OralCavity,Saliva,0.1,1.36,0.88,b245_25_V2_Female
b246,NA,NA,EXP-16-AL9708,242,ORL_GUM-1235,"ProjectPacman,placeboversusPacman",NA,No,NA,NA,UK,NA,25,Female,No,Pacman,M83,Toothpaste,4,Post_treatment,16S,Saliva,V4,Illumina,GTGCCAGCMGCCGCGGTAA,GGACTACHVGGGTWTCTAAT,OralCavity,Saliva,0.03,1.12,1.07,b246_25_V4_Female
b247,NA,NA,EXP-16-AL9708,243,ORL_GUM-1235,"ProjectPacman,placeboversusPacman",NA,No,NA,NA,UK,NA,27,Female,No,Pacman,M83,Toothpaste,2,Pre_treatment,16S,Saliva,V4,Illumina,GTGCCAGCMGCCGCGGTAA,GGACTACHVGGGTWTCTAAT,OralCavity,Saliva,0.27,1.53,0.86,b247_27_V2_Female
b248,NA,NA,EXP-16-AL9708,244,ORL_GUM-1235,"ProjectPacman,placeboversusPacman",NA,No,NA,NA,UK,NA,27,Female,No,Pacman,M83,Toothpaste,4,Post_treatment,16S,Saliva,V4,Illumina,GTGCCAGCMGCCGCGGTAA,GGACTACHVGGGTWTCTAAT,OralCavity,Saliva,0.18,1.08,0.5,b248_27_V4_Female
b249,NA,NA,EXP-16-AL9708,245,ORL_GUM-1235,"ProjectPacman,placeboversusPacman",NA,No,NA,NA,UK,NA,30,Female,No,Control,G18,Toothpaste,2,Pre_treatment,16S,Saliva,V4,Illumina,GTGCCAGCMGCCGCGGTAA,GGACTACHVGGGTWTCTAAT,OralCavity,Saliva,0.03,1.27,1.93,b249_30_V2_Female
b250,NA,NA,EXP-16-AL9708,246,ORL_GUM-1235,"ProjectPacman,placeboversusPacman",NA,No,NA,NA,UK,NA,30,Female,No,Control,G18,Toothpaste,4,Post_treatment,16S,Saliva,V4,Illumina,GTGCCAGCMGCCGCGGTAA,GGACTACHVGGGTWTCTAAT,OralCavity,Saliva,0.05,1.09,1.61,b250_30_V4_Female
b251,NA,NA,EXP-16-AL9708,247,ORL_GUM-1235,"ProjectPacman,placeboversusPacman",NA,No,NA,NA,UK,NA,31,Female,No,Pacman,M83,Toothpaste,2,Pre_treatment,16S,Saliva,V4,Illumina,GTGCCAGCMGCCGCGGTAA,GGACTACHVGGGTWTCTAAT,OralCavity,Saliva,0.06,1.49,2.35,b251_31_V2_Female
b252,NA,NA,EXP-16-AL9708,248,ORL_GUM-1235,"ProjectPacman,placeboversusPacman",NA,No,NA,NA,UK,NA,31,Female,No,Pacman,M83,Toothpaste,4,Post_treatment,16S,Saliva,V4,Illumina,GTGCCAGCMGCCGCGGTAA,GGACTACHVGGGTWTCTAAT,OralCavity,Saliva,0.17,1.3,2.42,b252_31_V4_Female
b253,NA,NA,EXP-16-AL9708,249,ORL_GUM-1235,"ProjectPacman,placeboversusPacman",NA,No,NA,NA,UK,NA,34,Female,No,Pacman,M83,Toothpaste,2,Pre_treatment,16S,Saliva,V4,Illumina,GTGCCAGCMGCCGCGGTAA,GGACTACHVGGGTWTCTAAT,OralCavity,Saliva,0.21,1.45,0.9,b253_34_V2_Female
b254,NA,NA,EXP-16-AL9708,250,ORL_GUM-1235,"ProjectPacman,placeboversusPacman",NA,No,NA,NA,UK,NA,34,Female,No,Pacman,M83,Toothpaste,4,Post_treatment,16S,Saliva,V4,Illumina,GTGCCAGCMGCCGCGGTAA,GGACTACHVGGGTWTCTAAT,OralCavity,Saliva,0.15,1.12,1.07,b254_34_V4_Female
b255,NA,NA,EXP-16-AL9708,251,ORL_GUM-1235,"ProjectPacman,placeboversusPacman",NA,No,NA,NA,UK,NA,36,Female,No,Pacman,M83,Toothpaste,2,Pre_treatment,16S,Saliva,V4,Illumina,GTGCCAGCMGCCGCGGTAA,GGACTACHVGGGTWTCTAAT,OralCavity,Saliva,0.15,1.38,1.48,b255_36_V2_Female
b256,NA,NA,EXP-16-AL9708,252,ORL_GUM-1235,"ProjectPacman,placeboversusPacman",NA,No,NA,NA,UK,NA,36,Female,No,Pacman,M83,Toothpaste,4,Post_treatment,16S,Saliva,V4,Illumina,GTGCCAGCMGCCGCGGTAA,GGACTACHVGGGTWTCTAAT,OralCavity,Saliva,0.18,1.26,0.75,b256_36_V4_Female
b257,NA,NA,EXP-16-AL9708,253,ORL_GUM-1235,"ProjectPacman,placeboversusPacman",NA,No,NA,NA,UK,NA,38,Female,No,Pacman,M83,Toothpaste,2,Pre_treatment,16S,Saliva,V4,Illumina,GTGCCAGCMGCCGCGGTAA,GGACTACHVGGGTWTCTAAT,OralCavity,Saliva,0.08,1.41,2.02,b257_38_V2_Female
b258,NA,NA,EXP-16-AL9708,254,ORL_GUM-1235,"ProjectPacman,placeboversusPacman",NA,No,NA,NA,UK,NA,38,Female,No,Pacman,M83,Toothpaste,4,Post_treatment,16S,Saliva,V4,Illumina,GTGCCAGCMGCCGCGGTAA,GGACTACHVGGGTWTCTAAT,OralCavity,Saliva,0.05,1.03,1.76,b258_38_V4_Female
b259,NA,NA,EXP-16-AL9708,255,ORL_GUM-1235,"ProjectPacman,placeboversusPacman",NA,No,NA,NA,UK,NA,41,Female,No,Control,G18,Toothpaste,2,Pre_treatment,16S,Saliva,V4,Illumina,GTGCCAGCMGCCGCGGTAA,GGACTACHVGGGTWTCTAAT,OralCavity,Saliva,0.11,1.31,1.62,b259_41_V2_Female
b260,NA,NA,EXP-16-AL9708,256,ORL_GUM-1235,"ProjectPacman,placeboversusPacman",NA,No,NA,NA,UK,NA,41,Female,No,Control,G18,Toothpaste,4,Post_treatment,16S,Saliva,V4,Illumina,GTGCCAGCMGCCGCGGTAA,GGACTACHVGGGTWTCTAAT,OralCavity,Saliva,0.16,1.12,1.27,b260_41_V4_Female
b261,NA,NA,EXP-16-AL9708,257,ORL_GUM-1235,"ProjectPacman,placeboversusPacman",NA,No,NA,NA,UK,NA,43,Female,No,Control,G18,Toothpaste,2,Pre_treatment,16S,Saliva,V4,Illumina,GTGCCAGCMGCCGCGGTAA,GGACTACHVGGGTWTCTAAT,OralCavity,Saliva,0.08,1.53,2.12,b261_43_V2_Female
b262,NA,NA,EXP-16-AL9708,258,ORL_GUM-1235,"ProjectPacman,placeboversusPacman",NA,No,NA,NA,UK,NA,43,Female,No,Control,G18,Toothpaste,4,Post_treatment,16S,Saliva,V4,Illumina,GTGCCAGCMGCCGCGGTAA,GGACTACHVGGGTWTCTAAT,OralCavity,Saliva,0.08,1.37,1.16,b262_43_V4_Female
b263,NA,NA,EXP-16-AL9708,259,ORL_GUM-1235,"ProjectPacman,placeboversusPacman",NA,No,NA,NA,UK,NA,44,Female,No,Pacman,M83,Toothpaste,2,Pre_treatment,16S,Saliva,V4,Illumina,GTGCCAGCMGCCGCGGTAA,GGACTACHVGGGTWTCTAAT,OralCavity,Saliva,0.15,1.48,1.49,b263_44_V2_Female
b264,NA,NA,EXP-16-AL9708,260,ORL_GUM-1235,"ProjectPacman,placeboversusPacman",NA,No,NA,NA,UK,NA,44,Female,No,Pacman,M83,Toothpaste,4,Post_treatment,16S,Saliva,V4,Illumina,GTGCCAGCMGCCGCGGTAA,GGACTACHVGGGTWTCTAAT,OralCavity,Saliva,0.16,1.31,NA,b264_44_V4_Female
b265,NA,NA,EXP-16-AL9708,261,ORL_GUM-1235,"ProjectPacman,placeboversusPacman",NA,No,NA,NA,UK,NA,48,Female,No,Control,G18,Toothpaste,2,Pre_treatment,16S,Saliva,V4,Illumina,GTGCCAGCMGCCGCGGTAA,GGACTACHVGGGTWTCTAAT,OralCavity,Saliva,0.13,1.4,1.87,b265_48_V2_Female
b266,NA,NA,EXP-16-AL9708,262,ORL_GUM-1235,"ProjectPacman,placeboversusPacman",NA,No,NA,NA,UK,NA,48,Female,No,Control,G18,Toothpaste,4,Post_treatment,16S,Saliva,V4,Illumina,GTGCCAGCMGCCGCGGTAA,GGACTACHVGGGTWTCTAAT,OralCavity,Saliva,0.13,1.36,1.56,b266_48_V4_Female
b267,NA,NA,EXP-16-AL9708,263,ORL_GUM-1235,"ProjectPacman,placeboversusPacman",NA,No,NA,NA,UK,NA,50,Male,No,Pacman,M83,Toothpaste,2,Pre_treatment,16S,Saliva,V4,Illumina,GTGCCAGCMGCCGCGGTAA,GGACTACHVGGGTWTCTAAT,OralCavity,Saliva,0.16,1.43,1.76,b267_50_V2_Males
b268,NA,NA,EXP-16-AL9708,264,ORL_GUM-1235,"ProjectPacman,placeboversusPacman",NA,No,NA,NA,UK,NA,50,Male,No,Pacman,M83,Toothpaste,4,Post_treatment,16S,Saliva,V4,Illumina,GTGCCAGCMGCCGCGGTAA,GGACTACHVGGGTWTCTAAT,OralCavity,Saliva,0.21,1.09,1.75,b268_50_V4_Males
b269,NA,NA,EXP-16-AL9708,265,ORL_GUM-1235,"ProjectPacman,placeboversusPacman",NA,No,NA,NA,UK,NA,52,Female,No,Control,G18,Toothpaste,2,Pre_treatment,16S,Saliva,V4,Illumina,GTGCCAGCMGCCGCGGTAA,GGACTACHVGGGTWTCTAAT,OralCavity,Saliva,0.05,1.25,1.56,b269_52_V2_Female
b270,NA,NA,EXP-16-AL9708,266,ORL_GUM-1235,"ProjectPacman,placeboversusPacman",NA,No,NA,NA,UK,NA,52,Female,No,Control,G18,Toothpaste,4,Post_treatment,16S,Saliva,V4,Illumina,GTGCCAGCMGCCGCGGTAA,GGACTACHVGGGTWTCTAAT,OralCavity,Saliva,0.09,1.02,1.7,b270_52_V4_Female
b271,NA,NA,EXP-16-AL9708,267,ORL_GUM-1235,"ProjectPacman,placeboversusPacman",NA,No,NA,NA,UK,NA,53,Female,No,Control,G18,Toothpaste,2,Pre_treatment,16S,Saliva,V4,Illumina,GTGCCAGCMGCCGCGGTAA,GGACTACHVGGGTWTCTAAT,OralCavity,Saliva,0.18,1.5,1.66,b271_53_V2_Female
b272,NA,NA,EXP-16-AL9708,268,ORL_GUM-1235,"ProjectPacman,placeboversusPacman",NA,No,NA,NA,UK,NA,53,Female,No,Control,G18,Toothpaste,4,Post_treatment,16S,Saliva,V4,Illumina,GTGCCAGCMGCCGCGGTAA,GGACTACHVGGGTWTCTAAT,OralCavity,Saliva,0.03,1.25,2.13,b272_53_V4_Female
b273,NA,NA,EXP-16-AL9708,269,ORL_GUM-1235,"ProjectPacman,placeboversusPacman",NA,No,NA,NA,UK,NA,56,Female,No,Control,G18,Toothpaste,2,Pre_treatment,16S,Saliva,V4,Illumina,GTGCCAGCMGCCGCGGTAA,GGACTACHVGGGTWTCTAAT,OralCavity,Saliva,0.24,1.58,2.34,b273_56_V2_Female
b274,NA,NA,EXP-16-AL9708,270,ORL_GUM-1235,"ProjectPacman,placeboversusPacman",NA,No,NA,NA,UK,NA,56,Female,No,Control,G18,Toothpaste,4,Post_treatment,16S,Saliva,V4,Illumina,GTGCCAGCMGCCGCGGTAA,GGACTACHVGGGTWTCTAAT,OralCavity,Saliva,0.55,1.55,2.13,b274_56_V4_Female
b275,NA,NA,EXP-16-AL9708,271,ORL_GUM-1235,"ProjectPacman,placeboversusPacman",NA,No,NA,NA,UK,NA,58,Female,No,Pacman,M83,Toothpaste,2,Pre_treatment,16S,Saliva,V4,Illumina,GTGCCAGCMGCCGCGGTAA,GGACTACHVGGGTWTCTAAT,OralCavity,Saliva,0.37,1.52,2.42,b275_58_V2_Female
b276,NA,NA,EXP-16-AL9708,272,ORL_GUM-1235,"ProjectPacman,placeboversusPacman",NA,No,NA,NA,UK,NA,58,Female,No,Pacman,M83,Toothpaste,4,Post_treatment,16S,Saliva,V4,Illumina,GTGCCAGCMGCCGCGGTAA,GGACTACHVGGGTWTCTAAT,OralCavity,Saliva,0.24,1.44,1.9,b276_58_V4_Female
b277,NA,NA,EXP-16-AL9708,273,ORL_GUM-1235,"ProjectPacman,placeboversusPacman",NA,No,NA,NA,UK,NA,59,Female,No,Control,G18,Toothpaste,2,Pre_treatment,16S,Saliva,V4,Illumina,GTGCCAGCMGCCGCGGTAA,GGACTACHVGGGTWTCTAAT,OralCavity,Saliva,0.17,1.33,0.83,b277_59_V2_Female
b278,NA,NA,EXP-16-AL9708,274,ORL_GUM-1235,"ProjectPacman,placeboversusPacman",NA,No,NA,NA,UK,NA,59,Female,No,Control,G18,Toothpaste,4,Post_treatment,16S,Saliva,V4,Illumina,GTGCCAGCMGCCGCGGTAA,GGACTACHVGGGTWTCTAAT,OralCavity,Saliva,0.17,1.18,0.26,b278_59_V4_Female
b279,NA,NA,EXP-16-AL9708,275,ORL_GUM-1235,"ProjectPacman,placeboversusPacman",NA,No,NA,NA,UK,NA,62,Female,No,Control,G18,Toothpaste,2,Pre_treatment,16S,Saliva,V4,Illumina,GTGCCAGCMGCCGCGGTAA,GGACTACHVGGGTWTCTAAT,OralCavity,Saliva,0.08,1.26,1.61,b279_62_V2_Female
b280,NA,NA,EXP-16-AL9708,276,ORL_GUM-1235,"ProjectPacman,placeboversusPacman",NA,No,NA,NA,UK,NA,62,Female,No,Control,G18,Toothpaste,4,Post_treatment,16S,Saliva,V4,Illumina,GTGCCAGCMGCCGCGGTAA,GGACTACHVGGGTWTCTAAT,OralCavity,Saliva,0.23,1.49,1.67,b280_62_V4_Female
b281,NA,NA,EXP-16-AL9708,277,ORL_GUM-1235,"ProjectPacman,placeboversusPacman",NA,No,NA,NA,UK,NA,64,Male,No,Pacman,M83,Toothpaste,2,Pre_treatment,16S,Saliva,V4,Illumina,GTGCCAGCMGCCGCGGTAA,GGACTACHVGGGTWTCTAAT,OralCavity,Saliva,0.34,1.43,1.66,b281_64_V2_Males
b282,NA,NA,EXP-16-AL9708,278,ORL_GUM-1235,"ProjectPacman,placeboversusPacman",NA,No,NA,NA,UK,NA,64,Male,No,Pacman,M83,Toothpaste,4,Post_treatment,16S,Saliva,V4,Illumina,GTGCCAGCMGCCGCGGTAA,GGACTACHVGGGTWTCTAAT,OralCavity,Saliva,0.13,1.32,1.54,b282_64_V4_Males
b283,NA,NA,EXP-16-AL9708,279,ORL_GUM-1235,"ProjectPacman,placeboversusPacman",NA,No,NA,NA,UK,NA,65,Male,No,Pacman,M83,Toothpaste,2,Pre_treatment,16S,Saliva,V4,Illumina,GTGCCAGCMGCCGCGGTAA,GGACTACHVGGGTWTCTAAT,OralCavity,Saliva,0.21,1.59,1.96,b283_65_V2_Males
b284,NA,NA,EXP-16-AL9708,280,ORL_GUM-1235,"ProjectPacman,placeboversusPacman",NA,No,NA,NA,UK,NA,65,Male,No,Pacman,M83,Toothpaste,4,Post_treatment,16S,Saliva,V4,Illumina,GTGCCAGCMGCCGCGGTAA,GGACTACHVGGGTWTCTAAT,OralCavity,Saliva,0.13,1.33,1.41,b284_65_V4_Males
b285,NA,NA,EXP-16-AL9708,281,ORL_GUM-1235,"ProjectPacman,placeboversusPacman",NA,No,NA,NA,UK,NA,66,Female,No,Control,G18,Toothpaste,2,Pre_treatment,16S,Saliva,V4,Illumina,GTGCCAGCMGCCGCGGTAA,GGACTACHVGGGTWTCTAAT,OralCavity,Saliva,0.19,1.34,1.21,b285_66_V2_Female
b286,NA,NA,EXP-16-AL9708,282,ORL_GUM-1235,"ProjectPacman,placeboversusPacman",NA,No,NA,NA,UK,NA,66,Female,No,Control,G18,Toothpaste,4,Post_treatment,16S,Saliva,V4,Illumina,GTGCCAGCMGCCGCGGTAA,GGACTACHVGGGTWTCTAAT,OralCavity,Saliva,0.14,1.2,1.33,b286_66_V4_Female
b287,NA,NA,EXP-16-AL9708,NA,ORL_GUM-1235,"ProjectPacman,placeboversusPacman",NA,Yes,Mock,NA,UK,NA,NA,NA,NA,NA,NA,NA,NA,NA,16S,NA,V4,Illumina,GTGCCAGCMGCCGCGGTAA,GGACTACHVGGGTWTCTAAT,OralCavity,NA,NA,NA,NA,b287_Mock5
b288,NA,NA,EXP-16-AL9708,NA,ORL_GUM-1235,"ProjectPacman,placeboversusPacman",NA,Yes,Mock,NA,UK,NA,NA,NA,NA,NA,NA,NA,NA,NA,16S,NA,V4,Illumina,GTGCCAGCMGCCGCGGTAA,GGACTACHVGGGTWTCTAAT,OralCavity,NA,NA,NA,NA,b288_Mock6
b289,NA,NA,EXP-16-AL9708,283,ORL_GUM-1235,"ProjectPacman,placeboversusPacman",NA,No,NA,NA,UK,NA,67,Female,No,Control,G18,Toothpaste,2,Pre_treatment,16S,Saliva,V4,Illumina,GTGCCAGCMGCCGCGGTAA,GGACTACHVGGGTWTCTAAT,OralCavity,Saliva,0.17,1.43,1.44,b289_67_V2_Female
b290,NA,NA,EXP-16-AL9708,284,ORL_GUM-1235,"ProjectPacman,placeboversusPacman",NA,No,NA,NA,UK,NA,67,Female,No,Control,G18,Toothpaste,4,Post_treatment,16S,Saliva,V4,Illumina,GTGCCAGCMGCCGCGGTAA,GGACTACHVGGGTWTCTAAT,OralCavity,Saliva,0.13,1.22,1.37,b290_67_V4_Female
b291,NA,NA,EXP-16-AL9708,285,ORL_GUM-1235,"ProjectPacman,placeboversusPacman",NA,No,NA,NA,UK,NA,68,Male,No,Control,G18,Toothpaste,2,Pre_treatment,16S,Saliva,V4,Illumina,GTGCCAGCMGCCGCGGTAA,GGACTACHVGGGTWTCTAAT,OralCavity,Saliva,0.23,1.6,2.22,b291_68_V2_Males
b292,NA,NA,EXP-16-AL9708,286,ORL_GUM-1235,"ProjectPacman,placeboversusPacman",NA,No,NA,NA,UK,NA,68,Male,No,Control,G18,Toothpaste,4,Post_treatment,16S,Saliva,V4,Illumina,GTGCCAGCMGCCGCGGTAA,GGACTACHVGGGTWTCTAAT,OralCavity,Saliva,0.14,1.59,2.01,b292_68_V4_Males
b293,NA,NA,EXP-16-AL9708,287,ORL_GUM-1235,"ProjectPacman,placeboversusPacman",NA,No,NA,NA,UK,NA,69,Female,No,Pacman,M83,Toothpaste,2,Pre_treatment,16S,Saliva,V4,Illumina,GTGCCAGCMGCCGCGGTAA,GGACTACHVGGGTWTCTAAT,OralCavity,Saliva,0.3,1.71,1.87,b293_69_V2_Female
b294,NA,NA,EXP-16-AL9708,288,ORL_GUM-1235,"ProjectPacman,placeboversusPacman",NA,No,NA,NA,UK,NA,69,Female,No,Pacman,M83,Toothpaste,4,Post_treatment,16S,Saliva,V4,Illumina,GTGCCAGCMGCCGCGGTAA,GGACTACHVGGGTWTCTAAT,OralCavity,Saliva,0.22,1.6,2.45,b294_69_V4_Female
b295,NA,NA,EXP-16-AL9708,289,ORL_GUM-1235,"ProjectPacman,placeboversusPacman",NA,No,NA,NA,UK,NA,74,Male,No,Pacman,M83,Toothpaste,2,Pre_treatment,16S,Saliva,V4,Illumina,GTGCCAGCMGCCGCGGTAA,GGACTACHVGGGTWTCTAAT,OralCavity,Saliva,0.17,1.42,1.53,b295_74_V2_Males
b296,NA,NA,EXP-16-AL9708,290,ORL_GUM-1235,"ProjectPacman,placeboversusPacman",NA,No,NA,NA,UK,NA,74,Male,No,Pacman,M83,Toothpaste,4,Post_treatment,16S,Saliva,V4,Illumina,GTGCCAGCMGCCGCGGTAA,GGACTACHVGGGTWTCTAAT,OralCavity,Saliva,0.08,1.11,0.67,b296_74_V4_Males
b297,NA,NA,EXP-16-AL9708,291,ORL_GUM-1235,"ProjectPacman,placeboversusPacman",NA,No,NA,NA,UK,NA,75,Male,No,Pacman,M83,Toothpaste,2,Pre_treatment,16S,Saliva,V4,Illumina,GTGCCAGCMGCCGCGGTAA,GGACTACHVGGGTWTCTAAT,OralCavity,Saliva,0.46,1.66,2.42,b297_75_V2_Males
b298,NA,NA,EXP-16-AL9708,292,ORL_GUM-1235,"ProjectPacman,placeboversusPacman",NA,No,NA,NA,UK,NA,75,Male,No,Pacman,M83,Toothpaste,4,Post_treatment,16S,Saliva,V4,Illumina,GTGCCAGCMGCCGCGGTAA,GGACTACHVGGGTWTCTAAT,OralCavity,Saliva,0.42,1.48,2.43,b298_75_V4_Males
b299,NA,NA,EXP-16-AL9708,293,ORL_GUM-1235,"ProjectPacman,placeboversusPacman",NA,No,NA,NA,UK,NA,76,Female,No,Control,G18,Toothpaste,2,Pre_treatment,16S,Saliva,V4,Illumina,GTGCCAGCMGCCGCGGTAA,GGACTACHVGGGTWTCTAAT,OralCavity,Saliva,0.37,1.37,2.29,b299_76_V2_Female
b300,NA,NA,EXP-16-AL9708,294,ORL_GUM-1235,"ProjectPacman,placeboversusPacman",NA,No,NA,NA,UK,NA,76,Female,No,Control,G18,Toothpaste,4,Post_treatment,16S,Saliva,V4,Illumina,GTGCCAGCMGCCGCGGTAA,GGACTACHVGGGTWTCTAAT,OralCavity,Saliva,0.38,1.4,1.45,b300_76_V4_Female
b301,NA,NA,EXP-16-AL9708,295,ORL_GUM-1235,"ProjectPacman,placeboversusPacman",NA,No,NA,NA,UK,NA,77,Female,No,Control,G18,Toothpaste,2,Pre_treatment,16S,Saliva,V4,Illumina,GTGCCAGCMGCCGCGGTAA,GGACTACHVGGGTWTCTAAT,OralCavity,Saliva,0.14,1.37,1.22,b301_77_V2_Female
b302,NA,NA,EXP-16-AL9708,296,ORL_GUM-1235,"ProjectPacman,placeboversusPacman",NA,No,NA,NA,UK,NA,77,Female,No,Control,G18,Toothpaste,4,Post_treatment,16S,Saliva,V4,Illumina,GTGCCAGCMGCCGCGGTAA,GGACTACHVGGGTWTCTAAT,OralCavity,Saliva,0.18,1.23,0.83,b302_77_V4_Female
b303,NA,NA,EXP-16-AL9708,297,ORL_GUM-1235,"ProjectPacman,placeboversusPacman",NA,No,NA,NA,UK,NA,80,Female,No,Control,G18,Toothpaste,2,Pre_treatment,16S,Saliva,V4,Illumina,GTGCCAGCMGCCGCGGTAA,GGACTACHVGGGTWTCTAAT,OralCavity,Saliva,0.28,1.44,1.22,b303_80_V2_Female
b304,NA,NA,EXP-16-AL9708,298,ORL_GUM-1235,"ProjectPacman,placeboversusPacman",NA,No,NA,NA,UK,NA,80,Female,No,Control,G18,Toothpaste,4,Post_treatment,16S,Saliva,V4,Illumina,GTGCCAGCMGCCGCGGTAA,GGACTACHVGGGTWTCTAAT,OralCavity,Saliva,0.1,1.28,0.84,b304_80_V4_Female
b305,NA,NA,EXP-16-AL9708,299,ORL_GUM-1235,"ProjectPacman,placeboversusPacman",NA,No,NA,NA,UK,NA,81,Female,No,Pacman,M83,Toothpaste,2,Pre_treatment,16S,Saliva,V4,Illumina,GTGCCAGCMGCCGCGGTAA,GGACTACHVGGGTWTCTAAT,OralCavity,Saliva,0.31,1.53,2.02,b305_81_V2_Female
b306,NA,NA,EXP-16-AL9708,300,ORL_GUM-1235,"ProjectPacman,placeboversusPacman",NA,No,NA,NA,UK,NA,81,Female,No,Pacman,M83,Toothpaste,4,Post_treatment,16S,Saliva,V4,Illumina,GTGCCAGCMGCCGCGGTAA,GGACTACHVGGGTWTCTAAT,OralCavity,Saliva,0.18,1.39,1.26,b306_81_V4_Female
b307,NA,NA,EXP-16-AL9708,301,ORL_GUM-1235,"ProjectPacman,placeboversusPacman",NA,No,NA,NA,UK,NA,84,Female,No,Control,G18,Toothpaste,2,Pre_treatment,16S,Saliva,V4,Illumina,GTGCCAGCMGCCGCGGTAA,GGACTACHVGGGTWTCTAAT,OralCavity,Saliva,0.06,1.36,1.21,b307_84_V2_Female
b308,NA,NA,EXP-16-AL9708,302,ORL_GUM-1235,"ProjectPacman,placeboversusPacman",NA,No,NA,NA,UK,NA,84,Female,No,Control,G18,Toothpaste,4,Post_treatment,16S,Saliva,V4,Illumina,GTGCCAGCMGCCGCGGTAA,GGACTACHVGGGTWTCTAAT,OralCavity,Saliva,0.05,1.22,0.94,b308_84_V4_Female
b309,NA,NA,EXP-16-AL9708,303,ORL_GUM-1235,"ProjectPacman,placeboversusPacman",NA,No,NA,NA,UK,NA,88,Female,No,Pacman,M83,Toothpaste,2,Pre_treatment,16S,Saliva,V4,Illumina,GTGCCAGCMGCCGCGGTAA,GGACTACHVGGGTWTCTAAT,OralCavity,Saliva,0.16,1.45,1.04,b309_88_V2_Female
b310,NA,NA,EXP-16-AL9708,304,ORL_GUM-1235,"ProjectPacman,placeboversusPacman",NA,No,NA,NA,UK,NA,88,Female,No,Pacman,M83,Toothpaste,4,Post_treatment,16S,Saliva,V4,Illumina,GTGCCAGCMGCCGCGGTAA,GGACTACHVGGGTWTCTAAT,OralCavity,Saliva,0.18,1.21,1.18,b310_88_V4_Female
b311,NA,NA,EXP-16-AL9708,305,ORL_GUM-1235,"ProjectPacman,placeboversusPacman",NA,No,NA,NA,UK,NA,89,Male,No,Control,G18,Toothpaste,2,Pre_treatment,16S,Saliva,V4,Illumina,GTGCCAGCMGCCGCGGTAA,GGACTACHVGGGTWTCTAAT,OralCavity,Saliva,0.1,1.45,1.35,b311_89_V2_Males
b312,NA,NA,EXP-16-AL9708,306,ORL_GUM-1235,"ProjectPacman,placeboversusPacman",NA,No,NA,NA,UK,NA,89,Male,No,Control,G18,Toothpaste,4,Post_treatment,16S,Saliva,V4,Illumina,GTGCCAGCMGCCGCGGTAA,GGACTACHVGGGTWTCTAAT,OralCavity,Saliva,0.04,1.27,1.3,b312_89_V4_Males
b313,NA,NA,EXP-16-AL9708,307,ORL_GUM-1235,"ProjectPacman,placeboversusPacman",NA,No,NA,NA,UK,NA,91,Female,No,Pacman,M83,Toothpaste,2,Pre_treatment,16S,Saliva,V4,Illumina,GTGCCAGCMGCCGCGGTAA,GGACTACHVGGGTWTCTAAT,OralCavity,Saliva,0.19,1.31,1.46,b313_91_V2_Female
b314,NA,NA,EXP-16-AL9708,308,ORL_GUM-1235,"ProjectPacman,placeboversusPacman",NA,No,NA,NA,UK,NA,91,Female,No,Pacman,M83,Toothpaste,4,Post_treatment,16S,Saliva,V4,Illumina,GTGCCAGCMGCCGCGGTAA,GGACTACHVGGGTWTCTAAT,OralCavity,Saliva,0.04,1.08,1.33,b314_91_V4_Female
b315,NA,NA,EXP-16-AL9708,309,ORL_GUM-1235,"ProjectPacman,placeboversusPacman",NA,No,NA,NA,UK,NA,92,Female,No,Control,G18,Toothpaste,2,Pre_treatment,16S,Saliva,V4,Illumina,GTGCCAGCMGCCGCGGTAA,GGACTACHVGGGTWTCTAAT,OralCavity,Saliva,0.16,1.44,0.95,b315_92_V2_Female
b316,NA,NA,EXP-16-AL9708,310,ORL_GUM-1235,"ProjectPacman,placeboversusPacman",NA,No,NA,NA,UK,NA,92,Female,No,Control,G18,Toothpaste,4,Post_treatment,16S,Saliva,V4,Illumina,GTGCCAGCMGCCGCGGTAA,GGACTACHVGGGTWTCTAAT,OralCavity,Saliva,0.14,1.22,1.22,b316_92_V4_Female
b317,NA,NA,EXP-16-AL9708,311,ORL_GUM-1235,"ProjectPacman,placeboversusPacman",NA,No,NA,NA,UK,NA,95,Female,No,Control,G18,Toothpaste,2,Pre_treatment,16S,Saliva,V4,Illumina,GTGCCAGCMGCCGCGGTAA,GGACTACHVGGGTWTCTAAT,OralCavity,Saliva,0.29,1.39,1.74,b317_95_V2_Female
b318,NA,NA,EXP-16-AL9708,312,ORL_GUM-1235,"ProjectPacman,placeboversusPacman",NA,No,NA,NA,UK,NA,95,Female,No,Control,G18,Toothpaste,4,Post_treatment,16S,Saliva,V4,Illumina,GTGCCAGCMGCCGCGGTAA,GGACTACHVGGGTWTCTAAT,OralCavity,Saliva,0.08,1.07,1.19,b318_95_V4_Female
b319,NA,NA,EXP-16-AL9708,313,ORL_GUM-1235,"ProjectPacman,placeboversusPacman",NA,No,NA,NA,UK,NA,96,Female,No,Control,G18,Toothpaste,2,Pre_treatment,16S,Saliva,V4,Illumina,GTGCCAGCMGCCGCGGTAA,GGACTACHVGGGTWTCTAAT,OralCavity,Saliva,0.26,1.38,1.32,b319_96_V2_Female
b320,NA,NA,EXP-16-AL9708,314,ORL_GUM-1235,"ProjectPacman,placeboversusPacman",NA,No,NA,NA,UK,NA,96,Female,No,Control,G18,Toothpaste,4,Post_treatment,16S,Saliva,V4,Illumina,GTGCCAGCMGCCGCGGTAA,GGACTACHVGGGTWTCTAAT,OralCavity,Saliva,0.21,1.22,1.09,b320_96_V4_Female
b321,NA,NA,EXP-16-AL9708,315,ORL_GUM-1235,"ProjectPacman,placeboversusPacman",NA,No,NA,NA,UK,NA,97,Female,No,Pacman,M83,Toothpaste,2,Pre_treatment,16S,Saliva,V4,Illumina,GTGCCAGCMGCCGCGGTAA,GGACTACHVGGGTWTCTAAT,OralCavity,Saliva,0.31,1.44,1.98,b321_97_V2_Female
b322,NA,NA,EXP-16-AL9708,316,ORL_GUM-1235,"ProjectPacman,placeboversusPacman",NA,No,NA,NA,UK,NA,97,Female,No,Pacman,M83,Toothpaste,4,Post_treatment,16S,Saliva,V4,Illumina,GTGCCAGCMGCCGCGGTAA,GGACTACHVGGGTWTCTAAT,OralCavity,Saliva,0.22,1.25,1.3,b322_97_V4_Female
b323,NA,NA,EXP-16-AL9708,317,ORL_GUM-1235,"ProjectPacman,placeboversusPacman",NA,No,NA,NA,UK,NA,102,Female,No,Control,G18,Toothpaste,2,Pre_treatment,16S,Saliva,V4,Illumina,GTGCCAGCMGCCGCGGTAA,GGACTACHVGGGTWTCTAAT,OralCavity,Saliva,0.13,1.41,1.17,b323_102_V2_Female
b324,NA,NA,EXP-16-AL9708,318,ORL_GUM-1235,"ProjectPacman,placeboversusPacman",NA,No,NA,NA,UK,NA,102,Female,No,Control,G18,Toothpaste,4,Post_treatment,16S,Saliva,V4,Illumina,GTGCCAGCMGCCGCGGTAA,GGACTACHVGGGTWTCTAAT,OralCavity,Saliva,0.1,0.94,0.75,b324_102_V4_Female
b325,NA,NA,EXP-16-AL9708,319,ORL_GUM-1235,"ProjectPacman,placeboversusPacman",NA,No,NA,NA,UK,NA,104,Female,No,Control,G18,Toothpaste,2,Pre_treatment,16S,Saliva,V4,Illumina,GTGCCAGCMGCCGCGGTAA,GGACTACHVGGGTWTCTAAT,OralCavity,Saliva,0.04,1.35,2.47,b325_104_V2_Female
b326,NA,NA,EXP-16-AL9708,320,ORL_GUM-1235,"ProjectPacman,placeboversusPacman",NA,No,NA,NA,UK,NA,104,Female,No,Control,G18,Toothpaste,4,Post_treatment,16S,Saliva,V4,Illumina,GTGCCAGCMGCCGCGGTAA,GGACTACHVGGGTWTCTAAT,OralCavity,Saliva,0.04,1.34,1.7,b326_104_V4_Female
b327,NA,NA,EXP-16-AL9708,321,ORL_GUM-1235,"ProjectPacman,placeboversusPacman",NA,No,NA,NA,UK,NA,105,Female,No,Pacman,M83,Toothpaste,2,Pre_treatment,16S,Saliva,V4,Illumina,GTGCCAGCMGCCGCGGTAA,GGACTACHVGGGTWTCTAAT,OralCavity,Saliva,0.36,1.34,1.85,b327_105_V2_Female
b328,NA,NA,EXP-16-AL9708,322,ORL_GUM-1235,"ProjectPacman,placeboversusPacman",NA,No,NA,NA,UK,NA,105,Female,No,Pacman,M83,Toothpaste,4,Post_treatment,16S,Saliva,V4,Illumina,GTGCCAGCMGCCGCGGTAA,GGACTACHVGGGTWTCTAAT,OralCavity,Saliva,0.31,1.08,0.95,b328_105_V4_Female
b329,NA,NA,EXP-16-AL9708,323,ORL_GUM-1235,"ProjectPacman,placeboversusPacman",NA,No,NA,NA,UK,NA,108,Male,No,Control,G18,Toothpaste,2,Pre_treatment,16S,Saliva,V4,Illumina,GTGCCAGCMGCCGCGGTAA,GGACTACHVGGGTWTCTAAT,OralCavity,Saliva,0.22,1.32,1.29,b329_108_V2_Males
b330,NA,NA,EXP-16-AL9708,324,ORL_GUM-1235,"ProjectPacman,placeboversusPacman",NA,No,NA,NA,UK,NA,108,Male,No,Control,G18,Toothpaste,4,Post_treatment,16S,Saliva,V4,Illumina,GTGCCAGCMGCCGCGGTAA,GGACTACHVGGGTWTCTAAT,OralCavity,Saliva,0.04,1.1,1.19,b330_108_V4_Males
b331,NA,NA,EXP-16-AL9708,325,ORL_GUM-1235,"ProjectPacman,placeboversusPacman",NA,No,NA,NA,UK,NA,109,Female,No,Pacman,M83,Toothpaste,2,Pre_treatment,16S,Saliva,V4,Illumina,GTGCCAGCMGCCGCGGTAA,GGACTACHVGGGTWTCTAAT,OralCavity,Saliva,0.06,1.39,1.78,b331_109_V2_Female
b332,NA,NA,EXP-16-AL9708,326,ORL_GUM-1235,"ProjectPacman,placeboversusPacman",NA,No,NA,NA,UK,NA,109,Female,No,Pacman,M83,Toothpaste,4,Post_treatment,16S,Saliva,V4,Illumina,GTGCCAGCMGCCGCGGTAA,GGACTACHVGGGTWTCTAAT,OralCavity,Saliva,0.01,1.22,1.67,b332_109_V4_Female
b333,NA,NA,EXP-16-AL9708,327,ORL_GUM-1235,"ProjectPacman,placeboversusPacman",NA,No,NA,NA,UK,NA,113,Female,No,Pacman,M83,Toothpaste,2,Pre_treatment,16S,Saliva,V4,Illumina,GTGCCAGCMGCCGCGGTAA,GGACTACHVGGGTWTCTAAT,OralCavity,Saliva,0.26,1.48,1.12,b333_113_V2_Female
b334,NA,NA,EXP-16-AL9708,328,ORL_GUM-1235,"ProjectPacman,placeboversusPacman",NA,No,NA,NA,UK,NA,113,Female,No,Pacman,M83,Toothpaste,4,Post_treatment,16S,Saliva,V4,Illumina,GTGCCAGCMGCCGCGGTAA,GGACTACHVGGGTWTCTAAT,OralCavity,Saliva,0.09,1.23,0.82,b334_113_V4_Female
b335,NA,NA,EXP-16-AL9708,329,ORL_GUM-1235,"ProjectPacman,placeboversusPacman",NA,No,NA,NA,UK,NA,114,Female,No,Control,G18,Toothpaste,2,Pre_treatment,16S,Saliva,V4,Illumina,GTGCCAGCMGCCGCGGTAA,GGACTACHVGGGTWTCTAAT,OralCavity,Saliva,0.14,1.54,2.06,b335_114_V2_Female
b336,NA,NA,EXP-16-AL9708,330,ORL_GUM-1235,"ProjectPacman,placeboversusPacman",NA,No,NA,NA,UK,NA,114,Female,No,Control,G18,Toothpaste,4,Post_treatment,16S,Saliva,V4,Illumina,GTGCCAGCMGCCGCGGTAA,GGACTACHVGGGTWTCTAAT,OralCavity,Saliva,0.11,1.41,1.71,b336_114_V4_Female
b337,NA,NA,EXP-16-AL9708,331,ORL_GUM-1235,"ProjectPacman,placeboversusPacman",NA,No,NA,NA,UK,NA,115,Female,No,Pacman,M83,Toothpaste,2,Pre_treatment,16S,Saliva,V4,Illumina,GTGCCAGCMGCCGCGGTAA,GGACTACHVGGGTWTCTAAT,OralCavity,Saliva,0.25,1.65,1.48,b337_115_V2_Female
b338,NA,NA,EXP-16-AL9708,332,ORL_GUM-1235,"ProjectPacman,placeboversusPacman",NA,No,NA,NA,UK,NA,115,Female,No,Pacman,M83,Toothpaste,4,Post_treatment,16S,Saliva,V4,Illumina,GTGCCAGCMGCCGCGGTAA,GGACTACHVGGGTWTCTAAT,OralCavity,Saliva,0.3,1.39,1.31,b338_115_V4_Female
b339,NA,NA,EXP-16-AL9708,333,ORL_GUM-1235,"ProjectPacman,placeboversusPacman",NA,No,NA,NA,UK,NA,117,Female,No,Control,G18,Toothpaste,2,Pre_treatment,16S,Saliva,V4,Illumina,GTGCCAGCMGCCGCGGTAA,GGACTACHVGGGTWTCTAAT,OralCavity,Saliva,0.32,1.55,0.79,b339_117_V2_Female
b340,NA,NA,EXP-16-AL9708,334,ORL_GUM-1235,"ProjectPacman,placeboversusPacman",NA,No,NA,NA,UK,NA,117,Female,No,Control,G18,Toothpaste,4,Post_treatment,16S,Saliva,V4,Illumina,GTGCCAGCMGCCGCGGTAA,GGACTACHVGGGTWTCTAAT,OralCavity,Saliva,0.27,1.56,0.93,b340_117_V4_Female
b341,NA,NA,EXP-16-AL9708,335,ORL_GUM-1235,"ProjectPacman,placeboversusPacman",NA,No,NA,NA,UK,NA,118,Male,No,Control,G18,Toothpaste,2,Pre_treatment,16S,Saliva,V4,Illumina,GTGCCAGCMGCCGCGGTAA,GGACTACHVGGGTWTCTAAT,OralCavity,Saliva,0.35,1.62,1.37,b341_118_V2_Males
b342,NA,NA,EXP-16-AL9708,336,ORL_GUM-1235,"ProjectPacman,placeboversusPacman",NA,No,NA,NA,UK,NA,118,Male,No,Control,G18,Toothpaste,4,Post_treatment,16S,Saliva,V4,Illumina,GTGCCAGCMGCCGCGGTAA,GGACTACHVGGGTWTCTAAT,OralCavity,Saliva,0.32,1.47,1.65,b342_118_V4_Males
b343,NA,NA,EXP-16-AL9708,337,ORL_GUM-1235,"ProjectPacman,placeboversusPacman",NA,No,NA,NA,UK,NA,120,Female,No,Pacman,M83,Toothpaste,2,Pre_treatment,16S,Saliva,V4,Illumina,GTGCCAGCMGCCGCGGTAA,GGACTACHVGGGTWTCTAAT,OralCavity,Saliva,0.26,1.49,1.39,b343_120_V2_Female
b344,NA,NA,EXP-16-AL9708,338,ORL_GUM-1235,"ProjectPacman,placeboversusPacman",NA,No,NA,NA,UK,NA,120,Female,No,Pacman,M83,Toothpaste,4,Post_treatment,16S,Saliva,V4,Illumina,GTGCCAGCMGCCGCGGTAA,GGACTACHVGGGTWTCTAAT,OralCavity,Saliva,0.1,1.31,1.41,b344_120_V4_Female
b345,NA,NA,EXP-16-AL9708,339,ORL_GUM-1235,"ProjectPacman,placeboversusPacman",NA,No,NA,NA,UK,NA,122,Female,No,Pacman,M83,Toothpaste,2,Pre_treatment,16S,Saliva,V4,Illumina,GTGCCAGCMGCCGCGGTAA,GGACTACHVGGGTWTCTAAT,OralCavity,Saliva,0.13,1.56,2.22,b345_122_V2_Female
b346,NA,NA,EXP-16-AL9708,340,ORL_GUM-1235,"ProjectPacman,placeboversusPacman",NA,No,NA,NA,UK,NA,122,Female,No,Pacman,M83,Toothpaste,4,Post_treatment,16S,Saliva,V4,Illumina,GTGCCAGCMGCCGCGGTAA,GGACTACHVGGGTWTCTAAT,OralCavity,Saliva,0.09,1.26,1.48,b346_122_V4_Female
b347,NA,NA,EXP-16-AL9708,341,ORL_GUM-1235,"ProjectPacman,placeboversusPacman",NA,No,NA,NA,UK,NA,124,Female,No,Pacman,M83,Toothpaste,2,Pre_treatment,16S,Saliva,V4,Illumina,GTGCCAGCMGCCGCGGTAA,GGACTACHVGGGTWTCTAAT,OralCavity,Saliva,0.15,1.6,1.24,b347_124_V2_Female
b348,NA,NA,EXP-16-AL9708,342,ORL_GUM-1235,"ProjectPacman,placeboversusPacman",NA,No,NA,NA,UK,NA,124,Female,No,Pacman,M83,Toothpaste,4,Post_treatment,16S,Saliva,V4,Illumina,GTGCCAGCMGCCGCGGTAA,GGACTACHVGGGTWTCTAAT,OralCavity,Saliva,0.11,1.39,1.2,b348_124_V4_Female
b349,NA,NA,EXP-16-AL9708,343,ORL_GUM-1235,"ProjectPacman,placeboversusPacman",NA,No,NA,NA,UK,NA,126,Female,No,Control,G18,Toothpaste,2,Pre_treatment,16S,Saliva,V4,Illumina,GTGCCAGCMGCCGCGGTAA,GGACTACHVGGGTWTCTAAT,OralCavity,Saliva,0.19,1.5,2.18,b349_126_V2_Female
b350,NA,NA,EXP-16-AL9708,344,ORL_GUM-1235,"ProjectPacman,placeboversusPacman",NA,No,NA,NA,UK,NA,126,Female,No,Control,G18,Toothpaste,4,Post_treatment,16S,Saliva,V4,Illumina,GTGCCAGCMGCCGCGGTAA,GGACTACHVGGGTWTCTAAT,OralCavity,Saliva,0.19,1.45,1.33,b350_126_V4_Female
b351,NA,NA,EXP-16-AL9708,345,ORL_GUM-1235,"ProjectPacman,placeboversusPacman",NA,No,NA,NA,UK,NA,127,Female,No,Pacman,M83,Toothpaste,2,Pre_treatment,16S,Saliva,V4,Illumina,GTGCCAGCMGCCGCGGTAA,GGACTACHVGGGTWTCTAAT,OralCavity,Saliva,0.11,1.26,1.3,b351_127_V2_Female
b352,NA,NA,EXP-16-AL9708,346,ORL_GUM-1235,"ProjectPacman,placeboversusPacman",NA,No,NA,NA,UK,NA,127,Female,No,Pacman,M83,Toothpaste,4,Post_treatment,16S,Saliva,V4,Illumina,GTGCCAGCMGCCGCGGTAA,GGACTACHVGGGTWTCTAAT,OralCavity,Saliva,0.13,1.07,1.03,b352_127_V4_Female
b353,NA,NA,EXP-16-AL9708,347,ORL_GUM-1235,"ProjectPacman,placeboversusPacman",NA,No,NA,NA,UK,NA,128,Female,No,Pacman,M83,Toothpaste,2,Pre_treatment,16S,Saliva,V4,Illumina,GTGCCAGCMGCCGCGGTAA,GGACTACHVGGGTWTCTAAT,OralCavity,Saliva,0.22,1.38,1.92,b353_128_V2_Female
b354,NA,NA,EXP-16-AL9708,348,ORL_GUM-1235,"ProjectPacman,placeboversusPacman",NA,No,NA,NA,UK,NA,128,Female,No,Pacman,M83,Toothpaste,4,Post_treatment,16S,Saliva,V4,Illumina,GTGCCAGCMGCCGCGGTAA,GGACTACHVGGGTWTCTAAT,OralCavity,Saliva,0.11,1.4,1.1,b354_128_V4_Female
b355,NA,NA,EXP-16-AL9708,349,ORL_GUM-1235,"ProjectPacman,placeboversusPacman",NA,No,NA,NA,UK,NA,136,Female,No,Pacman,M83,Toothpaste,2,Pre_treatment,16S,Saliva,V4,Illumina,GTGCCAGCMGCCGCGGTAA,GGACTACHVGGGTWTCTAAT,OralCavity,Saliva,0.08,1.44,1.74,b355_136_V2_Female
b356,NA,NA,EXP-16-AL9708,350,ORL_GUM-1235,"ProjectPacman,placeboversusPacman",NA,No,NA,NA,UK,NA,136,Female,No,Pacman,M83,Toothpaste,4,Post_treatment,16S,Saliva,V4,Illumina,GTGCCAGCMGCCGCGGTAA,GGACTACHVGGGTWTCTAAT,OralCavity,Saliva,0.05,1.1,1.18,b356_136_V4_Female
b357,NA,NA,EXP-16-AL9708,351,ORL_GUM-1235,"ProjectPacman,placeboversusPacman",NA,No,NA,NA,UK,NA,138,Male,No,Pacman,M83,Toothpaste,2,Pre_treatment,16S,Saliva,V4,Illumina,GTGCCAGCMGCCGCGGTAA,GGACTACHVGGGTWTCTAAT,OralCavity,Saliva,0.07,1.63,1.57,b357_138_V2_Males
b358,NA,NA,EXP-16-AL9708,352,ORL_GUM-1235,"ProjectPacman,placeboversusPacman",NA,No,NA,NA,UK,NA,138,Male,No,Pacman,M83,Toothpaste,4,Post_treatment,16S,Saliva,V4,Illumina,GTGCCAGCMGCCGCGGTAA,GGACTACHVGGGTWTCTAAT,OralCavity,Saliva,0.27,1.52,1.36,b358_138_V4_Males
b359,NA,NA,EXP-16-AL9708,353,ORL_GUM-1235,"ProjectPacman,placeboversusPacman",NA,No,NA,NA,UK,NA,139,Female,No,Pacman,M83,Toothpaste,2,Pre_treatment,16S,Saliva,V4,Illumina,GTGCCAGCMGCCGCGGTAA,GGACTACHVGGGTWTCTAAT,OralCavity,Saliva,0.2,1.43,1.74,b359_139_V2_Female
b360,NA,NA,EXP-16-AL9708,354,ORL_GUM-1235,"ProjectPacman,placeboversusPacman",NA,No,NA,NA,UK,NA,139,Female,No,Pacman,M83,Toothpaste,4,Post_treatment,16S,Saliva,V4,Illumina,GTGCCAGCMGCCGCGGTAA,GGACTACHVGGGTWTCTAAT,OralCavity,Saliva,0.2,1.31,1.91,b360_139_V4_Female
b361,NA,NA,EXP-16-AL9708,355,ORL_GUM-1235,"ProjectPacman,placeboversusPacman",NA,No,NA,NA,UK,NA,143,Male,No,Control,G18,Toothpaste,2,Pre_treatment,16S,Saliva,V4,Illumina,GTGCCAGCMGCCGCGGTAA,GGACTACHVGGGTWTCTAAT,OralCavity,Saliva,0.13,1.47,1.31,b361_143_V2_Males
b362,NA,NA,EXP-16-AL9708,356,ORL_GUM-1235,"ProjectPacman,placeboversusPacman",NA,No,NA,NA,UK,NA,143,Male,No,Control,G18,Toothpaste,4,Post_treatment,16S,Saliva,V4,Illumina,GTGCCAGCMGCCGCGGTAA,GGACTACHVGGGTWTCTAAT,OralCavity,Saliva,0.11,1.31,1.4,b362_143_V4_Males
b363,NA,NA,EXP-16-AL9708,357,ORL_GUM-1235,"ProjectPacman,placeboversusPacman",NA,No,NA,NA,UK,NA,146,Female,No,Pacman,M83,Toothpaste,2,Pre_treatment,16S,Saliva,V4,Illumina,GTGCCAGCMGCCGCGGTAA,GGACTACHVGGGTWTCTAAT,OralCavity,Saliva,0.16,1.23,1.43,b363_146_V2_Female
b364,NA,NA,EXP-16-AL9708,358,ORL_GUM-1235,"ProjectPacman,placeboversusPacman",NA,No,NA,NA,UK,NA,146,Female,No,Pacman,M83,Toothpaste,4,Post_treatment,16S,Saliva,V4,Illumina,GTGCCAGCMGCCGCGGTAA,GGACTACHVGGGTWTCTAAT,OralCavity,Saliva,0.14,1.16,1.02,b364_146_V4_Female
b365,NA,NA,EXP-16-AL9708,359,ORL_GUM-1235,"ProjectPacman,placeboversusPacman",NA,No,NA,NA,UK,NA,151,Male,No,Control,G18,Toothpaste,2,Pre_treatment,16S,Saliva,V4,Illumina,GTGCCAGCMGCCGCGGTAA,GGACTACHVGGGTWTCTAAT,OralCavity,Saliva,0.09,1.54,2.36,b365_151_V2_Males
b366,NA,NA,EXP-16-AL9708,360,ORL_GUM-1235,"ProjectPacman,placeboversusPacman",NA,No,NA,NA,UK,NA,151,Male,No,Control,G18,Toothpaste,4,Post_treatment,16S,Saliva,V4,Illumina,GTGCCAGCMGCCGCGGTAA,GGACTACHVGGGTWTCTAAT,OralCavity,Saliva,0.14,1.43,2.08,b366_151_V4_Males
b367,NA,NA,EXP-16-AL9708,361,ORL_GUM-1235,"ProjectPacman,placeboversusPacman",NA,No,NA,NA,UK,NA,152,Female,No,Pacman,M83,Toothpaste,2,Pre_treatment,16S,Saliva,V4,Illumina,GTGCCAGCMGCCGCGGTAA,GGACTACHVGGGTWTCTAAT,OralCavity,Saliva,0.1,1.34,1.59,b367_152_V2_Female
b368,NA,NA,EXP-16-AL9708,362,ORL_GUM-1235,"ProjectPacman,placeboversusPacman",NA,No,NA,NA,UK,NA,152,Female,No,Pacman,M83,Toothpaste,4,Post_treatment,16S,Saliva,V4,Illumina,GTGCCAGCMGCCGCGGTAA,GGACTACHVGGGTWTCTAAT,OralCavity,Saliva,0.06,1.15,1.15,b368_152_V4_Female
b369,NA,NA,EXP-16-AL9708,363,ORL_GUM-1235,"ProjectPacman,placeboversusPacman",NA,No,NA,NA,UK,NA,153,Male,No,Control,G18,Toothpaste,2,Pre_treatment,16S,Saliva,V4,Illumina,GTGCCAGCMGCCGCGGTAA,GGACTACHVGGGTWTCTAAT,OralCavity,Saliva,0.06,1.39,1.45,b369_153_V2_Males
b370,NA,NA,EXP-16-AL9708,364,ORL_GUM-1235,"ProjectPacman,placeboversusPacman",NA,No,NA,NA,UK,NA,153,Male,No,Control,G18,Toothpaste,4,Post_treatment,16S,Saliva,V4,Illumina,GTGCCAGCMGCCGCGGTAA,GGACTACHVGGGTWTCTAAT,OralCavity,Saliva,0.05,1.22,1.57,b370_153_V4_Males
b371,NA,NA,EXP-16-AL9708,365,ORL_GUM-1235,"ProjectPacman,placeboversusPacman",NA,No,NA,NA,UK,NA,154,Female,No,Control,G18,Toothpaste,2,Pre_treatment,16S,Saliva,V4,Illumina,GTGCCAGCMGCCGCGGTAA,GGACTACHVGGGTWTCTAAT,OralCavity,Saliva,0.19,1.43,0.92,b371_154_V2_Female
b372,NA,NA,EXP-16-AL9708,366,ORL_GUM-1235,"ProjectPacman,placeboversusPacman",NA,No,NA,NA,UK,NA,154,Female,No,Control,G18,Toothpaste,4,Post_treatment,16S,Saliva,V4,Illumina,GTGCCAGCMGCCGCGGTAA,GGACTACHVGGGTWTCTAAT,OralCavity,Saliva,0.07,1.2,0.89,b372_154_V4_Female
b373,NA,NA,EXP-16-AL9708,367,ORL_GUM-1235,"ProjectPacman,placeboversusPacman",NA,No,NA,NA,UK,NA,157,Female,No,Control,G18,Toothpaste,2,Pre_treatment,16S,Saliva,V4,Illumina,GTGCCAGCMGCCGCGGTAA,GGACTACHVGGGTWTCTAAT,OralCavity,Saliva,0.14,1.54,1.19,b373_157_V2_Female
b374,NA,NA,EXP-16-AL9708,368,ORL_GUM-1235,"ProjectPacman,placeboversusPacman",NA,No,NA,NA,UK,NA,157,Female,No,Control,G18,Toothpaste,4,Post_treatment,16S,Saliva,V4,Illumina,GTGCCAGCMGCCGCGGTAA,GGACTACHVGGGTWTCTAAT,OralCavity,Saliva,0.2,1.44,0.92,b374_157_V4_Female
b375,NA,NA,EXP-16-AL9708,369,ORL_GUM-1235,"ProjectPacman,placeboversusPacman",NA,No,NA,NA,UK,NA,159,Female,No,Pacman,M83,Toothpaste,2,Pre_treatment,16S,Saliva,V4,Illumina,GTGCCAGCMGCCGCGGTAA,GGACTACHVGGGTWTCTAAT,OralCavity,Saliva,0.36,1.44,2.24,b375_159_V2_Female
b376,NA,NA,EXP-16-AL9708,370,ORL_GUM-1235,"ProjectPacman,placeboversusPacman",NA,No,NA,NA,UK,NA,159,Female,No,Pacman,M83,Toothpaste,4,Post_treatment,16S,Saliva,V4,Illumina,GTGCCAGCMGCCGCGGTAA,GGACTACHVGGGTWTCTAAT,OralCavity,Saliva,0.24,1.51,1.23,b376_159_V4_Female
b377,NA,NA,EXP-16-AL9708,371,ORL_GUM-1235,"ProjectPacman,placeboversusPacman",NA,No,NA,NA,UK,NA,160,Female,No,Pacman,M83,Toothpaste,2,Pre_treatment,16S,Saliva,V4,Illumina,GTGCCAGCMGCCGCGGTAA,GGACTACHVGGGTWTCTAAT,OralCavity,Saliva,0.07,1.41,0.92,b377_160_V2_Female
b378,NA,NA,EXP-16-AL9708,372,ORL_GUM-1235,"ProjectPacman,placeboversusPacman",NA,No,NA,NA,UK,NA,160,Female,No,Pacman,M83,Toothpaste,4,Post_treatment,16S,Saliva,V4,Illumina,GTGCCAGCMGCCGCGGTAA,GGACTACHVGGGTWTCTAAT,OralCavity,Saliva,0.01,1.1,0.47,b378_160_V4_Female
b379,NA,NA,EXP-16-AL9708,373,ORL_GUM-1235,"ProjectPacman,placeboversusPacman",NA,No,NA,NA,UK,NA,164,Female,No,Control,G18,Toothpaste,2,Pre_treatment,16S,Saliva,V4,Illumina,GTGCCAGCMGCCGCGGTAA,GGACTACHVGGGTWTCTAAT,OralCavity,Saliva,0.13,1.4,2.04,b379_164_V2_Female
b380,NA,NA,EXP-16-AL9708,374,ORL_GUM-1235,"ProjectPacman,placeboversusPacman",NA,No,NA,NA,UK,NA,164,Female,No,Control,G18,Toothpaste,4,Post_treatment,16S,Saliva,V4,Illumina,GTGCCAGCMGCCGCGGTAA,GGACTACHVGGGTWTCTAAT,OralCavity,Saliva,0.15,1.51,1.82,b380_164_V4_Female
b381,NA,NA,EXP-16-AL9708,375,ORL_GUM-1235,"ProjectPacman,placeboversusPacman",NA,No,NA,NA,UK,NA,166,Male,No,Control,G18,Toothpaste,2,Pre_treatment,16S,Saliva,V4,Illumina,GTGCCAGCMGCCGCGGTAA,GGACTACHVGGGTWTCTAAT,OralCavity,Saliva,0.09,1.45,1.51,b381_166_V2_Males
b382,NA,NA,EXP-16-AL9708,376,ORL_GUM-1235,"ProjectPacman,placeboversusPacman",NA,No,NA,NA,UK,NA,166,Male,No,Control,G18,Toothpaste,4,Post_treatment,16S,Saliva,V4,Illumina,GTGCCAGCMGCCGCGGTAA,GGACTACHVGGGTWTCTAAT,OralCavity,Saliva,0.05,1.42,1.27,b382_166_V4_Males
b383,NA,NA,EXP-16-AL9708,NA,ORL_GUM-1235,"ProjectPacman,placeboversusPacman",NA,Yes,Mock,NA,UK,NA,NA,NA,NA,NA,NA,NA,NA,NA,16S,NA,V4,Illumina,GTGCCAGCMGCCGCGGTAA,GGACTACHVGGGTWTCTAAT,OralCavity,NA,NA,NA,NA,b383_Mock7
b384,NA,NA,EXP-16-AL9708,NA,ORL_GUM-1235,"ProjectPacman,placeboversusPacman",NA,Yes,Mock,NA,UK,NA,NA,NA,NA,NA,NA,NA,NA,NA,16S,NA,V4,Illumina,GTGCCAGCMGCCGCGGTAA,GGACTACHVGGGTWTCTAAT,OralCavity,NA,NA,NA,NA,b384_Mock8
b385,NA,NA,EXP-16-AL9708,377,ORL_GUM-1235,"ProjectPacman,placeboversusPacman",NA,No,NA,NA,UK,NA,169,Female,No,Control,G18,Toothpaste,2,Pre_treatment,16S,Saliva,V4,Illumina,GTGCCAGCMGCCGCGGTAA,GGACTACHVGGGTWTCTAAT,OralCavity,Saliva,0.4,1.64,2.1,b385_169_V2_Female
b386,NA,NA,EXP-16-AL9708,378,ORL_GUM-1235,"ProjectPacman,placeboversusPacman",NA,No,NA,NA,UK,NA,169,Female,No,Control,G18,Toothpaste,4,Post_treatment,16S,Saliva,V4,Illumina,GTGCCAGCMGCCGCGGTAA,GGACTACHVGGGTWTCTAAT,OralCavity,Saliva,0.16,1.48,2,b386_169_V4_Female
b387,NA,NA,EXP-16-AL9708,379,ORL_GUM-1235,"ProjectPacman,placeboversusPacman",NA,No,NA,NA,UK,NA,171,Male,No,Pacman,M83,Toothpaste,2,Pre_treatment,16S,Saliva,V4,Illumina,GTGCCAGCMGCCGCGGTAA,GGACTACHVGGGTWTCTAAT,OralCavity,Saliva,0.23,1.67,2.32,b387_171_V2_Males
b388,NA,NA,EXP-16-AL9708,380,ORL_GUM-1235,"ProjectPacman,placeboversusPacman",NA,No,NA,NA,UK,NA,171,Male,No,Pacman,M83,Toothpaste,4,Post_treatment,16S,Saliva,V4,Illumina,GTGCCAGCMGCCGCGGTAA,GGACTACHVGGGTWTCTAAT,OralCavity,Saliva,0.29,1.56,1.37,b388_171_V4_Males
b389,NA,NA,EXP-16-AL9708,381,ORL_GUM-1235,"ProjectPacman,placeboversusPacman",NA,No,NA,NA,UK,NA,174,Female,No,Control,G18,Toothpaste,2,Pre_treatment,16S,Saliva,V4,Illumina,GTGCCAGCMGCCGCGGTAA,GGACTACHVGGGTWTCTAAT,OralCavity,Saliva,0.13,1.36,0.78,b389_174_V2_Female
b390,NA,NA,EXP-16-AL9708,382,ORL_GUM-1235,"ProjectPacman,placeboversusPacman",NA,No,NA,NA,UK,NA,174,Female,No,Control,G18,Toothpaste,4,Post_treatment,16S,Saliva,V4,Illumina,GTGCCAGCMGCCGCGGTAA,GGACTACHVGGGTWTCTAAT,OralCavity,Saliva,0.05,1.07,0.92,b390_174_V4_Female
b391,NA,NA,EXP-16-AL9708,383,ORL_GUM-1235,"ProjectPacman,placeboversusPacman",NA,No,NA,NA,UK,NA,176,Male,No,Control,G18,Toothpaste,2,Pre_treatment,16S,Saliva,V4,Illumina,GTGCCAGCMGCCGCGGTAA,GGACTACHVGGGTWTCTAAT,OralCavity,Saliva,0.08,1.39,1.48,b391_176_V2_Males
b392,NA,NA,EXP-16-AL9708,384,ORL_GUM-1235,"ProjectPacman,placeboversusPacman",NA,No,NA,NA,UK,NA,176,Male,No,Control,G18,Toothpaste,4,Post_treatment,16S,Saliva,V4,Illumina,GTGCCAGCMGCCGCGGTAA,GGACTACHVGGGTWTCTAAT,OralCavity,Saliva,0.06,1.32,0.9,b392_176_V4_Males
b393,NA,NA,EXP-16-AL9708,385,ORL_GUM-1235,"ProjectPacman,placeboversusPacman",NA,No,NA,NA,UK,NA,177,Female,No,Control,G18,Toothpaste,2,Pre_treatment,16S,Saliva,V4,Illumina,GTGCCAGCMGCCGCGGTAA,GGACTACHVGGGTWTCTAAT,OralCavity,Saliva,0.15,1.5,1.72,b393_177_V2_Female
b394,NA,NA,EXP-16-AL9708,386,ORL_GUM-1235,"ProjectPacman,placeboversusPacman",NA,No,NA,NA,UK,NA,177,Female,No,Control,G18,Toothpaste,4,Post_treatment,16S,Saliva,V4,Illumina,GTGCCAGCMGCCGCGGTAA,GGACTACHVGGGTWTCTAAT,OralCavity,Saliva,0.18,1.43,1.37,b394_177_V4_Female
b395,NA,NA,EXP-16-AL9708,387,ORL_GUM-1235,"ProjectPacman,placeboversusPacman",NA,No,NA,NA,UK,NA,178,Male,No,Pacman,M83,Toothpaste,2,Pre_treatment,16S,Saliva,V4,Illumina,GTGCCAGCMGCCGCGGTAA,GGACTACHVGGGTWTCTAAT,OralCavity,Saliva,0.12,1.49,1.53,b395_178_V2_Males
b396,NA,NA,EXP-16-AL9708,388,ORL_GUM-1235,"ProjectPacman,placeboversusPacman",NA,No,NA,NA,UK,NA,178,Male,No,Pacman,M83,Toothpaste,4,Post_treatment,16S,Saliva,V4,Illumina,GTGCCAGCMGCCGCGGTAA,GGACTACHVGGGTWTCTAAT,OralCavity,Saliva,0.11,1.66,0.75,b396_178_V4_Males
b397,NA,NA,EXP-16-AL9708,389,ORL_GUM-1235,"ProjectPacman,placeboversusPacman",NA,No,NA,NA,UK,NA,180,Female,No,Control,G18,Toothpaste,2,Pre_treatment,16S,Saliva,V4,Illumina,GTGCCAGCMGCCGCGGTAA,GGACTACHVGGGTWTCTAAT,OralCavity,Saliva,0.07,1.44,1.96,b397_180_V2_Female
b398,NA,NA,EXP-16-AL9708,390,ORL_GUM-1235,"ProjectPacman,placeboversusPacman",NA,No,NA,NA,UK,NA,180,Female,No,Control,G18,Toothpaste,4,Post_treatment,16S,Saliva,V4,Illumina,GTGCCAGCMGCCGCGGTAA,GGACTACHVGGGTWTCTAAT,OralCavity,Saliva,0.08,1.11,1.31,b398_180_V4_Female
b399,NA,NA,EXP-16-AL9708,391,ORL_GUM-1235,"ProjectPacman,placeboversusPacman",NA,No,NA,NA,UK,NA,188,Male,No,Pacman,M83,Toothpaste,2,Pre_treatment,16S,Saliva,V4,Illumina,GTGCCAGCMGCCGCGGTAA,GGACTACHVGGGTWTCTAAT,OralCavity,Saliva,0.29,1.64,2.32,b399_188_V2_Males
b400,NA,NA,EXP-16-AL9708,392,ORL_GUM-1235,"ProjectPacman,placeboversusPacman",NA,No,NA,NA,UK,NA,188,Male,No,Pacman,M83,Toothpaste,4,Post_treatment,16S,Saliva,V4,Illumina,GTGCCAGCMGCCGCGGTAA,GGACTACHVGGGTWTCTAAT,OralCavity,Saliva,0.29,1.58,2.48,b400_188_V4_Males
b401,NA,NA,EXP-16-AL9708,393,ORL_GUM-1235,"ProjectPacman,placeboversusPacman",NA,No,NA,NA,UK,NA,189,Female,No,Pacman,M83,Toothpaste,2,Pre_treatment,16S,Saliva,V4,Illumina,GTGCCAGCMGCCGCGGTAA,GGACTACHVGGGTWTCTAAT,OralCavity,Saliva,0.24,1.6,1.56,b401_189_V2_Female
b402,NA,NA,EXP-16-AL9708,394,ORL_GUM-1235,"ProjectPacman,placeboversusPacman",NA,No,NA,NA,UK,NA,189,Female,No,Pacman,M83,Toothpaste,4,Post_treatment,16S,Saliva,V4,Illumina,GTGCCAGCMGCCGCGGTAA,GGACTACHVGGGTWTCTAAT,OralCavity,Saliva,0.1,1.48,1.51,b402_189_V4_Female
b403,NA,NA,EXP-16-AL9708,395,ORL_GUM-1235,"ProjectPacman,placeboversusPacman",NA,No,NA,NA,UK,NA,197,Male,No,Pacman,M83,Toothpaste,2,Pre_treatment,16S,Saliva,V4,Illumina,GTGCCAGCMGCCGCGGTAA,GGACTACHVGGGTWTCTAAT,OralCavity,Saliva,0.12,1.43,1.78,b403_197_V2_Males
b404,NA,NA,EXP-16-AL9708,396,ORL_GUM-1235,"ProjectPacman,placeboversusPacman",NA,No,NA,NA,UK,NA,197,Male,No,Pacman,M83,Toothpaste,4,Post_treatment,16S,Saliva,V4,Illumina,GTGCCAGCMGCCGCGGTAA,GGACTACHVGGGTWTCTAAT,OralCavity,Saliva,0.07,1.15,1.97,b404_197_V4_Males
b405,NA,NA,EXP-16-AL9708,397,ORL_GUM-1235,"ProjectPacman,placeboversusPacman",NA,No,NA,NA,UK,NA,198,Female,No,Pacman,M83,Toothpaste,2,Pre_treatment,16S,Saliva,V4,Illumina,GTGCCAGCMGCCGCGGTAA,GGACTACHVGGGTWTCTAAT,OralCavity,Saliva,0.06,1.41,1.28,b405_198_V2_Female
b406,NA,NA,EXP-16-AL9708,398,ORL_GUM-1235,"ProjectPacman,placeboversusPacman",NA,No,NA,NA,UK,NA,198,Female,No,Pacman,M83,Toothpaste,4,Post_treatment,16S,Saliva,V4,Illumina,GTGCCAGCMGCCGCGGTAA,GGACTACHVGGGTWTCTAAT,OralCavity,Saliva,0.18,1.02,1.02,b406_198_V4_Female
b407,NA,NA,EXP-16-AL9708,399,ORL_GUM-1235,"ProjectPacman,placeboversusPacman",NA,No,NA,NA,UK,NA,200,Male,No,Control,G18,Toothpaste,2,Pre_treatment,16S,Saliva,V4,Illumina,GTGCCAGCMGCCGCGGTAA,GGACTACHVGGGTWTCTAAT,OralCavity,Saliva,0.11,1.67,2.14,b407_200_V2_Males
b408,NA,NA,EXP-16-AL9708,400,ORL_GUM-1235,"ProjectPacman,placeboversusPacman",NA,No,NA,NA,UK,NA,200,Male,No,Control,G18,Toothpaste,4,Post_treatment,16S,Saliva,V4,Illumina,GTGCCAGCMGCCGCGGTAA,GGACTACHVGGGTWTCTAAT,OralCavity,Saliva,0.16,1.52,1.77,b408_200_V4_Males
b409,NA,NA,EXP-16-AL9708,401,ORL_GUM-1235,"ProjectPacman,placeboversusPacman",NA,No,NA,NA,UK,NA,202,Female,No,Control,G18,Toothpaste,2,Pre_treatment,16S,Saliva,V4,Illumina,GTGCCAGCMGCCGCGGTAA,GGACTACHVGGGTWTCTAAT,OralCavity,Saliva,0.12,1.33,1.08,b409_202_V2_Female
b410,NA,NA,EXP-16-AL9708,402,ORL_GUM-1235,"ProjectPacman,placeboversusPacman",NA,No,NA,NA,UK,NA,202,Female,No,Control,G18,Toothpaste,4,Post_treatment,16S,Saliva,V4,Illumina,GTGCCAGCMGCCGCGGTAA,GGACTACHVGGGTWTCTAAT,OralCavity,Saliva,0.08,1.33,0.53,b410_202_V4_Female
b411,NA,NA,EXP-16-AL9708,403,ORL_GUM-1235,"ProjectPacman,placeboversusPacman",NA,No,NA,NA,UK,NA,207,Female,No,Control,G18,Toothpaste,2,Pre_treatment,16S,Saliva,V4,Illumina,GTGCCAGCMGCCGCGGTAA,GGACTACHVGGGTWTCTAAT,OralCavity,Saliva,0.14,1.44,1.47,b411_207_V2_Female
b412,NA,NA,EXP-16-AL9708,404,ORL_GUM-1235,"ProjectPacman,placeboversusPacman",NA,No,NA,NA,UK,NA,207,Female,No,Control,G18,Toothpaste,4,Post_treatment,16S,Saliva,V4,Illumina,GTGCCAGCMGCCGCGGTAA,GGACTACHVGGGTWTCTAAT,OralCavity,Saliva,0.02,1.2,1.03,b412_207_V4_Female
b413,NA,NA,EXP-16-AL9708,405,ORL_GUM-1235,"ProjectPacman,placeboversusPacman",NA,No,NA,NA,UK,NA,210,Male,No,Control,G18,Toothpaste,2,Pre_treatment,16S,Saliva,V4,Illumina,GTGCCAGCMGCCGCGGTAA,GGACTACHVGGGTWTCTAAT,OralCavity,Saliva,0.4,1.61,2.25,b413_210_V2_Males
b414,NA,NA,EXP-16-AL9708,406,ORL_GUM-1235,"ProjectPacman,placeboversusPacman",NA,No,NA,NA,UK,NA,210,Male,No,Control,G18,Toothpaste,4,Post_treatment,16S,Saliva,V4,Illumina,GTGCCAGCMGCCGCGGTAA,GGACTACHVGGGTWTCTAAT,OralCavity,Saliva,0.22,1.52,1.57,b414_210_V4_Males
b415,NA,NA,EXP-16-AL9708,407,ORL_GUM-1235,"ProjectPacman,placeboversusPacman",NA,No,NA,NA,UK,NA,213,Female,No,Control,G18,Toothpaste,2,Pre_treatment,16S,Saliva,V4,Illumina,GTGCCAGCMGCCGCGGTAA,GGACTACHVGGGTWTCTAAT,OralCavity,Saliva,0.18,1.5,1.89,b415_213_V2_Female
b416,NA,NA,EXP-16-AL9708,408,ORL_GUM-1235,"ProjectPacman,placeboversusPacman",NA,No,NA,NA,UK,NA,213,Female,No,Control,G18,Toothpaste,4,Post_treatment,16S,Saliva,V4,Illumina,GTGCCAGCMGCCGCGGTAA,GGACTACHVGGGTWTCTAAT,OralCavity,Saliva,0.11,1.24,1.92,b416_213_V4_Female
b417,NA,NA,EXP-16-AL9708,409,ORL_GUM-1235,"ProjectPacman,placeboversusPacman",NA,No,NA,NA,UK,NA,215,Female,No,Pacman,M83,Toothpaste,2,Pre_treatment,16S,Saliva,V4,Illumina,GTGCCAGCMGCCGCGGTAA,GGACTACHVGGGTWTCTAAT,OralCavity,Saliva,0.19,1.56,1.87,b417_215_V2_Female
b418,NA,NA,EXP-16-AL9708,410,ORL_GUM-1235,"ProjectPacman,placeboversusPacman",NA,No,NA,NA,UK,NA,215,Female,No,Pacman,M83,Toothpaste,4,Post_treatment,16S,Saliva,V4,Illumina,GTGCCAGCMGCCGCGGTAA,GGACTACHVGGGTWTCTAAT,OralCavity,Saliva,0.12,1.41,1.42,b418_215_V4_Female
b419,NA,NA,EXP-16-AL9708,411,ORL_GUM-1235,"ProjectPacman,placeboversusPacman",NA,No,NA,NA,UK,NA,216,Female,No,Control,G18,Toothpaste,2,Pre_treatment,16S,Saliva,V4,Illumina,GTGCCAGCMGCCGCGGTAA,GGACTACHVGGGTWTCTAAT,OralCavity,Saliva,0.35,1.43,1.81,b419_216_V2_Female
b420,NA,NA,EXP-16-AL9708,412,ORL_GUM-1235,"ProjectPacman,placeboversusPacman",NA,No,NA,NA,UK,NA,216,Female,No,Control,G18,Toothpaste,4,Post_treatment,16S,Saliva,V4,Illumina,GTGCCAGCMGCCGCGGTAA,GGACTACHVGGGTWTCTAAT,OralCavity,Saliva,0.28,1.51,1.52,b420_216_V4_Female
b421,NA,NA,EXP-16-AL9708,NA,ORL_GUM-1235,"ProjectPacman,placeboversusPacman",NA,Yes,NA,NA,UK,NA,NA,NA,NA,NA,NA,NA,NA,NA,16S,NA,V4,Illumina,GTGCCAGCMGCCGCGGTAA,GGACTACHVGGGTWTCTAAT,OralCavity,NA,NA,NA,NA,b421_Mock9
b422,NA,NA,EXP-16-AL9708,NA,ORL_GUM-1235,"ProjectPacman,placeboversusPacman",NA,Yes,NA,NA,UK,NA,NA,NA,NA,NA,NA,NA,NA,NA,16S,NA,V4,Illumina,GTGCCAGCMGCCGCGGTAA,GGACTACHVGGGTWTCTAAT,OralCavity,NA,NA,NA,NA,b422_Mock10
