#SampleID,BarcodeSequence,LinkerPrimerSequence,ELN,UnileverSampleID,UnileverStudyNumber,UnileverStudyName,ExternalStudyNumber,ControlSample,ControlID,SampleCollectionDate,SampleCollectionCountry,SampleCollectionCity,SubjectID,Age,Height,Weight,BMI,Sex,Smoker,SmokerInHouse,Ethnicity,FitzpatrickGroup,Menopause,PetsInHouse,WorksWithAnimals,Product,ProductCode,ProductType,Timepoint,TimepointName,InvestigationType,SampleType,VariableRegion,SequencingPlatform,ForwardPrimer,ReversePrimer,Bodysite,SampleSite,SampleSide,Jaw,Quadrant,ToothNumber,ToothSite,BleedingIndex,BleedingIndexAverage,BrushingFrequency,BrushType,DentalFloss,GingivalIndexGI,GumCondition,MeanGingivalIndexMGI,Mouthwash,OralHealthStatus,PlaqueIndexPI,Toothpaste,Description
Sample.1.22001,,,EXP-22-BO2801,22001,ORL_UOB_2020,Birmingham_site_specific_sampling_study,,No,,30_06_2021,England,Birmingham,S1,,,,,,,,,,,,,None,None,None,1,Baseline,16S,Plaque,V1-V2,Illumina,AGAGTTTGATCMTGGCTCAG,TGCTGCCTCCCGTAGGAGT,OralCavity,Teeth,Right,Upper,UpperRight,7,Buccal_Distal,,,,,,,,,,Healthy,,,Sample.001_S1_V1_UR7_Buccal
Sample.2.22002,,,EXP-22-BO2801,22002,ORL_UOB_2020,Birmingham_site_specific_sampling_study,,No,,30_06_2021,England,Birmingham,S1,,,,,,,,,,,,,None,None,None,1,Baseline,16S,Plaque,V1-V2,Illumina,AGAGTTTGATCMTGGCTCAG,TGCTGCCTCCCGTAGGAGT,OralCavity,Teeth,Right,Upper,UpperRight,7,Buccal_Middle,,,,,,,,,,Healthy,,,Sample.002_S1_V1_UR7_Buccal
Sample.3.22003,,,EXP-22-BO2801,22003,ORL_UOB_2020,Birmingham_site_specific_sampling_study,,No,,30_06_2021,England,Birmingham,S1,,,,,,,,,,,,,None,None,None,1,Baseline,16S,Plaque,V1-V2,Illumina,AGAGTTTGATCMTGGCTCAG,TGCTGCCTCCCGTAGGAGT,OralCavity,Teeth,Right,Upper,UpperRight,7,Buccal_Mesial,,,,,,,,,,Healthy,,,Sample.003_S1_V1_UR7_Buccal
Sample.4.22004,,,EXP-22-BO2801,22004,ORL_UOB_2020,Birmingham_site_specific_sampling_study,,No,,30_06_2021,England,Birmingham,S1,,,,,,,,,,,,,None,None,None,1,Baseline,16S,Plaque,V1-V2,Illumina,AGAGTTTGATCMTGGCTCAG,TGCTGCCTCCCGTAGGAGT,OralCavity,Teeth,Right,Upper,UpperRight,7,Paletal_Distal,,,,,,,,,,Healthy,,,Sample.004_S1_V1_UR7_Paletal
Sample.5.22005,,,EXP-22-BO2801,22005,ORL_UOB_2020,Birmingham_site_specific_sampling_study,,No,,30_06_2021,England,Birmingham,S1,,,,,,,,,,,,,None,None,None,1,Baseline,16S,Plaque,V1-V2,Illumina,AGAGTTTGATCMTGGCTCAG,TGCTGCCTCCCGTAGGAGT,OralCavity,Teeth,Right,Upper,UpperRight,7,Paletal_Middle,,,,,,,,,,Healthy,,,Sample.005_S1_V1_UR7_Paletal
Sample.6.22006,,,EXP-22-BO2801,22006,ORL_UOB_2020,Birmingham_site_specific_sampling_study,,No,,30_06_2021,England,Birmingham,S1,,,,,,,,,,,,,None,None,None,1,Baseline,16S,Plaque,V1-V2,Illumina,AGAGTTTGATCMTGGCTCAG,TGCTGCCTCCCGTAGGAGT,OralCavity,Teeth,Right,Upper,UpperRight,7,Paletal_Mesial,,,,,,,,,,Healthy,,,Sample.006_S1_V1_UR7_Paletal
Sample.7.22007,,,EXP-22-BO2801,22007,ORL_UOB_2020,Birmingham_site_specific_sampling_study,,No,,30_06_2021,England,Birmingham,S1,,,,,,,,,,,,,None,None,None,1,Baseline,16S,Plaque,V1-V2,Illumina,AGAGTTTGATCMTGGCTCAG,TGCTGCCTCCCGTAGGAGT,OralCavity,Teeth,Right,Upper,UpperRight,6,Buccal_Distal,,,,,,,,,,Healthy,,,Sample.007_S1_V1_UR6_Buccal
Sample.8.22008,,,EXP-22-BO2801,22008,ORL_UOB_2020,Birmingham_site_specific_sampling_study,,No,,30_06_2021,England,Birmingham,S1,,,,,,,,,,,,,None,None,None,1,Baseline,16S,Plaque,V1-V2,Illumina,AGAGTTTGATCMTGGCTCAG,TGCTGCCTCCCGTAGGAGT,OralCavity,Teeth,Right,Upper,UpperRight,6,Buccal_Middle,,,,,,,,,,Healthy,,,Sample.008_S1_V1_UR6_Buccal
Sample.9.22009,,,EXP-22-BO2801,22009,ORL_UOB_2020,Birmingham_site_specific_sampling_study,,No,,30_06_2021,England,Birmingham,S1,,,,,,,,,,,,,None,None,None,1,Baseline,16S,Plaque,V1-V2,Illumina,AGAGTTTGATCMTGGCTCAG,TGCTGCCTCCCGTAGGAGT,OralCavity,Teeth,Right,Upper,UpperRight,6,Buccal_Mesial,,,,,,,,,,Healthy,,,Sample.009_S1_V1_UR6_Buccal
Sample.10.22010,,,EXP-22-BO2801,22010,ORL_UOB_2020,Birmingham_site_specific_sampling_study,,No,,30_06_2021,England,Birmingham,S1,,,,,,,,,,,,,None,None,None,1,Baseline,16S,Plaque,V1-V2,Illumina,AGAGTTTGATCMTGGCTCAG,TGCTGCCTCCCGTAGGAGT,OralCavity,Teeth,Right,Upper,UpperRight,6,Paletal_Distal,,,,,,,,,,Healthy,,,Sample.010_S1_V1_UR6_Paletal
Sample.11.22011,,,EXP-22-BO2801,22011,ORL_UOB_2020,Birmingham_site_specific_sampling_study,,No,,30_06_2021,England,Birmingham,S1,,,,,,,,,,,,,None,None,None,1,Baseline,16S,Plaque,V1-V2,Illumina,AGAGTTTGATCMTGGCTCAG,TGCTGCCTCCCGTAGGAGT,OralCavity,Teeth,Right,Upper,UpperRight,6,Paletal_Middle,,,,,,,,,,Healthy,,,Sample.011_S1_V1_UR6_Paletal
Sample.12.22012,,,EXP-22-BO2801,22012,ORL_UOB_2020,Birmingham_site_specific_sampling_study,,No,,30_06_2021,England,Birmingham,S1,,,,,,,,,,,,,None,None,None,1,Baseline,16S,Plaque,V1-V2,Illumina,AGAGTTTGATCMTGGCTCAG,TGCTGCCTCCCGTAGGAGT,OralCavity,Teeth,Right,Upper,UpperRight,6,Paletal_Mesial,,,,,,,,,,Healthy,,,Sample.012_S1_V1_UR6_Paletal
Sample.13.22013,,,EXP-22-BO2801,22013,ORL_UOB_2020,Birmingham_site_specific_sampling_study,,No,,30_06_2021,England,Birmingham,S1,,,,,,,,,,,,,None,None,None,1,Baseline,16S,Plaque,V1-V2,Illumina,AGAGTTTGATCMTGGCTCAG,TGCTGCCTCCCGTAGGAGT,OralCavity,Teeth,Right,Upper,UpperRight,5,Buccal_Distal,,,,,,,,,,Healthy,,,Sample.013_S1_V1_UR5_Buccal
Sample.14.22014,,,EXP-22-BO2801,22014,ORL_UOB_2020,Birmingham_site_specific_sampling_study,,No,,30_06_2021,England,Birmingham,S1,,,,,,,,,,,,,None,None,None,1,Baseline,16S,Plaque,V1-V2,Illumina,AGAGTTTGATCMTGGCTCAG,TGCTGCCTCCCGTAGGAGT,OralCavity,Teeth,Right,Upper,UpperRight,5,Buccal_Middle,,,,,,,,,,Healthy,,,Sample.014_S1_V1_UR5_Buccal
Sample.15.22015,,,EXP-22-BO2801,22015,ORL_UOB_2020,Birmingham_site_specific_sampling_study,,No,,30_06_2021,England,Birmingham,S1,,,,,,,,,,,,,None,None,None,1,Baseline,16S,Plaque,V1-V2,Illumina,AGAGTTTGATCMTGGCTCAG,TGCTGCCTCCCGTAGGAGT,OralCavity,Teeth,Right,Upper,UpperRight,5,Buccal_Mesial,,,,,,,,,,Healthy,,,Sample.015_S1_V1_UR5_Buccal
Sample.16.22016,,,EXP-22-BO2801,22016,ORL_UOB_2020,Birmingham_site_specific_sampling_study,,No,,30_06_2021,England,Birmingham,S1,,,,,,,,,,,,,None,None,None,1,Baseline,16S,Plaque,V1-V2,Illumina,AGAGTTTGATCMTGGCTCAG,TGCTGCCTCCCGTAGGAGT,OralCavity,Teeth,Right,Upper,UpperRight,5,Paletal_Distal,,,,,,,,,,Healthy,,,Sample.016_S1_V1_UR5_Paletal
Sample.17.22017,,,EXP-22-BO2801,22017,ORL_UOB_2020,Birmingham_site_specific_sampling_study,,No,,30_06_2021,England,Birmingham,S1,,,,,,,,,,,,,None,None,None,1,Baseline,16S,Plaque,V1-V2,Illumina,AGAGTTTGATCMTGGCTCAG,TGCTGCCTCCCGTAGGAGT,OralCavity,Teeth,Right,Upper,UpperRight,5,Paletal_Middle,,,,,,,,,,Healthy,,,Sample.017_S1_V1_UR5_Paletal
Sample.18.22018,,,EXP-22-BO2801,22018,ORL_UOB_2020,Birmingham_site_specific_sampling_study,,No,,30_06_2021,England,Birmingham,S1,,,,,,,,,,,,,None,None,None,1,Baseline,16S,Plaque,V1-V2,Illumina,AGAGTTTGATCMTGGCTCAG,TGCTGCCTCCCGTAGGAGT,OralCavity,Teeth,Right,Upper,UpperRight,5,Paletal_Mesial,,,,,,,,,,Healthy,,,Sample.018_S1_V1_UR5_Paletal
Sample.19.22019,,,EXP-22-BO2801,22019,ORL_UOB_2020,Birmingham_site_specific_sampling_study,,No,,30_06_2021,England,Birmingham,S1,,,,,,,,,,,,,None,None,None,1,Baseline,16S,Plaque,V1-V2,Illumina,AGAGTTTGATCMTGGCTCAG,TGCTGCCTCCCGTAGGAGT,OralCavity,Teeth,Right,Upper,UpperRight,4,Buccal_Distal,,,,,,,,,,Healthy,,,Sample.019_S1_V1_UR4_Buccal
Sample.20.22020,,,EXP-22-BO2801,22020,ORL_UOB_2020,Birmingham_site_specific_sampling_study,,No,,30_06_2021,England,Birmingham,S1,,,,,,,,,,,,,None,None,None,1,Baseline,16S,Plaque,V1-V2,Illumina,AGAGTTTGATCMTGGCTCAG,TGCTGCCTCCCGTAGGAGT,OralCavity,Teeth,Right,Upper,UpperRight,4,Buccal_Middle,,,,,,,,,,Healthy,,,Sample.020_S1_V1_UR4_Buccal
Sample.21.22021,,,EXP-22-BO2801,22021,ORL_UOB_2020,Birmingham_site_specific_sampling_study,,No,,30_06_2021,England,Birmingham,S1,,,,,,,,,,,,,None,None,None,1,Baseline,16S,Plaque,V1-V2,Illumina,AGAGTTTGATCMTGGCTCAG,TGCTGCCTCCCGTAGGAGT,OralCavity,Teeth,Right,Upper,UpperRight,4,Buccal_Mesial,,,,,,,,,,Healthy,,,Sample.021_S1_V1_UR4_Buccal
Sample.22.22022,,,EXP-22-BO2801,22022,ORL_UOB_2020,Birmingham_site_specific_sampling_study,,No,,30_06_2021,England,Birmingham,S1,,,,,,,,,,,,,None,None,None,1,Baseline,16S,Plaque,V1-V2,Illumina,AGAGTTTGATCMTGGCTCAG,TGCTGCCTCCCGTAGGAGT,OralCavity,Teeth,Right,Upper,UpperRight,4,Paletal_Distal,,,,,,,,,,Healthy,,,Sample.022_S1_V1_UR4_Paletal
Sample.23.22023,,,EXP-22-BO2801,22023,ORL_UOB_2020,Birmingham_site_specific_sampling_study,,No,,30_06_2021,England,Birmingham,S1,,,,,,,,,,,,,None,None,None,1,Baseline,16S,Plaque,V1-V2,Illumina,AGAGTTTGATCMTGGCTCAG,TGCTGCCTCCCGTAGGAGT,OralCavity,Teeth,Right,Upper,UpperRight,4,Paletal_Middle,,,,,,,,,,Healthy,,,Sample.023_S1_V1_UR4_Paletal
Sample.24.22024,,,EXP-22-BO2801,22024,ORL_UOB_2020,Birmingham_site_specific_sampling_study,,No,,30_06_2021,England,Birmingham,S1,,,,,,,,,,,,,None,None,None,1,Baseline,16S,Plaque,V1-V2,Illumina,AGAGTTTGATCMTGGCTCAG,TGCTGCCTCCCGTAGGAGT,OralCavity,Teeth,Right,Upper,UpperRight,4,Paletal_Mesial,,,,,,,,,,Healthy,,,Sample.024_S1_V1_UR4_Paletal
Sample.25.22025,,,EXP-22-BO2801,22025,ORL_UOB_2020,Birmingham_site_specific_sampling_study,,No,,30_06_2021,England,Birmingham,S1,,,,,,,,,,,,,None,None,None,1,Baseline,16S,Plaque,V1-V2,Illumina,AGAGTTTGATCMTGGCTCAG,TGCTGCCTCCCGTAGGAGT,OralCavity,Teeth,Right,Upper,UpperRight,3,Buccal_Distal,,,,,,,,,,Healthy,,,Sample.025_S1_V1_UR3_Buccal
Sample.26.22026,,,EXP-22-BO2801,22026,ORL_UOB_2020,Birmingham_site_specific_sampling_study,,No,,30_06_2021,England,Birmingham,S1,,,,,,,,,,,,,None,None,None,1,Baseline,16S,Plaque,V1-V2,Illumina,AGAGTTTGATCMTGGCTCAG,TGCTGCCTCCCGTAGGAGT,OralCavity,Teeth,Right,Upper,UpperRight,3,Buccal_Middle,,,,,,,,,,Healthy,,,Sample.026_S1_V1_UR3_Buccal
Sample.27.22027,,,EXP-22-BO2801,22027,ORL_UOB_2020,Birmingham_site_specific_sampling_study,,No,,30_06_2021,England,Birmingham,S1,,,,,,,,,,,,,None,None,None,1,Baseline,16S,Plaque,V1-V2,Illumina,AGAGTTTGATCMTGGCTCAG,TGCTGCCTCCCGTAGGAGT,OralCavity,Teeth,Right,Upper,UpperRight,3,Buccal_Mesial,,,,,,,,,,Healthy,,,Sample.027_S1_V1_UR3_Buccal
Sample.28.22028,,,EXP-22-BO2801,22028,ORL_UOB_2020,Birmingham_site_specific_sampling_study,,No,,30_06_2021,England,Birmingham,S1,,,,,,,,,,,,,None,None,None,1,Baseline,16S,Plaque,V1-V2,Illumina,AGAGTTTGATCMTGGCTCAG,TGCTGCCTCCCGTAGGAGT,OralCavity,Teeth,Right,Upper,UpperRight,3,Paletal_Distal,,,,,,,,,,Healthy,,,Sample.028_S1_V1_UR3_Paletal
Sample.29.22029,,,EXP-22-BO2801,22029,ORL_UOB_2020,Birmingham_site_specific_sampling_study,,No,,30_06_2021,England,Birmingham,S1,,,,,,,,,,,,,None,None,None,1,Baseline,16S,Plaque,V1-V2,Illumina,AGAGTTTGATCMTGGCTCAG,TGCTGCCTCCCGTAGGAGT,OralCavity,Teeth,Right,Upper,UpperRight,3,Paletal_Middle,,,,,,,,,,Healthy,,,Sample.029_S1_V1_UR3_Paletal
Sample.30.22030,,,EXP-22-BO2801,22030,ORL_UOB_2020,Birmingham_site_specific_sampling_study,,No,,30_06_2021,England,Birmingham,S1,,,,,,,,,,,,,None,None,None,1,Baseline,16S,Plaque,V1-V2,Illumina,AGAGTTTGATCMTGGCTCAG,TGCTGCCTCCCGTAGGAGT,OralCavity,Teeth,Right,Upper,UpperRight,3,Paletal_Mesial,,,,,,,,,,Healthy,,,Sample.030_S1_V1_UR3_Paletal
Sample.31.22031,,,EXP-22-BO2801,22031,ORL_UOB_2020,Birmingham_site_specific_sampling_study,,No,,30_06_2021,England,Birmingham,S1,,,,,,,,,,,,,None,None,None,1,Baseline,16S,Plaque,V1-V2,Illumina,AGAGTTTGATCMTGGCTCAG,TGCTGCCTCCCGTAGGAGT,OralCavity,Teeth,Right,Upper,UpperRight,2,Buccal_Distal,,,,,,,,,,Healthy,,,Sample.031_S1_V1_UR2_Buccal
Sample.32.22032,,,EXP-22-BO2801,22032,ORL_UOB_2020,Birmingham_site_specific_sampling_study,,No,,30_06_2021,England,Birmingham,S1,,,,,,,,,,,,,None,None,None,1,Baseline,16S,Plaque,V1-V2,Illumina,AGAGTTTGATCMTGGCTCAG,TGCTGCCTCCCGTAGGAGT,OralCavity,Teeth,Right,Upper,UpperRight,2,Buccal_Middle,,,,,,,,,,Healthy,,,Sample.032_S1_V1_UR2_Buccal
Sample.33.22033,,,EXP-22-BO2801,22033,ORL_UOB_2020,Birmingham_site_specific_sampling_study,,No,,30_06_2021,England,Birmingham,S1,,,,,,,,,,,,,None,None,None,1,Baseline,16S,Plaque,V1-V2,Illumina,AGAGTTTGATCMTGGCTCAG,TGCTGCCTCCCGTAGGAGT,OralCavity,Teeth,Right,Upper,UpperRight,2,Buccal_Mesial,,,,,,,,,,Healthy,,,Sample.033_S1_V1_UR2_Buccal
Sample.34.22034,,,EXP-22-BO2801,22034,ORL_UOB_2020,Birmingham_site_specific_sampling_study,,No,,30_06_2021,England,Birmingham,S1,,,,,,,,,,,,,None,None,None,1,Baseline,16S,Plaque,V1-V2,Illumina,AGAGTTTGATCMTGGCTCAG,TGCTGCCTCCCGTAGGAGT,OralCavity,Teeth,Right,Upper,UpperRight,2,Paletal_Distal,,,,,,,,,,Healthy,,,Sample.034_S1_V1_UR2_Paletal
Sample.35.22035,,,EXP-22-BO2801,22035,ORL_UOB_2020,Birmingham_site_specific_sampling_study,,No,,30_06_2021,England,Birmingham,S1,,,,,,,,,,,,,None,None,None,1,Baseline,16S,Plaque,V1-V2,Illumina,AGAGTTTGATCMTGGCTCAG,TGCTGCCTCCCGTAGGAGT,OralCavity,Teeth,Right,Upper,UpperRight,2,Paletal_Middle,,,,,,,,,,Healthy,,,Sample.035_S1_V1_UR2_Paletal
Sample.36.22036,,,EXP-22-BO2801,22036,ORL_UOB_2020,Birmingham_site_specific_sampling_study,,No,,30_06_2021,England,Birmingham,S1,,,,,,,,,,,,,None,None,None,1,Baseline,16S,Plaque,V1-V2,Illumina,AGAGTTTGATCMTGGCTCAG,TGCTGCCTCCCGTAGGAGT,OralCavity,Teeth,Right,Upper,UpperRight,2,Paletal_Mesial,,,,,,,,,,Healthy,,,Sample.036_S1_V1_UR2_Paletal
Sample.37.22037,,,EXP-22-BO2801,22037,ORL_UOB_2020,Birmingham_site_specific_sampling_study,,No,,30_06_2021,England,Birmingham,S1,,,,,,,,,,,,,None,None,None,1,Baseline,16S,Plaque,V1-V2,Illumina,AGAGTTTGATCMTGGCTCAG,TGCTGCCTCCCGTAGGAGT,OralCavity,Teeth,Right,Upper,UpperRight,1,Buccal_Distal,,,,,,,,,,Healthy,,,Sample.037_S1_V1_UR1_Buccal
Sample.38.22038,,,EXP-22-BO2801,22038,ORL_UOB_2020,Birmingham_site_specific_sampling_study,,No,,30_06_2021,England,Birmingham,S1,,,,,,,,,,,,,None,None,None,1,Baseline,16S,Plaque,V1-V2,Illumina,AGAGTTTGATCMTGGCTCAG,TGCTGCCTCCCGTAGGAGT,OralCavity,Teeth,Right,Upper,UpperRight,1,Buccal_Middle,,,,,,,,,,Healthy,,,Sample.038_S1_V1_UR1_Buccal
Sample.39.22039,,,EXP-22-BO2801,22039,ORL_UOB_2020,Birmingham_site_specific_sampling_study,,No,,30_06_2021,England,Birmingham,S1,,,,,,,,,,,,,None,None,None,1,Baseline,16S,Plaque,V1-V2,Illumina,AGAGTTTGATCMTGGCTCAG,TGCTGCCTCCCGTAGGAGT,OralCavity,Teeth,Right,Upper,UpperRight,1,Buccal_Mesial,,,,,,,,,,Healthy,,,Sample.039_S1_V1_UR1_Buccal
Sample.40.22040,,,EXP-22-BO2801,22040,ORL_UOB_2020,Birmingham_site_specific_sampling_study,,No,,30_06_2021,England,Birmingham,S1,,,,,,,,,,,,,None,None,None,1,Baseline,16S,Plaque,V1-V2,Illumina,AGAGTTTGATCMTGGCTCAG,TGCTGCCTCCCGTAGGAGT,OralCavity,Teeth,Right,Upper,UpperRight,1,Paletal_Distal,,,,,,,,,,Healthy,,,Sample.040_S1_V1_UR1_Paletal
Sample.41.22041,,,EXP-22-BO2801,22041,ORL_UOB_2020,Birmingham_site_specific_sampling_study,,No,,30_06_2021,England,Birmingham,S1,,,,,,,,,,,,,None,None,None,1,Baseline,16S,Plaque,V1-V2,Illumina,AGAGTTTGATCMTGGCTCAG,TGCTGCCTCCCGTAGGAGT,OralCavity,Teeth,Right,Upper,UpperRight,1,Paletal_Middle,,,,,,,,,,Healthy,,,Sample.041_S1_V1_UR1_Paletal
Sample.42.22042,,,EXP-22-BO2801,22042,ORL_UOB_2020,Birmingham_site_specific_sampling_study,,No,,30_06_2021,England,Birmingham,S1,,,,,,,,,,,,,None,None,None,1,Baseline,16S,Plaque,V1-V2,Illumina,AGAGTTTGATCMTGGCTCAG,TGCTGCCTCCCGTAGGAGT,OralCavity,Teeth,Right,Upper,UpperRight,1,Paletal_Mesial,,,,,,,,,,Healthy,,,Sample.042_S1_V1_UR1_Paletal
Sample.43.22043,,,EXP-22-BO2801,22043,ORL_UOB_2020,Birmingham_site_specific_sampling_study,,No,,30_06_2021,England,Birmingham,S1,,,,,,,,,,,,,None,None,None,1,Baseline,16S,Plaque,V1-V2,Illumina,AGAGTTTGATCMTGGCTCAG,TGCTGCCTCCCGTAGGAGT,OralCavity,Teeth,Left,Upper,UpperLeft,1,Buccal_Distal,,,,,,,,,,Healthy,,,Sample.043_S1_V1_UL1_Buccal
Sample.44.22044,,,EXP-22-BO2801,22044,ORL_UOB_2020,Birmingham_site_specific_sampling_study,,No,,30_06_2021,England,Birmingham,S1,,,,,,,,,,,,,None,None,None,1,Baseline,16S,Plaque,V1-V2,Illumina,AGAGTTTGATCMTGGCTCAG,TGCTGCCTCCCGTAGGAGT,OralCavity,Teeth,Left,Upper,UpperLeft,1,Buccal_Middle,,,,,,,,,,Healthy,,,Sample.044_S1_V1_UL1_Buccal
Sample.45.22045,,,EXP-22-BO2801,22045,ORL_UOB_2020,Birmingham_site_specific_sampling_study,,No,,30_06_2021,England,Birmingham,S1,,,,,,,,,,,,,None,None,None,1,Baseline,16S,Plaque,V1-V2,Illumina,AGAGTTTGATCMTGGCTCAG,TGCTGCCTCCCGTAGGAGT,OralCavity,Teeth,Left,Upper,UpperLeft,1,Buccal_Mesial,,,,,,,,,,Healthy,,,Sample.045_S1_V1_UL1_Buccal
Sample.46.22046,,,EXP-22-BO2801,22046,ORL_UOB_2020,Birmingham_site_specific_sampling_study,,No,,30_06_2021,England,Birmingham,S1,,,,,,,,,,,,,None,None,None,1,Baseline,16S,Plaque,V1-V2,Illumina,AGAGTTTGATCMTGGCTCAG,TGCTGCCTCCCGTAGGAGT,OralCavity,Teeth,Left,Upper,UpperLeft,1,Paletal_Distal,,,,,,,,,,Healthy,,,Sample.046_S1_V1_UL1_Paletal
Sample.47.22047,,,EXP-22-BO2801,22047,ORL_UOB_2020,Birmingham_site_specific_sampling_study,,No,,30_06_2021,England,Birmingham,S1,,,,,,,,,,,,,None,None,None,1,Baseline,16S,Plaque,V1-V2,Illumina,AGAGTTTGATCMTGGCTCAG,TGCTGCCTCCCGTAGGAGT,OralCavity,Teeth,Left,Upper,UpperLeft,1,Paletal_Middle,,,,,,,,,,Healthy,,,Sample.047_S1_V1_UL1_Paletal
Sample.48.22048,,,EXP-22-BO2801,22048,ORL_UOB_2020,Birmingham_site_specific_sampling_study,,No,,30_06_2021,England,Birmingham,S1,,,,,,,,,,,,,None,None,None,1,Baseline,16S,Plaque,V1-V2,Illumina,AGAGTTTGATCMTGGCTCAG,TGCTGCCTCCCGTAGGAGT,OralCavity,Teeth,Left,Upper,UpperLeft,1,Paletal_Mesial,,,,,,,,,,Healthy,,,Sample.048_S1_V1_UL1_Paletal
Sample.49.22049,,,EXP-22-BO2801,22049,ORL_UOB_2020,Birmingham_site_specific_sampling_study,,No,,30_06_2021,England,Birmingham,S1,,,,,,,,,,,,,None,None,None,1,Baseline,16S,Plaque,V1-V2,Illumina,AGAGTTTGATCMTGGCTCAG,TGCTGCCTCCCGTAGGAGT,OralCavity,Teeth,Left,Upper,UpperLeft,2,Buccal_Distal,,,,,,,,,,Healthy,,,Sample.049_S1_V1_UL2_Buccal
Sample.50.22050,,,EXP-22-BO2801,22050,ORL_UOB_2020,Birmingham_site_specific_sampling_study,,No,,30_06_2021,England,Birmingham,S1,,,,,,,,,,,,,None,None,None,1,Baseline,16S,Plaque,V1-V2,Illumina,AGAGTTTGATCMTGGCTCAG,TGCTGCCTCCCGTAGGAGT,OralCavity,Teeth,Left,Upper,UpperLeft,2,Buccal_Middle,,,,,,,,,,Healthy,,,Sample.050_S1_V1_UL2_Buccal
Sample.51.22051,,,EXP-22-BO2801,22051,ORL_UOB_2020,Birmingham_site_specific_sampling_study,,No,,30_06_2021,England,Birmingham,S1,,,,,,,,,,,,,None,None,None,1,Baseline,16S,Plaque,V1-V2,Illumina,AGAGTTTGATCMTGGCTCAG,TGCTGCCTCCCGTAGGAGT,OralCavity,Teeth,Left,Upper,UpperLeft,2,Buccal_Mesial,,,,,,,,,,Healthy,,,Sample.051_S1_V1_UL2_Buccal
Sample.52.22052,,,EXP-22-BO2801,22052,ORL_UOB_2020,Birmingham_site_specific_sampling_study,,No,,30_06_2021,England,Birmingham,S1,,,,,,,,,,,,,None,None,None,1,Baseline,16S,Plaque,V1-V2,Illumina,AGAGTTTGATCMTGGCTCAG,TGCTGCCTCCCGTAGGAGT,OralCavity,Teeth,Left,Upper,UpperLeft,2,Paletal_Distal,,,,,,,,,,Healthy,,,Sample.052_S1_V1_UL2_Paletal
Sample.53.22053,,,EXP-22-BO2801,22053,ORL_UOB_2020,Birmingham_site_specific_sampling_study,,No,,30_06_2021,England,Birmingham,S1,,,,,,,,,,,,,None,None,None,1,Baseline,16S,Plaque,V1-V2,Illumina,AGAGTTTGATCMTGGCTCAG,TGCTGCCTCCCGTAGGAGT,OralCavity,Teeth,Left,Upper,UpperLeft,2,Paletal_Middle,,,,,,,,,,Healthy,,,Sample.053_S1_V1_UL2_Paletal
Sample.54.22054,,,EXP-22-BO2801,22054,ORL_UOB_2020,Birmingham_site_specific_sampling_study,,No,,30_06_2021,England,Birmingham,S1,,,,,,,,,,,,,None,None,None,1,Baseline,16S,Plaque,V1-V2,Illumina,AGAGTTTGATCMTGGCTCAG,TGCTGCCTCCCGTAGGAGT,OralCavity,Teeth,Left,Upper,UpperLeft,2,Paletal_Mesial,,,,,,,,,,Healthy,,,Sample.054_S1_V1_UL2_Paletal
Sample.55.22055,,,EXP-22-BO2801,22055,ORL_UOB_2020,Birmingham_site_specific_sampling_study,,No,,30_06_2021,England,Birmingham,S1,,,,,,,,,,,,,None,None,None,1,Baseline,16S,Plaque,V1-V2,Illumina,AGAGTTTGATCMTGGCTCAG,TGCTGCCTCCCGTAGGAGT,OralCavity,Teeth,Left,Upper,UpperLeft,3,Buccal_Distal,,,,,,,,,,Healthy,,,Sample.055_S1_V1_UL3_Buccal
Sample.56.22056,,,EXP-22-BO2801,22056,ORL_UOB_2020,Birmingham_site_specific_sampling_study,,No,,30_06_2021,England,Birmingham,S1,,,,,,,,,,,,,None,None,None,1,Baseline,16S,Plaque,V1-V2,Illumina,AGAGTTTGATCMTGGCTCAG,TGCTGCCTCCCGTAGGAGT,OralCavity,Teeth,Left,Upper,UpperLeft,3,Buccal_Middle,,,,,,,,,,Healthy,,,Sample.056_S1_V1_UL3_Buccal
Sample.57.22057,,,EXP-22-BO2801,22057,ORL_UOB_2020,Birmingham_site_specific_sampling_study,,No,,30_06_2021,England,Birmingham,S1,,,,,,,,,,,,,None,None,None,1,Baseline,16S,Plaque,V1-V2,Illumina,AGAGTTTGATCMTGGCTCAG,TGCTGCCTCCCGTAGGAGT,OralCavity,Teeth,Left,Upper,UpperLeft,3,Buccal_Mesial,,,,,,,,,,Healthy,,,Sample.057_S1_V1_UL3_Buccal
Sample.58.22058,,,EXP-22-BO2801,22058,ORL_UOB_2020,Birmingham_site_specific_sampling_study,,No,,30_06_2021,England,Birmingham,S1,,,,,,,,,,,,,None,None,None,1,Baseline,16S,Plaque,V1-V2,Illumina,AGAGTTTGATCMTGGCTCAG,TGCTGCCTCCCGTAGGAGT,OralCavity,Teeth,Left,Upper,UpperLeft,3,Paletal_Distal,,,,,,,,,,Healthy,,,Sample.058_S1_V1_UL3_Paletal
Sample.59.22059,,,EXP-22-BO2801,22059,ORL_UOB_2020,Birmingham_site_specific_sampling_study,,No,,30_06_2021,England,Birmingham,S1,,,,,,,,,,,,,None,None,None,1,Baseline,16S,Plaque,V1-V2,Illumina,AGAGTTTGATCMTGGCTCAG,TGCTGCCTCCCGTAGGAGT,OralCavity,Teeth,Left,Upper,UpperLeft,3,Paletal_Middle,,,,,,,,,,Healthy,,,Sample.059_S1_V1_UL3_Paletal
Sample.60.22060,,,EXP-22-BO2801,22060,ORL_UOB_2020,Birmingham_site_specific_sampling_study,,No,,30_06_2021,England,Birmingham,S1,,,,,,,,,,,,,None,None,None,1,Baseline,16S,Plaque,V1-V2,Illumina,AGAGTTTGATCMTGGCTCAG,TGCTGCCTCCCGTAGGAGT,OralCavity,Teeth,Left,Upper,UpperLeft,3,Paletal_Mesial,,,,,,,,,,Healthy,,,Sample.060_S1_V1_UL3_Paletal
Sample.61.22061,,,EXP-22-BO2801,22061,ORL_UOB_2020,Birmingham_site_specific_sampling_study,,No,,30_06_2021,England,Birmingham,S1,,,,,,,,,,,,,None,None,None,1,Baseline,16S,Plaque,V1-V2,Illumina,AGAGTTTGATCMTGGCTCAG,TGCTGCCTCCCGTAGGAGT,OralCavity,Teeth,Left,Upper,UpperLeft,4,Buccal_Distal,,,,,,,,,,Healthy,,,Sample.061_S1_V1_UL4_Buccal
Sample.62.22062,,,EXP-22-BO2801,22062,ORL_UOB_2020,Birmingham_site_specific_sampling_study,,No,,30_06_2021,England,Birmingham,S1,,,,,,,,,,,,,None,None,None,1,Baseline,16S,Plaque,V1-V2,Illumina,AGAGTTTGATCMTGGCTCAG,TGCTGCCTCCCGTAGGAGT,OralCavity,Teeth,Left,Upper,UpperLeft,4,Buccal_Middle,,,,,,,,,,Healthy,,,Sample.062_S1_V1_UL4_Buccal
Sample.63.22063,,,EXP-22-BO2801,22063,ORL_UOB_2020,Birmingham_site_specific_sampling_study,,No,,30_06_2021,England,Birmingham,S1,,,,,,,,,,,,,None,None,None,1,Baseline,16S,Plaque,V1-V2,Illumina,AGAGTTTGATCMTGGCTCAG,TGCTGCCTCCCGTAGGAGT,OralCavity,Teeth,Left,Upper,UpperLeft,4,Buccal_Mesial,,,,,,,,,,Healthy,,,Sample.063_S1_V1_UL4_Buccal
Sample.64.22064,,,EXP-22-BO2801,22064,ORL_UOB_2020,Birmingham_site_specific_sampling_study,,No,,30_06_2021,England,Birmingham,S1,,,,,,,,,,,,,None,None,None,1,Baseline,16S,Plaque,V1-V2,Illumina,AGAGTTTGATCMTGGCTCAG,TGCTGCCTCCCGTAGGAGT,OralCavity,Teeth,Left,Upper,UpperLeft,4,Paletal_Distal,,,,,,,,,,Healthy,,,Sample.064_S1_V1_UL4_Paletal
Sample.65.22065,,,EXP-22-BO2801,22065,ORL_UOB_2020,Birmingham_site_specific_sampling_study,,No,,30_06_2021,England,Birmingham,S1,,,,,,,,,,,,,None,None,None,1,Baseline,16S,Plaque,V1-V2,Illumina,AGAGTTTGATCMTGGCTCAG,TGCTGCCTCCCGTAGGAGT,OralCavity,Teeth,Left,Upper,UpperLeft,4,Paletal_Middle,,,,,,,,,,Healthy,,,Sample.065_S1_V1_UL4_Paletal
Sample.66.22066,,,EXP-22-BO2801,22066,ORL_UOB_2020,Birmingham_site_specific_sampling_study,,No,,30_06_2021,England,Birmingham,S1,,,,,,,,,,,,,None,None,None,1,Baseline,16S,Plaque,V1-V2,Illumina,AGAGTTTGATCMTGGCTCAG,TGCTGCCTCCCGTAGGAGT,OralCavity,Teeth,Left,Upper,UpperLeft,4,Paletal_Mesial,,,,,,,,,,Healthy,,,Sample.066_S1_V1_UL4_Paletal
Sample.67.22067,,,EXP-22-BO2801,22067,ORL_UOB_2020,Birmingham_site_specific_sampling_study,,No,,30_06_2021,England,Birmingham,S1,,,,,,,,,,,,,None,None,None,1,Baseline,16S,Plaque,V1-V2,Illumina,AGAGTTTGATCMTGGCTCAG,TGCTGCCTCCCGTAGGAGT,OralCavity,Teeth,Left,Upper,UpperLeft,5,Buccal_Distal,,,,,,,,,,Healthy,,,Sample.067_S1_V1_UL5_Buccal
Sample.68.22068,,,EXP-22-BO2801,22068,ORL_UOB_2020,Birmingham_site_specific_sampling_study,,No,,30_06_2021,England,Birmingham,S1,,,,,,,,,,,,,None,None,None,1,Baseline,16S,Plaque,V1-V2,Illumina,AGAGTTTGATCMTGGCTCAG,TGCTGCCTCCCGTAGGAGT,OralCavity,Teeth,Left,Upper,UpperLeft,5,Buccal_Middle,,,,,,,,,,Healthy,,,Sample.068_S1_V1_UL5_Buccal
Sample.69.22069,,,EXP-22-BO2801,22069,ORL_UOB_2020,Birmingham_site_specific_sampling_study,,No,,30_06_2021,England,Birmingham,S1,,,,,,,,,,,,,None,None,None,1,Baseline,16S,Plaque,V1-V2,Illumina,AGAGTTTGATCMTGGCTCAG,TGCTGCCTCCCGTAGGAGT,OralCavity,Teeth,Left,Upper,UpperLeft,5,Buccal_Mesial,,,,,,,,,,Healthy,,,Sample.069_S1_V1_UL5_Buccal
Sample.70.22070,,,EXP-22-BO2801,22070,ORL_UOB_2020,Birmingham_site_specific_sampling_study,,No,,30_06_2021,England,Birmingham,S1,,,,,,,,,,,,,None,None,None,1,Baseline,16S,Plaque,V1-V2,Illumina,AGAGTTTGATCMTGGCTCAG,TGCTGCCTCCCGTAGGAGT,OralCavity,Teeth,Left,Upper,UpperLeft,5,Paletal_Distal,,,,,,,,,,Healthy,,,Sample.070_S1_V1_UL5_Paletal
Sample.71.22071,,,EXP-22-BO2801,22071,ORL_UOB_2020,Birmingham_site_specific_sampling_study,,No,,30_06_2021,England,Birmingham,S1,,,,,,,,,,,,,None,None,None,1,Baseline,16S,Plaque,V1-V2,Illumina,AGAGTTTGATCMTGGCTCAG,TGCTGCCTCCCGTAGGAGT,OralCavity,Teeth,Left,Upper,UpperLeft,5,Paletal_Middle,,,,,,,,,,Healthy,,,Sample.071_S1_V1_UL5_Paletal
Sample.72.22072,,,EXP-22-BO2801,22072,ORL_UOB_2020,Birmingham_site_specific_sampling_study,,No,,30_06_2021,England,Birmingham,S1,,,,,,,,,,,,,None,None,None,1,Baseline,16S,Plaque,V1-V2,Illumina,AGAGTTTGATCMTGGCTCAG,TGCTGCCTCCCGTAGGAGT,OralCavity,Teeth,Left,Upper,UpperLeft,5,Paletal_Mesial,,,,,,,,,,Healthy,,,Sample.072_S1_V1_UL5_Paletal
Sample.73.22073,,,EXP-22-BO2801,22073,ORL_UOB_2020,Birmingham_site_specific_sampling_study,,No,,30_06_2021,England,Birmingham,S1,,,,,,,,,,,,,None,None,None,1,Baseline,16S,Plaque,V1-V2,Illumina,AGAGTTTGATCMTGGCTCAG,TGCTGCCTCCCGTAGGAGT,OralCavity,Teeth,Left,Upper,UpperLeft,6,Buccal_Distal,,,,,,,,,,Healthy,,,Sample.073_S1_V1_UL6_Buccal
Sample.74.22074,,,EXP-22-BO2801,22074,ORL_UOB_2020,Birmingham_site_specific_sampling_study,,No,,30_06_2021,England,Birmingham,S1,,,,,,,,,,,,,None,None,None,1,Baseline,16S,Plaque,V1-V2,Illumina,AGAGTTTGATCMTGGCTCAG,TGCTGCCTCCCGTAGGAGT,OralCavity,Teeth,Left,Upper,UpperLeft,6,Buccal_Middle,,,,,,,,,,Healthy,,,Sample.074_S1_V1_UL6_Buccal
Sample.75.22075,,,EXP-22-BO2801,22075,ORL_UOB_2020,Birmingham_site_specific_sampling_study,,No,,30_06_2021,England,Birmingham,S1,,,,,,,,,,,,,None,None,None,1,Baseline,16S,Plaque,V1-V2,Illumina,AGAGTTTGATCMTGGCTCAG,TGCTGCCTCCCGTAGGAGT,OralCavity,Teeth,Left,Upper,UpperLeft,6,Buccal_Mesial,,,,,,,,,,Healthy,,,Sample.075_S1_V1_UL6_Buccal
Sample.76.22076,,,EXP-22-BO2801,22076,ORL_UOB_2020,Birmingham_site_specific_sampling_study,,No,,30_06_2021,England,Birmingham,S1,,,,,,,,,,,,,None,None,None,1,Baseline,16S,Plaque,V1-V2,Illumina,AGAGTTTGATCMTGGCTCAG,TGCTGCCTCCCGTAGGAGT,OralCavity,Teeth,Left,Upper,UpperLeft,6,Paletal_Distal,,,,,,,,,,Healthy,,,Sample.076_S1_V1_UL6_Paletal
Sample.77.22077,,,EXP-22-BO2801,22077,ORL_UOB_2020,Birmingham_site_specific_sampling_study,,No,,30_06_2021,England,Birmingham,S1,,,,,,,,,,,,,None,None,None,1,Baseline,16S,Plaque,V1-V2,Illumina,AGAGTTTGATCMTGGCTCAG,TGCTGCCTCCCGTAGGAGT,OralCavity,Teeth,Left,Upper,UpperLeft,6,Paletal_Middle,,,,,,,,,,Healthy,,,Sample.077_S1_V1_UL6_Paletal
Sample.78.22078,,,EXP-22-BO2801,22078,ORL_UOB_2020,Birmingham_site_specific_sampling_study,,No,,30_06_2021,England,Birmingham,S1,,,,,,,,,,,,,None,None,None,1,Baseline,16S,Plaque,V1-V2,Illumina,AGAGTTTGATCMTGGCTCAG,TGCTGCCTCCCGTAGGAGT,OralCavity,Teeth,Left,Upper,UpperLeft,6,Paletal_Mesial,,,,,,,,,,Healthy,,,Sample.078_S1_V1_UL6_Paletal
Sample.79.22079,,,EXP-22-BO2801,22079,ORL_UOB_2020,Birmingham_site_specific_sampling_study,,No,,30_06_2021,England,Birmingham,S1,,,,,,,,,,,,,None,None,None,1,Baseline,16S,Plaque,V1-V2,Illumina,AGAGTTTGATCMTGGCTCAG,TGCTGCCTCCCGTAGGAGT,OralCavity,Teeth,Left,Upper,UpperLeft,7,Buccal_Distal,,,,,,,,,,Healthy,,,Sample.079_S1_V1_UL7_Buccal
Sample.80.22080,,,EXP-22-BO2801,22080,ORL_UOB_2020,Birmingham_site_specific_sampling_study,,No,,30_06_2021,England,Birmingham,S1,,,,,,,,,,,,,None,None,None,1,Baseline,16S,Plaque,V1-V2,Illumina,AGAGTTTGATCMTGGCTCAG,TGCTGCCTCCCGTAGGAGT,OralCavity,Teeth,Left,Upper,UpperLeft,7,Buccal_Middle,,,,,,,,,,Healthy,,,Sample.080_S1_V1_UL7_Buccal
Sample.81.22081,,,EXP-22-BO2801,22081,ORL_UOB_2020,Birmingham_site_specific_sampling_study,,No,,30_06_2021,England,Birmingham,S1,,,,,,,,,,,,,None,None,None,1,Baseline,16S,Plaque,V1-V2,Illumina,AGAGTTTGATCMTGGCTCAG,TGCTGCCTCCCGTAGGAGT,OralCavity,Teeth,Left,Upper,UpperLeft,7,Buccal_Mesial,,,,,,,,,,Healthy,,,Sample.081_S1_V1_UL7_Buccal
Sample.82.22082,,,EXP-22-BO2801,22082,ORL_UOB_2020,Birmingham_site_specific_sampling_study,,No,,30_06_2021,England,Birmingham,S1,,,,,,,,,,,,,None,None,None,1,Baseline,16S,Plaque,V1-V2,Illumina,AGAGTTTGATCMTGGCTCAG,TGCTGCCTCCCGTAGGAGT,OralCavity,Teeth,Left,Upper,UpperLeft,7,Paletal_Distal,,,,,,,,,,Healthy,,,Sample.082_S1_V1_UL7_Paletal
Sample.83.22083,,,EXP-22-BO2801,22083,ORL_UOB_2020,Birmingham_site_specific_sampling_study,,No,,30_06_2021,England,Birmingham,S1,,,,,,,,,,,,,None,None,None,1,Baseline,16S,Plaque,V1-V2,Illumina,AGAGTTTGATCMTGGCTCAG,TGCTGCCTCCCGTAGGAGT,OralCavity,Teeth,Left,Upper,UpperLeft,7,Paletal_Middle,,,,,,,,,,Healthy,,,Sample.083_S1_V1_UL7_Paletal
Sample.84.22084,,,EXP-22-BO2801,22084,ORL_UOB_2020,Birmingham_site_specific_sampling_study,,No,,30_06_2021,England,Birmingham,S1,,,,,,,,,,,,,None,None,None,1,Baseline,16S,Plaque,V1-V2,Illumina,AGAGTTTGATCMTGGCTCAG,TGCTGCCTCCCGTAGGAGT,OralCavity,Teeth,Left,Upper,UpperLeft,7,Paletal_Mesial,,,,,,,,,,Healthy,,,Sample.084_S1_V1_UL7_Paletal
Sample.85.22085,,,EXP-22-BO2801,22085,ORL_UOB_2020,Birmingham_site_specific_sampling_study,,Yes,NegativeControl,30_06_2021,England,Birmingham,S1,NA,NA,NA,NA,NA,NA,NA,NA,NA,NA,NA,NA,NA,NA,NA,NA,NA,16S,NA,V1-V2,Illumina,AGAGTTTGATCMTGGCTCAG,TGCTGCCTCCCGTAGGAGT,NA,NA,NA,NA,NA,NA,NA,NA,,,,,,,,,NA,,,Sample.085_NC_NC_NC_NC
Sample.86.22086,,,EXP-22-BO2801,22086,ORL_UOB_2020,Birmingham_site_specific_sampling_study,,No,,30_06_2021,England,Birmingham,S1,,,,,,,,,,,,,None,None,None,1,Baseline,16S,Plaque,V1-V2,Illumina,AGAGTTTGATCMTGGCTCAG,TGCTGCCTCCCGTAGGAGT,OralCavity,Teeth,Right,Lower,LowerRight,7,Buccal_Distal,,,,,,,,,,Healthy,,,Sample.086_S1_V1_LR7_Buccal
Sample.87.22087,,,EXP-22-BO2801,22087,ORL_UOB_2020,Birmingham_site_specific_sampling_study,,No,,30_06_2021,England,Birmingham,S1,,,,,,,,,,,,,None,None,None,1,Baseline,16S,Plaque,V1-V2,Illumina,AGAGTTTGATCMTGGCTCAG,TGCTGCCTCCCGTAGGAGT,OralCavity,Teeth,Right,Lower,LowerRight,7,Buccal_Middle,,,,,,,,,,Healthy,,,Sample.087_S1_V1_LR7_Buccal
Sample.88.22088,,,EXP-22-BO2801,22088,ORL_UOB_2020,Birmingham_site_specific_sampling_study,,No,,30_06_2021,England,Birmingham,S1,,,,,,,,,,,,,None,None,None,1,Baseline,16S,Plaque,V1-V2,Illumina,AGAGTTTGATCMTGGCTCAG,TGCTGCCTCCCGTAGGAGT,OralCavity,Teeth,Right,Lower,LowerRight,7,Buccal_Mesial,,,,,,,,,,Healthy,,,Sample.088_S1_V1_LR7_Buccal
Sample.89.22089,,,EXP-22-BO2801,22089,ORL_UOB_2020,Birmingham_site_specific_sampling_study,,No,,30_06_2021,England,Birmingham,S1,,,,,,,,,,,,,None,None,None,1,Baseline,16S,Plaque,V1-V2,Illumina,AGAGTTTGATCMTGGCTCAG,TGCTGCCTCCCGTAGGAGT,OralCavity,Teeth,Right,Lower,LowerRight,7,Paletal_Distal,,,,,,,,,,Healthy,,,Sample.089_S1_V1_LR7_Paletal
Sample.90.22090,,,EXP-22-BO2801,22090,ORL_UOB_2020,Birmingham_site_specific_sampling_study,,No,,30_06_2021,England,Birmingham,S1,,,,,,,,,,,,,None,None,None,1,Baseline,16S,Plaque,V1-V2,Illumina,AGAGTTTGATCMTGGCTCAG,TGCTGCCTCCCGTAGGAGT,OralCavity,Teeth,Right,Lower,LowerRight,7,Paletal_Middle,,,,,,,,,,Healthy,,,Sample.090_S1_V1_LR7_Paletal
Sample.91.22091,,,EXP-22-BO2801,22091,ORL_UOB_2020,Birmingham_site_specific_sampling_study,,No,,30_06_2021,England,Birmingham,S1,,,,,,,,,,,,,None,None,None,1,Baseline,16S,Plaque,V1-V2,Illumina,AGAGTTTGATCMTGGCTCAG,TGCTGCCTCCCGTAGGAGT,OralCavity,Teeth,Right,Lower,LowerRight,7,Paletal_Mesial,,,,,,,,,,Healthy,,,Sample.091_S1_V1_LR7_Paletal
Sample.92.22092,,,EXP-22-BO2801,22092,ORL_UOB_2020,Birmingham_site_specific_sampling_study,,No,,30_06_2021,England,Birmingham,S1,,,,,,,,,,,,,None,None,None,1,Baseline,16S,Plaque,V1-V2,Illumina,AGAGTTTGATCMTGGCTCAG,TGCTGCCTCCCGTAGGAGT,OralCavity,Teeth,Right,Lower,LowerRight,6,Buccal_Distal,,,,,,,,,,Healthy,,,Sample.092_S1_V1_LR6_Buccal
Sample.93.22093,,,EXP-22-BO2801,22093,ORL_UOB_2020,Birmingham_site_specific_sampling_study,,No,,30_06_2021,England,Birmingham,S1,,,,,,,,,,,,,None,None,None,1,Baseline,16S,Plaque,V1-V2,Illumina,AGAGTTTGATCMTGGCTCAG,TGCTGCCTCCCGTAGGAGT,OralCavity,Teeth,Right,Lower,LowerRight,6,Buccal_Middle,,,,,,,,,,Healthy,,,Sample.093_S1_V1_LR6_Buccal
Sample.94.22094,,,EXP-22-BO2801,22094,ORL_UOB_2020,Birmingham_site_specific_sampling_study,,No,,30_06_2021,England,Birmingham,S1,,,,,,,,,,,,,None,None,None,1,Baseline,16S,Plaque,V1-V2,Illumina,AGAGTTTGATCMTGGCTCAG,TGCTGCCTCCCGTAGGAGT,OralCavity,Teeth,Right,Lower,LowerRight,6,Buccal_Mesial,,,,,,,,,,Healthy,,,Sample.094_S1_V1_LR6_Buccal
Sample.95.22095,,,EXP-22-BO2801,22095,ORL_UOB_2020,Birmingham_site_specific_sampling_study,,No,,30_06_2021,England,Birmingham,S1,,,,,,,,,,,,,None,None,None,1,Baseline,16S,Plaque,V1-V2,Illumina,AGAGTTTGATCMTGGCTCAG,TGCTGCCTCCCGTAGGAGT,OralCavity,Teeth,Right,Lower,LowerRight,6,Paletal_Distal,,,,,,,,,,Healthy,,,Sample.095_S1_V1_LR6_Paletal
Sample.96.22096,,,EXP-22-BO2801,22096,ORL_UOB_2020,Birmingham_site_specific_sampling_study,,No,,30_06_2021,England,Birmingham,S1,,,,,,,,,,,,,None,None,None,1,Baseline,16S,Plaque,V1-V2,Illumina,AGAGTTTGATCMTGGCTCAG,TGCTGCCTCCCGTAGGAGT,OralCavity,Teeth,Right,Lower,LowerRight,6,Paletal_Middle,,,,,,,,,,Healthy,,,Sample.096_S1_V1_LR6_Paletal
Sample.97.22097,,,EXP-22-BO2801,22097,ORL_UOB_2020,Birmingham_site_specific_sampling_study,,No,,30_06_2021,England,Birmingham,S1,,,,,,,,,,,,,None,None,None,1,Baseline,16S,Plaque,V1-V2,Illumina,AGAGTTTGATCMTGGCTCAG,TGCTGCCTCCCGTAGGAGT,OralCavity,Teeth,Right,Lower,LowerRight,6,Paletal_Mesial,,,,,,,,,,Healthy,,,Sample.097_S1_V1_LR6_Paletal
Sample.98.22098,,,EXP-22-BO2801,22098,ORL_UOB_2020,Birmingham_site_specific_sampling_study,,No,,30_06_2021,England,Birmingham,S1,,,,,,,,,,,,,None,None,None,1,Baseline,16S,Plaque,V1-V2,Illumina,AGAGTTTGATCMTGGCTCAG,TGCTGCCTCCCGTAGGAGT,OralCavity,Teeth,Right,Lower,LowerRight,5,Buccal_Distal,,,,,,,,,,Healthy,,,Sample.098_S1_V1_LR5_Buccal
Sample.99.22099,,,EXP-22-BO2801,22099,ORL_UOB_2020,Birmingham_site_specific_sampling_study,,No,,30_06_2021,England,Birmingham,S1,,,,,,,,,,,,,None,None,None,1,Baseline,16S,Plaque,V1-V2,Illumina,AGAGTTTGATCMTGGCTCAG,TGCTGCCTCCCGTAGGAGT,OralCavity,Teeth,Right,Lower,LowerRight,5,Buccal_Middle,,,,,,,,,,Healthy,,,Sample.099_S1_V1_LR5_Buccal
Sample.100.22100,,,EXP-22-BO2801,22100,ORL_UOB_2020,Birmingham_site_specific_sampling_study,,No,,30_06_2021,England,Birmingham,S1,,,,,,,,,,,,,None,None,None,1,Baseline,16S,Plaque,V1-V2,Illumina,AGAGTTTGATCMTGGCTCAG,TGCTGCCTCCCGTAGGAGT,OralCavity,Teeth,Right,Lower,LowerRight,5,Buccal_Mesial,,,,,,,,,,Healthy,,,Sample.100_S1_V1_LR5_Buccal
Sample.101.22101,,,EXP-22-BO2801,22101,ORL_UOB_2020,Birmingham_site_specific_sampling_study,,No,,30_06_2021,England,Birmingham,S1,,,,,,,,,,,,,None,None,None,1,Baseline,16S,Plaque,V1-V2,Illumina,AGAGTTTGATCMTGGCTCAG,TGCTGCCTCCCGTAGGAGT,OralCavity,Teeth,Right,Lower,LowerRight,5,Paletal_Distal,,,,,,,,,,Healthy,,,Sample.101_S1_V1_LR5_Paletal
Sample.102.22102,,,EXP-22-BO2801,22102,ORL_UOB_2020,Birmingham_site_specific_sampling_study,,No,,30_06_2021,England,Birmingham,S1,,,,,,,,,,,,,None,None,None,1,Baseline,16S,Plaque,V1-V2,Illumina,AGAGTTTGATCMTGGCTCAG,TGCTGCCTCCCGTAGGAGT,OralCavity,Teeth,Right,Lower,LowerRight,5,Paletal_Middle,,,,,,,,,,Healthy,,,Sample.102_S1_V1_LR5_Paletal
Sample.103.22103,,,EXP-22-BO2801,22103,ORL_UOB_2020,Birmingham_site_specific_sampling_study,,No,,30_06_2021,England,Birmingham,S1,,,,,,,,,,,,,None,None,None,1,Baseline,16S,Plaque,V1-V2,Illumina,AGAGTTTGATCMTGGCTCAG,TGCTGCCTCCCGTAGGAGT,OralCavity,Teeth,Right,Lower,LowerRight,5,Paletal_Mesial,,,,,,,,,,Healthy,,,Sample.103_S1_V1_LR5_Paletal
Sample.104.22104,,,EXP-22-BO2801,22104,ORL_UOB_2020,Birmingham_site_specific_sampling_study,,No,,30_06_2021,England,Birmingham,S1,,,,,,,,,,,,,None,None,None,1,Baseline,16S,Plaque,V1-V2,Illumina,AGAGTTTGATCMTGGCTCAG,TGCTGCCTCCCGTAGGAGT,OralCavity,Teeth,Right,Lower,LowerRight,4,Buccal_Distal,,,,,,,,,,Healthy,,,Sample.104_S1_V1_LR4_Buccal
Sample.105.22105,,,EXP-22-BO2801,22105,ORL_UOB_2020,Birmingham_site_specific_sampling_study,,No,,30_06_2021,England,Birmingham,S1,,,,,,,,,,,,,None,None,None,1,Baseline,16S,Plaque,V1-V2,Illumina,AGAGTTTGATCMTGGCTCAG,TGCTGCCTCCCGTAGGAGT,OralCavity,Teeth,Right,Lower,LowerRight,4,Buccal_Middle,,,,,,,,,,Healthy,,,Sample.105_S1_V1_LR4_Buccal
Sample.106.22106,,,EXP-22-BO2801,22106,ORL_UOB_2020,Birmingham_site_specific_sampling_study,,No,,30_06_2021,England,Birmingham,S1,,,,,,,,,,,,,None,None,None,1,Baseline,16S,Plaque,V1-V2,Illumina,AGAGTTTGATCMTGGCTCAG,TGCTGCCTCCCGTAGGAGT,OralCavity,Teeth,Right,Lower,LowerRight,4,Buccal_Mesial,,,,,,,,,,Healthy,,,Sample.106_S1_V1_LR4_Buccal
Sample.107.22107,,,EXP-22-BO2801,22107,ORL_UOB_2020,Birmingham_site_specific_sampling_study,,No,,30_06_2021,England,Birmingham,S1,,,,,,,,,,,,,None,None,None,1,Baseline,16S,Plaque,V1-V2,Illumina,AGAGTTTGATCMTGGCTCAG,TGCTGCCTCCCGTAGGAGT,OralCavity,Teeth,Right,Lower,LowerRight,4,Paletal_Distal,,,,,,,,,,Healthy,,,Sample.107_S1_V1_LR4_Paletal
Sample.108.22108,,,EXP-22-BO2801,22108,ORL_UOB_2020,Birmingham_site_specific_sampling_study,,No,,30_06_2021,England,Birmingham,S1,,,,,,,,,,,,,None,None,None,1,Baseline,16S,Plaque,V1-V2,Illumina,AGAGTTTGATCMTGGCTCAG,TGCTGCCTCCCGTAGGAGT,OralCavity,Teeth,Right,Lower,LowerRight,4,Paletal_Middle,,,,,,,,,,Healthy,,,Sample.108_S1_V1_LR4_Paletal
Sample.109.22109,,,EXP-22-BO2801,22109,ORL_UOB_2020,Birmingham_site_specific_sampling_study,,No,,30_06_2021,England,Birmingham,S1,,,,,,,,,,,,,None,None,None,1,Baseline,16S,Plaque,V1-V2,Illumina,AGAGTTTGATCMTGGCTCAG,TGCTGCCTCCCGTAGGAGT,OralCavity,Teeth,Right,Lower,LowerRight,4,Paletal_Mesial,,,,,,,,,,Healthy,,,Sample.109_S1_V1_LR4_Paletal
Sample.110.22110,,,EXP-22-BO2801,22110,ORL_UOB_2020,Birmingham_site_specific_sampling_study,,No,,30_06_2021,England,Birmingham,S1,,,,,,,,,,,,,None,None,None,1,Baseline,16S,Plaque,V1-V2,Illumina,AGAGTTTGATCMTGGCTCAG,TGCTGCCTCCCGTAGGAGT,OralCavity,Teeth,Right,Lower,LowerRight,3,Buccal_Distal,,,,,,,,,,Healthy,,,Sample.110_S1_V1_LR3_Buccal
Sample.111.22111,,,EXP-22-BO2801,22111,ORL_UOB_2020,Birmingham_site_specific_sampling_study,,No,,30_06_2021,England,Birmingham,S1,,,,,,,,,,,,,None,None,None,1,Baseline,16S,Plaque,V1-V2,Illumina,AGAGTTTGATCMTGGCTCAG,TGCTGCCTCCCGTAGGAGT,OralCavity,Teeth,Right,Lower,LowerRight,3,Buccal_Middle,,,,,,,,,,Healthy,,,Sample.111_S1_V1_LR3_Buccal
Sample.112.22112,,,EXP-22-BO2801,22112,ORL_UOB_2020,Birmingham_site_specific_sampling_study,,No,,30_06_2021,England,Birmingham,S1,,,,,,,,,,,,,None,None,None,1,Baseline,16S,Plaque,V1-V2,Illumina,AGAGTTTGATCMTGGCTCAG,TGCTGCCTCCCGTAGGAGT,OralCavity,Teeth,Right,Lower,LowerRight,3,Buccal_Mesial,,,,,,,,,,Healthy,,,Sample.112_S1_V1_LR3_Buccal
Sample.113.22113,,,EXP-22-BO2801,22113,ORL_UOB_2020,Birmingham_site_specific_sampling_study,,No,,30_06_2021,England,Birmingham,S1,,,,,,,,,,,,,None,None,None,1,Baseline,16S,Plaque,V1-V2,Illumina,AGAGTTTGATCMTGGCTCAG,TGCTGCCTCCCGTAGGAGT,OralCavity,Teeth,Right,Lower,LowerRight,3,Paletal_Distal,,,,,,,,,,Healthy,,,Sample.113_S1_V1_LR3_Paletal
Sample.114.22114,,,EXP-22-BO2801,22114,ORL_UOB_2020,Birmingham_site_specific_sampling_study,,No,,30_06_2021,England,Birmingham,S1,,,,,,,,,,,,,None,None,None,1,Baseline,16S,Plaque,V1-V2,Illumina,AGAGTTTGATCMTGGCTCAG,TGCTGCCTCCCGTAGGAGT,OralCavity,Teeth,Right,Lower,LowerRight,3,Paletal_Middle,,,,,,,,,,Healthy,,,Sample.114_S1_V1_LR3_Paletal
Sample.115.22115,,,EXP-22-BO2801,22115,ORL_UOB_2020,Birmingham_site_specific_sampling_study,,No,,30_06_2021,England,Birmingham,S1,,,,,,,,,,,,,None,None,None,1,Baseline,16S,Plaque,V1-V2,Illumina,AGAGTTTGATCMTGGCTCAG,TGCTGCCTCCCGTAGGAGT,OralCavity,Teeth,Right,Lower,LowerRight,3,Paletal_Mesial,,,,,,,,,,Healthy,,,Sample.115_S1_V1_LR3_Paletal
Sample.116.22116,,,EXP-22-BO2801,22116,ORL_UOB_2020,Birmingham_site_specific_sampling_study,,No,,30_06_2021,England,Birmingham,S1,,,,,,,,,,,,,None,None,None,1,Baseline,16S,Plaque,V1-V2,Illumina,AGAGTTTGATCMTGGCTCAG,TGCTGCCTCCCGTAGGAGT,OralCavity,Teeth,Right,Lower,LowerRight,2,Buccal_Distal,,,,,,,,,,Healthy,,,Sample.116_S1_V1_LR2_Buccal
Sample.117.22117,,,EXP-22-BO2801,22117,ORL_UOB_2020,Birmingham_site_specific_sampling_study,,No,,30_06_2021,England,Birmingham,S1,,,,,,,,,,,,,None,None,None,1,Baseline,16S,Plaque,V1-V2,Illumina,AGAGTTTGATCMTGGCTCAG,TGCTGCCTCCCGTAGGAGT,OralCavity,Teeth,Right,Lower,LowerRight,2,Buccal_Middle,,,,,,,,,,Healthy,,,Sample.117_S1_V1_LR2_Buccal
Sample.118.22118,,,EXP-22-BO2801,22118,ORL_UOB_2020,Birmingham_site_specific_sampling_study,,No,,30_06_2021,England,Birmingham,S1,,,,,,,,,,,,,None,None,None,1,Baseline,16S,Plaque,V1-V2,Illumina,AGAGTTTGATCMTGGCTCAG,TGCTGCCTCCCGTAGGAGT,OralCavity,Teeth,Right,Lower,LowerRight,2,Buccal_Mesial,,,,,,,,,,Healthy,,,Sample.118_S1_V1_LR2_Buccal
Sample.119.22119,,,EXP-22-BO2801,22119,ORL_UOB_2020,Birmingham_site_specific_sampling_study,,No,,30_06_2021,England,Birmingham,S1,,,,,,,,,,,,,None,None,None,1,Baseline,16S,Plaque,V1-V2,Illumina,AGAGTTTGATCMTGGCTCAG,TGCTGCCTCCCGTAGGAGT,OralCavity,Teeth,Right,Lower,LowerRight,2,Paletal_Distal,,,,,,,,,,Healthy,,,Sample.119_S1_V1_LR2_Paletal
Sample.120.22120,,,EXP-22-BO2801,22120,ORL_UOB_2020,Birmingham_site_specific_sampling_study,,No,,30_06_2021,England,Birmingham,S1,,,,,,,,,,,,,None,None,None,1,Baseline,16S,Plaque,V1-V2,Illumina,AGAGTTTGATCMTGGCTCAG,TGCTGCCTCCCGTAGGAGT,OralCavity,Teeth,Right,Lower,LowerRight,2,Paletal_Middle,,,,,,,,,,Healthy,,,Sample.120_S1_V1_LR2_Paletal
Sample.121.22121,,,EXP-22-BO2801,22121,ORL_UOB_2020,Birmingham_site_specific_sampling_study,,No,,30_06_2021,England,Birmingham,S1,,,,,,,,,,,,,None,None,None,1,Baseline,16S,Plaque,V1-V2,Illumina,AGAGTTTGATCMTGGCTCAG,TGCTGCCTCCCGTAGGAGT,OralCavity,Teeth,Right,Lower,LowerRight,2,Paletal_Mesial,,,,,,,,,,Healthy,,,Sample.121_S1_V1_LR2_Paletal
Sample.122.22122,,,EXP-22-BO2801,22122,ORL_UOB_2020,Birmingham_site_specific_sampling_study,,No,,30_06_2021,England,Birmingham,S1,,,,,,,,,,,,,None,None,None,1,Baseline,16S,Plaque,V1-V2,Illumina,AGAGTTTGATCMTGGCTCAG,TGCTGCCTCCCGTAGGAGT,OralCavity,Teeth,Right,Lower,LowerRight,1,Buccal_Distal,,,,,,,,,,Healthy,,,Sample.122_S1_V1_LR1_Buccal
Sample.123.22123,,,EXP-22-BO2801,22123,ORL_UOB_2020,Birmingham_site_specific_sampling_study,,No,,30_06_2021,England,Birmingham,S1,,,,,,,,,,,,,None,None,None,1,Baseline,16S,Plaque,V1-V2,Illumina,AGAGTTTGATCMTGGCTCAG,TGCTGCCTCCCGTAGGAGT,OralCavity,Teeth,Right,Lower,LowerRight,1,Buccal_Middle,,,,,,,,,,Healthy,,,Sample.123_S1_V1_LR1_Buccal
Sample.124.22124,,,EXP-22-BO2801,22124,ORL_UOB_2020,Birmingham_site_specific_sampling_study,,No,,30_06_2021,England,Birmingham,S1,,,,,,,,,,,,,None,None,None,1,Baseline,16S,Plaque,V1-V2,Illumina,AGAGTTTGATCMTGGCTCAG,TGCTGCCTCCCGTAGGAGT,OralCavity,Teeth,Right,Lower,LowerRight,1,Buccal_Mesial,,,,,,,,,,Healthy,,,Sample.124_S1_V1_LR1_Buccal
Sample.125.22125,,,EXP-22-BO2801,22125,ORL_UOB_2020,Birmingham_site_specific_sampling_study,,No,,30_06_2021,England,Birmingham,S1,,,,,,,,,,,,,None,None,None,1,Baseline,16S,Plaque,V1-V2,Illumina,AGAGTTTGATCMTGGCTCAG,TGCTGCCTCCCGTAGGAGT,OralCavity,Teeth,Right,Lower,LowerRight,1,Paletal_Distal,,,,,,,,,,Healthy,,,Sample.125_S1_V1_LR1_Paletal
Sample.126.22126,,,EXP-22-BO2801,22126,ORL_UOB_2020,Birmingham_site_specific_sampling_study,,No,,30_06_2021,England,Birmingham,S1,,,,,,,,,,,,,None,None,None,1,Baseline,16S,Plaque,V1-V2,Illumina,AGAGTTTGATCMTGGCTCAG,TGCTGCCTCCCGTAGGAGT,OralCavity,Teeth,Right,Lower,LowerRight,1,Paletal_Middle,,,,,,,,,,Healthy,,,Sample.126_S1_V1_LR1_Paletal
Sample.127.22127,,,EXP-22-BO2801,22127,ORL_UOB_2020,Birmingham_site_specific_sampling_study,,No,,30_06_2021,England,Birmingham,S1,,,,,,,,,,,,,None,None,None,1,Baseline,16S,Plaque,V1-V2,Illumina,AGAGTTTGATCMTGGCTCAG,TGCTGCCTCCCGTAGGAGT,OralCavity,Teeth,Right,Lower,LowerRight,1,Paletal_Mesial,,,,,,,,,,Healthy,,,Sample.127_S1_V1_LR1_Paletal
Sample.128.22128,,,EXP-22-BO2801,22128,ORL_UOB_2020,Birmingham_site_specific_sampling_study,,No,,30_06_2021,England,Birmingham,S1,,,,,,,,,,,,,None,None,None,1,Baseline,16S,Plaque,V1-V2,Illumina,AGAGTTTGATCMTGGCTCAG,TGCTGCCTCCCGTAGGAGT,OralCavity,Teeth,Left,Lower,LowerLeft,1,Buccal_Distal,,,,,,,,,,Healthy,,,Sample.128_S1_V1_LL1_Buccal
Sample.129.22129,,,EXP-22-BO2801,22129,ORL_UOB_2020,Birmingham_site_specific_sampling_study,,No,,30_06_2021,England,Birmingham,S1,,,,,,,,,,,,,None,None,None,1,Baseline,16S,Plaque,V1-V2,Illumina,AGAGTTTGATCMTGGCTCAG,TGCTGCCTCCCGTAGGAGT,OralCavity,Teeth,Left,Lower,LowerLeft,1,Buccal_Middle,,,,,,,,,,Healthy,,,Sample.129_S1_V1_LL1_Buccal
Sample.130.22130,,,EXP-22-BO2801,22130,ORL_UOB_2020,Birmingham_site_specific_sampling_study,,No,,30_06_2021,England,Birmingham,S1,,,,,,,,,,,,,None,None,None,1,Baseline,16S,Plaque,V1-V2,Illumina,AGAGTTTGATCMTGGCTCAG,TGCTGCCTCCCGTAGGAGT,OralCavity,Teeth,Left,Lower,LowerLeft,1,Buccal_Mesial,,,,,,,,,,Healthy,,,Sample.130_S1_V1_LL1_Buccal
Sample.131.22131,,,EXP-22-BO2801,22131,ORL_UOB_2020,Birmingham_site_specific_sampling_study,,No,,30_06_2021,England,Birmingham,S1,,,,,,,,,,,,,None,None,None,1,Baseline,16S,Plaque,V1-V2,Illumina,AGAGTTTGATCMTGGCTCAG,TGCTGCCTCCCGTAGGAGT,OralCavity,Teeth,Left,Lower,LowerLeft,1,Paletal_Distal,,,,,,,,,,Healthy,,,Sample.131_S1_V1_LL1_Paletal
Sample.132.22132,,,EXP-22-BO2801,22132,ORL_UOB_2020,Birmingham_site_specific_sampling_study,,No,,30_06_2021,England,Birmingham,S1,,,,,,,,,,,,,None,None,None,1,Baseline,16S,Plaque,V1-V2,Illumina,AGAGTTTGATCMTGGCTCAG,TGCTGCCTCCCGTAGGAGT,OralCavity,Teeth,Left,Lower,LowerLeft,1,Paletal_Middle,,,,,,,,,,Healthy,,,Sample.132_S1_V1_LL1_Paletal
Sample.133.22133,,,EXP-22-BO2801,22133,ORL_UOB_2020,Birmingham_site_specific_sampling_study,,No,,30_06_2021,England,Birmingham,S1,,,,,,,,,,,,,None,None,None,1,Baseline,16S,Plaque,V1-V2,Illumina,AGAGTTTGATCMTGGCTCAG,TGCTGCCTCCCGTAGGAGT,OralCavity,Teeth,Left,Lower,LowerLeft,1,Paletal_Mesial,,,,,,,,,,Healthy,,,Sample.133_S1_V1_LL1_Paletal
Sample.134.22134,,,EXP-22-BO2801,22134,ORL_UOB_2020,Birmingham_site_specific_sampling_study,,No,,30_06_2021,England,Birmingham,S1,,,,,,,,,,,,,None,None,None,1,Baseline,16S,Plaque,V1-V2,Illumina,AGAGTTTGATCMTGGCTCAG,TGCTGCCTCCCGTAGGAGT,OralCavity,Teeth,Left,Lower,LowerLeft,2,Buccal_Distal,,,,,,,,,,Healthy,,,Sample.134_S1_V1_LL2_Buccal
Sample.135.22135,,,EXP-22-BO2801,22135,ORL_UOB_2020,Birmingham_site_specific_sampling_study,,No,,30_06_2021,England,Birmingham,S1,,,,,,,,,,,,,None,None,None,1,Baseline,16S,Plaque,V1-V2,Illumina,AGAGTTTGATCMTGGCTCAG,TGCTGCCTCCCGTAGGAGT,OralCavity,Teeth,Left,Lower,LowerLeft,2,Buccal_Middle,,,,,,,,,,Healthy,,,Sample.135_S1_V1_LL2_Buccal
Sample.136.22136,,,EXP-22-BO2801,22136,ORL_UOB_2020,Birmingham_site_specific_sampling_study,,No,,30_06_2021,England,Birmingham,S1,,,,,,,,,,,,,None,None,None,1,Baseline,16S,Plaque,V1-V2,Illumina,AGAGTTTGATCMTGGCTCAG,TGCTGCCTCCCGTAGGAGT,OralCavity,Teeth,Left,Lower,LowerLeft,2,Buccal_Mesial,,,,,,,,,,Healthy,,,Sample.136_S1_V1_LL2_Buccal
Sample.137.22137,,,EXP-22-BO2801,22137,ORL_UOB_2020,Birmingham_site_specific_sampling_study,,No,,30_06_2021,England,Birmingham,S1,,,,,,,,,,,,,None,None,None,1,Baseline,16S,Plaque,V1-V2,Illumina,AGAGTTTGATCMTGGCTCAG,TGCTGCCTCCCGTAGGAGT,OralCavity,Teeth,Left,Lower,LowerLeft,2,Paletal_Distal,,,,,,,,,,Healthy,,,Sample.137_S1_V1_LL2_Paletal
Sample.138.22138,,,EXP-22-BO2801,22138,ORL_UOB_2020,Birmingham_site_specific_sampling_study,,No,,30_06_2021,England,Birmingham,S1,,,,,,,,,,,,,None,None,None,1,Baseline,16S,Plaque,V1-V2,Illumina,AGAGTTTGATCMTGGCTCAG,TGCTGCCTCCCGTAGGAGT,OralCavity,Teeth,Left,Lower,LowerLeft,2,Paletal_Middle,,,,,,,,,,Healthy,,,Sample.138_S1_V1_LL2_Paletal
Sample.139.22139,,,EXP-22-BO2801,22139,ORL_UOB_2020,Birmingham_site_specific_sampling_study,,No,,30_06_2021,England,Birmingham,S1,,,,,,,,,,,,,None,None,None,1,Baseline,16S,Plaque,V1-V2,Illumina,AGAGTTTGATCMTGGCTCAG,TGCTGCCTCCCGTAGGAGT,OralCavity,Teeth,Left,Lower,LowerLeft,2,Paletal_Mesial,,,,,,,,,,Healthy,,,Sample.139_S1_V1_LL2_Paletal
Sample.140.22140,,,EXP-22-BO2801,22140,ORL_UOB_2020,Birmingham_site_specific_sampling_study,,No,,30_06_2021,England,Birmingham,S1,,,,,,,,,,,,,None,None,None,1,Baseline,16S,Plaque,V1-V2,Illumina,AGAGTTTGATCMTGGCTCAG,TGCTGCCTCCCGTAGGAGT,OralCavity,Teeth,Left,Lower,LowerLeft,3,Buccal_Distal,,,,,,,,,,Healthy,,,Sample.140_S1_V1_LL3_Buccal
Sample.141.22141,,,EXP-22-BO2801,22141,ORL_UOB_2020,Birmingham_site_specific_sampling_study,,No,,30_06_2021,England,Birmingham,S1,,,,,,,,,,,,,None,None,None,1,Baseline,16S,Plaque,V1-V2,Illumina,AGAGTTTGATCMTGGCTCAG,TGCTGCCTCCCGTAGGAGT,OralCavity,Teeth,Left,Lower,LowerLeft,3,Buccal_Middle,,,,,,,,,,Healthy,,,Sample.141_S1_V1_LL3_Buccal
Sample.142.22142,,,EXP-22-BO2801,22142,ORL_UOB_2020,Birmingham_site_specific_sampling_study,,No,,30_06_2021,England,Birmingham,S1,,,,,,,,,,,,,None,None,None,1,Baseline,16S,Plaque,V1-V2,Illumina,AGAGTTTGATCMTGGCTCAG,TGCTGCCTCCCGTAGGAGT,OralCavity,Teeth,Left,Lower,LowerLeft,3,Buccal_Mesial,,,,,,,,,,Healthy,,,Sample.142_S1_V1_LL3_Buccal
Sample.143.22143,,,EXP-22-BO2801,22143,ORL_UOB_2020,Birmingham_site_specific_sampling_study,,No,,30_06_2021,England,Birmingham,S1,,,,,,,,,,,,,None,None,None,1,Baseline,16S,Plaque,V1-V2,Illumina,AGAGTTTGATCMTGGCTCAG,TGCTGCCTCCCGTAGGAGT,OralCavity,Teeth,Left,Lower,LowerLeft,3,Paletal_Distal,,,,,,,,,,Healthy,,,Sample.143_S1_V1_LL3_Paletal
Sample.144.22144,,,EXP-22-BO2801,22144,ORL_UOB_2020,Birmingham_site_specific_sampling_study,,No,,30_06_2021,England,Birmingham,S1,,,,,,,,,,,,,None,None,None,1,Baseline,16S,Plaque,V1-V2,Illumina,AGAGTTTGATCMTGGCTCAG,TGCTGCCTCCCGTAGGAGT,OralCavity,Teeth,Left,Lower,LowerLeft,3,Paletal_Middle,,,,,,,,,,Healthy,,,Sample.144_S1_V1_LL3_Paletal
Sample.145.22145,,,EXP-22-BO2801,22145,ORL_UOB_2020,Birmingham_site_specific_sampling_study,,No,,30_06_2021,England,Birmingham,S1,,,,,,,,,,,,,None,None,None,1,Baseline,16S,Plaque,V1-V2,Illumina,AGAGTTTGATCMTGGCTCAG,TGCTGCCTCCCGTAGGAGT,OralCavity,Teeth,Left,Lower,LowerLeft,3,Paletal_Mesial,,,,,,,,,,Healthy,,,Sample.145_S1_V1_LL3_Paletal
Sample.146.22146,,,EXP-22-BO2801,22146,ORL_UOB_2020,Birmingham_site_specific_sampling_study,,No,,30_06_2021,England,Birmingham,S1,,,,,,,,,,,,,None,None,None,1,Baseline,16S,Plaque,V1-V2,Illumina,AGAGTTTGATCMTGGCTCAG,TGCTGCCTCCCGTAGGAGT,OralCavity,Teeth,Left,Lower,LowerLeft,4,Buccal_Distal,,,,,,,,,,Healthy,,,Sample.146_S1_V1_LL4_Buccal
Sample.147.22147,,,EXP-22-BO2801,22147,ORL_UOB_2020,Birmingham_site_specific_sampling_study,,No,,30_06_2021,England,Birmingham,S1,,,,,,,,,,,,,None,None,None,1,Baseline,16S,Plaque,V1-V2,Illumina,AGAGTTTGATCMTGGCTCAG,TGCTGCCTCCCGTAGGAGT,OralCavity,Teeth,Left,Lower,LowerLeft,4,Buccal_Middle,,,,,,,,,,Healthy,,,Sample.147_S1_V1_LL4_Buccal
Sample.148.22148,,,EXP-22-BO2801,22148,ORL_UOB_2020,Birmingham_site_specific_sampling_study,,No,,30_06_2021,England,Birmingham,S1,,,,,,,,,,,,,None,None,None,1,Baseline,16S,Plaque,V1-V2,Illumina,AGAGTTTGATCMTGGCTCAG,TGCTGCCTCCCGTAGGAGT,OralCavity,Teeth,Left,Lower,LowerLeft,4,Buccal_Mesial,,,,,,,,,,Healthy,,,Sample.148_S1_V1_LL4_Buccal
Sample.149.22149,,,EXP-22-BO2801,22149,ORL_UOB_2020,Birmingham_site_specific_sampling_study,,No,,30_06_2021,England,Birmingham,S1,,,,,,,,,,,,,None,None,None,1,Baseline,16S,Plaque,V1-V2,Illumina,AGAGTTTGATCMTGGCTCAG,TGCTGCCTCCCGTAGGAGT,OralCavity,Teeth,Left,Lower,LowerLeft,4,Paletal_Distal,,,,,,,,,,Healthy,,,Sample.149_S1_V1_LL4_Paletal
Sample.150.22150,,,EXP-22-BO2801,22150,ORL_UOB_2020,Birmingham_site_specific_sampling_study,,No,,30_06_2021,England,Birmingham,S1,,,,,,,,,,,,,None,None,None,1,Baseline,16S,Plaque,V1-V2,Illumina,AGAGTTTGATCMTGGCTCAG,TGCTGCCTCCCGTAGGAGT,OralCavity,Teeth,Left,Lower,LowerLeft,4,Paletal_Middle,,,,,,,,,,Healthy,,,Sample.150_S1_V1_LL4_Paletal
Sample.151.22151,,,EXP-22-BO2801,22151,ORL_UOB_2020,Birmingham_site_specific_sampling_study,,No,,30_06_2021,England,Birmingham,S1,,,,,,,,,,,,,None,None,None,1,Baseline,16S,Plaque,V1-V2,Illumina,AGAGTTTGATCMTGGCTCAG,TGCTGCCTCCCGTAGGAGT,OralCavity,Teeth,Left,Lower,LowerLeft,4,Paletal_Mesial,,,,,,,,,,Healthy,,,Sample.151_S1_V1_LL4_Paletal
Sample.152.22152,,,EXP-22-BO2801,22152,ORL_UOB_2020,Birmingham_site_specific_sampling_study,,No,,30_06_2021,England,Birmingham,S1,,,,,,,,,,,,,None,None,None,1,Baseline,16S,Plaque,V1-V2,Illumina,AGAGTTTGATCMTGGCTCAG,TGCTGCCTCCCGTAGGAGT,OralCavity,Teeth,Left,Lower,LowerLeft,5,Buccal_Distal,,,,,,,,,,Healthy,,,Sample.152_S1_V1_LL5_Buccal
Sample.153.22153,,,EXP-22-BO2801,22153,ORL_UOB_2020,Birmingham_site_specific_sampling_study,,No,,30_06_2021,England,Birmingham,S1,,,,,,,,,,,,,None,None,None,1,Baseline,16S,Plaque,V1-V2,Illumina,AGAGTTTGATCMTGGCTCAG,TGCTGCCTCCCGTAGGAGT,OralCavity,Teeth,Left,Lower,LowerLeft,5,Buccal_Middle,,,,,,,,,,Healthy,,,Sample.153_S1_V1_LL5_Buccal
Sample.154.22154,,,EXP-22-BO2801,22154,ORL_UOB_2020,Birmingham_site_specific_sampling_study,,No,,30_06_2021,England,Birmingham,S1,,,,,,,,,,,,,None,None,None,1,Baseline,16S,Plaque,V1-V2,Illumina,AGAGTTTGATCMTGGCTCAG,TGCTGCCTCCCGTAGGAGT,OralCavity,Teeth,Left,Lower,LowerLeft,5,Buccal_Mesial,,,,,,,,,,Healthy,,,Sample.154_S1_V1_LL5_Buccal
Sample.155.22155,,,EXP-22-BO2801,22155,ORL_UOB_2020,Birmingham_site_specific_sampling_study,,No,,30_06_2021,England,Birmingham,S1,,,,,,,,,,,,,None,None,None,1,Baseline,16S,Plaque,V1-V2,Illumina,AGAGTTTGATCMTGGCTCAG,TGCTGCCTCCCGTAGGAGT,OralCavity,Teeth,Left,Lower,LowerLeft,5,Paletal_Distal,,,,,,,,,,Healthy,,,Sample.155_S1_V1_LL5_Paletal
Sample.156.22156,,,EXP-22-BO2801,22156,ORL_UOB_2020,Birmingham_site_specific_sampling_study,,No,,30_06_2021,England,Birmingham,S1,,,,,,,,,,,,,None,None,None,1,Baseline,16S,Plaque,V1-V2,Illumina,AGAGTTTGATCMTGGCTCAG,TGCTGCCTCCCGTAGGAGT,OralCavity,Teeth,Left,Lower,LowerLeft,5,Paletal_Middle,,,,,,,,,,Healthy,,,Sample.156_S1_V1_LL5_Paletal
Sample.157.22157,,,EXP-22-BO2801,22157,ORL_UOB_2020,Birmingham_site_specific_sampling_study,,No,,30_06_2021,England,Birmingham,S1,,,,,,,,,,,,,None,None,None,1,Baseline,16S,Plaque,V1-V2,Illumina,AGAGTTTGATCMTGGCTCAG,TGCTGCCTCCCGTAGGAGT,OralCavity,Teeth,Left,Lower,LowerLeft,5,Paletal_Mesial,,,,,,,,,,Healthy,,,Sample.157_S1_V1_LL5_Paletal
Sample.158.22158,,,EXP-22-BO2801,22158,ORL_UOB_2020,Birmingham_site_specific_sampling_study,,No,,30_06_2021,England,Birmingham,S1,,,,,,,,,,,,,None,None,None,1,Baseline,16S,Plaque,V1-V2,Illumina,AGAGTTTGATCMTGGCTCAG,TGCTGCCTCCCGTAGGAGT,OralCavity,Teeth,Left,Lower,LowerLeft,6,Buccal_Distal,,,,,,,,,,Healthy,,,Sample.158_S1_V1_LL6_Buccal
Sample.159.22159,,,EXP-22-BO2801,22159,ORL_UOB_2020,Birmingham_site_specific_sampling_study,,No,,30_06_2021,England,Birmingham,S1,,,,,,,,,,,,,None,None,None,1,Baseline,16S,Plaque,V1-V2,Illumina,AGAGTTTGATCMTGGCTCAG,TGCTGCCTCCCGTAGGAGT,OralCavity,Teeth,Left,Lower,LowerLeft,6,Buccal_Middle,,,,,,,,,,Healthy,,,Sample.159_S1_V1_LL6_Buccal
Sample.160.22160,,,EXP-22-BO2801,22160,ORL_UOB_2020,Birmingham_site_specific_sampling_study,,No,,30_06_2021,England,Birmingham,S1,,,,,,,,,,,,,None,None,None,1,Baseline,16S,Plaque,V1-V2,Illumina,AGAGTTTGATCMTGGCTCAG,TGCTGCCTCCCGTAGGAGT,OralCavity,Teeth,Left,Lower,LowerLeft,6,Buccal_Mesial,,,,,,,,,,Healthy,,,Sample.160_S1_V1_LL6_Buccal
Sample.161.22161,,,EXP-22-BO2801,22161,ORL_UOB_2020,Birmingham_site_specific_sampling_study,,No,,30_06_2021,England,Birmingham,S1,,,,,,,,,,,,,None,None,None,1,Baseline,16S,Plaque,V1-V2,Illumina,AGAGTTTGATCMTGGCTCAG,TGCTGCCTCCCGTAGGAGT,OralCavity,Teeth,Left,Lower,LowerLeft,6,Paletal_Distal,,,,,,,,,,Healthy,,,Sample.161_S1_V1_LL6_Paletal
Sample.162.22162,,,EXP-22-BO2801,22162,ORL_UOB_2020,Birmingham_site_specific_sampling_study,,No,,30_06_2021,England,Birmingham,S1,,,,,,,,,,,,,None,None,None,1,Baseline,16S,Plaque,V1-V2,Illumina,AGAGTTTGATCMTGGCTCAG,TGCTGCCTCCCGTAGGAGT,OralCavity,Teeth,Left,Lower,LowerLeft,6,Paletal_Middle,,,,,,,,,,Healthy,,,Sample.162_S1_V1_LL6_Paletal
Sample.163.22163,,,EXP-22-BO2801,22163,ORL_UOB_2020,Birmingham_site_specific_sampling_study,,No,,30_06_2021,England,Birmingham,S1,,,,,,,,,,,,,None,None,None,1,Baseline,16S,Plaque,V1-V2,Illumina,AGAGTTTGATCMTGGCTCAG,TGCTGCCTCCCGTAGGAGT,OralCavity,Teeth,Left,Lower,LowerLeft,6,Paletal_Mesial,,,,,,,,,,Healthy,,,Sample.163_S1_V1_LL6_Paletal
Sample.164.22164,,,EXP-22-BO2801,22164,ORL_UOB_2020,Birmingham_site_specific_sampling_study,,No,,30_06_2021,England,Birmingham,S1,,,,,,,,,,,,,None,None,None,1,Baseline,16S,Plaque,V1-V2,Illumina,AGAGTTTGATCMTGGCTCAG,TGCTGCCTCCCGTAGGAGT,OralCavity,Teeth,Left,Lower,LowerLeft,7,Buccal_Distal,,,,,,,,,,Healthy,,,Sample.164_S1_V1_LL7_Buccal
Sample.165.22165,,,EXP-22-BO2801,22165,ORL_UOB_2020,Birmingham_site_specific_sampling_study,,No,,30_06_2021,England,Birmingham,S1,,,,,,,,,,,,,None,None,None,1,Baseline,16S,Plaque,V1-V2,Illumina,AGAGTTTGATCMTGGCTCAG,TGCTGCCTCCCGTAGGAGT,OralCavity,Teeth,Left,Lower,LowerLeft,7,Buccal_Middle,,,,,,,,,,Healthy,,,Sample.165_S1_V1_LL7_Buccal
Sample.166.22166,,,EXP-22-BO2801,22166,ORL_UOB_2020,Birmingham_site_specific_sampling_study,,No,,30_06_2021,England,Birmingham,S1,,,,,,,,,,,,,None,None,None,1,Baseline,16S,Plaque,V1-V2,Illumina,AGAGTTTGATCMTGGCTCAG,TGCTGCCTCCCGTAGGAGT,OralCavity,Teeth,Left,Lower,LowerLeft,7,Buccal_Mesial,,,,,,,,,,Healthy,,,Sample.166_S1_V1_LL7_Buccal
Sample.167.22167,,,EXP-22-BO2801,22167,ORL_UOB_2020,Birmingham_site_specific_sampling_study,,No,,30_06_2021,England,Birmingham,S1,,,,,,,,,,,,,None,None,None,1,Baseline,16S,Plaque,V1-V2,Illumina,AGAGTTTGATCMTGGCTCAG,TGCTGCCTCCCGTAGGAGT,OralCavity,Teeth,Left,Lower,LowerLeft,7,Paletal_Distal,,,,,,,,,,Healthy,,,Sample.167_S1_V1_LL7_Paletal
Sample.168.22168,,,EXP-22-BO2801,22168,ORL_UOB_2020,Birmingham_site_specific_sampling_study,,No,,30_06_2021,England,Birmingham,S1,,,,,,,,,,,,,None,None,None,1,Baseline,16S,Plaque,V1-V2,Illumina,AGAGTTTGATCMTGGCTCAG,TGCTGCCTCCCGTAGGAGT,OralCavity,Teeth,Left,Lower,LowerLeft,7,Paletal_Middle,,,,,,,,,,Healthy,,,Sample.168_S1_V1_LL7_Paletal
Sample.169.22169,,,EXP-22-BO2801,22169,ORL_UOB_2020,Birmingham_site_specific_sampling_study,,No,,30_06_2021,England,Birmingham,S1,,,,,,,,,,,,,None,None,None,1,Baseline,16S,Plaque,V1-V2,Illumina,AGAGTTTGATCMTGGCTCAG,TGCTGCCTCCCGTAGGAGT,OralCavity,Teeth,Left,Lower,LowerLeft,7,Paletal_Mesial,,,,,,,,,,Healthy,,,Sample.169_S1_V1_LL7_Paletal
Sample.170.22170,,,EXP-22-BO2801,22170,ORL_UOB_2020,Birmingham_site_specific_sampling_study,,Yes,NegativeControl,30_06_2021,England,Birmingham,S1,NA,NA,NA,NA,NA,NA,NA,NA,NA,NA,NA,NA,NA,NA,NA,NA,NA,16S,NA,V1-V2,Illumina,AGAGTTTGATCMTGGCTCAG,TGCTGCCTCCCGTAGGAGT,NA,NA,NA,NA,NA,NA,NA,NA,,,,,,,,,NA,,,Sample.170_NC_NC_NC_NC
Sample.171.22171,,,EXP-22-BO2801,22171,ORL_UOB_2020,Birmingham_site_specific_sampling_study,,No,,29_09_2021,England,Birmingham,S1,,,,,,,,,,,,,None,None,None,2,Follow_up,16S,Plaque,V1-V2,Illumina,AGAGTTTGATCMTGGCTCAG,TGCTGCCTCCCGTAGGAGT,OralCavity,Teeth,Right,Upper,UpperRight,7,Buccal_Distal,,,,,,,,,,Healthy,,,Sample.171_S1_V2_UR7_Buccal
Sample.172.22172,,,EXP-22-BO2801,22172,ORL_UOB_2020,Birmingham_site_specific_sampling_study,,No,,29_09_2021,England,Birmingham,S1,,,,,,,,,,,,,None,None,None,2,Follow_up,16S,Plaque,V1-V2,Illumina,AGAGTTTGATCMTGGCTCAG,TGCTGCCTCCCGTAGGAGT,OralCavity,Teeth,Right,Upper,UpperRight,7,Buccal_Middle,,,,,,,,,,Healthy,,,Sample.172_S1_V2_UR7_Buccal
Sample.173.22173,,,EXP-22-BO2801,22173,ORL_UOB_2020,Birmingham_site_specific_sampling_study,,No,,29_09_2021,England,Birmingham,S1,,,,,,,,,,,,,None,None,None,2,Follow_up,16S,Plaque,V1-V2,Illumina,AGAGTTTGATCMTGGCTCAG,TGCTGCCTCCCGTAGGAGT,OralCavity,Teeth,Right,Upper,UpperRight,7,Buccal_Mesial,,,,,,,,,,Healthy,,,Sample.173_S1_V2_UR7_Buccal
Sample.174.22174,,,EXP-22-BO2801,22174,ORL_UOB_2020,Birmingham_site_specific_sampling_study,,No,,29_09_2021,England,Birmingham,S1,,,,,,,,,,,,,None,None,None,2,Follow_up,16S,Plaque,V1-V2,Illumina,AGAGTTTGATCMTGGCTCAG,TGCTGCCTCCCGTAGGAGT,OralCavity,Teeth,Right,Upper,UpperRight,7,Paletal_Distal,,,,,,,,,,Healthy,,,Sample.174_S1_V2_UR7_Paletal
Sample.175.22175,,,EXP-22-BO2801,22175,ORL_UOB_2020,Birmingham_site_specific_sampling_study,,No,,29_09_2021,England,Birmingham,S1,,,,,,,,,,,,,None,None,None,2,Follow_up,16S,Plaque,V1-V2,Illumina,AGAGTTTGATCMTGGCTCAG,TGCTGCCTCCCGTAGGAGT,OralCavity,Teeth,Right,Upper,UpperRight,7,Paletal_Middle,,,,,,,,,,Healthy,,,Sample.175_S1_V2_UR7_Paletal
Sample.176.22176,,,EXP-22-BO2801,22176,ORL_UOB_2020,Birmingham_site_specific_sampling_study,,No,,29_09_2021,England,Birmingham,S1,,,,,,,,,,,,,None,None,None,2,Follow_up,16S,Plaque,V1-V2,Illumina,AGAGTTTGATCMTGGCTCAG,TGCTGCCTCCCGTAGGAGT,OralCavity,Teeth,Right,Upper,UpperRight,7,Paletal_Mesial,,,,,,,,,,Healthy,,,Sample.176_S1_V2_UR7_Paletal
Sample.177.22177,,,EXP-22-BO2801,22177,ORL_UOB_2020,Birmingham_site_specific_sampling_study,,No,,29_09_2021,England,Birmingham,S1,,,,,,,,,,,,,None,None,None,2,Follow_up,16S,Plaque,V1-V2,Illumina,AGAGTTTGATCMTGGCTCAG,TGCTGCCTCCCGTAGGAGT,OralCavity,Teeth,Right,Upper,UpperRight,6,Buccal_Distal,,,,,,,,,,Healthy,,,Sample.177_S1_V2_UR6_Buccal
Sample.178.22178,,,EXP-22-BO2801,22178,ORL_UOB_2020,Birmingham_site_specific_sampling_study,,No,,29_09_2021,England,Birmingham,S1,,,,,,,,,,,,,None,None,None,2,Follow_up,16S,Plaque,V1-V2,Illumina,AGAGTTTGATCMTGGCTCAG,TGCTGCCTCCCGTAGGAGT,OralCavity,Teeth,Right,Upper,UpperRight,6,Buccal_Middle,,,,,,,,,,Healthy,,,Sample.178_S1_V2_UR6_Buccal
Sample.179.22179,,,EXP-22-BO2801,22179,ORL_UOB_2020,Birmingham_site_specific_sampling_study,,No,,29_09_2021,England,Birmingham,S1,,,,,,,,,,,,,None,None,None,2,Follow_up,16S,Plaque,V1-V2,Illumina,AGAGTTTGATCMTGGCTCAG,TGCTGCCTCCCGTAGGAGT,OralCavity,Teeth,Right,Upper,UpperRight,6,Buccal_Mesial,,,,,,,,,,Healthy,,,Sample.179_S1_V2_UR6_Buccal
Sample.180.22180,,,EXP-22-BO2801,22180,ORL_UOB_2020,Birmingham_site_specific_sampling_study,,No,,29_09_2021,England,Birmingham,S1,,,,,,,,,,,,,None,None,None,2,Follow_up,16S,Plaque,V1-V2,Illumina,AGAGTTTGATCMTGGCTCAG,TGCTGCCTCCCGTAGGAGT,OralCavity,Teeth,Right,Upper,UpperRight,6,Paletal_Distal,,,,,,,,,,Healthy,,,Sample.180_S1_V2_UR6_Paletal
Sample.181.22181,,,EXP-22-BO2801,22181,ORL_UOB_2020,Birmingham_site_specific_sampling_study,,No,,29_09_2021,England,Birmingham,S1,,,,,,,,,,,,,None,None,None,2,Follow_up,16S,Plaque,V1-V2,Illumina,AGAGTTTGATCMTGGCTCAG,TGCTGCCTCCCGTAGGAGT,OralCavity,Teeth,Right,Upper,UpperRight,6,Paletal_Middle,,,,,,,,,,Healthy,,,Sample.181_S1_V2_UR6_Paletal
Sample.182.22182,,,EXP-22-BO2801,22182,ORL_UOB_2020,Birmingham_site_specific_sampling_study,,No,,29_09_2021,England,Birmingham,S1,,,,,,,,,,,,,None,None,None,2,Follow_up,16S,Plaque,V1-V2,Illumina,AGAGTTTGATCMTGGCTCAG,TGCTGCCTCCCGTAGGAGT,OralCavity,Teeth,Right,Upper,UpperRight,6,Paletal_Mesial,,,,,,,,,,Healthy,,,Sample.182_S1_V2_UR6_Paletal
Sample.183.22183,,,EXP-22-BO2801,22183,ORL_UOB_2020,Birmingham_site_specific_sampling_study,,No,,29_09_2021,England,Birmingham,S1,,,,,,,,,,,,,None,None,None,2,Follow_up,16S,Plaque,V1-V2,Illumina,AGAGTTTGATCMTGGCTCAG,TGCTGCCTCCCGTAGGAGT,OralCavity,Teeth,Right,Upper,UpperRight,5,Buccal_Distal,,,,,,,,,,Healthy,,,Sample.183_S1_V2_UR5_Buccal
Sample.184.22184,,,EXP-22-BO2801,22184,ORL_UOB_2020,Birmingham_site_specific_sampling_study,,No,,29_09_2021,England,Birmingham,S1,,,,,,,,,,,,,None,None,None,2,Follow_up,16S,Plaque,V1-V2,Illumina,AGAGTTTGATCMTGGCTCAG,TGCTGCCTCCCGTAGGAGT,OralCavity,Teeth,Right,Upper,UpperRight,5,Buccal_Middle,,,,,,,,,,Healthy,,,Sample.184_S1_V2_UR5_Buccal
Sample.185.22185,,,EXP-22-BO2801,22185,ORL_UOB_2020,Birmingham_site_specific_sampling_study,,No,,29_09_2021,England,Birmingham,S1,,,,,,,,,,,,,None,None,None,2,Follow_up,16S,Plaque,V1-V2,Illumina,AGAGTTTGATCMTGGCTCAG,TGCTGCCTCCCGTAGGAGT,OralCavity,Teeth,Right,Upper,UpperRight,5,Buccal_Mesial,,,,,,,,,,Healthy,,,Sample.185_S1_V2_UR5_Buccal
Sample.186.22186,,,EXP-22-BO2801,22186,ORL_UOB_2020,Birmingham_site_specific_sampling_study,,No,,29_09_2021,England,Birmingham,S1,,,,,,,,,,,,,None,None,None,2,Follow_up,16S,Plaque,V1-V2,Illumina,AGAGTTTGATCMTGGCTCAG,TGCTGCCTCCCGTAGGAGT,OralCavity,Teeth,Right,Upper,UpperRight,5,Paletal_Distal,,,,,,,,,,Healthy,,,Sample.186_S1_V2_UR5_Paletal
Sample.187.22187,,,EXP-22-BO2801,22187,ORL_UOB_2020,Birmingham_site_specific_sampling_study,,No,,29_09_2021,England,Birmingham,S1,,,,,,,,,,,,,None,None,None,2,Follow_up,16S,Plaque,V1-V2,Illumina,AGAGTTTGATCMTGGCTCAG,TGCTGCCTCCCGTAGGAGT,OralCavity,Teeth,Right,Upper,UpperRight,5,Paletal_Middle,,,,,,,,,,Healthy,,,Sample.187_S1_V2_UR5_Paletal
Sample.188.22188,,,EXP-22-BO2801,22188,ORL_UOB_2020,Birmingham_site_specific_sampling_study,,No,,29_09_2021,England,Birmingham,S1,,,,,,,,,,,,,None,None,None,2,Follow_up,16S,Plaque,V1-V2,Illumina,AGAGTTTGATCMTGGCTCAG,TGCTGCCTCCCGTAGGAGT,OralCavity,Teeth,Right,Upper,UpperRight,5,Paletal_Mesial,,,,,,,,,,Healthy,,,Sample.188_S1_V2_UR5_Paletal
Sample.189.22189,,,EXP-22-BO2801,22189,ORL_UOB_2020,Birmingham_site_specific_sampling_study,,No,,29_09_2021,England,Birmingham,S1,,,,,,,,,,,,,None,None,None,2,Follow_up,16S,Plaque,V1-V2,Illumina,AGAGTTTGATCMTGGCTCAG,TGCTGCCTCCCGTAGGAGT,OralCavity,Teeth,Right,Upper,UpperRight,4,Buccal_Distal,,,,,,,,,,Healthy,,,Sample.189_S1_V2_UR4_Buccal
Sample.190.22190,,,EXP-22-BO2801,22190,ORL_UOB_2020,Birmingham_site_specific_sampling_study,,No,,29_09_2021,England,Birmingham,S1,,,,,,,,,,,,,None,None,None,2,Follow_up,16S,Plaque,V1-V2,Illumina,AGAGTTTGATCMTGGCTCAG,TGCTGCCTCCCGTAGGAGT,OralCavity,Teeth,Right,Upper,UpperRight,4,Buccal_Middle,,,,,,,,,,Healthy,,,Sample.190_S1_V2_UR4_Buccal
Sample.191.22191,,,EXP-22-BO2801,22191,ORL_UOB_2020,Birmingham_site_specific_sampling_study,,No,,29_09_2021,England,Birmingham,S1,,,,,,,,,,,,,None,None,None,2,Follow_up,16S,Plaque,V1-V2,Illumina,AGAGTTTGATCMTGGCTCAG,TGCTGCCTCCCGTAGGAGT,OralCavity,Teeth,Right,Upper,UpperRight,4,Buccal_Mesial,,,,,,,,,,Healthy,,,Sample.191_S1_V2_UR4_Buccal
Sample.192.22192,,,EXP-22-BO2801,22192,ORL_UOB_2020,Birmingham_site_specific_sampling_study,,No,,29_09_2021,England,Birmingham,S1,,,,,,,,,,,,,None,None,None,2,Follow_up,16S,Plaque,V1-V2,Illumina,AGAGTTTGATCMTGGCTCAG,TGCTGCCTCCCGTAGGAGT,OralCavity,Teeth,Right,Upper,UpperRight,4,Paletal_Distal,,,,,,,,,,Healthy,,,Sample.192_S1_V2_UR4_Paletal
Sample.193.22193,,,EXP-22-BO2801,22193,ORL_UOB_2020,Birmingham_site_specific_sampling_study,,No,,29_09_2021,England,Birmingham,S1,,,,,,,,,,,,,None,None,None,2,Follow_up,16S,Plaque,V1-V2,Illumina,AGAGTTTGATCMTGGCTCAG,TGCTGCCTCCCGTAGGAGT,OralCavity,Teeth,Right,Upper,UpperRight,4,Paletal_Middle,,,,,,,,,,Healthy,,,Sample.193_S1_V2_UR4_Paletal
Sample.194.22194,,,EXP-22-BO2801,22194,ORL_UOB_2020,Birmingham_site_specific_sampling_study,,No,,29_09_2021,England,Birmingham,S1,,,,,,,,,,,,,None,None,None,2,Follow_up,16S,Plaque,V1-V2,Illumina,AGAGTTTGATCMTGGCTCAG,TGCTGCCTCCCGTAGGAGT,OralCavity,Teeth,Right,Upper,UpperRight,4,Paletal_Mesial,,,,,,,,,,Healthy,,,Sample.194_S1_V2_UR4_Paletal
Sample.195.22195,,,EXP-22-BO2801,22195,ORL_UOB_2020,Birmingham_site_specific_sampling_study,,No,,29_09_2021,England,Birmingham,S1,,,,,,,,,,,,,None,None,None,2,Follow_up,16S,Plaque,V1-V2,Illumina,AGAGTTTGATCMTGGCTCAG,TGCTGCCTCCCGTAGGAGT,OralCavity,Teeth,Right,Upper,UpperRight,3,Buccal_Distal,,,,,,,,,,Healthy,,,Sample.195_S1_V2_UR3_Buccal
Sample.196.22196,,,EXP-22-BO2801,22196,ORL_UOB_2020,Birmingham_site_specific_sampling_study,,No,,29_09_2021,England,Birmingham,S1,,,,,,,,,,,,,None,None,None,2,Follow_up,16S,Plaque,V1-V2,Illumina,AGAGTTTGATCMTGGCTCAG,TGCTGCCTCCCGTAGGAGT,OralCavity,Teeth,Right,Upper,UpperRight,3,Buccal_Middle,,,,,,,,,,Healthy,,,Sample.196_S1_V2_UR3_Buccal
Sample.197.22197,,,EXP-22-BO2801,22197,ORL_UOB_2020,Birmingham_site_specific_sampling_study,,No,,29_09_2021,England,Birmingham,S1,,,,,,,,,,,,,None,None,None,2,Follow_up,16S,Plaque,V1-V2,Illumina,AGAGTTTGATCMTGGCTCAG,TGCTGCCTCCCGTAGGAGT,OralCavity,Teeth,Right,Upper,UpperRight,3,Buccal_Mesial,,,,,,,,,,Healthy,,,Sample.197_S1_V2_UR3_Buccal
Sample.198.22198,,,EXP-22-BO2801,22198,ORL_UOB_2020,Birmingham_site_specific_sampling_study,,No,,29_09_2021,England,Birmingham,S1,,,,,,,,,,,,,None,None,None,2,Follow_up,16S,Plaque,V1-V2,Illumina,AGAGTTTGATCMTGGCTCAG,TGCTGCCTCCCGTAGGAGT,OralCavity,Teeth,Right,Upper,UpperRight,3,Paletal_Distal,,,,,,,,,,Healthy,,,Sample.198_S1_V2_UR3_Paletal
Sample.199.22199,,,EXP-22-BO2801,22199,ORL_UOB_2020,Birmingham_site_specific_sampling_study,,No,,29_09_2021,England,Birmingham,S1,,,,,,,,,,,,,None,None,None,2,Follow_up,16S,Plaque,V1-V2,Illumina,AGAGTTTGATCMTGGCTCAG,TGCTGCCTCCCGTAGGAGT,OralCavity,Teeth,Right,Upper,UpperRight,3,Paletal_Middle,,,,,,,,,,Healthy,,,Sample.199_S1_V2_UR3_Paletal
Sample.200.22200,,,EXP-22-BO2801,22200,ORL_UOB_2020,Birmingham_site_specific_sampling_study,,No,,29_09_2021,England,Birmingham,S1,,,,,,,,,,,,,None,None,None,2,Follow_up,16S,Plaque,V1-V2,Illumina,AGAGTTTGATCMTGGCTCAG,TGCTGCCTCCCGTAGGAGT,OralCavity,Teeth,Right,Upper,UpperRight,3,Paletal_Mesial,,,,,,,,,,Healthy,,,Sample.200_S1_V2_UR3_Paletal
Sample.201.22201,,,EXP-22-BO2801,22201,ORL_UOB_2020,Birmingham_site_specific_sampling_study,,No,,29_09_2021,England,Birmingham,S1,,,,,,,,,,,,,None,None,None,2,Follow_up,16S,Plaque,V1-V2,Illumina,AGAGTTTGATCMTGGCTCAG,TGCTGCCTCCCGTAGGAGT,OralCavity,Teeth,Right,Upper,UpperRight,2,Buccal_Distal,,,,,,,,,,Healthy,,,Sample.201_S1_V2_UR2_Buccal
Sample.202.22202,,,EXP-22-BO2801,22202,ORL_UOB_2020,Birmingham_site_specific_sampling_study,,No,,29_09_2021,England,Birmingham,S1,,,,,,,,,,,,,None,None,None,2,Follow_up,16S,Plaque,V1-V2,Illumina,AGAGTTTGATCMTGGCTCAG,TGCTGCCTCCCGTAGGAGT,OralCavity,Teeth,Right,Upper,UpperRight,2,Buccal_Middle,,,,,,,,,,Healthy,,,Sample.202_S1_V2_UR2_Buccal
Sample.203.22203,,,EXP-22-BO2801,22203,ORL_UOB_2020,Birmingham_site_specific_sampling_study,,No,,29_09_2021,England,Birmingham,S1,,,,,,,,,,,,,None,None,None,2,Follow_up,16S,Plaque,V1-V2,Illumina,AGAGTTTGATCMTGGCTCAG,TGCTGCCTCCCGTAGGAGT,OralCavity,Teeth,Right,Upper,UpperRight,2,Buccal_Mesial,,,,,,,,,,Healthy,,,Sample.203_S1_V2_UR2_Buccal
Sample.204.22204,,,EXP-22-BO2801,22204,ORL_UOB_2020,Birmingham_site_specific_sampling_study,,No,,29_09_2021,England,Birmingham,S1,,,,,,,,,,,,,None,None,None,2,Follow_up,16S,Plaque,V1-V2,Illumina,AGAGTTTGATCMTGGCTCAG,TGCTGCCTCCCGTAGGAGT,OralCavity,Teeth,Right,Upper,UpperRight,2,Paletal_Distal,,,,,,,,,,Healthy,,,Sample.204_S1_V2_UR2_Paletal
Sample.205.22205,,,EXP-22-BO2801,22205,ORL_UOB_2020,Birmingham_site_specific_sampling_study,,No,,29_09_2021,England,Birmingham,S1,,,,,,,,,,,,,None,None,None,2,Follow_up,16S,Plaque,V1-V2,Illumina,AGAGTTTGATCMTGGCTCAG,TGCTGCCTCCCGTAGGAGT,OralCavity,Teeth,Right,Upper,UpperRight,2,Paletal_Middle,,,,,,,,,,Healthy,,,Sample.205_S1_V2_UR2_Paletal
Sample.206.22206,,,EXP-22-BO2801,22206,ORL_UOB_2020,Birmingham_site_specific_sampling_study,,No,,29_09_2021,England,Birmingham,S1,,,,,,,,,,,,,None,None,None,2,Follow_up,16S,Plaque,V1-V2,Illumina,AGAGTTTGATCMTGGCTCAG,TGCTGCCTCCCGTAGGAGT,OralCavity,Teeth,Right,Upper,UpperRight,2,Paletal_Mesial,,,,,,,,,,Healthy,,,Sample.206_S1_V2_UR2_Paletal
Sample.207.22207,,,EXP-22-BO2801,22207,ORL_UOB_2020,Birmingham_site_specific_sampling_study,,No,,29_09_2021,England,Birmingham,S1,,,,,,,,,,,,,None,None,None,2,Follow_up,16S,Plaque,V1-V2,Illumina,AGAGTTTGATCMTGGCTCAG,TGCTGCCTCCCGTAGGAGT,OralCavity,Teeth,Right,Upper,UpperRight,1,Buccal_Distal,,,,,,,,,,Healthy,,,Sample.207_S1_V2_UR1_Buccal
Sample.208.22208,,,EXP-22-BO2801,22208,ORL_UOB_2020,Birmingham_site_specific_sampling_study,,No,,29_09_2021,England,Birmingham,S1,,,,,,,,,,,,,None,None,None,2,Follow_up,16S,Plaque,V1-V2,Illumina,AGAGTTTGATCMTGGCTCAG,TGCTGCCTCCCGTAGGAGT,OralCavity,Teeth,Right,Upper,UpperRight,1,Buccal_Middle,,,,,,,,,,Healthy,,,Sample.208_S1_V2_UR1_Buccal
Sample.209.22209,,,EXP-22-BO2801,22209,ORL_UOB_2020,Birmingham_site_specific_sampling_study,,No,,29_09_2021,England,Birmingham,S1,,,,,,,,,,,,,None,None,None,2,Follow_up,16S,Plaque,V1-V2,Illumina,AGAGTTTGATCMTGGCTCAG,TGCTGCCTCCCGTAGGAGT,OralCavity,Teeth,Right,Upper,UpperRight,1,Buccal_Mesial,,,,,,,,,,Healthy,,,Sample.209_S1_V2_UR1_Buccal
Sample.210.22210,,,EXP-22-BO2801,22210,ORL_UOB_2020,Birmingham_site_specific_sampling_study,,No,,29_09_2021,England,Birmingham,S1,,,,,,,,,,,,,None,None,None,2,Follow_up,16S,Plaque,V1-V2,Illumina,AGAGTTTGATCMTGGCTCAG,TGCTGCCTCCCGTAGGAGT,OralCavity,Teeth,Right,Upper,UpperRight,1,Paletal_Distal,,,,,,,,,,Healthy,,,Sample.210_S1_V2_UR1_Paletal
Sample.211.22211,,,EXP-22-BO2801,22211,ORL_UOB_2020,Birmingham_site_specific_sampling_study,,No,,29_09_2021,England,Birmingham,S1,,,,,,,,,,,,,None,None,None,2,Follow_up,16S,Plaque,V1-V2,Illumina,AGAGTTTGATCMTGGCTCAG,TGCTGCCTCCCGTAGGAGT,OralCavity,Teeth,Right,Upper,UpperRight,1,Paletal_Middle,,,,,,,,,,Healthy,,,Sample.211_S1_V2_UR1_Paletal
Sample.212.22212,,,EXP-22-BO2801,22212,ORL_UOB_2020,Birmingham_site_specific_sampling_study,,No,,29_09_2021,England,Birmingham,S1,,,,,,,,,,,,,None,None,None,2,Follow_up,16S,Plaque,V1-V2,Illumina,AGAGTTTGATCMTGGCTCAG,TGCTGCCTCCCGTAGGAGT,OralCavity,Teeth,Right,Upper,UpperRight,1,Paletal_Mesial,,,,,,,,,,Healthy,,,Sample.212_S1_V2_UR1_Paletal
Sample.213.22213,,,EXP-22-BO2801,22213,ORL_UOB_2020,Birmingham_site_specific_sampling_study,,No,,29_09_2021,England,Birmingham,S1,,,,,,,,,,,,,None,None,None,2,Follow_up,16S,Plaque,V1-V2,Illumina,AGAGTTTGATCMTGGCTCAG,TGCTGCCTCCCGTAGGAGT,OralCavity,Teeth,Left,Upper,UpperLeft,1,Buccal_Distal,,,,,,,,,,Healthy,,,Sample.213_S1_V2_UL1_Buccal
Sample.214.22214,,,EXP-22-BO2801,22214,ORL_UOB_2020,Birmingham_site_specific_sampling_study,,No,,29_09_2021,England,Birmingham,S1,,,,,,,,,,,,,None,None,None,2,Follow_up,16S,Plaque,V1-V2,Illumina,AGAGTTTGATCMTGGCTCAG,TGCTGCCTCCCGTAGGAGT,OralCavity,Teeth,Left,Upper,UpperLeft,1,Buccal_Middle,,,,,,,,,,Healthy,,,Sample.214_S1_V2_UL1_Buccal
Sample.215.22215,,,EXP-22-BO2801,22215,ORL_UOB_2020,Birmingham_site_specific_sampling_study,,No,,29_09_2021,England,Birmingham,S1,,,,,,,,,,,,,None,None,None,2,Follow_up,16S,Plaque,V1-V2,Illumina,AGAGTTTGATCMTGGCTCAG,TGCTGCCTCCCGTAGGAGT,OralCavity,Teeth,Left,Upper,UpperLeft,1,Buccal_Mesial,,,,,,,,,,Healthy,,,Sample.215_S1_V2_UL1_Buccal
Sample.216.22216,,,EXP-22-BO2801,22216,ORL_UOB_2020,Birmingham_site_specific_sampling_study,,No,,29_09_2021,England,Birmingham,S1,,,,,,,,,,,,,None,None,None,2,Follow_up,16S,Plaque,V1-V2,Illumina,AGAGTTTGATCMTGGCTCAG,TGCTGCCTCCCGTAGGAGT,OralCavity,Teeth,Left,Upper,UpperLeft,1,Paletal_Distal,,,,,,,,,,Healthy,,,Sample.216_S1_V2_UL1_Paletal
Sample.217.22217,,,EXP-22-BO2801,22217,ORL_UOB_2020,Birmingham_site_specific_sampling_study,,No,,29_09_2021,England,Birmingham,S1,,,,,,,,,,,,,None,None,None,2,Follow_up,16S,Plaque,V1-V2,Illumina,AGAGTTTGATCMTGGCTCAG,TGCTGCCTCCCGTAGGAGT,OralCavity,Teeth,Left,Upper,UpperLeft,1,Paletal_Middle,,,,,,,,,,Healthy,,,Sample.217_S1_V2_UL1_Paletal
Sample.218.22218,,,EXP-22-BO2801,22218,ORL_UOB_2020,Birmingham_site_specific_sampling_study,,No,,29_09_2021,England,Birmingham,S1,,,,,,,,,,,,,None,None,None,2,Follow_up,16S,Plaque,V1-V2,Illumina,AGAGTTTGATCMTGGCTCAG,TGCTGCCTCCCGTAGGAGT,OralCavity,Teeth,Left,Upper,UpperLeft,1,Paletal_Mesial,,,,,,,,,,Healthy,,,Sample.218_S1_V2_UL1_Paletal
Sample.219.22219,,,EXP-22-BO2801,22219,ORL_UOB_2020,Birmingham_site_specific_sampling_study,,No,,29_09_2021,England,Birmingham,S1,,,,,,,,,,,,,None,None,None,2,Follow_up,16S,Plaque,V1-V2,Illumina,AGAGTTTGATCMTGGCTCAG,TGCTGCCTCCCGTAGGAGT,OralCavity,Teeth,Left,Upper,UpperLeft,2,Buccal_Distal,,,,,,,,,,Healthy,,,Sample.219_S1_V2_UL2_Buccal
Sample.220.22220,,,EXP-22-BO2801,22220,ORL_UOB_2020,Birmingham_site_specific_sampling_study,,No,,29_09_2021,England,Birmingham,S1,,,,,,,,,,,,,None,None,None,2,Follow_up,16S,Plaque,V1-V2,Illumina,AGAGTTTGATCMTGGCTCAG,TGCTGCCTCCCGTAGGAGT,OralCavity,Teeth,Left,Upper,UpperLeft,2,Buccal_Middle,,,,,,,,,,Healthy,,,Sample.220_S1_V2_UL2_Buccal
Sample.221.22221,,,EXP-22-BO2801,22221,ORL_UOB_2020,Birmingham_site_specific_sampling_study,,No,,29_09_2021,England,Birmingham,S1,,,,,,,,,,,,,None,None,None,2,Follow_up,16S,Plaque,V1-V2,Illumina,AGAGTTTGATCMTGGCTCAG,TGCTGCCTCCCGTAGGAGT,OralCavity,Teeth,Left,Upper,UpperLeft,2,Buccal_Mesial,,,,,,,,,,Healthy,,,Sample.221_S1_V2_UL2_Buccal
Sample.222.22222,,,EXP-22-BO2801,22222,ORL_UOB_2020,Birmingham_site_specific_sampling_study,,No,,29_09_2021,England,Birmingham,S1,,,,,,,,,,,,,None,None,None,2,Follow_up,16S,Plaque,V1-V2,Illumina,AGAGTTTGATCMTGGCTCAG,TGCTGCCTCCCGTAGGAGT,OralCavity,Teeth,Left,Upper,UpperLeft,2,Paletal_Distal,,,,,,,,,,Healthy,,,Sample.222_S1_V2_UL2_Paletal
Sample.223.22223,,,EXP-22-BO2801,22223,ORL_UOB_2020,Birmingham_site_specific_sampling_study,,No,,29_09_2021,England,Birmingham,S1,,,,,,,,,,,,,None,None,None,2,Follow_up,16S,Plaque,V1-V2,Illumina,AGAGTTTGATCMTGGCTCAG,TGCTGCCTCCCGTAGGAGT,OralCavity,Teeth,Left,Upper,UpperLeft,2,Paletal_Middle,,,,,,,,,,Healthy,,,Sample.223_S1_V2_UL2_Paletal
Sample.224.22224,,,EXP-22-BO2801,22224,ORL_UOB_2020,Birmingham_site_specific_sampling_study,,No,,29_09_2021,England,Birmingham,S1,,,,,,,,,,,,,None,None,None,2,Follow_up,16S,Plaque,V1-V2,Illumina,AGAGTTTGATCMTGGCTCAG,TGCTGCCTCCCGTAGGAGT,OralCavity,Teeth,Left,Upper,UpperLeft,2,Paletal_Mesial,,,,,,,,,,Healthy,,,Sample.224_S1_V2_UL2_Paletal
Sample.225.22225,,,EXP-22-BO2801,22225,ORL_UOB_2020,Birmingham_site_specific_sampling_study,,No,,29_09_2021,England,Birmingham,S1,,,,,,,,,,,,,None,None,None,2,Follow_up,16S,Plaque,V1-V2,Illumina,AGAGTTTGATCMTGGCTCAG,TGCTGCCTCCCGTAGGAGT,OralCavity,Teeth,Left,Upper,UpperLeft,3,Buccal_Distal,,,,,,,,,,Healthy,,,Sample.225_S1_V2_UL3_Buccal
Sample.226.22226,,,EXP-22-BO2801,22226,ORL_UOB_2020,Birmingham_site_specific_sampling_study,,No,,29_09_2021,England,Birmingham,S1,,,,,,,,,,,,,None,None,None,2,Follow_up,16S,Plaque,V1-V2,Illumina,AGAGTTTGATCMTGGCTCAG,TGCTGCCTCCCGTAGGAGT,OralCavity,Teeth,Left,Upper,UpperLeft,3,Buccal_Middle,,,,,,,,,,Healthy,,,Sample.226_S1_V2_UL3_Buccal
Sample.227.22227,,,EXP-22-BO2801,22227,ORL_UOB_2020,Birmingham_site_specific_sampling_study,,No,,29_09_2021,England,Birmingham,S1,,,,,,,,,,,,,None,None,None,2,Follow_up,16S,Plaque,V1-V2,Illumina,AGAGTTTGATCMTGGCTCAG,TGCTGCCTCCCGTAGGAGT,OralCavity,Teeth,Left,Upper,UpperLeft,3,Buccal_Mesial,,,,,,,,,,Healthy,,,Sample.227_S1_V2_UL3_Buccal
Sample.228.22228,,,EXP-22-BO2801,22228,ORL_UOB_2020,Birmingham_site_specific_sampling_study,,No,,29_09_2021,England,Birmingham,S1,,,,,,,,,,,,,None,None,None,2,Follow_up,16S,Plaque,V1-V2,Illumina,AGAGTTTGATCMTGGCTCAG,TGCTGCCTCCCGTAGGAGT,OralCavity,Teeth,Left,Upper,UpperLeft,3,Paletal_Distal,,,,,,,,,,Healthy,,,Sample.228_S1_V2_UL3_Paletal
Sample.229.22229,,,EXP-22-BO2801,22229,ORL_UOB_2020,Birmingham_site_specific_sampling_study,,No,,29_09_2021,England,Birmingham,S1,,,,,,,,,,,,,None,None,None,2,Follow_up,16S,Plaque,V1-V2,Illumina,AGAGTTTGATCMTGGCTCAG,TGCTGCCTCCCGTAGGAGT,OralCavity,Teeth,Left,Upper,UpperLeft,3,Paletal_Middle,,,,,,,,,,Healthy,,,Sample.229_S1_V2_UL3_Paletal
Sample.230.22230,,,EXP-22-BO2801,22230,ORL_UOB_2020,Birmingham_site_specific_sampling_study,,No,,29_09_2021,England,Birmingham,S1,,,,,,,,,,,,,None,None,None,2,Follow_up,16S,Plaque,V1-V2,Illumina,AGAGTTTGATCMTGGCTCAG,TGCTGCCTCCCGTAGGAGT,OralCavity,Teeth,Left,Upper,UpperLeft,3,Paletal_Mesial,,,,,,,,,,Healthy,,,Sample.230_S1_V2_UL3_Paletal
Sample.231.22231,,,EXP-22-BO2801,22231,ORL_UOB_2020,Birmingham_site_specific_sampling_study,,No,,29_09_2021,England,Birmingham,S1,,,,,,,,,,,,,None,None,None,2,Follow_up,16S,Plaque,V1-V2,Illumina,AGAGTTTGATCMTGGCTCAG,TGCTGCCTCCCGTAGGAGT,OralCavity,Teeth,Left,Upper,UpperLeft,4,Buccal_Distal,,,,,,,,,,Healthy,,,Sample.231_S1_V2_UL4_Buccal
Sample.232.22232,,,EXP-22-BO2801,22232,ORL_UOB_2020,Birmingham_site_specific_sampling_study,,No,,29_09_2021,England,Birmingham,S1,,,,,,,,,,,,,None,None,None,2,Follow_up,16S,Plaque,V1-V2,Illumina,AGAGTTTGATCMTGGCTCAG,TGCTGCCTCCCGTAGGAGT,OralCavity,Teeth,Left,Upper,UpperLeft,4,Buccal_Middle,,,,,,,,,,Healthy,,,Sample.232_S1_V2_UL4_Buccal
Sample.233.22233,,,EXP-22-BO2801,22233,ORL_UOB_2020,Birmingham_site_specific_sampling_study,,No,,29_09_2021,England,Birmingham,S1,,,,,,,,,,,,,None,None,None,2,Follow_up,16S,Plaque,V1-V2,Illumina,AGAGTTTGATCMTGGCTCAG,TGCTGCCTCCCGTAGGAGT,OralCavity,Teeth,Left,Upper,UpperLeft,4,Buccal_Mesial,,,,,,,,,,Healthy,,,Sample.233_S1_V2_UL4_Buccal
Sample.234.22234,,,EXP-22-BO2801,22234,ORL_UOB_2020,Birmingham_site_specific_sampling_study,,No,,29_09_2021,England,Birmingham,S1,,,,,,,,,,,,,None,None,None,2,Follow_up,16S,Plaque,V1-V2,Illumina,AGAGTTTGATCMTGGCTCAG,TGCTGCCTCCCGTAGGAGT,OralCavity,Teeth,Left,Upper,UpperLeft,4,Paletal_Distal,,,,,,,,,,Healthy,,,Sample.234_S1_V2_UL4_Paletal
Sample.235.22235,,,EXP-22-BO2801,22235,ORL_UOB_2020,Birmingham_site_specific_sampling_study,,No,,29_09_2021,England,Birmingham,S1,,,,,,,,,,,,,None,None,None,2,Follow_up,16S,Plaque,V1-V2,Illumina,AGAGTTTGATCMTGGCTCAG,TGCTGCCTCCCGTAGGAGT,OralCavity,Teeth,Left,Upper,UpperLeft,4,Paletal_Middle,,,,,,,,,,Healthy,,,Sample.235_S1_V2_UL4_Paletal
Sample.236.22236,,,EXP-22-BO2801,22236,ORL_UOB_2020,Birmingham_site_specific_sampling_study,,No,,29_09_2021,England,Birmingham,S1,,,,,,,,,,,,,None,None,None,2,Follow_up,16S,Plaque,V1-V2,Illumina,AGAGTTTGATCMTGGCTCAG,TGCTGCCTCCCGTAGGAGT,OralCavity,Teeth,Left,Upper,UpperLeft,4,Paletal_Mesial,,,,,,,,,,Healthy,,,Sample.236_S1_V2_UL4_Paletal
Sample.237.22237,,,EXP-22-BO2801,22237,ORL_UOB_2020,Birmingham_site_specific_sampling_study,,No,,29_09_2021,England,Birmingham,S1,,,,,,,,,,,,,None,None,None,2,Follow_up,16S,Plaque,V1-V2,Illumina,AGAGTTTGATCMTGGCTCAG,TGCTGCCTCCCGTAGGAGT,OralCavity,Teeth,Left,Upper,UpperLeft,5,Buccal_Distal,,,,,,,,,,Healthy,,,Sample.237_S1_V2_UL5_Buccal
Sample.238.22238,,,EXP-22-BO2801,22238,ORL_UOB_2020,Birmingham_site_specific_sampling_study,,No,,29_09_2021,England,Birmingham,S1,,,,,,,,,,,,,None,None,None,2,Follow_up,16S,Plaque,V1-V2,Illumina,AGAGTTTGATCMTGGCTCAG,TGCTGCCTCCCGTAGGAGT,OralCavity,Teeth,Left,Upper,UpperLeft,5,Buccal_Middle,,,,,,,,,,Healthy,,,Sample.238_S1_V2_UL5_Buccal
Sample.239.22239,,,EXP-22-BO2801,22239,ORL_UOB_2020,Birmingham_site_specific_sampling_study,,No,,29_09_2021,England,Birmingham,S1,,,,,,,,,,,,,None,None,None,2,Follow_up,16S,Plaque,V1-V2,Illumina,AGAGTTTGATCMTGGCTCAG,TGCTGCCTCCCGTAGGAGT,OralCavity,Teeth,Left,Upper,UpperLeft,5,Buccal_Mesial,,,,,,,,,,Healthy,,,Sample.239_S1_V2_UL5_Buccal
Sample.240.22240,,,EXP-22-BO2801,22240,ORL_UOB_2020,Birmingham_site_specific_sampling_study,,No,,29_09_2021,England,Birmingham,S1,,,,,,,,,,,,,None,None,None,2,Follow_up,16S,Plaque,V1-V2,Illumina,AGAGTTTGATCMTGGCTCAG,TGCTGCCTCCCGTAGGAGT,OralCavity,Teeth,Left,Upper,UpperLeft,5,Paletal_Distal,,,,,,,,,,Healthy,,,Sample.240_S1_V2_UL5_Paletal
Sample.241.22241,,,EXP-22-BO2801,22241,ORL_UOB_2020,Birmingham_site_specific_sampling_study,,No,,29_09_2021,England,Birmingham,S1,,,,,,,,,,,,,None,None,None,2,Follow_up,16S,Plaque,V1-V2,Illumina,AGAGTTTGATCMTGGCTCAG,TGCTGCCTCCCGTAGGAGT,OralCavity,Teeth,Left,Upper,UpperLeft,5,Paletal_Middle,,,,,,,,,,Healthy,,,Sample.241_S1_V2_UL5_Paletal
Sample.242.22242,,,EXP-22-BO2801,22242,ORL_UOB_2020,Birmingham_site_specific_sampling_study,,No,,29_09_2021,England,Birmingham,S1,,,,,,,,,,,,,None,None,None,2,Follow_up,16S,Plaque,V1-V2,Illumina,AGAGTTTGATCMTGGCTCAG,TGCTGCCTCCCGTAGGAGT,OralCavity,Teeth,Left,Upper,UpperLeft,5,Paletal_Mesial,,,,,,,,,,Healthy,,,Sample.242_S1_V2_UL5_Paletal
Sample.243.22243,,,EXP-22-BO2801,22243,ORL_UOB_2020,Birmingham_site_specific_sampling_study,,No,,29_09_2021,England,Birmingham,S1,,,,,,,,,,,,,None,None,None,2,Follow_up,16S,Plaque,V1-V2,Illumina,AGAGTTTGATCMTGGCTCAG,TGCTGCCTCCCGTAGGAGT,OralCavity,Teeth,Left,Upper,UpperLeft,6,Buccal_Distal,,,,,,,,,,Healthy,,,Sample.243_S1_V2_UL6_Buccal
Sample.244.22244,,,EXP-22-BO2801,22244,ORL_UOB_2020,Birmingham_site_specific_sampling_study,,No,,29_09_2021,England,Birmingham,S1,,,,,,,,,,,,,None,None,None,2,Follow_up,16S,Plaque,V1-V2,Illumina,AGAGTTTGATCMTGGCTCAG,TGCTGCCTCCCGTAGGAGT,OralCavity,Teeth,Left,Upper,UpperLeft,6,Buccal_Middle,,,,,,,,,,Healthy,,,Sample.244_S1_V2_UL6_Buccal
Sample.245.22245,,,EXP-22-BO2801,22245,ORL_UOB_2020,Birmingham_site_specific_sampling_study,,No,,29_09_2021,England,Birmingham,S1,,,,,,,,,,,,,None,None,None,2,Follow_up,16S,Plaque,V1-V2,Illumina,AGAGTTTGATCMTGGCTCAG,TGCTGCCTCCCGTAGGAGT,OralCavity,Teeth,Left,Upper,UpperLeft,6,Buccal_Mesial,,,,,,,,,,Healthy,,,Sample.245_S1_V2_UL6_Buccal
Sample.246.22246,,,EXP-22-BO2801,22246,ORL_UOB_2020,Birmingham_site_specific_sampling_study,,No,,29_09_2021,England,Birmingham,S1,,,,,,,,,,,,,None,None,None,2,Follow_up,16S,Plaque,V1-V2,Illumina,AGAGTTTGATCMTGGCTCAG,TGCTGCCTCCCGTAGGAGT,OralCavity,Teeth,Left,Upper,UpperLeft,6,Paletal_Distal,,,,,,,,,,Healthy,,,Sample.246_S1_V2_UL6_Paletal
Sample.247.22247,,,EXP-22-BO2801,22247,ORL_UOB_2020,Birmingham_site_specific_sampling_study,,No,,29_09_2021,England,Birmingham,S1,,,,,,,,,,,,,None,None,None,2,Follow_up,16S,Plaque,V1-V2,Illumina,AGAGTTTGATCMTGGCTCAG,TGCTGCCTCCCGTAGGAGT,OralCavity,Teeth,Left,Upper,UpperLeft,6,Paletal_Middle,,,,,,,,,,Healthy,,,Sample.247_S1_V2_UL6_Paletal
Sample.248.22248,,,EXP-22-BO2801,22248,ORL_UOB_2020,Birmingham_site_specific_sampling_study,,No,,29_09_2021,England,Birmingham,S1,,,,,,,,,,,,,None,None,None,2,Follow_up,16S,Plaque,V1-V2,Illumina,AGAGTTTGATCMTGGCTCAG,TGCTGCCTCCCGTAGGAGT,OralCavity,Teeth,Left,Upper,UpperLeft,6,Paletal_Mesial,,,,,,,,,,Healthy,,,Sample.248_S1_V2_UL6_Paletal
Sample.249.22249,,,EXP-22-BO2801,22249,ORL_UOB_2020,Birmingham_site_specific_sampling_study,,No,,29_09_2021,England,Birmingham,S1,,,,,,,,,,,,,None,None,None,2,Follow_up,16S,Plaque,V1-V2,Illumina,AGAGTTTGATCMTGGCTCAG,TGCTGCCTCCCGTAGGAGT,OralCavity,Teeth,Left,Upper,UpperLeft,7,Buccal_Distal,,,,,,,,,,Healthy,,,Sample.249_S1_V2_UL7_Buccal
Sample.250.22250,,,EXP-22-BO2801,22250,ORL_UOB_2020,Birmingham_site_specific_sampling_study,,No,,29_09_2021,England,Birmingham,S1,,,,,,,,,,,,,None,None,None,2,Follow_up,16S,Plaque,V1-V2,Illumina,AGAGTTTGATCMTGGCTCAG,TGCTGCCTCCCGTAGGAGT,OralCavity,Teeth,Left,Upper,UpperLeft,7,Buccal_Middle,,,,,,,,,,Healthy,,,Sample.250_S1_V2_UL7_Buccal
Sample.251.22251,,,EXP-22-BO2801,22251,ORL_UOB_2020,Birmingham_site_specific_sampling_study,,No,,29_09_2021,England,Birmingham,S1,,,,,,,,,,,,,None,None,None,2,Follow_up,16S,Plaque,V1-V2,Illumina,AGAGTTTGATCMTGGCTCAG,TGCTGCCTCCCGTAGGAGT,OralCavity,Teeth,Left,Upper,UpperLeft,7,Buccal_Mesial,,,,,,,,,,Healthy,,,Sample.251_S1_V2_UL7_Buccal
Sample.252.22252,,,EXP-22-BO2801,22252,ORL_UOB_2020,Birmingham_site_specific_sampling_study,,No,,29_09_2021,England,Birmingham,S1,,,,,,,,,,,,,None,None,None,2,Follow_up,16S,Plaque,V1-V2,Illumina,AGAGTTTGATCMTGGCTCAG,TGCTGCCTCCCGTAGGAGT,OralCavity,Teeth,Left,Upper,UpperLeft,7,Paletal_Distal,,,,,,,,,,Healthy,,,Sample.252_S1_V2_UL7_Paletal
Sample.253.22253,,,EXP-22-BO2801,22253,ORL_UOB_2020,Birmingham_site_specific_sampling_study,,No,,29_09_2021,England,Birmingham,S1,,,,,,,,,,,,,None,None,None,2,Follow_up,16S,Plaque,V1-V2,Illumina,AGAGTTTGATCMTGGCTCAG,TGCTGCCTCCCGTAGGAGT,OralCavity,Teeth,Left,Upper,UpperLeft,7,Paletal_Middle,,,,,,,,,,Healthy,,,Sample.253_S1_V2_UL7_Paletal
Sample.254.22254,,,EXP-22-BO2801,22254,ORL_UOB_2020,Birmingham_site_specific_sampling_study,,No,,29_09_2021,England,Birmingham,S1,,,,,,,,,,,,,None,None,None,2,Follow_up,16S,Plaque,V1-V2,Illumina,AGAGTTTGATCMTGGCTCAG,TGCTGCCTCCCGTAGGAGT,OralCavity,Teeth,Left,Upper,UpperLeft,7,Paletal_Mesial,,,,,,,,,,Healthy,,,Sample.254_S1_V2_UL7_Paletal
Sample.255.22255,,,EXP-22-BO2801,22255,ORL_UOB_2020,Birmingham_site_specific_sampling_study,,Yes,NegativeControl,29_09_2021,England,Birmingham,S1,NA,NA,NA,NA,NA,NA,NA,NA,NA,NA,NA,NA,NA,NA,NA,NA,NA,16S,NA,V1-V2,Illumina,AGAGTTTGATCMTGGCTCAG,TGCTGCCTCCCGTAGGAGT,NA,NA,NA,NA,NA,NA,NA,NA,,,,,,,,,NA,,,Sample.255_NC_NC_NC_NC
Sample.256.22256,,,EXP-22-BO2801,22256,ORL_UOB_2020,Birmingham_site_specific_sampling_study,,No,,29_09_2021,England,Birmingham,S1,,,,,,,,,,,,,None,None,None,2,Follow_up,16S,Plaque,V1-V2,Illumina,AGAGTTTGATCMTGGCTCAG,TGCTGCCTCCCGTAGGAGT,OralCavity,Teeth,Right,Lower,LowerRight,7,Buccal_Distal,,,,,,,,,,Healthy,,,Sample.256_S1_V2_LR7_Buccal
Sample.257.22257,,,EXP-22-BO2801,22257,ORL_UOB_2020,Birmingham_site_specific_sampling_study,,No,,29_09_2021,England,Birmingham,S1,,,,,,,,,,,,,None,None,None,2,Follow_up,16S,Plaque,V1-V2,Illumina,AGAGTTTGATCMTGGCTCAG,TGCTGCCTCCCGTAGGAGT,OralCavity,Teeth,Right,Lower,LowerRight,7,Buccal_Middle,,,,,,,,,,Healthy,,,Sample.257_S1_V2_LR7_Buccal
Sample.258.22258,,,EXP-22-BO2801,22258,ORL_UOB_2020,Birmingham_site_specific_sampling_study,,No,,29_09_2021,England,Birmingham,S1,,,,,,,,,,,,,None,None,None,2,Follow_up,16S,Plaque,V1-V2,Illumina,AGAGTTTGATCMTGGCTCAG,TGCTGCCTCCCGTAGGAGT,OralCavity,Teeth,Right,Lower,LowerRight,7,Buccal_Mesial,,,,,,,,,,Healthy,,,Sample.258_S1_V2_LR7_Buccal
Sample.259.22259,,,EXP-22-BO2801,22259,ORL_UOB_2020,Birmingham_site_specific_sampling_study,,No,,29_09_2021,England,Birmingham,S1,,,,,,,,,,,,,None,None,None,2,Follow_up,16S,Plaque,V1-V2,Illumina,AGAGTTTGATCMTGGCTCAG,TGCTGCCTCCCGTAGGAGT,OralCavity,Teeth,Right,Lower,LowerRight,7,Paletal_Distal,,,,,,,,,,Healthy,,,Sample.259_S1_V2_LR7_Paletal
Sample.260.22260,,,EXP-22-BO2801,22260,ORL_UOB_2020,Birmingham_site_specific_sampling_study,,No,,29_09_2021,England,Birmingham,S1,,,,,,,,,,,,,None,None,None,2,Follow_up,16S,Plaque,V1-V2,Illumina,AGAGTTTGATCMTGGCTCAG,TGCTGCCTCCCGTAGGAGT,OralCavity,Teeth,Right,Lower,LowerRight,7,Paletal_Middle,,,,,,,,,,Healthy,,,Sample.260_S1_V2_LR7_Paletal
Sample.261.22261,,,EXP-22-BO2801,22261,ORL_UOB_2020,Birmingham_site_specific_sampling_study,,No,,29_09_2021,England,Birmingham,S1,,,,,,,,,,,,,None,None,None,2,Follow_up,16S,Plaque,V1-V2,Illumina,AGAGTTTGATCMTGGCTCAG,TGCTGCCTCCCGTAGGAGT,OralCavity,Teeth,Right,Lower,LowerRight,7,Paletal_Mesial,,,,,,,,,,Healthy,,,Sample.261_S1_V2_LR7_Paletal
Sample.262.22262,,,EXP-22-BO2801,22262,ORL_UOB_2020,Birmingham_site_specific_sampling_study,,No,,29_09_2021,England,Birmingham,S1,,,,,,,,,,,,,None,None,None,2,Follow_up,16S,Plaque,V1-V2,Illumina,AGAGTTTGATCMTGGCTCAG,TGCTGCCTCCCGTAGGAGT,OralCavity,Teeth,Right,Lower,LowerRight,6,Buccal_Distal,,,,,,,,,,Healthy,,,Sample.262_S1_V2_LR6_Buccal
Sample.263.22263,,,EXP-22-BO2801,22263,ORL_UOB_2020,Birmingham_site_specific_sampling_study,,No,,29_09_2021,England,Birmingham,S1,,,,,,,,,,,,,None,None,None,2,Follow_up,16S,Plaque,V1-V2,Illumina,AGAGTTTGATCMTGGCTCAG,TGCTGCCTCCCGTAGGAGT,OralCavity,Teeth,Right,Lower,LowerRight,6,Buccal_Middle,,,,,,,,,,Healthy,,,Sample.263_S1_V2_LR6_Buccal
Sample.264.22264,,,EXP-22-BO2801,22264,ORL_UOB_2020,Birmingham_site_specific_sampling_study,,No,,29_09_2021,England,Birmingham,S1,,,,,,,,,,,,,None,None,None,2,Follow_up,16S,Plaque,V1-V2,Illumina,AGAGTTTGATCMTGGCTCAG,TGCTGCCTCCCGTAGGAGT,OralCavity,Teeth,Right,Lower,LowerRight,6,Buccal_Mesial,,,,,,,,,,Healthy,,,Sample.264_S1_V2_LR6_Buccal
Sample.265.22265,,,EXP-22-BO2801,22265,ORL_UOB_2020,Birmingham_site_specific_sampling_study,,No,,29_09_2021,England,Birmingham,S1,,,,,,,,,,,,,None,None,None,2,Follow_up,16S,Plaque,V1-V2,Illumina,AGAGTTTGATCMTGGCTCAG,TGCTGCCTCCCGTAGGAGT,OralCavity,Teeth,Right,Lower,LowerRight,6,Paletal_Distal,,,,,,,,,,Healthy,,,Sample.265_S1_V2_LR6_Paletal
Sample.266.22266,,,EXP-22-BO2801,22266,ORL_UOB_2020,Birmingham_site_specific_sampling_study,,No,,29_09_2021,England,Birmingham,S1,,,,,,,,,,,,,None,None,None,2,Follow_up,16S,Plaque,V1-V2,Illumina,AGAGTTTGATCMTGGCTCAG,TGCTGCCTCCCGTAGGAGT,OralCavity,Teeth,Right,Lower,LowerRight,6,Paletal_Middle,,,,,,,,,,Healthy,,,Sample.266_S1_V2_LR6_Paletal
Sample.267.22267,,,EXP-22-BO2801,22267,ORL_UOB_2020,Birmingham_site_specific_sampling_study,,No,,29_09_2021,England,Birmingham,S1,,,,,,,,,,,,,None,None,None,2,Follow_up,16S,Plaque,V1-V2,Illumina,AGAGTTTGATCMTGGCTCAG,TGCTGCCTCCCGTAGGAGT,OralCavity,Teeth,Right,Lower,LowerRight,6,Paletal_Mesial,,,,,,,,,,Healthy,,,Sample.267_S1_V2_LR6_Paletal
Sample.268.22268,,,EXP-22-BO2801,22268,ORL_UOB_2020,Birmingham_site_specific_sampling_study,,No,,29_09_2021,England,Birmingham,S1,,,,,,,,,,,,,None,None,None,2,Follow_up,16S,Plaque,V1-V2,Illumina,AGAGTTTGATCMTGGCTCAG,TGCTGCCTCCCGTAGGAGT,OralCavity,Teeth,Right,Lower,LowerRight,5,Buccal_Distal,,,,,,,,,,Healthy,,,Sample.268_S1_V2_LR5_Buccal
Sample.269.22269,,,EXP-22-BO2801,22269,ORL_UOB_2020,Birmingham_site_specific_sampling_study,,No,,29_09_2021,England,Birmingham,S1,,,,,,,,,,,,,None,None,None,2,Follow_up,16S,Plaque,V1-V2,Illumina,AGAGTTTGATCMTGGCTCAG,TGCTGCCTCCCGTAGGAGT,OralCavity,Teeth,Right,Lower,LowerRight,5,Buccal_Middle,,,,,,,,,,Healthy,,,Sample.269_S1_V2_LR5_Buccal
Sample.270.22270,,,EXP-22-BO2801,22270,ORL_UOB_2020,Birmingham_site_specific_sampling_study,,No,,29_09_2021,England,Birmingham,S1,,,,,,,,,,,,,None,None,None,2,Follow_up,16S,Plaque,V1-V2,Illumina,AGAGTTTGATCMTGGCTCAG,TGCTGCCTCCCGTAGGAGT,OralCavity,Teeth,Right,Lower,LowerRight,5,Buccal_Mesial,,,,,,,,,,Healthy,,,Sample.270_S1_V2_LR5_Buccal
Sample.271.22271,,,EXP-22-BO2801,22271,ORL_UOB_2020,Birmingham_site_specific_sampling_study,,No,,29_09_2021,England,Birmingham,S1,,,,,,,,,,,,,None,None,None,2,Follow_up,16S,Plaque,V1-V2,Illumina,AGAGTTTGATCMTGGCTCAG,TGCTGCCTCCCGTAGGAGT,OralCavity,Teeth,Right,Lower,LowerRight,5,Paletal_Distal,,,,,,,,,,Healthy,,,Sample.271_S1_V2_LR5_Paletal
Sample.272.22272,,,EXP-22-BO2801,22272,ORL_UOB_2020,Birmingham_site_specific_sampling_study,,No,,29_09_2021,England,Birmingham,S1,,,,,,,,,,,,,None,None,None,2,Follow_up,16S,Plaque,V1-V2,Illumina,AGAGTTTGATCMTGGCTCAG,TGCTGCCTCCCGTAGGAGT,OralCavity,Teeth,Right,Lower,LowerRight,5,Paletal_Middle,,,,,,,,,,Healthy,,,Sample.272_S1_V2_LR5_Paletal
Sample.273.22273,,,EXP-22-BO2801,22273,ORL_UOB_2020,Birmingham_site_specific_sampling_study,,No,,29_09_2021,England,Birmingham,S1,,,,,,,,,,,,,None,None,None,2,Follow_up,16S,Plaque,V1-V2,Illumina,AGAGTTTGATCMTGGCTCAG,TGCTGCCTCCCGTAGGAGT,OralCavity,Teeth,Right,Lower,LowerRight,5,Paletal_Mesial,,,,,,,,,,Healthy,,,Sample.273_S1_V2_LR5_Paletal
Sample.274.22274,,,EXP-22-BO2801,22274,ORL_UOB_2020,Birmingham_site_specific_sampling_study,,No,,29_09_2021,England,Birmingham,S1,,,,,,,,,,,,,None,None,None,2,Follow_up,16S,Plaque,V1-V2,Illumina,AGAGTTTGATCMTGGCTCAG,TGCTGCCTCCCGTAGGAGT,OralCavity,Teeth,Right,Lower,LowerRight,4,Buccal_Distal,,,,,,,,,,Healthy,,,Sample.274_S1_V2_LR4_Buccal
Sample.275.22275,,,EXP-22-BO2801,22275,ORL_UOB_2020,Birmingham_site_specific_sampling_study,,No,,29_09_2021,England,Birmingham,S1,,,,,,,,,,,,,None,None,None,2,Follow_up,16S,Plaque,V1-V2,Illumina,AGAGTTTGATCMTGGCTCAG,TGCTGCCTCCCGTAGGAGT,OralCavity,Teeth,Right,Lower,LowerRight,4,Buccal_Middle,,,,,,,,,,Healthy,,,Sample.275_S1_V2_LR4_Buccal
Sample.276.22276,,,EXP-22-BO2801,22276,ORL_UOB_2020,Birmingham_site_specific_sampling_study,,No,,29_09_2021,England,Birmingham,S1,,,,,,,,,,,,,None,None,None,2,Follow_up,16S,Plaque,V1-V2,Illumina,AGAGTTTGATCMTGGCTCAG,TGCTGCCTCCCGTAGGAGT,OralCavity,Teeth,Right,Lower,LowerRight,4,Buccal_Mesial,,,,,,,,,,Healthy,,,Sample.276_S1_V2_LR4_Buccal
Sample.277.22277,,,EXP-22-BO2801,22277,ORL_UOB_2020,Birmingham_site_specific_sampling_study,,No,,29_09_2021,England,Birmingham,S1,,,,,,,,,,,,,None,None,None,2,Follow_up,16S,Plaque,V1-V2,Illumina,AGAGTTTGATCMTGGCTCAG,TGCTGCCTCCCGTAGGAGT,OralCavity,Teeth,Right,Lower,LowerRight,4,Paletal_Distal,,,,,,,,,,Healthy,,,Sample.277_S1_V2_LR4_Paletal
Sample.278.22278,,,EXP-22-BO2801,22278,ORL_UOB_2020,Birmingham_site_specific_sampling_study,,No,,29_09_2021,England,Birmingham,S1,,,,,,,,,,,,,None,None,None,2,Follow_up,16S,Plaque,V1-V2,Illumina,AGAGTTTGATCMTGGCTCAG,TGCTGCCTCCCGTAGGAGT,OralCavity,Teeth,Right,Lower,LowerRight,4,Paletal_Middle,,,,,,,,,,Healthy,,,Sample.278_S1_V2_LR4_Paletal
Sample.279.22279,,,EXP-22-BO2801,22279,ORL_UOB_2020,Birmingham_site_specific_sampling_study,,No,,29_09_2021,England,Birmingham,S1,,,,,,,,,,,,,None,None,None,2,Follow_up,16S,Plaque,V1-V2,Illumina,AGAGTTTGATCMTGGCTCAG,TGCTGCCTCCCGTAGGAGT,OralCavity,Teeth,Right,Lower,LowerRight,4,Paletal_Mesial,,,,,,,,,,Healthy,,,Sample.279_S1_V2_LR4_Paletal
Sample.280.22280,,,EXP-22-BO2801,22280,ORL_UOB_2020,Birmingham_site_specific_sampling_study,,No,,29_09_2021,England,Birmingham,S1,,,,,,,,,,,,,None,None,None,2,Follow_up,16S,Plaque,V1-V2,Illumina,AGAGTTTGATCMTGGCTCAG,TGCTGCCTCCCGTAGGAGT,OralCavity,Teeth,Right,Lower,LowerRight,3,Buccal_Distal,,,,,,,,,,Healthy,,,Sample.280_S1_V2_LR3_Buccal
Sample.281.22281,,,EXP-22-BO2801,22281,ORL_UOB_2020,Birmingham_site_specific_sampling_study,,No,,29_09_2021,England,Birmingham,S1,,,,,,,,,,,,,None,None,None,2,Follow_up,16S,Plaque,V1-V2,Illumina,AGAGTTTGATCMTGGCTCAG,TGCTGCCTCCCGTAGGAGT,OralCavity,Teeth,Right,Lower,LowerRight,3,Buccal_Middle,,,,,,,,,,Healthy,,,Sample.281_S1_V2_LR3_Buccal
Sample.282.22282,,,EXP-22-BO2801,22282,ORL_UOB_2020,Birmingham_site_specific_sampling_study,,No,,29_09_2021,England,Birmingham,S1,,,,,,,,,,,,,None,None,None,2,Follow_up,16S,Plaque,V1-V2,Illumina,AGAGTTTGATCMTGGCTCAG,TGCTGCCTCCCGTAGGAGT,OralCavity,Teeth,Right,Lower,LowerRight,3,Buccal_Mesial,,,,,,,,,,Healthy,,,Sample.282_S1_V2_LR3_Buccal
Sample.283.22283,,,EXP-22-BO2801,22283,ORL_UOB_2020,Birmingham_site_specific_sampling_study,,No,,29_09_2021,England,Birmingham,S1,,,,,,,,,,,,,None,None,None,2,Follow_up,16S,Plaque,V1-V2,Illumina,AGAGTTTGATCMTGGCTCAG,TGCTGCCTCCCGTAGGAGT,OralCavity,Teeth,Right,Lower,LowerRight,3,Paletal_Distal,,,,,,,,,,Healthy,,,Sample.283_S1_V2_LR3_Paletal
Sample.284.22284,,,EXP-22-BO2801,22284,ORL_UOB_2020,Birmingham_site_specific_sampling_study,,No,,29_09_2021,England,Birmingham,S1,,,,,,,,,,,,,None,None,None,2,Follow_up,16S,Plaque,V1-V2,Illumina,AGAGTTTGATCMTGGCTCAG,TGCTGCCTCCCGTAGGAGT,OralCavity,Teeth,Right,Lower,LowerRight,3,Paletal_Middle,,,,,,,,,,Healthy,,,Sample.284_S1_V2_LR3_Paletal
Sample.285.22285,,,EXP-22-BO2801,22285,ORL_UOB_2020,Birmingham_site_specific_sampling_study,,No,,29_09_2021,England,Birmingham,S1,,,,,,,,,,,,,None,None,None,2,Follow_up,16S,Plaque,V1-V2,Illumina,AGAGTTTGATCMTGGCTCAG,TGCTGCCTCCCGTAGGAGT,OralCavity,Teeth,Right,Lower,LowerRight,3,Paletal_Mesial,,,,,,,,,,Healthy,,,Sample.285_S1_V2_LR3_Paletal
Sample.286.22286,,,EXP-22-BO2801,22286,ORL_UOB_2020,Birmingham_site_specific_sampling_study,,No,,29_09_2021,England,Birmingham,S1,,,,,,,,,,,,,None,None,None,2,Follow_up,16S,Plaque,V1-V2,Illumina,AGAGTTTGATCMTGGCTCAG,TGCTGCCTCCCGTAGGAGT,OralCavity,Teeth,Right,Lower,LowerRight,2,Buccal_Distal,,,,,,,,,,Healthy,,,Sample.286_S1_V2_LR2_Buccal
Sample.287.22287,,,EXP-22-BO2801,22287,ORL_UOB_2020,Birmingham_site_specific_sampling_study,,No,,29_09_2021,England,Birmingham,S1,,,,,,,,,,,,,None,None,None,2,Follow_up,16S,Plaque,V1-V2,Illumina,AGAGTTTGATCMTGGCTCAG,TGCTGCCTCCCGTAGGAGT,OralCavity,Teeth,Right,Lower,LowerRight,2,Buccal_Middle,,,,,,,,,,Healthy,,,Sample.287_S1_V2_LR2_Buccal
Sample.288.22288,,,EXP-22-BO2801,22288,ORL_UOB_2020,Birmingham_site_specific_sampling_study,,No,,29_09_2021,England,Birmingham,S1,,,,,,,,,,,,,None,None,None,2,Follow_up,16S,Plaque,V1-V2,Illumina,AGAGTTTGATCMTGGCTCAG,TGCTGCCTCCCGTAGGAGT,OralCavity,Teeth,Right,Lower,LowerRight,2,Buccal_Mesial,,,,,,,,,,Healthy,,,Sample.288_S1_V2_LR2_Buccal
Sample.289.22289,,,EXP-22-BO2801,22289,ORL_UOB_2020,Birmingham_site_specific_sampling_study,,No,,29_09_2021,England,Birmingham,S1,,,,,,,,,,,,,None,None,None,2,Follow_up,16S,Plaque,V1-V2,Illumina,AGAGTTTGATCMTGGCTCAG,TGCTGCCTCCCGTAGGAGT,OralCavity,Teeth,Right,Lower,LowerRight,2,Paletal_Distal,,,,,,,,,,Healthy,,,Sample.289_S1_V2_LR2_Paletal
Sample.290.22290,,,EXP-22-BO2801,22290,ORL_UOB_2020,Birmingham_site_specific_sampling_study,,No,,29_09_2021,England,Birmingham,S1,,,,,,,,,,,,,None,None,None,2,Follow_up,16S,Plaque,V1-V2,Illumina,AGAGTTTGATCMTGGCTCAG,TGCTGCCTCCCGTAGGAGT,OralCavity,Teeth,Right,Lower,LowerRight,2,Paletal_Middle,,,,,,,,,,Healthy,,,Sample.290_S1_V2_LR2_Paletal
Sample.291.22291,,,EXP-22-BO2801,22291,ORL_UOB_2020,Birmingham_site_specific_sampling_study,,No,,29_09_2021,England,Birmingham,S1,,,,,,,,,,,,,None,None,None,2,Follow_up,16S,Plaque,V1-V2,Illumina,AGAGTTTGATCMTGGCTCAG,TGCTGCCTCCCGTAGGAGT,OralCavity,Teeth,Right,Lower,LowerRight,2,Paletal_Mesial,,,,,,,,,,Healthy,,,Sample.291_S1_V2_LR2_Paletal
Sample.292.22292,,,EXP-22-BO2801,22292,ORL_UOB_2020,Birmingham_site_specific_sampling_study,,No,,29_09_2021,England,Birmingham,S1,,,,,,,,,,,,,None,None,None,2,Follow_up,16S,Plaque,V1-V2,Illumina,AGAGTTTGATCMTGGCTCAG,TGCTGCCTCCCGTAGGAGT,OralCavity,Teeth,Right,Lower,LowerRight,1,Buccal_Distal,,,,,,,,,,Healthy,,,Sample.292_S1_V2_LR1_Buccal
Sample.293.22293,,,EXP-22-BO2801,22293,ORL_UOB_2020,Birmingham_site_specific_sampling_study,,No,,29_09_2021,England,Birmingham,S1,,,,,,,,,,,,,None,None,None,2,Follow_up,16S,Plaque,V1-V2,Illumina,AGAGTTTGATCMTGGCTCAG,TGCTGCCTCCCGTAGGAGT,OralCavity,Teeth,Right,Lower,LowerRight,1,Buccal_Middle,,,,,,,,,,Healthy,,,Sample.293_S1_V2_LR1_Buccal
Sample.294.22294,,,EXP-22-BO2801,22294,ORL_UOB_2020,Birmingham_site_specific_sampling_study,,No,,29_09_2021,England,Birmingham,S1,,,,,,,,,,,,,None,None,None,2,Follow_up,16S,Plaque,V1-V2,Illumina,AGAGTTTGATCMTGGCTCAG,TGCTGCCTCCCGTAGGAGT,OralCavity,Teeth,Right,Lower,LowerRight,1,Buccal_Mesial,,,,,,,,,,Healthy,,,Sample.294_S1_V2_LR1_Buccal
Sample.295.22295,,,EXP-22-BO2801,22295,ORL_UOB_2020,Birmingham_site_specific_sampling_study,,No,,29_09_2021,England,Birmingham,S1,,,,,,,,,,,,,None,None,None,2,Follow_up,16S,Plaque,V1-V2,Illumina,AGAGTTTGATCMTGGCTCAG,TGCTGCCTCCCGTAGGAGT,OralCavity,Teeth,Right,Lower,LowerRight,1,Paletal_Distal,,,,,,,,,,Healthy,,,Sample.295_S1_V2_LR1_Paletal
Sample.296.22296,,,EXP-22-BO2801,22296,ORL_UOB_2020,Birmingham_site_specific_sampling_study,,No,,29_09_2021,England,Birmingham,S1,,,,,,,,,,,,,None,None,None,2,Follow_up,16S,Plaque,V1-V2,Illumina,AGAGTTTGATCMTGGCTCAG,TGCTGCCTCCCGTAGGAGT,OralCavity,Teeth,Right,Lower,LowerRight,1,Paletal_Middle,,,,,,,,,,Healthy,,,Sample.296_S1_V2_LR1_Paletal
Sample.297.22297,,,EXP-22-BO2801,22297,ORL_UOB_2020,Birmingham_site_specific_sampling_study,,No,,29_09_2021,England,Birmingham,S1,,,,,,,,,,,,,None,None,None,2,Follow_up,16S,Plaque,V1-V2,Illumina,AGAGTTTGATCMTGGCTCAG,TGCTGCCTCCCGTAGGAGT,OralCavity,Teeth,Right,Lower,LowerRight,1,Paletal_Mesial,,,,,,,,,,Healthy,,,Sample.297_S1_V2_LR1_Paletal
Sample.298.22298,,,EXP-22-BO2801,22298,ORL_UOB_2020,Birmingham_site_specific_sampling_study,,No,,29_09_2021,England,Birmingham,S1,,,,,,,,,,,,,None,None,None,2,Follow_up,16S,Plaque,V1-V2,Illumina,AGAGTTTGATCMTGGCTCAG,TGCTGCCTCCCGTAGGAGT,OralCavity,Teeth,Left,Lower,LowerLeft,1,Buccal_Distal,,,,,,,,,,Healthy,,,Sample.298_S1_V2_LL1_Buccal
Sample.299.22299,,,EXP-22-BO2801,22299,ORL_UOB_2020,Birmingham_site_specific_sampling_study,,No,,29_09_2021,England,Birmingham,S1,,,,,,,,,,,,,None,None,None,2,Follow_up,16S,Plaque,V1-V2,Illumina,AGAGTTTGATCMTGGCTCAG,TGCTGCCTCCCGTAGGAGT,OralCavity,Teeth,Left,Lower,LowerLeft,1,Buccal_Middle,,,,,,,,,,Healthy,,,Sample.299_S1_V2_LL1_Buccal
Sample.300.22300,,,EXP-22-BO2801,22300,ORL_UOB_2020,Birmingham_site_specific_sampling_study,,No,,29_09_2021,England,Birmingham,S1,,,,,,,,,,,,,None,None,None,2,Follow_up,16S,Plaque,V1-V2,Illumina,AGAGTTTGATCMTGGCTCAG,TGCTGCCTCCCGTAGGAGT,OralCavity,Teeth,Left,Lower,LowerLeft,1,Buccal_Mesial,,,,,,,,,,Healthy,,,Sample.300_S1_V2_LL1_Buccal
Sample.301.22301,,,EXP-22-BO2801,22301,ORL_UOB_2020,Birmingham_site_specific_sampling_study,,No,,29_09_2021,England,Birmingham,S1,,,,,,,,,,,,,None,None,None,2,Follow_up,16S,Plaque,V1-V2,Illumina,AGAGTTTGATCMTGGCTCAG,TGCTGCCTCCCGTAGGAGT,OralCavity,Teeth,Left,Lower,LowerLeft,1,Paletal_Distal,,,,,,,,,,Healthy,,,Sample.301_S1_V2_LL1_Paletal
Sample.302.22302,,,EXP-22-BO2801,22302,ORL_UOB_2020,Birmingham_site_specific_sampling_study,,No,,29_09_2021,England,Birmingham,S1,,,,,,,,,,,,,None,None,None,2,Follow_up,16S,Plaque,V1-V2,Illumina,AGAGTTTGATCMTGGCTCAG,TGCTGCCTCCCGTAGGAGT,OralCavity,Teeth,Left,Lower,LowerLeft,1,Paletal_Middle,,,,,,,,,,Healthy,,,Sample.302_S1_V2_LL1_Paletal
Sample.303.22303,,,EXP-22-BO2801,22303,ORL_UOB_2020,Birmingham_site_specific_sampling_study,,No,,29_09_2021,England,Birmingham,S1,,,,,,,,,,,,,None,None,None,2,Follow_up,16S,Plaque,V1-V2,Illumina,AGAGTTTGATCMTGGCTCAG,TGCTGCCTCCCGTAGGAGT,OralCavity,Teeth,Left,Lower,LowerLeft,1,Paletal_Mesial,,,,,,,,,,Healthy,,,Sample.303_S1_V2_LL1_Paletal
Sample.304.22304,,,EXP-22-BO2801,22304,ORL_UOB_2020,Birmingham_site_specific_sampling_study,,No,,29_09_2021,England,Birmingham,S1,,,,,,,,,,,,,None,None,None,2,Follow_up,16S,Plaque,V1-V2,Illumina,AGAGTTTGATCMTGGCTCAG,TGCTGCCTCCCGTAGGAGT,OralCavity,Teeth,Left,Lower,LowerLeft,2,Buccal_Distal,,,,,,,,,,Healthy,,,Sample.304_S1_V2_LL2_Buccal
Sample.305.22305,,,EXP-22-BO2801,22305,ORL_UOB_2020,Birmingham_site_specific_sampling_study,,No,,29_09_2021,England,Birmingham,S1,,,,,,,,,,,,,None,None,None,2,Follow_up,16S,Plaque,V1-V2,Illumina,AGAGTTTGATCMTGGCTCAG,TGCTGCCTCCCGTAGGAGT,OralCavity,Teeth,Left,Lower,LowerLeft,2,Buccal_Middle,,,,,,,,,,Healthy,,,Sample.305_S1_V2_LL2_Buccal
Sample.306.22306,,,EXP-22-BO2801,22306,ORL_UOB_2020,Birmingham_site_specific_sampling_study,,No,,29_09_2021,England,Birmingham,S1,,,,,,,,,,,,,None,None,None,2,Follow_up,16S,Plaque,V1-V2,Illumina,AGAGTTTGATCMTGGCTCAG,TGCTGCCTCCCGTAGGAGT,OralCavity,Teeth,Left,Lower,LowerLeft,2,Buccal_Mesial,,,,,,,,,,Healthy,,,Sample.306_S1_V2_LL2_Buccal
Sample.307.22307,,,EXP-22-BO2801,22307,ORL_UOB_2020,Birmingham_site_specific_sampling_study,,No,,29_09_2021,England,Birmingham,S1,,,,,,,,,,,,,None,None,None,2,Follow_up,16S,Plaque,V1-V2,Illumina,AGAGTTTGATCMTGGCTCAG,TGCTGCCTCCCGTAGGAGT,OralCavity,Teeth,Left,Lower,LowerLeft,2,Paletal_Distal,,,,,,,,,,Healthy,,,Sample.307_S1_V2_LL2_Paletal
Sample.308.22308,,,EXP-22-BO2801,22308,ORL_UOB_2020,Birmingham_site_specific_sampling_study,,No,,29_09_2021,England,Birmingham,S1,,,,,,,,,,,,,None,None,None,2,Follow_up,16S,Plaque,V1-V2,Illumina,AGAGTTTGATCMTGGCTCAG,TGCTGCCTCCCGTAGGAGT,OralCavity,Teeth,Left,Lower,LowerLeft,2,Paletal_Middle,,,,,,,,,,Healthy,,,Sample.308_S1_V2_LL2_Paletal
Sample.309.22309,,,EXP-22-BO2801,22309,ORL_UOB_2020,Birmingham_site_specific_sampling_study,,No,,29_09_2021,England,Birmingham,S1,,,,,,,,,,,,,None,None,None,2,Follow_up,16S,Plaque,V1-V2,Illumina,AGAGTTTGATCMTGGCTCAG,TGCTGCCTCCCGTAGGAGT,OralCavity,Teeth,Left,Lower,LowerLeft,2,Paletal_Mesial,,,,,,,,,,Healthy,,,Sample.309_S1_V2_LL2_Paletal
Sample.310.22310,,,EXP-22-BO2801,22310,ORL_UOB_2020,Birmingham_site_specific_sampling_study,,No,,29_09_2021,England,Birmingham,S1,,,,,,,,,,,,,None,None,None,2,Follow_up,16S,Plaque,V1-V2,Illumina,AGAGTTTGATCMTGGCTCAG,TGCTGCCTCCCGTAGGAGT,OralCavity,Teeth,Left,Lower,LowerLeft,3,Buccal_Distal,,,,,,,,,,Healthy,,,Sample.310_S1_V2_LL3_Buccal
Sample.311.22311,,,EXP-22-BO2801,22311,ORL_UOB_2020,Birmingham_site_specific_sampling_study,,No,,29_09_2021,England,Birmingham,S1,,,,,,,,,,,,,None,None,None,2,Follow_up,16S,Plaque,V1-V2,Illumina,AGAGTTTGATCMTGGCTCAG,TGCTGCCTCCCGTAGGAGT,OralCavity,Teeth,Left,Lower,LowerLeft,3,Buccal_Middle,,,,,,,,,,Healthy,,,Sample.311_S1_V2_LL3_Buccal
Sample.312.22312,,,EXP-22-BO2801,22312,ORL_UOB_2020,Birmingham_site_specific_sampling_study,,No,,29_09_2021,England,Birmingham,S1,,,,,,,,,,,,,None,None,None,2,Follow_up,16S,Plaque,V1-V2,Illumina,AGAGTTTGATCMTGGCTCAG,TGCTGCCTCCCGTAGGAGT,OralCavity,Teeth,Left,Lower,LowerLeft,3,Buccal_Mesial,,,,,,,,,,Healthy,,,Sample.312_S1_V2_LL3_Buccal
Sample.313.22313,,,EXP-22-BO2801,22313,ORL_UOB_2020,Birmingham_site_specific_sampling_study,,No,,29_09_2021,England,Birmingham,S1,,,,,,,,,,,,,None,None,None,2,Follow_up,16S,Plaque,V1-V2,Illumina,AGAGTTTGATCMTGGCTCAG,TGCTGCCTCCCGTAGGAGT,OralCavity,Teeth,Left,Lower,LowerLeft,3,Paletal_Distal,,,,,,,,,,Healthy,,,Sample.313_S1_V2_LL3_Paletal
Sample.314.22314,,,EXP-22-BO2801,22314,ORL_UOB_2020,Birmingham_site_specific_sampling_study,,No,,29_09_2021,England,Birmingham,S1,,,,,,,,,,,,,None,None,None,2,Follow_up,16S,Plaque,V1-V2,Illumina,AGAGTTTGATCMTGGCTCAG,TGCTGCCTCCCGTAGGAGT,OralCavity,Teeth,Left,Lower,LowerLeft,3,Paletal_Middle,,,,,,,,,,Healthy,,,Sample.314_S1_V2_LL3_Paletal
Sample.315.22315,,,EXP-22-BO2801,22315,ORL_UOB_2020,Birmingham_site_specific_sampling_study,,No,,29_09_2021,England,Birmingham,S1,,,,,,,,,,,,,None,None,None,2,Follow_up,16S,Plaque,V1-V2,Illumina,AGAGTTTGATCMTGGCTCAG,TGCTGCCTCCCGTAGGAGT,OralCavity,Teeth,Left,Lower,LowerLeft,3,Paletal_Mesial,,,,,,,,,,Healthy,,,Sample.315_S1_V2_LL3_Paletal
Sample.316.22316,,,EXP-22-BO2801,22316,ORL_UOB_2020,Birmingham_site_specific_sampling_study,,No,,29_09_2021,England,Birmingham,S1,,,,,,,,,,,,,None,None,None,2,Follow_up,16S,Plaque,V1-V2,Illumina,AGAGTTTGATCMTGGCTCAG,TGCTGCCTCCCGTAGGAGT,OralCavity,Teeth,Left,Lower,LowerLeft,4,Buccal_Distal,,,,,,,,,,Healthy,,,Sample.316_S1_V2_LL4_Buccal
Sample.317.22317,,,EXP-22-BO2801,22317,ORL_UOB_2020,Birmingham_site_specific_sampling_study,,No,,29_09_2021,England,Birmingham,S1,,,,,,,,,,,,,None,None,None,2,Follow_up,16S,Plaque,V1-V2,Illumina,AGAGTTTGATCMTGGCTCAG,TGCTGCCTCCCGTAGGAGT,OralCavity,Teeth,Left,Lower,LowerLeft,4,Buccal_Middle,,,,,,,,,,Healthy,,,Sample.317_S1_V2_LL4_Buccal
Sample.318.22318,,,EXP-22-BO2801,22318,ORL_UOB_2020,Birmingham_site_specific_sampling_study,,No,,29_09_2021,England,Birmingham,S1,,,,,,,,,,,,,None,None,None,2,Follow_up,16S,Plaque,V1-V2,Illumina,AGAGTTTGATCMTGGCTCAG,TGCTGCCTCCCGTAGGAGT,OralCavity,Teeth,Left,Lower,LowerLeft,4,Buccal_Mesial,,,,,,,,,,Healthy,,,Sample.318_S1_V2_LL4_Buccal
Sample.319.22319,,,EXP-22-BO2801,22319,ORL_UOB_2020,Birmingham_site_specific_sampling_study,,No,,29_09_2021,England,Birmingham,S1,,,,,,,,,,,,,None,None,None,2,Follow_up,16S,Plaque,V1-V2,Illumina,AGAGTTTGATCMTGGCTCAG,TGCTGCCTCCCGTAGGAGT,OralCavity,Teeth,Left,Lower,LowerLeft,4,Paletal_Distal,,,,,,,,,,Healthy,,,Sample.319_S1_V2_LL4_Paletal
Sample.320.22320,,,EXP-22-BO2801,22320,ORL_UOB_2020,Birmingham_site_specific_sampling_study,,No,,29_09_2021,England,Birmingham,S1,,,,,,,,,,,,,None,None,None,2,Follow_up,16S,Plaque,V1-V2,Illumina,AGAGTTTGATCMTGGCTCAG,TGCTGCCTCCCGTAGGAGT,OralCavity,Teeth,Left,Lower,LowerLeft,4,Paletal_Middle,,,,,,,,,,Healthy,,,Sample.320_S1_V2_LL4_Paletal
Sample.321.22321,,,EXP-22-BO2801,22321,ORL_UOB_2020,Birmingham_site_specific_sampling_study,,No,,29_09_2021,England,Birmingham,S1,,,,,,,,,,,,,None,None,None,2,Follow_up,16S,Plaque,V1-V2,Illumina,AGAGTTTGATCMTGGCTCAG,TGCTGCCTCCCGTAGGAGT,OralCavity,Teeth,Left,Lower,LowerLeft,4,Paletal_Mesial,,,,,,,,,,Healthy,,,Sample.321_S1_V2_LL4_Paletal
Sample.322.22322,,,EXP-22-BO2801,22322,ORL_UOB_2020,Birmingham_site_specific_sampling_study,,No,,29_09_2021,England,Birmingham,S1,,,,,,,,,,,,,None,None,None,2,Follow_up,16S,Plaque,V1-V2,Illumina,AGAGTTTGATCMTGGCTCAG,TGCTGCCTCCCGTAGGAGT,OralCavity,Teeth,Left,Lower,LowerLeft,5,Buccal_Distal,,,,,,,,,,Healthy,,,Sample.322_S1_V2_LL5_Buccal
Sample.323.22323,,,EXP-22-BO2801,22323,ORL_UOB_2020,Birmingham_site_specific_sampling_study,,No,,29_09_2021,England,Birmingham,S1,,,,,,,,,,,,,None,None,None,2,Follow_up,16S,Plaque,V1-V2,Illumina,AGAGTTTGATCMTGGCTCAG,TGCTGCCTCCCGTAGGAGT,OralCavity,Teeth,Left,Lower,LowerLeft,5,Buccal_Middle,,,,,,,,,,Healthy,,,Sample.323_S1_V2_LL5_Buccal
Sample.324.22324,,,EXP-22-BO2801,22324,ORL_UOB_2020,Birmingham_site_specific_sampling_study,,No,,29_09_2021,England,Birmingham,S1,,,,,,,,,,,,,None,None,None,2,Follow_up,16S,Plaque,V1-V2,Illumina,AGAGTTTGATCMTGGCTCAG,TGCTGCCTCCCGTAGGAGT,OralCavity,Teeth,Left,Lower,LowerLeft,5,Buccal_Mesial,,,,,,,,,,Healthy,,,Sample.324_S1_V2_LL5_Buccal
Sample.325.22325,,,EXP-22-BO2801,22325,ORL_UOB_2020,Birmingham_site_specific_sampling_study,,No,,29_09_2021,England,Birmingham,S1,,,,,,,,,,,,,None,None,None,2,Follow_up,16S,Plaque,V1-V2,Illumina,AGAGTTTGATCMTGGCTCAG,TGCTGCCTCCCGTAGGAGT,OralCavity,Teeth,Left,Lower,LowerLeft,5,Paletal_Distal,,,,,,,,,,Healthy,,,Sample.325_S1_V2_LL5_Paletal
Sample.326.22326,,,EXP-22-BO2801,22326,ORL_UOB_2020,Birmingham_site_specific_sampling_study,,No,,29_09_2021,England,Birmingham,S1,,,,,,,,,,,,,None,None,None,2,Follow_up,16S,Plaque,V1-V2,Illumina,AGAGTTTGATCMTGGCTCAG,TGCTGCCTCCCGTAGGAGT,OralCavity,Teeth,Left,Lower,LowerLeft,5,Paletal_Middle,,,,,,,,,,Healthy,,,Sample.326_S1_V2_LL5_Paletal
Sample.327.22327,,,EXP-22-BO2801,22327,ORL_UOB_2020,Birmingham_site_specific_sampling_study,,No,,29_09_2021,England,Birmingham,S1,,,,,,,,,,,,,None,None,None,2,Follow_up,16S,Plaque,V1-V2,Illumina,AGAGTTTGATCMTGGCTCAG,TGCTGCCTCCCGTAGGAGT,OralCavity,Teeth,Left,Lower,LowerLeft,5,Paletal_Mesial,,,,,,,,,,Healthy,,,Sample.327_S1_V2_LL5_Paletal
Sample.328.22328,,,EXP-22-BO2801,22328,ORL_UOB_2020,Birmingham_site_specific_sampling_study,,No,,29_09_2021,England,Birmingham,S1,,,,,,,,,,,,,None,None,None,2,Follow_up,16S,Plaque,V1-V2,Illumina,AGAGTTTGATCMTGGCTCAG,TGCTGCCTCCCGTAGGAGT,OralCavity,Teeth,Left,Lower,LowerLeft,6,Buccal_Distal,,,,,,,,,,Healthy,,,Sample.328_S1_V2_LL6_Buccal
Sample.329.22329,,,EXP-22-BO2801,22329,ORL_UOB_2020,Birmingham_site_specific_sampling_study,,No,,29_09_2021,England,Birmingham,S1,,,,,,,,,,,,,None,None,None,2,Follow_up,16S,Plaque,V1-V2,Illumina,AGAGTTTGATCMTGGCTCAG,TGCTGCCTCCCGTAGGAGT,OralCavity,Teeth,Left,Lower,LowerLeft,6,Buccal_Middle,,,,,,,,,,Healthy,,,Sample.329_S1_V2_LL6_Buccal
Sample.330.22330,,,EXP-22-BO2801,22330,ORL_UOB_2020,Birmingham_site_specific_sampling_study,,No,,29_09_2021,England,Birmingham,S1,,,,,,,,,,,,,None,None,None,2,Follow_up,16S,Plaque,V1-V2,Illumina,AGAGTTTGATCMTGGCTCAG,TGCTGCCTCCCGTAGGAGT,OralCavity,Teeth,Left,Lower,LowerLeft,6,Buccal_Mesial,,,,,,,,,,Healthy,,,Sample.330_S1_V2_LL6_Buccal
Sample.331.22331,,,EXP-22-BO2801,22331,ORL_UOB_2020,Birmingham_site_specific_sampling_study,,No,,29_09_2021,England,Birmingham,S1,,,,,,,,,,,,,None,None,None,2,Follow_up,16S,Plaque,V1-V2,Illumina,AGAGTTTGATCMTGGCTCAG,TGCTGCCTCCCGTAGGAGT,OralCavity,Teeth,Left,Lower,LowerLeft,6,Paletal_Distal,,,,,,,,,,Healthy,,,Sample.331_S1_V2_LL6_Paletal
Sample.332.22332,,,EXP-22-BO2801,22332,ORL_UOB_2020,Birmingham_site_specific_sampling_study,,No,,29_09_2021,England,Birmingham,S1,,,,,,,,,,,,,None,None,None,2,Follow_up,16S,Plaque,V1-V2,Illumina,AGAGTTTGATCMTGGCTCAG,TGCTGCCTCCCGTAGGAGT,OralCavity,Teeth,Left,Lower,LowerLeft,6,Paletal_Middle,,,,,,,,,,Healthy,,,Sample.332_S1_V2_LL6_Paletal
Sample.333.22333,,,EXP-22-BO2801,22333,ORL_UOB_2020,Birmingham_site_specific_sampling_study,,No,,29_09_2021,England,Birmingham,S1,,,,,,,,,,,,,None,None,None,2,Follow_up,16S,Plaque,V1-V2,Illumina,AGAGTTTGATCMTGGCTCAG,TGCTGCCTCCCGTAGGAGT,OralCavity,Teeth,Left,Lower,LowerLeft,6,Paletal_Mesial,,,,,,,,,,Healthy,,,Sample.333_S1_V2_LL6_Paletal
Sample.334.22334,,,EXP-22-BO2801,22334,ORL_UOB_2020,Birmingham_site_specific_sampling_study,,No,,29_09_2021,England,Birmingham,S1,,,,,,,,,,,,,None,None,None,2,Follow_up,16S,Plaque,V1-V2,Illumina,AGAGTTTGATCMTGGCTCAG,TGCTGCCTCCCGTAGGAGT,OralCavity,Teeth,Left,Lower,LowerLeft,7,Buccal_Distal,,,,,,,,,,Healthy,,,Sample.334_S1_V2_LL7_Buccal
Sample.335.22335,,,EXP-22-BO2801,22335,ORL_UOB_2020,Birmingham_site_specific_sampling_study,,No,,29_09_2021,England,Birmingham,S1,,,,,,,,,,,,,None,None,None,2,Follow_up,16S,Plaque,V1-V2,Illumina,AGAGTTTGATCMTGGCTCAG,TGCTGCCTCCCGTAGGAGT,OralCavity,Teeth,Left,Lower,LowerLeft,7,Buccal_Middle,,,,,,,,,,Healthy,,,Sample.335_S1_V2_LL7_Buccal
Sample.336.22336,,,EXP-22-BO2801,22336,ORL_UOB_2020,Birmingham_site_specific_sampling_study,,No,,29_09_2021,England,Birmingham,S1,,,,,,,,,,,,,None,None,None,2,Follow_up,16S,Plaque,V1-V2,Illumina,AGAGTTTGATCMTGGCTCAG,TGCTGCCTCCCGTAGGAGT,OralCavity,Teeth,Left,Lower,LowerLeft,7,Buccal_Mesial,,,,,,,,,,Healthy,,,Sample.336_S1_V2_LL7_Buccal
Sample.337.22337,,,EXP-22-BO2801,22337,ORL_UOB_2020,Birmingham_site_specific_sampling_study,,No,,29_09_2021,England,Birmingham,S1,,,,,,,,,,,,,None,None,None,2,Follow_up,16S,Plaque,V1-V2,Illumina,AGAGTTTGATCMTGGCTCAG,TGCTGCCTCCCGTAGGAGT,OralCavity,Teeth,Left,Lower,LowerLeft,7,Paletal_Distal,,,,,,,,,,Healthy,,,Sample.337_S1_V2_LL7_Paletal
Sample.338.22338,,,EXP-22-BO2801,22338,ORL_UOB_2020,Birmingham_site_specific_sampling_study,,No,,29_09_2021,England,Birmingham,S1,,,,,,,,,,,,,None,None,None,2,Follow_up,16S,Plaque,V1-V2,Illumina,AGAGTTTGATCMTGGCTCAG,TGCTGCCTCCCGTAGGAGT,OralCavity,Teeth,Left,Lower,LowerLeft,7,Paletal_Middle,,,,,,,,,,Healthy,,,Sample.338_S1_V2_LL7_Paletal
Sample.339.22339,,,EXP-22-BO2801,22339,ORL_UOB_2020,Birmingham_site_specific_sampling_study,,No,,29_09_2021,England,Birmingham,S1,,,,,,,,,,,,,None,None,None,2,Follow_up,16S,Plaque,V1-V2,Illumina,AGAGTTTGATCMTGGCTCAG,TGCTGCCTCCCGTAGGAGT,OralCavity,Teeth,Left,Lower,LowerLeft,7,Paletal_Mesial,,,,,,,,,,Healthy,,,Sample.339_S1_V2_LL7_Paletal
Sample.340.22340,,,EXP-22-BO2801,22340,ORL_UOB_2020,Birmingham_site_specific_sampling_study,,Yes,NegativeControl,29_09_2021,England,Birmingham,S1,NA,NA,NA,NA,NA,NA,NA,NA,NA,NA,NA,NA,NA,NA,NA,NA,NA,16S,NA,V1-V2,Illumina,AGAGTTTGATCMTGGCTCAG,TGCTGCCTCCCGTAGGAGT,OralCavity,NA,NA,NA,NA,NA,NA,NA,,,,,,,,,NA,,,Sample.340_NC_NC_NC_NC
Sample.341.22341,,,EXP-22-BO2801,22341,ORL_UOB_2020,Birmingham_site_specific_sampling_study,,No,,30_09_2020,England,Birmingham,S2,,,,,,,,,,,,,None,None,None,1,Baseline,16S,Plaque,V1-V2,Illumina,AGAGTTTGATCMTGGCTCAG,TGCTGCCTCCCGTAGGAGT,OralCavity,Teeth,Right,Upper,UpperRight,7,Buccal_Distal,,,,,,,,,,Healthy,,,Sample.341_S2_V1_UR7_Buccal
Sample.342.22342,,,EXP-22-BO2801,22342,ORL_UOB_2020,Birmingham_site_specific_sampling_study,,No,,30_09_2020,England,Birmingham,S2,,,,,,,,,,,,,None,None,None,1,Baseline,16S,Plaque,V1-V2,Illumina,AGAGTTTGATCMTGGCTCAG,TGCTGCCTCCCGTAGGAGT,OralCavity,Teeth,Right,Upper,UpperRight,7,Buccal_Middle,,,,,,,,,,Healthy,,,Sample.342_S2_V1_UR7_Buccal
Sample.343.22343,,,EXP-22-BO2801,22343,ORL_UOB_2020,Birmingham_site_specific_sampling_study,,No,,30_09_2020,England,Birmingham,S2,,,,,,,,,,,,,None,None,None,1,Baseline,16S,Plaque,V1-V2,Illumina,AGAGTTTGATCMTGGCTCAG,TGCTGCCTCCCGTAGGAGT,OralCavity,Teeth,Right,Upper,UpperRight,7,Buccal_Mesial,,,,,,,,,,Healthy,,,Sample.343_S2_V1_UR7_Buccal
Sample.344.22344,,,EXP-22-BO2801,22344,ORL_UOB_2020,Birmingham_site_specific_sampling_study,,No,,30_09_2020,England,Birmingham,S2,,,,,,,,,,,,,None,None,None,1,Baseline,16S,Plaque,V1-V2,Illumina,AGAGTTTGATCMTGGCTCAG,TGCTGCCTCCCGTAGGAGT,OralCavity,Teeth,Right,Upper,UpperRight,7,Paletal_Distal,,,,,,,,,,Healthy,,,Sample.344_S2_V1_UR7_Paletal
Sample.345.22345,,,EXP-22-BO2801,22345,ORL_UOB_2020,Birmingham_site_specific_sampling_study,,No,,30_09_2020,England,Birmingham,S2,,,,,,,,,,,,,None,None,None,1,Baseline,16S,Plaque,V1-V2,Illumina,AGAGTTTGATCMTGGCTCAG,TGCTGCCTCCCGTAGGAGT,OralCavity,Teeth,Right,Upper,UpperRight,7,Paletal_Middle,,,,,,,,,,Healthy,,,Sample.345_S2_V1_UR7_Paletal
Sample.346.22346,,,EXP-22-BO2801,22346,ORL_UOB_2020,Birmingham_site_specific_sampling_study,,No,,30_09_2020,England,Birmingham,S2,,,,,,,,,,,,,None,None,None,1,Baseline,16S,Plaque,V1-V2,Illumina,AGAGTTTGATCMTGGCTCAG,TGCTGCCTCCCGTAGGAGT,OralCavity,Teeth,Right,Upper,UpperRight,7,Paletal_Mesial,,,,,,,,,,Healthy,,,Sample.346_S2_V1_UR7_Paletal
Sample.347.22347,,,EXP-22-BO2801,22347,ORL_UOB_2020,Birmingham_site_specific_sampling_study,,No,,30_09_2020,England,Birmingham,S2,,,,,,,,,,,,,None,None,None,1,Baseline,16S,Plaque,V1-V2,Illumina,AGAGTTTGATCMTGGCTCAG,TGCTGCCTCCCGTAGGAGT,OralCavity,Teeth,Right,Upper,UpperRight,6,Buccal_Distal,,,,,,,,,,Healthy,,,Sample.347_S2_V1_UR6_Buccal
Sample.348.22348,,,EXP-22-BO2801,22348,ORL_UOB_2020,Birmingham_site_specific_sampling_study,,No,,30_09_2020,England,Birmingham,S2,,,,,,,,,,,,,None,None,None,1,Baseline,16S,Plaque,V1-V2,Illumina,AGAGTTTGATCMTGGCTCAG,TGCTGCCTCCCGTAGGAGT,OralCavity,Teeth,Right,Upper,UpperRight,6,Buccal_Middle,,,,,,,,,,Healthy,,,Sample.348_S2_V1_UR6_Buccal
Sample.349.22349,,,EXP-22-BO2801,22349,ORL_UOB_2020,Birmingham_site_specific_sampling_study,,No,,30_09_2020,England,Birmingham,S2,,,,,,,,,,,,,None,None,None,1,Baseline,16S,Plaque,V1-V2,Illumina,AGAGTTTGATCMTGGCTCAG,TGCTGCCTCCCGTAGGAGT,OralCavity,Teeth,Right,Upper,UpperRight,6,Buccal_Mesial,,,,,,,,,,Healthy,,,Sample.349_S2_V1_UR6_Buccal
Sample.350.22350,,,EXP-22-BO2801,22350,ORL_UOB_2020,Birmingham_site_specific_sampling_study,,No,,30_09_2020,England,Birmingham,S2,,,,,,,,,,,,,None,None,None,1,Baseline,16S,Plaque,V1-V2,Illumina,AGAGTTTGATCMTGGCTCAG,TGCTGCCTCCCGTAGGAGT,OralCavity,Teeth,Right,Upper,UpperRight,6,Paletal_Distal,,,,,,,,,,Healthy,,,Sample.350_S2_V1_UR6_Paletal
Sample.351.22351,,,EXP-22-BO2801,22351,ORL_UOB_2020,Birmingham_site_specific_sampling_study,,No,,30_09_2020,England,Birmingham,S2,,,,,,,,,,,,,None,None,None,1,Baseline,16S,Plaque,V1-V2,Illumina,AGAGTTTGATCMTGGCTCAG,TGCTGCCTCCCGTAGGAGT,OralCavity,Teeth,Right,Upper,UpperRight,6,Paletal_Middle,,,,,,,,,,Healthy,,,Sample.351_S2_V1_UR6_Paletal
Sample.352.22352,,,EXP-22-BO2801,22352,ORL_UOB_2020,Birmingham_site_specific_sampling_study,,No,,30_09_2020,England,Birmingham,S2,,,,,,,,,,,,,None,None,None,1,Baseline,16S,Plaque,V1-V2,Illumina,AGAGTTTGATCMTGGCTCAG,TGCTGCCTCCCGTAGGAGT,OralCavity,Teeth,Right,Upper,UpperRight,6,Paletal_Mesial,,,,,,,,,,Healthy,,,Sample.352_S2_V1_UR6_Paletal
Sample.353.22353,,,EXP-22-BO2801,22353,ORL_UOB_2020,Birmingham_site_specific_sampling_study,,No,,30_09_2020,England,Birmingham,S2,,,,,,,,,,,,,None,None,None,1,Baseline,16S,Plaque,V1-V2,Illumina,AGAGTTTGATCMTGGCTCAG,TGCTGCCTCCCGTAGGAGT,OralCavity,Teeth,Right,Upper,UpperRight,5,Buccal_Distal,,,,,,,,,,Healthy,,,Sample.353_S2_V1_UR5_Buccal
Sample.354.22354,,,EXP-22-BO2801,22354,ORL_UOB_2020,Birmingham_site_specific_sampling_study,,No,,30_09_2020,England,Birmingham,S2,,,,,,,,,,,,,None,None,None,1,Baseline,16S,Plaque,V1-V2,Illumina,AGAGTTTGATCMTGGCTCAG,TGCTGCCTCCCGTAGGAGT,OralCavity,Teeth,Right,Upper,UpperRight,5,Buccal_Middle,,,,,,,,,,Healthy,,,Sample.354_S2_V1_UR5_Buccal
Sample.355.22355,,,EXP-22-BO2801,22355,ORL_UOB_2020,Birmingham_site_specific_sampling_study,,No,,30_09_2020,England,Birmingham,S2,,,,,,,,,,,,,None,None,None,1,Baseline,16S,Plaque,V1-V2,Illumina,AGAGTTTGATCMTGGCTCAG,TGCTGCCTCCCGTAGGAGT,OralCavity,Teeth,Right,Upper,UpperRight,5,Buccal_Mesial,,,,,,,,,,Healthy,,,Sample.355_S2_V1_UR5_Buccal
Sample.356.22356,,,EXP-22-BO2801,22356,ORL_UOB_2020,Birmingham_site_specific_sampling_study,,No,,30_09_2020,England,Birmingham,S2,,,,,,,,,,,,,None,None,None,1,Baseline,16S,Plaque,V1-V2,Illumina,AGAGTTTGATCMTGGCTCAG,TGCTGCCTCCCGTAGGAGT,OralCavity,Teeth,Right,Upper,UpperRight,5,Paletal_Distal,,,,,,,,,,Healthy,,,Sample.356_S2_V1_UR5_Paletal
Sample.357.22357,,,EXP-22-BO2801,22357,ORL_UOB_2020,Birmingham_site_specific_sampling_study,,No,,30_09_2020,England,Birmingham,S2,,,,,,,,,,,,,None,None,None,1,Baseline,16S,Plaque,V1-V2,Illumina,AGAGTTTGATCMTGGCTCAG,TGCTGCCTCCCGTAGGAGT,OralCavity,Teeth,Right,Upper,UpperRight,5,Paletal_Middle,,,,,,,,,,Healthy,,,Sample.357_S2_V1_UR5_Paletal
Sample.358.22358,,,EXP-22-BO2801,22358,ORL_UOB_2020,Birmingham_site_specific_sampling_study,,No,,30_09_2020,England,Birmingham,S2,,,,,,,,,,,,,None,None,None,1,Baseline,16S,Plaque,V1-V2,Illumina,AGAGTTTGATCMTGGCTCAG,TGCTGCCTCCCGTAGGAGT,OralCavity,Teeth,Right,Upper,UpperRight,5,Paletal_Mesial,,,,,,,,,,Healthy,,,Sample.358_S2_V1_UR5_Paletal
Sample.359.22359,,,EXP-22-BO2801,22359,ORL_UOB_2020,Birmingham_site_specific_sampling_study,,No,,30_09_2020,England,Birmingham,S2,,,,,,,,,,,,,None,None,None,1,Baseline,16S,Plaque,V1-V2,Illumina,AGAGTTTGATCMTGGCTCAG,TGCTGCCTCCCGTAGGAGT,OralCavity,Teeth,Right,Upper,UpperRight,4,Paletal_Mesial,,,,,,,,,,Healthy,,,Sample.359_S2_V1_UR4_Paletal
Sample.360.22360,,,EXP-22-BO2801,22360,ORL_UOB_2020,Birmingham_site_specific_sampling_study,,No,,30_09_2020,England,Birmingham,S2,,,,,,,,,,,,,None,None,None,1,Baseline,16S,Plaque,V1-V2,Illumina,AGAGTTTGATCMTGGCTCAG,TGCTGCCTCCCGTAGGAGT,OralCavity,Teeth,Right,Upper,UpperRight,3,Buccal_Distal,,,,,,,,,,Healthy,,,Sample.360_S2_V1_UR3_Buccal
Sample.361.22361,,,EXP-22-BO2801,22361,ORL_UOB_2020,Birmingham_site_specific_sampling_study,,No,,30_09_2020,England,Birmingham,S2,,,,,,,,,,,,,None,None,None,1,Baseline,16S,Plaque,V1-V2,Illumina,AGAGTTTGATCMTGGCTCAG,TGCTGCCTCCCGTAGGAGT,OralCavity,Teeth,Right,Upper,UpperRight,3,Buccal_Middle,,,,,,,,,,Healthy,,,Sample.361_S2_V1_UR3_Buccal
Sample.362.22362,,,EXP-22-BO2801,22362,ORL_UOB_2020,Birmingham_site_specific_sampling_study,,No,,30_09_2020,England,Birmingham,S2,,,,,,,,,,,,,None,None,None,1,Baseline,16S,Plaque,V1-V2,Illumina,AGAGTTTGATCMTGGCTCAG,TGCTGCCTCCCGTAGGAGT,OralCavity,Teeth,Right,Upper,UpperRight,3,Buccal_Mesial,,,,,,,,,,Healthy,,,Sample.362_S2_V1_UR3_Buccal
Sample.363.22363,,,EXP-22-BO2801,22363,ORL_UOB_2020,Birmingham_site_specific_sampling_study,,No,,30_09_2020,England,Birmingham,S2,,,,,,,,,,,,,None,None,None,1,Baseline,16S,Plaque,V1-V2,Illumina,AGAGTTTGATCMTGGCTCAG,TGCTGCCTCCCGTAGGAGT,OralCavity,Teeth,Right,Upper,UpperRight,3,Paletal_Distal,,,,,,,,,,Healthy,,,Sample.363_S2_V1_UR3_Paletal
Sample.364.22364,,,EXP-22-BO2801,22364,ORL_UOB_2020,Birmingham_site_specific_sampling_study,,No,,30_09_2020,England,Birmingham,S2,,,,,,,,,,,,,None,None,None,1,Baseline,16S,Plaque,V1-V2,Illumina,AGAGTTTGATCMTGGCTCAG,TGCTGCCTCCCGTAGGAGT,OralCavity,Teeth,Right,Upper,UpperRight,3,Paletal_Middle,,,,,,,,,,Healthy,,,Sample.364_S2_V1_UR3_Paletal
Sample.365.22365,,,EXP-22-BO2801,22365,ORL_UOB_2020,Birmingham_site_specific_sampling_study,,No,,30_09_2020,England,Birmingham,S2,,,,,,,,,,,,,None,None,None,1,Baseline,16S,Plaque,V1-V2,Illumina,AGAGTTTGATCMTGGCTCAG,TGCTGCCTCCCGTAGGAGT,OralCavity,Teeth,Right,Upper,UpperRight,3,Paletal_Mesial,,,,,,,,,,Healthy,,,Sample.365_S2_V1_UR3_Paletal
Sample.366.22366,,,EXP-22-BO2801,22366,ORL_UOB_2020,Birmingham_site_specific_sampling_study,,No,,30_09_2020,England,Birmingham,S2,,,,,,,,,,,,,None,None,None,1,Baseline,16S,Plaque,V1-V2,Illumina,AGAGTTTGATCMTGGCTCAG,TGCTGCCTCCCGTAGGAGT,OralCavity,Teeth,Right,Upper,UpperRight,2,Buccal_Distal,,,,,,,,,,Healthy,,,Sample.366_S2_V1_UR2_Buccal
Sample.367.22367,,,EXP-22-BO2801,22367,ORL_UOB_2020,Birmingham_site_specific_sampling_study,,No,,30_09_2020,England,Birmingham,S2,,,,,,,,,,,,,None,None,None,1,Baseline,16S,Plaque,V1-V2,Illumina,AGAGTTTGATCMTGGCTCAG,TGCTGCCTCCCGTAGGAGT,OralCavity,Teeth,Right,Upper,UpperRight,2,Buccal_Middle,,,,,,,,,,Healthy,,,Sample.367_S2_V1_UR2_Buccal
Sample.368.22368,,,EXP-22-BO2801,22368,ORL_UOB_2020,Birmingham_site_specific_sampling_study,,No,,30_09_2020,England,Birmingham,S2,,,,,,,,,,,,,None,None,None,1,Baseline,16S,Plaque,V1-V2,Illumina,AGAGTTTGATCMTGGCTCAG,TGCTGCCTCCCGTAGGAGT,OralCavity,Teeth,Right,Upper,UpperRight,2,Buccal_Mesial,,,,,,,,,,Healthy,,,Sample.368_S2_V1_UR2_Buccal
Sample.369.22369,,,EXP-22-BO2801,22369,ORL_UOB_2020,Birmingham_site_specific_sampling_study,,No,,30_09_2020,England,Birmingham,S2,,,,,,,,,,,,,None,None,None,1,Baseline,16S,Plaque,V1-V2,Illumina,AGAGTTTGATCMTGGCTCAG,TGCTGCCTCCCGTAGGAGT,OralCavity,Teeth,Right,Upper,UpperRight,2,Paletal_Distal,,,,,,,,,,Healthy,,,Sample.369_S2_V1_UR2_Paletal
Sample.370.22370,,,EXP-22-BO2801,22370,ORL_UOB_2020,Birmingham_site_specific_sampling_study,,No,,30_09_2020,England,Birmingham,S2,,,,,,,,,,,,,None,None,None,1,Baseline,16S,Plaque,V1-V2,Illumina,AGAGTTTGATCMTGGCTCAG,TGCTGCCTCCCGTAGGAGT,OralCavity,Teeth,Right,Upper,UpperRight,2,Paletal_Middle,,,,,,,,,,Healthy,,,Sample.370_S2_V1_UR2_Paletal
Sample.371.22371,,,EXP-22-BO2801,22371,ORL_UOB_2020,Birmingham_site_specific_sampling_study,,No,,30_09_2020,England,Birmingham,S2,,,,,,,,,,,,,None,None,None,1,Baseline,16S,Plaque,V1-V2,Illumina,AGAGTTTGATCMTGGCTCAG,TGCTGCCTCCCGTAGGAGT,OralCavity,Teeth,Right,Upper,UpperRight,2,Paletal_Mesial,,,,,,,,,,Healthy,,,Sample.371_S2_V1_UR2_Paletal
Sample.372.22372,,,EXP-22-BO2801,22372,ORL_UOB_2020,Birmingham_site_specific_sampling_study,,No,,30_09_2020,England,Birmingham,S2,,,,,,,,,,,,,None,None,None,1,Baseline,16S,Plaque,V1-V2,Illumina,AGAGTTTGATCMTGGCTCAG,TGCTGCCTCCCGTAGGAGT,OralCavity,Teeth,Right,Upper,UpperRight,1,Buccal_Distal,,,,,,,,,,Healthy,,,Sample.372_S2_V1_UR1_Buccal
Sample.373.22373,,,EXP-22-BO2801,22373,ORL_UOB_2020,Birmingham_site_specific_sampling_study,,No,,30_09_2020,England,Birmingham,S2,,,,,,,,,,,,,None,None,None,1,Baseline,16S,Plaque,V1-V2,Illumina,AGAGTTTGATCMTGGCTCAG,TGCTGCCTCCCGTAGGAGT,OralCavity,Teeth,Right,Upper,UpperRight,1,Buccal_Middle,,,,,,,,,,Healthy,,,Sample.373_S2_V1_UR1_Buccal
Sample.374.22374,,,EXP-22-BO2801,22374,ORL_UOB_2020,Birmingham_site_specific_sampling_study,,No,,30_09_2020,England,Birmingham,S2,,,,,,,,,,,,,None,None,None,1,Baseline,16S,Plaque,V1-V2,Illumina,AGAGTTTGATCMTGGCTCAG,TGCTGCCTCCCGTAGGAGT,OralCavity,Teeth,Right,Upper,UpperRight,1,Buccal_Mesial,,,,,,,,,,Healthy,,,Sample.374_S2_V1_UR1_Buccal
Sample.375.22375,,,EXP-22-BO2801,22375,ORL_UOB_2020,Birmingham_site_specific_sampling_study,,No,,30_09_2020,England,Birmingham,S2,,,,,,,,,,,,,None,None,None,1,Baseline,16S,Plaque,V1-V2,Illumina,AGAGTTTGATCMTGGCTCAG,TGCTGCCTCCCGTAGGAGT,OralCavity,Teeth,Right,Upper,UpperRight,1,Paletal_Distal,,,,,,,,,,Healthy,,,Sample.375_S2_V1_UR1_Paletal
Sample.376.22376,,,EXP-22-BO2801,22376,ORL_UOB_2020,Birmingham_site_specific_sampling_study,,No,,30_09_2020,England,Birmingham,S2,,,,,,,,,,,,,None,None,None,1,Baseline,16S,Plaque,V1-V2,Illumina,AGAGTTTGATCMTGGCTCAG,TGCTGCCTCCCGTAGGAGT,OralCavity,Teeth,Right,Upper,UpperRight,1,Paletal_Middle,,,,,,,,,,Healthy,,,Sample.376_S2_V1_UR1_Paletal
Sample.377.22377,,,EXP-22-BO2801,22377,ORL_UOB_2020,Birmingham_site_specific_sampling_study,,No,,30_09_2020,England,Birmingham,S2,,,,,,,,,,,,,None,None,None,1,Baseline,16S,Plaque,V1-V2,Illumina,AGAGTTTGATCMTGGCTCAG,TGCTGCCTCCCGTAGGAGT,OralCavity,Teeth,Right,Upper,UpperRight,1,Paletal_Mesial,,,,,,,,,,Healthy,,,Sample.377_S2_V1_UR1_Paletal
Sample.378.22378,,,EXP-22-BO2801,22378,ORL_UOB_2020,Birmingham_site_specific_sampling_study,,No,,30_09_2020,England,Birmingham,S2,,,,,,,,,,,,,None,None,None,1,Baseline,16S,Plaque,V1-V2,Illumina,AGAGTTTGATCMTGGCTCAG,TGCTGCCTCCCGTAGGAGT,OralCavity,Teeth,Left,Upper,UpperLeft,1,Buccal_Distal,,,,,,,,,,Healthy,,,Sample.378_S2_V1_UL1_Buccal
Sample.379.22379,,,EXP-22-BO2801,22379,ORL_UOB_2020,Birmingham_site_specific_sampling_study,,No,,30_09_2020,England,Birmingham,S2,,,,,,,,,,,,,None,None,None,1,Baseline,16S,Plaque,V1-V2,Illumina,AGAGTTTGATCMTGGCTCAG,TGCTGCCTCCCGTAGGAGT,OralCavity,Teeth,Left,Upper,UpperLeft,1,Buccal_Middle,,,,,,,,,,Healthy,,,Sample.379_S2_V1_UL1_Buccal
Sample.380.22380,,,EXP-22-BO2801,22380,ORL_UOB_2020,Birmingham_site_specific_sampling_study,,No,,30_09_2020,England,Birmingham,S2,,,,,,,,,,,,,None,None,None,1,Baseline,16S,Plaque,V1-V2,Illumina,AGAGTTTGATCMTGGCTCAG,TGCTGCCTCCCGTAGGAGT,OralCavity,Teeth,Left,Upper,UpperLeft,1,Buccal_Mesial,,,,,,,,,,Healthy,,,Sample.380_S2_V1_UL1_Buccal
Sample.381.22381,,,EXP-22-BO2801,22381,ORL_UOB_2020,Birmingham_site_specific_sampling_study,,No,,30_09_2020,England,Birmingham,S2,,,,,,,,,,,,,None,None,None,1,Baseline,16S,Plaque,V1-V2,Illumina,AGAGTTTGATCMTGGCTCAG,TGCTGCCTCCCGTAGGAGT,OralCavity,Teeth,Left,Upper,UpperLeft,1,Paletal_Distal,,,,,,,,,,Healthy,,,Sample.381_S2_V1_UL1_Paletal
Sample.382.22382,,,EXP-22-BO2801,22382,ORL_UOB_2020,Birmingham_site_specific_sampling_study,,No,,30_09_2020,England,Birmingham,S2,,,,,,,,,,,,,None,None,None,1,Baseline,16S,Plaque,V1-V2,Illumina,AGAGTTTGATCMTGGCTCAG,TGCTGCCTCCCGTAGGAGT,OralCavity,Teeth,Left,Upper,UpperLeft,1,Paletal_Middle,,,,,,,,,,Healthy,,,Sample.382_S2_V1_UL1_Paletal
Sample.383.22383,,,EXP-22-BO2801,22383,ORL_UOB_2020,Birmingham_site_specific_sampling_study,,No,,30_09_2020,England,Birmingham,S2,,,,,,,,,,,,,None,None,None,1,Baseline,16S,Plaque,V1-V2,Illumina,AGAGTTTGATCMTGGCTCAG,TGCTGCCTCCCGTAGGAGT,OralCavity,Teeth,Left,Upper,UpperLeft,1,Paletal_Mesial,,,,,,,,,,Healthy,,,Sample.383_S2_V1_UL1_Paletal
Sample.384.22384,,,EXP-22-BO2801,22384,ORL_UOB_2020,Birmingham_site_specific_sampling_study,,No,,30_09_2020,England,Birmingham,S2,,,,,,,,,,,,,None,None,None,1,Baseline,16S,Plaque,V1-V2,Illumina,AGAGTTTGATCMTGGCTCAG,TGCTGCCTCCCGTAGGAGT,OralCavity,Teeth,Left,Upper,UpperLeft,2,Buccal_Distal,,,,,,,,,,Healthy,,,Sample.384_S2_V1_UL2_Buccal
Sample.385.22385,,,EXP-22-BO2801,22385,ORL_UOB_2020,Birmingham_site_specific_sampling_study,,No,,30_09_2020,England,Birmingham,S2,,,,,,,,,,,,,None,None,None,1,Baseline,16S,Plaque,V1-V2,Illumina,AGAGTTTGATCMTGGCTCAG,TGCTGCCTCCCGTAGGAGT,OralCavity,Teeth,Left,Upper,UpperLeft,2,Buccal_Middle,,,,,,,,,,Healthy,,,Sample.385_S2_V1_UL2_Buccal
Sample.386.22386,,,EXP-22-BO2801,22386,ORL_UOB_2020,Birmingham_site_specific_sampling_study,,No,,30_09_2020,England,Birmingham,S2,,,,,,,,,,,,,None,None,None,1,Baseline,16S,Plaque,V1-V2,Illumina,AGAGTTTGATCMTGGCTCAG,TGCTGCCTCCCGTAGGAGT,OralCavity,Teeth,Left,Upper,UpperLeft,2,Buccal_Mesial,,,,,,,,,,Healthy,,,Sample.386_S2_V1_UL2_Buccal
Sample.387.22387,,,EXP-22-BO2801,22387,ORL_UOB_2020,Birmingham_site_specific_sampling_study,,No,,30_09_2020,England,Birmingham,S2,,,,,,,,,,,,,None,None,None,1,Baseline,16S,Plaque,V1-V2,Illumina,AGAGTTTGATCMTGGCTCAG,TGCTGCCTCCCGTAGGAGT,OralCavity,Teeth,Left,Upper,UpperLeft,2,Paletal_Distal,,,,,,,,,,Healthy,,,Sample.387_S2_V1_UL2_Paletal
Sample.388.22388,,,EXP-22-BO2801,22388,ORL_UOB_2020,Birmingham_site_specific_sampling_study,,No,,30_09_2020,England,Birmingham,S2,,,,,,,,,,,,,None,None,None,1,Baseline,16S,Plaque,V1-V2,Illumina,AGAGTTTGATCMTGGCTCAG,TGCTGCCTCCCGTAGGAGT,OralCavity,Teeth,Left,Upper,UpperLeft,2,Paletal_Middle,,,,,,,,,,Healthy,,,Sample.388_S2_V1_UL2_Paletal
Sample.389.22389,,,EXP-22-BO2801,22389,ORL_UOB_2020,Birmingham_site_specific_sampling_study,,No,,30_09_2020,England,Birmingham,S2,,,,,,,,,,,,,None,None,None,1,Baseline,16S,Plaque,V1-V2,Illumina,AGAGTTTGATCMTGGCTCAG,TGCTGCCTCCCGTAGGAGT,OralCavity,Teeth,Left,Upper,UpperLeft,2,Paletal_Mesial,,,,,,,,,,Healthy,,,Sample.389_S2_V1_UL2_Paletal
Sample.390.22390,,,EXP-22-BO2801,22390,ORL_UOB_2020,Birmingham_site_specific_sampling_study,,No,,30_09_2020,England,Birmingham,S2,,,,,,,,,,,,,None,None,None,1,Baseline,16S,Plaque,V1-V2,Illumina,AGAGTTTGATCMTGGCTCAG,TGCTGCCTCCCGTAGGAGT,OralCavity,Teeth,Left,Upper,UpperLeft,3,Buccal_Distal,,,,,,,,,,Healthy,,,Sample.390_S2_V1_UL3_Buccal
Sample.391.22391,,,EXP-22-BO2801,22391,ORL_UOB_2020,Birmingham_site_specific_sampling_study,,No,,30_09_2020,England,Birmingham,S2,,,,,,,,,,,,,None,None,None,1,Baseline,16S,Plaque,V1-V2,Illumina,AGAGTTTGATCMTGGCTCAG,TGCTGCCTCCCGTAGGAGT,OralCavity,Teeth,Left,Upper,UpperLeft,3,Buccal_Middle,,,,,,,,,,Healthy,,,Sample.391_S2_V1_UL3_Buccal
Sample.392.22392,,,EXP-22-BO2801,22392,ORL_UOB_2020,Birmingham_site_specific_sampling_study,,No,,30_09_2020,England,Birmingham,S2,,,,,,,,,,,,,None,None,None,1,Baseline,16S,Plaque,V1-V2,Illumina,AGAGTTTGATCMTGGCTCAG,TGCTGCCTCCCGTAGGAGT,OralCavity,Teeth,Left,Upper,UpperLeft,3,Buccal_Mesial,,,,,,,,,,Healthy,,,Sample.392_S2_V1_UL3_Buccal
Sample.393.22393,,,EXP-22-BO2801,22393,ORL_UOB_2020,Birmingham_site_specific_sampling_study,,No,,30_09_2020,England,Birmingham,S2,,,,,,,,,,,,,None,None,None,1,Baseline,16S,Plaque,V1-V2,Illumina,AGAGTTTGATCMTGGCTCAG,TGCTGCCTCCCGTAGGAGT,OralCavity,Teeth,Left,Upper,UpperLeft,3,Paletal_Distal,,,,,,,,,,Healthy,,,Sample.393_S2_V1_UL3_Paletal
Sample.394.22394,,,EXP-22-BO2801,22394,ORL_UOB_2020,Birmingham_site_specific_sampling_study,,No,,30_09_2020,England,Birmingham,S2,,,,,,,,,,,,,None,None,None,1,Baseline,16S,Plaque,V1-V2,Illumina,AGAGTTTGATCMTGGCTCAG,TGCTGCCTCCCGTAGGAGT,OralCavity,Teeth,Left,Upper,UpperLeft,3,Paletal_Middle,,,,,,,,,,Healthy,,,Sample.394_S2_V1_UL3_Paletal
Sample.395.22395,,,EXP-22-BO2801,22395,ORL_UOB_2020,Birmingham_site_specific_sampling_study,,No,,30_09_2020,England,Birmingham,S2,,,,,,,,,,,,,None,None,None,1,Baseline,16S,Plaque,V1-V2,Illumina,AGAGTTTGATCMTGGCTCAG,TGCTGCCTCCCGTAGGAGT,OralCavity,Teeth,Left,Upper,UpperLeft,3,Paletal_Mesial,,,,,,,,,,Healthy,,,Sample.395_S2_V1_UL3_Paletal
Sample.396.22396,,,EXP-22-BO2801,22396,ORL_UOB_2020,Birmingham_site_specific_sampling_study,,No,,30_09_2020,England,Birmingham,S2,,,,,,,,,,,,,None,None,None,1,Baseline,16S,Plaque,V1-V2,Illumina,AGAGTTTGATCMTGGCTCAG,TGCTGCCTCCCGTAGGAGT,OralCavity,Teeth,Left,Upper,UpperLeft,5,Buccal_Distal,,,,,,,,,,Healthy,,,Sample.396_S2_V1_UL5_Buccal
Sample.397.22397,,,EXP-22-BO2801,22397,ORL_UOB_2020,Birmingham_site_specific_sampling_study,,No,,30_09_2020,England,Birmingham,S2,,,,,,,,,,,,,None,None,None,1,Baseline,16S,Plaque,V1-V2,Illumina,AGAGTTTGATCMTGGCTCAG,TGCTGCCTCCCGTAGGAGT,OralCavity,Teeth,Left,Upper,UpperLeft,5,Buccal_Middle,,,,,,,,,,Healthy,,,Sample.397_S2_V1_UL5_Buccal
Sample.398.22398,,,EXP-22-BO2801,22398,ORL_UOB_2020,Birmingham_site_specific_sampling_study,,No,,30_09_2020,England,Birmingham,S2,,,,,,,,,,,,,None,None,None,1,Baseline,16S,Plaque,V1-V2,Illumina,AGAGTTTGATCMTGGCTCAG,TGCTGCCTCCCGTAGGAGT,OralCavity,Teeth,Left,Upper,UpperLeft,5,Buccal_Mesial,,,,,,,,,,Healthy,,,Sample.398_S2_V1_UL5_Buccal
Sample.399.22399,,,EXP-22-BO2801,22399,ORL_UOB_2020,Birmingham_site_specific_sampling_study,,No,,30_09_2020,England,Birmingham,S2,,,,,,,,,,,,,None,None,None,1,Baseline,16S,Plaque,V1-V2,Illumina,AGAGTTTGATCMTGGCTCAG,TGCTGCCTCCCGTAGGAGT,OralCavity,Teeth,Left,Upper,UpperLeft,5,Paletal_Distal,,,,,,,,,,Healthy,,,Sample.399_S2_V1_UL5_Paletal
Sample.400.22400,,,EXP-22-BO2801,22400,ORL_UOB_2020,Birmingham_site_specific_sampling_study,,No,,30_09_2020,England,Birmingham,S2,,,,,,,,,,,,,None,None,None,1,Baseline,16S,Plaque,V1-V2,Illumina,AGAGTTTGATCMTGGCTCAG,TGCTGCCTCCCGTAGGAGT,OralCavity,Teeth,Left,Upper,UpperLeft,5,Paletal_Middle,,,,,,,,,,Healthy,,,Sample.400_S2_V1_UL5_Paletal
Sample.401.22401,,,EXP-22-BO2801,22401,ORL_UOB_2020,Birmingham_site_specific_sampling_study,,No,,30_09_2020,England,Birmingham,S2,,,,,,,,,,,,,None,None,None,1,Baseline,16S,Plaque,V1-V2,Illumina,AGAGTTTGATCMTGGCTCAG,TGCTGCCTCCCGTAGGAGT,OralCavity,Teeth,Left,Upper,UpperLeft,5,Paletal_Mesial,,,,,,,,,,Healthy,,,Sample.401_S2_V1_UL5_Paletal
Sample.402.22402,,,EXP-22-BO2801,22402,ORL_UOB_2020,Birmingham_site_specific_sampling_study,,No,,30_09_2020,England,Birmingham,S2,,,,,,,,,,,,,None,None,None,1,Baseline,16S,Plaque,V1-V2,Illumina,AGAGTTTGATCMTGGCTCAG,TGCTGCCTCCCGTAGGAGT,OralCavity,Teeth,Left,Upper,UpperLeft,6,Buccal_Distal,,,,,,,,,,Healthy,,,Sample.402_S2_V1_UL6_Buccal
Sample.403.22403,,,EXP-22-BO2801,22403,ORL_UOB_2020,Birmingham_site_specific_sampling_study,,No,,30_09_2020,England,Birmingham,S2,,,,,,,,,,,,,None,None,None,1,Baseline,16S,Plaque,V1-V2,Illumina,AGAGTTTGATCMTGGCTCAG,TGCTGCCTCCCGTAGGAGT,OralCavity,Teeth,Left,Upper,UpperLeft,6,Buccal_Middle,,,,,,,,,,Healthy,,,Sample.403_S2_V1_UL6_Buccal
Sample.404.22404,,,EXP-22-BO2801,22404,ORL_UOB_2020,Birmingham_site_specific_sampling_study,,No,,30_09_2020,England,Birmingham,S2,,,,,,,,,,,,,None,None,None,1,Baseline,16S,Plaque,V1-V2,Illumina,AGAGTTTGATCMTGGCTCAG,TGCTGCCTCCCGTAGGAGT,OralCavity,Teeth,Left,Upper,UpperLeft,6,Buccal_Mesial,,,,,,,,,,Healthy,,,Sample.404_S2_V1_UL6_Buccal
Sample.405.22405,,,EXP-22-BO2801,22405,ORL_UOB_2020,Birmingham_site_specific_sampling_study,,No,,30_09_2020,England,Birmingham,S2,,,,,,,,,,,,,None,None,None,1,Baseline,16S,Plaque,V1-V2,Illumina,AGAGTTTGATCMTGGCTCAG,TGCTGCCTCCCGTAGGAGT,OralCavity,Teeth,Left,Upper,UpperLeft,6,Paletal_Distal,,,,,,,,,,Healthy,,,Sample.405_S2_V1_UL6_Paletal
Sample.406.22406,,,EXP-22-BO2801,22406,ORL_UOB_2020,Birmingham_site_specific_sampling_study,,No,,30_09_2020,England,Birmingham,S2,,,,,,,,,,,,,None,None,None,1,Baseline,16S,Plaque,V1-V2,Illumina,AGAGTTTGATCMTGGCTCAG,TGCTGCCTCCCGTAGGAGT,OralCavity,Teeth,Left,Upper,UpperLeft,6,Paletal_Middle,,,,,,,,,,Healthy,,,Sample.406_S2_V1_UL6_Paletal
Sample.407.22407,,,EXP-22-BO2801,22407,ORL_UOB_2020,Birmingham_site_specific_sampling_study,,No,,30_09_2020,England,Birmingham,S2,,,,,,,,,,,,,None,None,None,1,Baseline,16S,Plaque,V1-V2,Illumina,AGAGTTTGATCMTGGCTCAG,TGCTGCCTCCCGTAGGAGT,OralCavity,Teeth,Left,Upper,UpperLeft,6,Paletal_Mesial,,,,,,,,,,Healthy,,,Sample.407_S2_V1_UL6_Paletal
Sample.408.22408,,,EXP-22-BO2801,22408,ORL_UOB_2020,Birmingham_site_specific_sampling_study,,No,,30_09_2020,England,Birmingham,S2,,,,,,,,,,,,,None,None,None,1,Baseline,16S,Plaque,V1-V2,Illumina,AGAGTTTGATCMTGGCTCAG,TGCTGCCTCCCGTAGGAGT,OralCavity,Teeth,Left,Upper,UpperLeft,7,Buccal_Distal,,,,,,,,,,Healthy,,,Sample.408_S2_V1_UL7_Buccal
Sample.409.22409,,,EXP-22-BO2801,22409,ORL_UOB_2020,Birmingham_site_specific_sampling_study,,No,,30_09_2020,England,Birmingham,S2,,,,,,,,,,,,,None,None,None,1,Baseline,16S,Plaque,V1-V2,Illumina,AGAGTTTGATCMTGGCTCAG,TGCTGCCTCCCGTAGGAGT,OralCavity,Teeth,Left,Upper,UpperLeft,7,Buccal_Middle,,,,,,,,,,Healthy,,,Sample.409_S2_V1_UL7_Buccal
Sample.410.22410,,,EXP-22-BO2801,22410,ORL_UOB_2020,Birmingham_site_specific_sampling_study,,No,,30_09_2020,England,Birmingham,S2,,,,,,,,,,,,,None,None,None,1,Baseline,16S,Plaque,V1-V2,Illumina,AGAGTTTGATCMTGGCTCAG,TGCTGCCTCCCGTAGGAGT,OralCavity,Teeth,Left,Upper,UpperLeft,7,Buccal_Mesial,,,,,,,,,,Healthy,,,Sample.410_S2_V1_UL7_Buccal
Sample.411.22411,,,EXP-22-BO2801,22411,ORL_UOB_2020,Birmingham_site_specific_sampling_study,,No,,30_09_2020,England,Birmingham,S2,,,,,,,,,,,,,None,None,None,1,Baseline,16S,Plaque,V1-V2,Illumina,AGAGTTTGATCMTGGCTCAG,TGCTGCCTCCCGTAGGAGT,OralCavity,Teeth,Left,Upper,UpperLeft,7,Paletal_Distal,,,,,,,,,,Healthy,,,Sample.411_S2_V1_UL7_Paletal
Sample.412.22412,,,EXP-22-BO2801,22412,ORL_UOB_2020,Birmingham_site_specific_sampling_study,,No,,30_09_2020,England,Birmingham,S2,,,,,,,,,,,,,None,None,None,1,Baseline,16S,Plaque,V1-V2,Illumina,AGAGTTTGATCMTGGCTCAG,TGCTGCCTCCCGTAGGAGT,OralCavity,Teeth,Left,Upper,UpperLeft,7,Paletal_Middle,,,,,,,,,,Healthy,,,Sample.412_S2_V1_UL7_Paletal
Sample.413.22413,,,EXP-22-BO2801,22413,ORL_UOB_2020,Birmingham_site_specific_sampling_study,,No,,30_09_2020,England,Birmingham,S2,,,,,,,,,,,,,None,None,None,1,Baseline,16S,Plaque,V1-V2,Illumina,AGAGTTTGATCMTGGCTCAG,TGCTGCCTCCCGTAGGAGT,OralCavity,Teeth,Left,Upper,UpperLeft,7,Paletal_Mesial,,,,,,,,,,Healthy,,,Sample.413_S2_V1_UL7_Paletal
Sample.414.22414,,,EXP-22-BO2801,22414,ORL_UOB_2020,Birmingham_site_specific_sampling_study,,Yes,NegativeControl,30_09_2020,England,Birmingham,S2,NA,NA,NA,NA,NA,NA,NA,NA,NA,NA,NA,NA,NA,NA,NA,NA,NA,16S,NA,V1-V2,Illumina,AGAGTTTGATCMTGGCTCAG,TGCTGCCTCCCGTAGGAGT,NA,NA,NA,NA,NA,NA,NA,NA,,,,,,,,,NA,,,Sample.414_NC_NC_NC_NC
Sample.415.22415,,,EXP-22-BO2801,22415,ORL_UOB_2020,Birmingham_site_specific_sampling_study,,No,,30_09_2020,England,Birmingham,S2,,,,,,,,,,,,,None,None,None,1,Baseline,16S,Plaque,V1-V2,Illumina,AGAGTTTGATCMTGGCTCAG,TGCTGCCTCCCGTAGGAGT,OralCavity,Teeth,Right,Lower,LowerRight,6,Buccal_Distal,,,,,,,,,,Healthy,,,Sample.415_S2_V1_LR6_Buccal
Sample.416.22416,,,EXP-22-BO2801,22416,ORL_UOB_2020,Birmingham_site_specific_sampling_study,,No,,30_09_2020,England,Birmingham,S2,,,,,,,,,,,,,None,None,None,1,Baseline,16S,Plaque,V1-V2,Illumina,AGAGTTTGATCMTGGCTCAG,TGCTGCCTCCCGTAGGAGT,OralCavity,Teeth,Right,Lower,LowerRight,6,Buccal_Middle,,,,,,,,,,Healthy,,,Sample.416_S2_V1_LR6_Buccal
Sample.417.22417,,,EXP-22-BO2801,22417,ORL_UOB_2020,Birmingham_site_specific_sampling_study,,No,,30_09_2020,England,Birmingham,S2,,,,,,,,,,,,,None,None,None,1,Baseline,16S,Plaque,V1-V2,Illumina,AGAGTTTGATCMTGGCTCAG,TGCTGCCTCCCGTAGGAGT,OralCavity,Teeth,Right,Lower,LowerRight,6,Buccal_Mesial,,,,,,,,,,Healthy,,,Sample.417_S2_V1_LR6_Buccal
Sample.418.22418,,,EXP-22-BO2801,22418,ORL_UOB_2020,Birmingham_site_specific_sampling_study,,No,,30_09_2020,England,Birmingham,S2,,,,,,,,,,,,,None,None,None,1,Baseline,16S,Plaque,V1-V2,Illumina,AGAGTTTGATCMTGGCTCAG,TGCTGCCTCCCGTAGGAGT,OralCavity,Teeth,Right,Lower,LowerRight,6,Paletal_Distal,,,,,,,,,,Healthy,,,Sample.418_S2_V1_LR6_Paletal
Sample.419.22419,,,EXP-22-BO2801,22419,ORL_UOB_2020,Birmingham_site_specific_sampling_study,,No,,30_09_2020,England,Birmingham,S2,,,,,,,,,,,,,None,None,None,1,Baseline,16S,Plaque,V1-V2,Illumina,AGAGTTTGATCMTGGCTCAG,TGCTGCCTCCCGTAGGAGT,OralCavity,Teeth,Right,Lower,LowerRight,6,Paletal_Middle,,,,,,,,,,Healthy,,,Sample.419_S2_V1_LR6_Paletal
Sample.420.22420,,,EXP-22-BO2801,22420,ORL_UOB_2020,Birmingham_site_specific_sampling_study,,No,,30_09_2020,England,Birmingham,S2,,,,,,,,,,,,,None,None,None,1,Baseline,16S,Plaque,V1-V2,Illumina,AGAGTTTGATCMTGGCTCAG,TGCTGCCTCCCGTAGGAGT,OralCavity,Teeth,Right,Lower,LowerRight,6,Paletal_Mesial,,,,,,,,,,Healthy,,,Sample.420_S2_V1_LR6_Paletal
Sample.421.22421,,,EXP-22-BO2801,22421,ORL_UOB_2020,Birmingham_site_specific_sampling_study,,No,,30_09_2020,England,Birmingham,S2,,,,,,,,,,,,,None,None,None,1,Baseline,16S,Plaque,V1-V2,Illumina,AGAGTTTGATCMTGGCTCAG,TGCTGCCTCCCGTAGGAGT,OralCavity,Teeth,Right,Lower,LowerRight,5,Buccal_Distal,,,,,,,,,,Healthy,,,Sample.421_S2_V1_LR5_Buccal
Sample.422.22422,,,EXP-22-BO2801,22422,ORL_UOB_2020,Birmingham_site_specific_sampling_study,,No,,30_09_2020,England,Birmingham,S2,,,,,,,,,,,,,None,None,None,1,Baseline,16S,Plaque,V1-V2,Illumina,AGAGTTTGATCMTGGCTCAG,TGCTGCCTCCCGTAGGAGT,OralCavity,Teeth,Right,Lower,LowerRight,5,Buccal_Middle,,,,,,,,,,Healthy,,,Sample.422_S2_V1_LR5_Buccal
Sample.423.22423,,,EXP-22-BO2801,22423,ORL_UOB_2020,Birmingham_site_specific_sampling_study,,No,,30_09_2020,England,Birmingham,S2,,,,,,,,,,,,,None,None,None,1,Baseline,16S,Plaque,V1-V2,Illumina,AGAGTTTGATCMTGGCTCAG,TGCTGCCTCCCGTAGGAGT,OralCavity,Teeth,Right,Lower,LowerRight,5,Buccal_Mesial,,,,,,,,,,Healthy,,,Sample.423_S2_V1_LR5_Buccal
Sample.424.22424,,,EXP-22-BO2801,22424,ORL_UOB_2020,Birmingham_site_specific_sampling_study,,No,,30_09_2020,England,Birmingham,S2,,,,,,,,,,,,,None,None,None,1,Baseline,16S,Plaque,V1-V2,Illumina,AGAGTTTGATCMTGGCTCAG,TGCTGCCTCCCGTAGGAGT,OralCavity,Teeth,Right,Lower,LowerRight,5,Paletal_Distal,,,,,,,,,,Healthy,,,Sample.424_S2_V1_LR5_Paletal
Sample.425.22425,,,EXP-22-BO2801,22425,ORL_UOB_2020,Birmingham_site_specific_sampling_study,,No,,30_09_2020,England,Birmingham,S2,,,,,,,,,,,,,None,None,None,1,Baseline,16S,Plaque,V1-V2,Illumina,AGAGTTTGATCMTGGCTCAG,TGCTGCCTCCCGTAGGAGT,OralCavity,Teeth,Right,Lower,LowerRight,5,Paletal_Middle,,,,,,,,,,Healthy,,,Sample.425_S2_V1_LR5_Paletal
Sample.426.22426,,,EXP-22-BO2801,22426,ORL_UOB_2020,Birmingham_site_specific_sampling_study,,No,,30_09_2020,England,Birmingham,S2,,,,,,,,,,,,,None,None,None,1,Baseline,16S,Plaque,V1-V2,Illumina,AGAGTTTGATCMTGGCTCAG,TGCTGCCTCCCGTAGGAGT,OralCavity,Teeth,Right,Lower,LowerRight,5,Paletal_Mesial,,,,,,,,,,Healthy,,,Sample.426_S2_V1_LR5_Paletal
Sample.427.22427,,,EXP-22-BO2801,22427,ORL_UOB_2020,Birmingham_site_specific_sampling_study,,No,,30_09_2020,England,Birmingham,S2,,,,,,,,,,,,,None,None,None,1,Baseline,16S,Plaque,V1-V2,Illumina,AGAGTTTGATCMTGGCTCAG,TGCTGCCTCCCGTAGGAGT,OralCavity,Teeth,Right,Lower,LowerRight,4,Buccal_Distal,,,,,,,,,,Healthy,,,Sample.427_S2_V1_LR4_Buccal
Sample.428.22428,,,EXP-22-BO2801,22428,ORL_UOB_2020,Birmingham_site_specific_sampling_study,,No,,30_09_2020,England,Birmingham,S2,,,,,,,,,,,,,None,None,None,1,Baseline,16S,Plaque,V1-V2,Illumina,AGAGTTTGATCMTGGCTCAG,TGCTGCCTCCCGTAGGAGT,OralCavity,Teeth,Right,Lower,LowerRight,4,Buccal_Middle,,,,,,,,,,Healthy,,,Sample.428_S2_V1_LR4_Buccal
Sample.429.22429,,,EXP-22-BO2801,22429,ORL_UOB_2020,Birmingham_site_specific_sampling_study,,No,,30_09_2020,England,Birmingham,S2,,,,,,,,,,,,,None,None,None,1,Baseline,16S,Plaque,V1-V2,Illumina,AGAGTTTGATCMTGGCTCAG,TGCTGCCTCCCGTAGGAGT,OralCavity,Teeth,Right,Lower,LowerRight,4,Buccal_Mesial,,,,,,,,,,Healthy,,,Sample.429_S2_V1_LR4_Buccal
Sample.430.22430,,,EXP-22-BO2801,22430,ORL_UOB_2020,Birmingham_site_specific_sampling_study,,No,,30_09_2020,England,Birmingham,S2,,,,,,,,,,,,,None,None,None,1,Baseline,16S,Plaque,V1-V2,Illumina,AGAGTTTGATCMTGGCTCAG,TGCTGCCTCCCGTAGGAGT,OralCavity,Teeth,Right,Lower,LowerRight,4,Paletal_Distal,,,,,,,,,,Healthy,,,Sample.430_S2_V1_LR4_Paletal
Sample.431.22431,,,EXP-22-BO2801,22431,ORL_UOB_2020,Birmingham_site_specific_sampling_study,,No,,30_09_2020,England,Birmingham,S2,,,,,,,,,,,,,None,None,None,1,Baseline,16S,Plaque,V1-V2,Illumina,AGAGTTTGATCMTGGCTCAG,TGCTGCCTCCCGTAGGAGT,OralCavity,Teeth,Right,Lower,LowerRight,4,Paletal_Middle,,,,,,,,,,Healthy,,,Sample.431_S2_V1_LR4_Paletal
Sample.432.22432,,,EXP-22-BO2801,22432,ORL_UOB_2020,Birmingham_site_specific_sampling_study,,No,,30_09_2020,England,Birmingham,S2,,,,,,,,,,,,,None,None,None,1,Baseline,16S,Plaque,V1-V2,Illumina,AGAGTTTGATCMTGGCTCAG,TGCTGCCTCCCGTAGGAGT,OralCavity,Teeth,Right,Lower,LowerRight,4,Paletal_Mesial,,,,,,,,,,Healthy,,,Sample.432_S2_V1_LR4_Paletal
Sample.433.22433,,,EXP-22-BO2801,22433,ORL_UOB_2020,Birmingham_site_specific_sampling_study,,No,,30_09_2020,England,Birmingham,S2,,,,,,,,,,,,,None,None,None,1,Baseline,16S,Plaque,V1-V2,Illumina,AGAGTTTGATCMTGGCTCAG,TGCTGCCTCCCGTAGGAGT,OralCavity,Teeth,Right,Lower,LowerRight,3,Buccal_Distal,,,,,,,,,,Healthy,,,Sample.433_S2_V1_LR3_Buccal
Sample.434.22434,,,EXP-22-BO2801,22434,ORL_UOB_2020,Birmingham_site_specific_sampling_study,,No,,30_09_2020,England,Birmingham,S2,,,,,,,,,,,,,None,None,None,1,Baseline,16S,Plaque,V1-V2,Illumina,AGAGTTTGATCMTGGCTCAG,TGCTGCCTCCCGTAGGAGT,OralCavity,Teeth,Right,Lower,LowerRight,3,Buccal_Middle,,,,,,,,,,Healthy,,,Sample.434_S2_V1_LR3_Buccal
Sample.435.22435,,,EXP-22-BO2801,22435,ORL_UOB_2020,Birmingham_site_specific_sampling_study,,No,,30_09_2020,England,Birmingham,S2,,,,,,,,,,,,,None,None,None,1,Baseline,16S,Plaque,V1-V2,Illumina,AGAGTTTGATCMTGGCTCAG,TGCTGCCTCCCGTAGGAGT,OralCavity,Teeth,Right,Lower,LowerRight,3,Buccal_Mesial,,,,,,,,,,Healthy,,,Sample.435_S2_V1_LR3_Buccal
Sample.436.22436,,,EXP-22-BO2801,22436,ORL_UOB_2020,Birmingham_site_specific_sampling_study,,No,,30_09_2020,England,Birmingham,S2,,,,,,,,,,,,,None,None,None,1,Baseline,16S,Plaque,V1-V2,Illumina,AGAGTTTGATCMTGGCTCAG,TGCTGCCTCCCGTAGGAGT,OralCavity,Teeth,Right,Lower,LowerRight,3,Paletal_Distal,,,,,,,,,,Healthy,,,Sample.436_S2_V1_LR3_Paletal
Sample.437.22437,,,EXP-22-BO2801,22437,ORL_UOB_2020,Birmingham_site_specific_sampling_study,,No,,30_09_2020,England,Birmingham,S2,,,,,,,,,,,,,None,None,None,1,Baseline,16S,Plaque,V1-V2,Illumina,AGAGTTTGATCMTGGCTCAG,TGCTGCCTCCCGTAGGAGT,OralCavity,Teeth,Right,Lower,LowerRight,3,Paletal_Middle,,,,,,,,,,Healthy,,,Sample.437_S2_V1_LR3_Paletal
Sample.438.22438,,,EXP-22-BO2801,22438,ORL_UOB_2020,Birmingham_site_specific_sampling_study,,No,,30_09_2020,England,Birmingham,S2,,,,,,,,,,,,,None,None,None,1,Baseline,16S,Plaque,V1-V2,Illumina,AGAGTTTGATCMTGGCTCAG,TGCTGCCTCCCGTAGGAGT,OralCavity,Teeth,Right,Lower,LowerRight,3,Paletal_Mesial,,,,,,,,,,Healthy,,,Sample.438_S2_V1_LR3_Paletal
Sample.439.22439,,,EXP-22-BO2801,22439,ORL_UOB_2020,Birmingham_site_specific_sampling_study,,No,,30_09_2020,England,Birmingham,S2,,,,,,,,,,,,,None,None,None,1,Baseline,16S,Plaque,V1-V2,Illumina,AGAGTTTGATCMTGGCTCAG,TGCTGCCTCCCGTAGGAGT,OralCavity,Teeth,Right,Lower,LowerRight,2,Buccal_Distal,,,,,,,,,,Healthy,,,Sample.439_S2_V1_LR2_Buccal
Sample.440.22440,,,EXP-22-BO2801,22440,ORL_UOB_2020,Birmingham_site_specific_sampling_study,,No,,30_09_2020,England,Birmingham,S2,,,,,,,,,,,,,None,None,None,1,Baseline,16S,Plaque,V1-V2,Illumina,AGAGTTTGATCMTGGCTCAG,TGCTGCCTCCCGTAGGAGT,OralCavity,Teeth,Right,Lower,LowerRight,2,Buccal_Middle,,,,,,,,,,Healthy,,,Sample.440_S2_V1_LR2_Buccal
Sample.441.22441,,,EXP-22-BO2801,22441,ORL_UOB_2020,Birmingham_site_specific_sampling_study,,No,,30_09_2020,England,Birmingham,S2,,,,,,,,,,,,,None,None,None,1,Baseline,16S,Plaque,V1-V2,Illumina,AGAGTTTGATCMTGGCTCAG,TGCTGCCTCCCGTAGGAGT,OralCavity,Teeth,Right,Lower,LowerRight,2,Buccal_Mesial,,,,,,,,,,Healthy,,,Sample.441_S2_V1_LR2_Buccal
Sample.442.22442,,,EXP-22-BO2801,22442,ORL_UOB_2020,Birmingham_site_specific_sampling_study,,No,,30_09_2020,England,Birmingham,S2,,,,,,,,,,,,,None,None,None,1,Baseline,16S,Plaque,V1-V2,Illumina,AGAGTTTGATCMTGGCTCAG,TGCTGCCTCCCGTAGGAGT,OralCavity,Teeth,Right,Lower,LowerRight,2,Paletal_Distal,,,,,,,,,,Healthy,,,Sample.442_S2_V1_LR2_Paletal
Sample.443.22443,,,EXP-22-BO2801,22443,ORL_UOB_2020,Birmingham_site_specific_sampling_study,,No,,30_09_2020,England,Birmingham,S2,,,,,,,,,,,,,None,None,None,1,Baseline,16S,Plaque,V1-V2,Illumina,AGAGTTTGATCMTGGCTCAG,TGCTGCCTCCCGTAGGAGT,OralCavity,Teeth,Right,Lower,LowerRight,2,Paletal_Middle,,,,,,,,,,Healthy,,,Sample.443_S2_V1_LR2_Paletal
Sample.444.22444,,,EXP-22-BO2801,22444,ORL_UOB_2020,Birmingham_site_specific_sampling_study,,No,,30_09_2020,England,Birmingham,S2,,,,,,,,,,,,,None,None,None,1,Baseline,16S,Plaque,V1-V2,Illumina,AGAGTTTGATCMTGGCTCAG,TGCTGCCTCCCGTAGGAGT,OralCavity,Teeth,Right,Lower,LowerRight,2,Paletal_Mesial,,,,,,,,,,Healthy,,,Sample.444_S2_V1_LR2_Paletal
Sample.445.22445,,,EXP-22-BO2801,22445,ORL_UOB_2020,Birmingham_site_specific_sampling_study,,No,,30_09_2020,England,Birmingham,S2,,,,,,,,,,,,,None,None,None,1,Baseline,16S,Plaque,V1-V2,Illumina,AGAGTTTGATCMTGGCTCAG,TGCTGCCTCCCGTAGGAGT,OralCavity,Teeth,Right,Lower,LowerRight,1,Buccal_Distal,,,,,,,,,,Healthy,,,Sample.445_S2_V1_LR1_Buccal
Sample.446.22446,,,EXP-22-BO2801,22446,ORL_UOB_2020,Birmingham_site_specific_sampling_study,,No,,30_09_2020,England,Birmingham,S2,,,,,,,,,,,,,None,None,None,1,Baseline,16S,Plaque,V1-V2,Illumina,AGAGTTTGATCMTGGCTCAG,TGCTGCCTCCCGTAGGAGT,OralCavity,Teeth,Right,Lower,LowerRight,1,Buccal_Middle,,,,,,,,,,Healthy,,,Sample.446_S2_V1_LR1_Buccal
Sample.447.22447,,,EXP-22-BO2801,22447,ORL_UOB_2020,Birmingham_site_specific_sampling_study,,No,,30_09_2020,England,Birmingham,S2,,,,,,,,,,,,,None,None,None,1,Baseline,16S,Plaque,V1-V2,Illumina,AGAGTTTGATCMTGGCTCAG,TGCTGCCTCCCGTAGGAGT,OralCavity,Teeth,Right,Lower,LowerRight,1,Buccal_Mesial,,,,,,,,,,Healthy,,,Sample.447_S2_V1_LR1_Buccal
Sample.448.22448,,,EXP-22-BO2801,22448,ORL_UOB_2020,Birmingham_site_specific_sampling_study,,No,,30_09_2020,England,Birmingham,S2,,,,,,,,,,,,,None,None,None,1,Baseline,16S,Plaque,V1-V2,Illumina,AGAGTTTGATCMTGGCTCAG,TGCTGCCTCCCGTAGGAGT,OralCavity,Teeth,Right,Lower,LowerRight,1,Paletal_Distal,,,,,,,,,,Healthy,,,Sample.448_S2_V1_LR1_Paletal
Sample.449.22449,,,EXP-22-BO2801,22449,ORL_UOB_2020,Birmingham_site_specific_sampling_study,,No,,30_09_2020,England,Birmingham,S2,,,,,,,,,,,,,None,None,None,1,Baseline,16S,Plaque,V1-V2,Illumina,AGAGTTTGATCMTGGCTCAG,TGCTGCCTCCCGTAGGAGT,OralCavity,Teeth,Right,Lower,LowerRight,1,Paletal_Middle,,,,,,,,,,Healthy,,,Sample.449_S2_V1_LR1_Paletal
Sample.450.22450,,,EXP-22-BO2801,22450,ORL_UOB_2020,Birmingham_site_specific_sampling_study,,No,,30_09_2020,England,Birmingham,S2,,,,,,,,,,,,,None,None,None,1,Baseline,16S,Plaque,V1-V2,Illumina,AGAGTTTGATCMTGGCTCAG,TGCTGCCTCCCGTAGGAGT,OralCavity,Teeth,Right,Lower,LowerRight,1,Paletal_Mesial,,,,,,,,,,Healthy,,,Sample.450_S2_V1_LR1_Paletal
Sample.451.22451,,,EXP-22-BO2801,22451,ORL_UOB_2020,Birmingham_site_specific_sampling_study,,No,,30_09_2020,England,Birmingham,S2,,,,,,,,,,,,,None,None,None,1,Baseline,16S,Plaque,V1-V2,Illumina,AGAGTTTGATCMTGGCTCAG,TGCTGCCTCCCGTAGGAGT,OralCavity,Teeth,Left,Lower,LowerLeft,1,Buccal_Distal,,,,,,,,,,Healthy,,,Sample.451_S2_V1_LL1_Buccal
Sample.452.22452,,,EXP-22-BO2801,22452,ORL_UOB_2020,Birmingham_site_specific_sampling_study,,No,,30_09_2020,England,Birmingham,S2,,,,,,,,,,,,,None,None,None,1,Baseline,16S,Plaque,V1-V2,Illumina,AGAGTTTGATCMTGGCTCAG,TGCTGCCTCCCGTAGGAGT,OralCavity,Teeth,Left,Lower,LowerLeft,1,Buccal_Middle,,,,,,,,,,Healthy,,,Sample.452_S2_V1_LL1_Buccal
Sample.453.22453,,,EXP-22-BO2801,22453,ORL_UOB_2020,Birmingham_site_specific_sampling_study,,No,,30_09_2020,England,Birmingham,S2,,,,,,,,,,,,,None,None,None,1,Baseline,16S,Plaque,V1-V2,Illumina,AGAGTTTGATCMTGGCTCAG,TGCTGCCTCCCGTAGGAGT,OralCavity,Teeth,Left,Lower,LowerLeft,1,Buccal_Mesial,,,,,,,,,,Healthy,,,Sample.453_S2_V1_LL1_Buccal
Sample.454.22454,,,EXP-22-BO2801,22454,ORL_UOB_2020,Birmingham_site_specific_sampling_study,,No,,30_09_2020,England,Birmingham,S2,,,,,,,,,,,,,None,None,None,1,Baseline,16S,Plaque,V1-V2,Illumina,AGAGTTTGATCMTGGCTCAG,TGCTGCCTCCCGTAGGAGT,OralCavity,Teeth,Left,Lower,LowerLeft,1,Paletal_Distal,,,,,,,,,,Healthy,,,Sample.454_S2_V1_LL1_Paletal
Sample.455.22455,,,EXP-22-BO2801,22455,ORL_UOB_2020,Birmingham_site_specific_sampling_study,,No,,30_09_2020,England,Birmingham,S2,,,,,,,,,,,,,None,None,None,1,Baseline,16S,Plaque,V1-V2,Illumina,AGAGTTTGATCMTGGCTCAG,TGCTGCCTCCCGTAGGAGT,OralCavity,Teeth,Left,Lower,LowerLeft,1,Paletal_Middle,,,,,,,,,,Healthy,,,Sample.455_S2_V1_LL1_Paletal
Sample.456.22456,,,EXP-22-BO2801,22456,ORL_UOB_2020,Birmingham_site_specific_sampling_study,,No,,30_09_2020,England,Birmingham,S2,,,,,,,,,,,,,None,None,None,1,Baseline,16S,Plaque,V1-V2,Illumina,AGAGTTTGATCMTGGCTCAG,TGCTGCCTCCCGTAGGAGT,OralCavity,Teeth,Left,Lower,LowerLeft,1,Paletal_Mesial,,,,,,,,,,Healthy,,,Sample.456_S2_V1_LL1_Paletal
Sample.457.22457,,,EXP-22-BO2801,22457,ORL_UOB_2020,Birmingham_site_specific_sampling_study,,No,,30_09_2020,England,Birmingham,S2,,,,,,,,,,,,,None,None,None,1,Baseline,16S,Plaque,V1-V2,Illumina,AGAGTTTGATCMTGGCTCAG,TGCTGCCTCCCGTAGGAGT,OralCavity,Teeth,Left,Lower,LowerLeft,2,Buccal_Distal,,,,,,,,,,Healthy,,,Sample.457_S2_V1_LL2_Buccal
Sample.458.22458,,,EXP-22-BO2801,22458,ORL_UOB_2020,Birmingham_site_specific_sampling_study,,No,,30_09_2020,England,Birmingham,S2,,,,,,,,,,,,,None,None,None,1,Baseline,16S,Plaque,V1-V2,Illumina,AGAGTTTGATCMTGGCTCAG,TGCTGCCTCCCGTAGGAGT,OralCavity,Teeth,Left,Lower,LowerLeft,2,Buccal_Middle,,,,,,,,,,Healthy,,,Sample.458_S2_V1_LL2_Buccal
Sample.459.22459,,,EXP-22-BO2801,22459,ORL_UOB_2020,Birmingham_site_specific_sampling_study,,No,,30_09_2020,England,Birmingham,S2,,,,,,,,,,,,,None,None,None,1,Baseline,16S,Plaque,V1-V2,Illumina,AGAGTTTGATCMTGGCTCAG,TGCTGCCTCCCGTAGGAGT,OralCavity,Teeth,Left,Lower,LowerLeft,2,Buccal_Mesial,,,,,,,,,,Healthy,,,Sample.459_S2_V1_LL2_Buccal
Sample.460.22460,,,EXP-22-BO2801,22460,ORL_UOB_2020,Birmingham_site_specific_sampling_study,,No,,30_09_2020,England,Birmingham,S2,,,,,,,,,,,,,None,None,None,1,Baseline,16S,Plaque,V1-V2,Illumina,AGAGTTTGATCMTGGCTCAG,TGCTGCCTCCCGTAGGAGT,OralCavity,Teeth,Left,Lower,LowerLeft,2,Paletal_Distal,,,,,,,,,,Healthy,,,Sample.460_S2_V1_LL2_Paletal
Sample.461.22461,,,EXP-22-BO2801,22461,ORL_UOB_2020,Birmingham_site_specific_sampling_study,,No,,30_09_2020,England,Birmingham,S2,,,,,,,,,,,,,None,None,None,1,Baseline,16S,Plaque,V1-V2,Illumina,AGAGTTTGATCMTGGCTCAG,TGCTGCCTCCCGTAGGAGT,OralCavity,Teeth,Left,Lower,LowerLeft,2,Paletal_Middle,,,,,,,,,,Healthy,,,Sample.461_S2_V1_LL2_Paletal
Sample.462.22462,,,EXP-22-BO2801,22462,ORL_UOB_2020,Birmingham_site_specific_sampling_study,,No,,30_09_2020,England,Birmingham,S2,,,,,,,,,,,,,None,None,None,1,Baseline,16S,Plaque,V1-V2,Illumina,AGAGTTTGATCMTGGCTCAG,TGCTGCCTCCCGTAGGAGT,OralCavity,Teeth,Left,Lower,LowerLeft,2,Paletal_Mesial,,,,,,,,,,Healthy,,,Sample.462_S2_V1_LL2_Paletal
Sample.463.22463,,,EXP-22-BO2801,22463,ORL_UOB_2020,Birmingham_site_specific_sampling_study,,No,,30_09_2020,England,Birmingham,S2,,,,,,,,,,,,,None,None,None,1,Baseline,16S,Plaque,V1-V2,Illumina,AGAGTTTGATCMTGGCTCAG,TGCTGCCTCCCGTAGGAGT,OralCavity,Teeth,Left,Lower,LowerLeft,3,Buccal_Distal,,,,,,,,,,Healthy,,,Sample.463_S2_V1_LL3_Buccal
Sample.464.22464,,,EXP-22-BO2801,22464,ORL_UOB_2020,Birmingham_site_specific_sampling_study,,No,,30_09_2020,England,Birmingham,S2,,,,,,,,,,,,,None,None,None,1,Baseline,16S,Plaque,V1-V2,Illumina,AGAGTTTGATCMTGGCTCAG,TGCTGCCTCCCGTAGGAGT,OralCavity,Teeth,Left,Lower,LowerLeft,3,Buccal_Middle,,,,,,,,,,Healthy,,,Sample.464_S2_V1_LL3_Buccal
Sample.465.22465,,,EXP-22-BO2801,22465,ORL_UOB_2020,Birmingham_site_specific_sampling_study,,No,,30_09_2020,England,Birmingham,S2,,,,,,,,,,,,,None,None,None,1,Baseline,16S,Plaque,V1-V2,Illumina,AGAGTTTGATCMTGGCTCAG,TGCTGCCTCCCGTAGGAGT,OralCavity,Teeth,Left,Lower,LowerLeft,3,Buccal_Mesial,,,,,,,,,,Healthy,,,Sample.465_S2_V1_LL3_Buccal
Sample.466.22466,,,EXP-22-BO2801,22466,ORL_UOB_2020,Birmingham_site_specific_sampling_study,,No,,30_09_2020,England,Birmingham,S2,,,,,,,,,,,,,None,None,None,1,Baseline,16S,Plaque,V1-V2,Illumina,AGAGTTTGATCMTGGCTCAG,TGCTGCCTCCCGTAGGAGT,OralCavity,Teeth,Left,Lower,LowerLeft,3,Paletal_Distal,,,,,,,,,,Healthy,,,Sample.466_S2_V1_LL3_Paletal
Sample.467.22467,,,EXP-22-BO2801,22467,ORL_UOB_2020,Birmingham_site_specific_sampling_study,,No,,30_09_2020,England,Birmingham,S2,,,,,,,,,,,,,None,None,None,1,Baseline,16S,Plaque,V1-V2,Illumina,AGAGTTTGATCMTGGCTCAG,TGCTGCCTCCCGTAGGAGT,OralCavity,Teeth,Left,Lower,LowerLeft,3,Paletal_Middle,,,,,,,,,,Healthy,,,Sample.467_S2_V1_LL3_Paletal
Sample.468.22468,,,EXP-22-BO2801,22468,ORL_UOB_2020,Birmingham_site_specific_sampling_study,,No,,30_09_2020,England,Birmingham,S2,,,,,,,,,,,,,None,None,None,1,Baseline,16S,Plaque,V1-V2,Illumina,AGAGTTTGATCMTGGCTCAG,TGCTGCCTCCCGTAGGAGT,OralCavity,Teeth,Left,Lower,LowerLeft,3,Paletal_Mesial,,,,,,,,,,Healthy,,,Sample.468_S2_V1_LL3_Paletal
Sample.469.22469,,,EXP-22-BO2801,22469,ORL_UOB_2020,Birmingham_site_specific_sampling_study,,No,,30_09_2020,England,Birmingham,S2,,,,,,,,,,,,,None,None,None,1,Baseline,16S,Plaque,V1-V2,Illumina,AGAGTTTGATCMTGGCTCAG,TGCTGCCTCCCGTAGGAGT,OralCavity,Teeth,Left,Lower,LowerLeft,4,Buccal_Distal,,,,,,,,,,Healthy,,,Sample.469_S2_V1_LL4_Buccal
Sample.470.22470,,,EXP-22-BO2801,22470,ORL_UOB_2020,Birmingham_site_specific_sampling_study,,No,,30_09_2020,England,Birmingham,S2,,,,,,,,,,,,,None,None,None,1,Baseline,16S,Plaque,V1-V2,Illumina,AGAGTTTGATCMTGGCTCAG,TGCTGCCTCCCGTAGGAGT,OralCavity,Teeth,Left,Lower,LowerLeft,4,Buccal_Middle,,,,,,,,,,Healthy,,,Sample.470_S2_V1_LL4_Buccal
Sample.471.22471,,,EXP-22-BO2801,22471,ORL_UOB_2020,Birmingham_site_specific_sampling_study,,No,,30_09_2020,England,Birmingham,S2,,,,,,,,,,,,,None,None,None,1,Baseline,16S,Plaque,V1-V2,Illumina,AGAGTTTGATCMTGGCTCAG,TGCTGCCTCCCGTAGGAGT,OralCavity,Teeth,Left,Lower,LowerLeft,4,Buccal_Mesial,,,,,,,,,,Healthy,,,Sample.471_S2_V1_LL4_Buccal
Sample.472.22472,,,EXP-22-BO2801,22472,ORL_UOB_2020,Birmingham_site_specific_sampling_study,,No,,30_09_2020,England,Birmingham,S2,,,,,,,,,,,,,None,None,None,1,Baseline,16S,Plaque,V1-V2,Illumina,AGAGTTTGATCMTGGCTCAG,TGCTGCCTCCCGTAGGAGT,OralCavity,Teeth,Left,Lower,LowerLeft,4,Paletal_Distal,,,,,,,,,,Healthy,,,Sample.472_S2_V1_LL4_Paletal
Sample.473.22473,,,EXP-22-BO2801,22473,ORL_UOB_2020,Birmingham_site_specific_sampling_study,,No,,30_09_2020,England,Birmingham,S2,,,,,,,,,,,,,None,None,None,1,Baseline,16S,Plaque,V1-V2,Illumina,AGAGTTTGATCMTGGCTCAG,TGCTGCCTCCCGTAGGAGT,OralCavity,Teeth,Left,Lower,LowerLeft,4,Paletal_Middle,,,,,,,,,,Healthy,,,Sample.473_S2_V1_LL4_Paletal
Sample.474.22474,,,EXP-22-BO2801,22474,ORL_UOB_2020,Birmingham_site_specific_sampling_study,,No,,30_09_2020,England,Birmingham,S2,,,,,,,,,,,,,None,None,None,1,Baseline,16S,Plaque,V1-V2,Illumina,AGAGTTTGATCMTGGCTCAG,TGCTGCCTCCCGTAGGAGT,OralCavity,Teeth,Left,Lower,LowerLeft,4,Paletal_Mesial,,,,,,,,,,Healthy,,,Sample.474_S2_V1_LL4_Paletal
Sample.475.22475,,,EXP-22-BO2801,22475,ORL_UOB_2020,Birmingham_site_specific_sampling_study,,No,,30_09_2020,England,Birmingham,S2,,,,,,,,,,,,,None,None,None,1,Baseline,16S,Plaque,V1-V2,Illumina,AGAGTTTGATCMTGGCTCAG,TGCTGCCTCCCGTAGGAGT,OralCavity,Teeth,Left,Lower,LowerLeft,5,Buccal_Distal,,,,,,,,,,Healthy,,,Sample.475_S2_V1_LL5_Buccal
Sample.476.22476,,,EXP-22-BO2801,22476,ORL_UOB_2020,Birmingham_site_specific_sampling_study,,No,,30_09_2020,England,Birmingham,S2,,,,,,,,,,,,,None,None,None,1,Baseline,16S,Plaque,V1-V2,Illumina,AGAGTTTGATCMTGGCTCAG,TGCTGCCTCCCGTAGGAGT,OralCavity,Teeth,Left,Lower,LowerLeft,5,Buccal_Middle,,,,,,,,,,Healthy,,,Sample.476_S2_V1_LL5_Buccal
Sample.477.22477,,,EXP-22-BO2801,22477,ORL_UOB_2020,Birmingham_site_specific_sampling_study,,No,,30_09_2020,England,Birmingham,S2,,,,,,,,,,,,,None,None,None,1,Baseline,16S,Plaque,V1-V2,Illumina,AGAGTTTGATCMTGGCTCAG,TGCTGCCTCCCGTAGGAGT,OralCavity,Teeth,Left,Lower,LowerLeft,5,Buccal_Mesial,,,,,,,,,,Healthy,,,Sample.477_S2_V1_LL5_Buccal
Sample.478.22478,,,EXP-22-BO2801,22478,ORL_UOB_2020,Birmingham_site_specific_sampling_study,,No,,30_09_2020,England,Birmingham,S2,,,,,,,,,,,,,None,None,None,1,Baseline,16S,Plaque,V1-V2,Illumina,AGAGTTTGATCMTGGCTCAG,TGCTGCCTCCCGTAGGAGT,OralCavity,Teeth,Left,Lower,LowerLeft,5,Paletal_Distal,,,,,,,,,,Healthy,,,Sample.478_S2_V1_LL5_Paletal
Sample.479.22479,,,EXP-22-BO2801,22479,ORL_UOB_2020,Birmingham_site_specific_sampling_study,,No,,30_09_2020,England,Birmingham,S2,,,,,,,,,,,,,None,None,None,1,Baseline,16S,Plaque,V1-V2,Illumina,AGAGTTTGATCMTGGCTCAG,TGCTGCCTCCCGTAGGAGT,OralCavity,Teeth,Left,Lower,LowerLeft,5,Paletal_Middle,,,,,,,,,,Healthy,,,Sample.479_S2_V1_LL5_Paletal
Sample.480.22480,,,EXP-22-BO2801,22480,ORL_UOB_2020,Birmingham_site_specific_sampling_study,,No,,30_09_2020,England,Birmingham,S2,,,,,,,,,,,,,None,None,None,1,Baseline,16S,Plaque,V1-V2,Illumina,AGAGTTTGATCMTGGCTCAG,TGCTGCCTCCCGTAGGAGT,OralCavity,Teeth,Left,Lower,LowerLeft,5,Paletal_Mesial,,,,,,,,,,Healthy,,,Sample.480_S2_V1_LL5_Paletal
Sample.481.22481,,,EXP-22-BO2801,22481,ORL_UOB_2020,Birmingham_site_specific_sampling_study,,No,,30_09_2020,England,Birmingham,S2,,,,,,,,,,,,,None,None,None,1,Baseline,16S,Plaque,V1-V2,Illumina,AGAGTTTGATCMTGGCTCAG,TGCTGCCTCCCGTAGGAGT,OralCavity,Teeth,Left,Lower,LowerLeft,6,Buccal_Distal,,,,,,,,,,Healthy,,,Sample.481_S2_V1_LL6_Buccal
Sample.482.22482,,,EXP-22-BO2801,22482,ORL_UOB_2020,Birmingham_site_specific_sampling_study,,No,,30_09_2020,England,Birmingham,S2,,,,,,,,,,,,,None,None,None,1,Baseline,16S,Plaque,V1-V2,Illumina,AGAGTTTGATCMTGGCTCAG,TGCTGCCTCCCGTAGGAGT,OralCavity,Teeth,Left,Lower,LowerLeft,6,Buccal_Middle,,,,,,,,,,Healthy,,,Sample.482_S2_V1_LL6_Buccal
Sample.483.22483,,,EXP-22-BO2801,22483,ORL_UOB_2020,Birmingham_site_specific_sampling_study,,No,,30_09_2020,England,Birmingham,S2,,,,,,,,,,,,,None,None,None,1,Baseline,16S,Plaque,V1-V2,Illumina,AGAGTTTGATCMTGGCTCAG,TGCTGCCTCCCGTAGGAGT,OralCavity,Teeth,Left,Lower,LowerLeft,6,Buccal_Mesial,,,,,,,,,,Healthy,,,Sample.483_S2_V1_LL6_Buccal
Sample.484.22484,,,EXP-22-BO2801,22484,ORL_UOB_2020,Birmingham_site_specific_sampling_study,,No,,30_09_2020,England,Birmingham,S2,,,,,,,,,,,,,None,None,None,1,Baseline,16S,Plaque,V1-V2,Illumina,AGAGTTTGATCMTGGCTCAG,TGCTGCCTCCCGTAGGAGT,OralCavity,Teeth,Left,Lower,LowerLeft,6,Paletal_Distal,,,,,,,,,,Healthy,,,Sample.484_S2_V1_LL6_Paletal
Sample.485.22485,,,EXP-22-BO2801,22485,ORL_UOB_2020,Birmingham_site_specific_sampling_study,,No,,30_09_2020,England,Birmingham,S2,,,,,,,,,,,,,None,None,None,1,Baseline,16S,Plaque,V1-V2,Illumina,AGAGTTTGATCMTGGCTCAG,TGCTGCCTCCCGTAGGAGT,OralCavity,Teeth,Left,Lower,LowerLeft,6,Paletal_Middle,,,,,,,,,,Healthy,,,Sample.485_S2_V1_LL6_Paletal
Sample.486.22486,,,EXP-22-BO2801,22486,ORL_UOB_2020,Birmingham_site_specific_sampling_study,,No,,30_09_2020,England,Birmingham,S2,,,,,,,,,,,,,None,None,None,1,Baseline,16S,Plaque,V1-V2,Illumina,AGAGTTTGATCMTGGCTCAG,TGCTGCCTCCCGTAGGAGT,OralCavity,Teeth,Left,Lower,LowerLeft,6,Paletal_Mesial,,,,,,,,,,Healthy,,,Sample.486_S2_V1_LL6_Paletal
Sample.487.22487,,,EXP-22-BO2801,22487,ORL_UOB_2020,Birmingham_site_specific_sampling_study,,No,,30_09_2020,England,Birmingham,S2,,,,,,,,,,,,,None,None,None,1,Baseline,16S,Plaque,V1-V2,Illumina,AGAGTTTGATCMTGGCTCAG,TGCTGCCTCCCGTAGGAGT,OralCavity,Teeth,Left,Lower,LowerLeft,7,Buccal_Distal,,,,,,,,,,Healthy,,,Sample.487_S2_V1_LL7_Buccal
Sample.488.22488,,,EXP-22-BO2801,22488,ORL_UOB_2020,Birmingham_site_specific_sampling_study,,No,,30_09_2020,England,Birmingham,S2,,,,,,,,,,,,,None,None,None,1,Baseline,16S,Plaque,V1-V2,Illumina,AGAGTTTGATCMTGGCTCAG,TGCTGCCTCCCGTAGGAGT,OralCavity,Teeth,Left,Lower,LowerLeft,7,Buccal_Middle,,,,,,,,,,Healthy,,,Sample.488_S2_V1_LL7_Buccal
Sample.489.22489,,,EXP-22-BO2801,22489,ORL_UOB_2020,Birmingham_site_specific_sampling_study,,No,,30_09_2020,England,Birmingham,S2,,,,,,,,,,,,,None,None,None,1,Baseline,16S,Plaque,V1-V2,Illumina,AGAGTTTGATCMTGGCTCAG,TGCTGCCTCCCGTAGGAGT,OralCavity,Teeth,Left,Lower,LowerLeft,7,Buccal_Mesial,,,,,,,,,,Healthy,,,Sample.489_S2_V1_LL7_Buccal
Sample.490.22490,,,EXP-22-BO2801,22490,ORL_UOB_2020,Birmingham_site_specific_sampling_study,,No,,30_09_2020,England,Birmingham,S2,,,,,,,,,,,,,None,None,None,1,Baseline,16S,Plaque,V1-V2,Illumina,AGAGTTTGATCMTGGCTCAG,TGCTGCCTCCCGTAGGAGT,OralCavity,Teeth,Left,Lower,LowerLeft,7,Paletal_Distal,,,,,,,,,,Healthy,,,Sample.490_S2_V1_LL7_Paletal
Sample.491.22491,,,EXP-22-BO2801,22491,ORL_UOB_2020,Birmingham_site_specific_sampling_study,,No,,30_09_2020,England,Birmingham,S2,,,,,,,,,,,,,None,None,None,1,Baseline,16S,Plaque,V1-V2,Illumina,AGAGTTTGATCMTGGCTCAG,TGCTGCCTCCCGTAGGAGT,OralCavity,Teeth,Left,Lower,LowerLeft,7,Paletal_Middle,,,,,,,,,,Healthy,,,Sample.491_S2_V1_LL7_Paletal
Sample.492.22492,,,EXP-22-BO2801,22492,ORL_UOB_2020,Birmingham_site_specific_sampling_study,,No,,30_09_2020,England,Birmingham,S2,,,,,,,,,,,,,None,None,None,1,Baseline,16S,Plaque,V1-V2,Illumina,AGAGTTTGATCMTGGCTCAG,TGCTGCCTCCCGTAGGAGT,OralCavity,Teeth,Left,Lower,LowerLeft,7,Paletal_Mesial,,,,,,,,,,Healthy,,,Sample.492_S2_V1_LL7_Paletal
Sample.493.22493,,,EXP-22-BO2801,22493,ORL_UOB_2020,Birmingham_site_specific_sampling_study,,Yes,NegativeControl,30_09_2020,England,Birmingham,S2,NA,NA,NA,NA,NA,NA,NA,NA,NA,NA,NA,NA,NA,NA,NA,NA,NA,16S,NA,V1-V2,Illumina,AGAGTTTGATCMTGGCTCAG,TGCTGCCTCCCGTAGGAGT,NA,NA,NA,NA,NA,NA,NA,NA,,,,,,,,,NA,,,Sample.493_NC_NC_NC_NC
Sample.494.22494,,,EXP-22-BO2801,22494,ORL_UOB_2020,Birmingham_site_specific_sampling_study,,No,,06_10_2021,England,Birmingham,S2,,,,,,,,,,,,,None,None,None,2,Follow_up,16S,Plaque,V1-V2,Illumina,AGAGTTTGATCMTGGCTCAG,TGCTGCCTCCCGTAGGAGT,OralCavity,Teeth,Right,Upper,UpperRight,7,Buccal_Distal,,,,,,,,,,Gingivitis,,,Sample.494_S2_V2_UR7_Buccal
Sample.495.22495,,,EXP-22-BO2801,22495,ORL_UOB_2020,Birmingham_site_specific_sampling_study,,No,,06_10_2021,England,Birmingham,S2,,,,,,,,,,,,,None,None,None,2,Follow_up,16S,Plaque,V1-V2,Illumina,AGAGTTTGATCMTGGCTCAG,TGCTGCCTCCCGTAGGAGT,OralCavity,Teeth,Right,Upper,UpperRight,7,Buccal_Middle,,,,,,,,,,Gingivitis,,,Sample.495_S2_V2_UR7_Buccal
Sample.496.22496,,,EXP-22-BO2801,22496,ORL_UOB_2020,Birmingham_site_specific_sampling_study,,No,,06_10_2021,England,Birmingham,S2,,,,,,,,,,,,,None,None,None,2,Follow_up,16S,Plaque,V1-V2,Illumina,AGAGTTTGATCMTGGCTCAG,TGCTGCCTCCCGTAGGAGT,OralCavity,Teeth,Right,Upper,UpperRight,7,Buccal_Mesial,,,,,,,,,,Gingivitis,,,Sample.496_S2_V2_UR7_Buccal
Sample.497.22497,,,EXP-22-BO2801,22497,ORL_UOB_2020,Birmingham_site_specific_sampling_study,,No,,06_10_2021,England,Birmingham,S2,,,,,,,,,,,,,None,None,None,2,Follow_up,16S,Plaque,V1-V2,Illumina,AGAGTTTGATCMTGGCTCAG,TGCTGCCTCCCGTAGGAGT,OralCavity,Teeth,Right,Upper,UpperRight,7,Paletal_Distal,,,,,,,,,,Gingivitis,,,Sample.497_S2_V2_UR7_Paletal
Sample.498.22498,,,EXP-22-BO2801,22498,ORL_UOB_2020,Birmingham_site_specific_sampling_study,,No,,06_10_2021,England,Birmingham,S2,,,,,,,,,,,,,None,None,None,2,Follow_up,16S,Plaque,V1-V2,Illumina,AGAGTTTGATCMTGGCTCAG,TGCTGCCTCCCGTAGGAGT,OralCavity,Teeth,Right,Upper,UpperRight,7,Paletal_Middle,,,,,,,,,,Gingivitis,,,Sample.498_S2_V2_UR7_Paletal
Sample.499.22499,,,EXP-22-BO2801,22499,ORL_UOB_2020,Birmingham_site_specific_sampling_study,,No,,06_10_2021,England,Birmingham,S2,,,,,,,,,,,,,None,None,None,2,Follow_up,16S,Plaque,V1-V2,Illumina,AGAGTTTGATCMTGGCTCAG,TGCTGCCTCCCGTAGGAGT,OralCavity,Teeth,Right,Upper,UpperRight,7,Paletal_Mesial,,,,,,,,,,Gingivitis,,,Sample.499_S2_V2_UR7_Paletal
Sample.500.22500,,,EXP-22-BO2801,22500,ORL_UOB_2020,Birmingham_site_specific_sampling_study,,No,,06_10_2021,England,Birmingham,S2,,,,,,,,,,,,,None,None,None,2,Follow_up,16S,Plaque,V1-V2,Illumina,AGAGTTTGATCMTGGCTCAG,TGCTGCCTCCCGTAGGAGT,OralCavity,Teeth,Right,Upper,UpperRight,6,Buccal_Distal,,,,,,,,,,Gingivitis,,,Sample.500_S2_V2_UR6_Buccal
Sample.501.22501,,,EXP-22-BO2801,22501,ORL_UOB_2020,Birmingham_site_specific_sampling_study,,No,,06_10_2021,England,Birmingham,S2,,,,,,,,,,,,,None,None,None,2,Follow_up,16S,Plaque,V1-V2,Illumina,AGAGTTTGATCMTGGCTCAG,TGCTGCCTCCCGTAGGAGT,OralCavity,Teeth,Right,Upper,UpperRight,6,Buccal_Middle,,,,,,,,,,Gingivitis,,,Sample.501_S2_V2_UR6_Buccal
Sample.502.22502,,,EXP-22-BO2801,22502,ORL_UOB_2020,Birmingham_site_specific_sampling_study,,No,,06_10_2021,England,Birmingham,S2,,,,,,,,,,,,,None,None,None,2,Follow_up,16S,Plaque,V1-V2,Illumina,AGAGTTTGATCMTGGCTCAG,TGCTGCCTCCCGTAGGAGT,OralCavity,Teeth,Right,Upper,UpperRight,6,Buccal_Mesial,,,,,,,,,,Gingivitis,,,Sample.502_S2_V2_UR6_Buccal
Sample.503.22503,,,EXP-22-BO2801,22503,ORL_UOB_2020,Birmingham_site_specific_sampling_study,,No,,06_10_2021,England,Birmingham,S2,,,,,,,,,,,,,None,None,None,2,Follow_up,16S,Plaque,V1-V2,Illumina,AGAGTTTGATCMTGGCTCAG,TGCTGCCTCCCGTAGGAGT,OralCavity,Teeth,Right,Upper,UpperRight,6,Paletal_Distal,,,,,,,,,,Gingivitis,,,Sample.503_S2_V2_UR6_Paletal
Sample.504.22504,,,EXP-22-BO2801,22504,ORL_UOB_2020,Birmingham_site_specific_sampling_study,,No,,06_10_2021,England,Birmingham,S2,,,,,,,,,,,,,None,None,None,2,Follow_up,16S,Plaque,V1-V2,Illumina,AGAGTTTGATCMTGGCTCAG,TGCTGCCTCCCGTAGGAGT,OralCavity,Teeth,Right,Upper,UpperRight,6,Paletal_Middle,,,,,,,,,,Gingivitis,,,Sample.504_S2_V2_UR6_Paletal
Sample.505.22505,,,EXP-22-BO2801,22505,ORL_UOB_2020,Birmingham_site_specific_sampling_study,,No,,06_10_2021,England,Birmingham,S2,,,,,,,,,,,,,None,None,None,2,Follow_up,16S,Plaque,V1-V2,Illumina,AGAGTTTGATCMTGGCTCAG,TGCTGCCTCCCGTAGGAGT,OralCavity,Teeth,Right,Upper,UpperRight,6,Paletal_Mesial,,,,,,,,,,Gingivitis,,,Sample.505_S2_V2_UR6_Paletal
Sample.506.22506,,,EXP-22-BO2801,22506,ORL_UOB_2020,Birmingham_site_specific_sampling_study,,No,,06_10_2021,England,Birmingham,S2,,,,,,,,,,,,,None,None,None,2,Follow_up,16S,Plaque,V1-V2,Illumina,AGAGTTTGATCMTGGCTCAG,TGCTGCCTCCCGTAGGAGT,OralCavity,Teeth,Right,Upper,UpperRight,5,Buccal_Distal,,,,,,,,,,Gingivitis,,,Sample.506_S2_V2_UR5_Buccal
Sample.507.22507,,,EXP-22-BO2801,22507,ORL_UOB_2020,Birmingham_site_specific_sampling_study,,No,,06_10_2021,England,Birmingham,S2,,,,,,,,,,,,,None,None,None,2,Follow_up,16S,Plaque,V1-V2,Illumina,AGAGTTTGATCMTGGCTCAG,TGCTGCCTCCCGTAGGAGT,OralCavity,Teeth,Right,Upper,UpperRight,5,Buccal_Middle,,,,,,,,,,Gingivitis,,,Sample.507_S2_V2_UR5_Buccal
Sample.508.22508,,,EXP-22-BO2801,22508,ORL_UOB_2020,Birmingham_site_specific_sampling_study,,No,,06_10_2021,England,Birmingham,S2,,,,,,,,,,,,,None,None,None,2,Follow_up,16S,Plaque,V1-V2,Illumina,AGAGTTTGATCMTGGCTCAG,TGCTGCCTCCCGTAGGAGT,OralCavity,Teeth,Right,Upper,UpperRight,5,Buccal_Mesial,,,,,,,,,,Gingivitis,,,Sample.508_S2_V2_UR5_Buccal
Sample.509.22509,,,EXP-22-BO2801,22509,ORL_UOB_2020,Birmingham_site_specific_sampling_study,,No,,06_10_2021,England,Birmingham,S2,,,,,,,,,,,,,None,None,None,2,Follow_up,16S,Plaque,V1-V2,Illumina,AGAGTTTGATCMTGGCTCAG,TGCTGCCTCCCGTAGGAGT,OralCavity,Teeth,Right,Upper,UpperRight,5,Paletal_Distal,,,,,,,,,,Gingivitis,,,Sample.509_S2_V2_UR5_Paletal
Sample.510.22510,,,EXP-22-BO2801,22510,ORL_UOB_2020,Birmingham_site_specific_sampling_study,,No,,06_10_2021,England,Birmingham,S2,,,,,,,,,,,,,None,None,None,2,Follow_up,16S,Plaque,V1-V2,Illumina,AGAGTTTGATCMTGGCTCAG,TGCTGCCTCCCGTAGGAGT,OralCavity,Teeth,Right,Upper,UpperRight,5,Paletal_Middle,,,,,,,,,,Gingivitis,,,Sample.510_S2_V2_UR5_Paletal
Sample.511.22511,,,EXP-22-BO2801,22511,ORL_UOB_2020,Birmingham_site_specific_sampling_study,,No,,06_10_2021,England,Birmingham,S2,,,,,,,,,,,,,None,None,None,2,Follow_up,16S,Plaque,V1-V2,Illumina,AGAGTTTGATCMTGGCTCAG,TGCTGCCTCCCGTAGGAGT,OralCavity,Teeth,Right,Upper,UpperRight,5,Paletal_Mesial,,,,,,,,,,Gingivitis,,,Sample.511_S2_V2_UR5_Paletal
Sample.512.22512,,,EXP-22-BO2801,22512,ORL_UOB_2020,Birmingham_site_specific_sampling_study,,No,,06_10_2021,England,Birmingham,S2,,,,,,,,,,,,,None,None,None,2,Follow_up,16S,Plaque,V1-V2,Illumina,AGAGTTTGATCMTGGCTCAG,TGCTGCCTCCCGTAGGAGT,OralCavity,Teeth,Right,Upper,UpperRight,3,Buccal_Distal,,,,,,,,,,Gingivitis,,,Sample.512_S2_V2_UR3_Buccal
Sample.513.22513,,,EXP-22-BO2801,22513,ORL_UOB_2020,Birmingham_site_specific_sampling_study,,No,,06_10_2021,England,Birmingham,S2,,,,,,,,,,,,,None,None,None,2,Follow_up,16S,Plaque,V1-V2,Illumina,AGAGTTTGATCMTGGCTCAG,TGCTGCCTCCCGTAGGAGT,OralCavity,Teeth,Right,Upper,UpperRight,3,Buccal_Middle,,,,,,,,,,Gingivitis,,,Sample.513_S2_V2_UR3_Buccal
Sample.514.22514,,,EXP-22-BO2801,22514,ORL_UOB_2020,Birmingham_site_specific_sampling_study,,No,,06_10_2021,England,Birmingham,S2,,,,,,,,,,,,,None,None,None,2,Follow_up,16S,Plaque,V1-V2,Illumina,AGAGTTTGATCMTGGCTCAG,TGCTGCCTCCCGTAGGAGT,OralCavity,Teeth,Right,Upper,UpperRight,3,Buccal_Mesial,,,,,,,,,,Gingivitis,,,Sample.514_S2_V2_UR3_Buccal
Sample.515.22515,,,EXP-22-BO2801,22515,ORL_UOB_2020,Birmingham_site_specific_sampling_study,,No,,06_10_2021,England,Birmingham,S2,,,,,,,,,,,,,None,None,None,2,Follow_up,16S,Plaque,V1-V2,Illumina,AGAGTTTGATCMTGGCTCAG,TGCTGCCTCCCGTAGGAGT,OralCavity,Teeth,Right,Upper,UpperRight,3,Paletal_Distal,,,,,,,,,,Gingivitis,,,Sample.515_S2_V2_UR3_Paletal
Sample.516.22516,,,EXP-22-BO2801,22516,ORL_UOB_2020,Birmingham_site_specific_sampling_study,,No,,06_10_2021,England,Birmingham,S2,,,,,,,,,,,,,None,None,None,2,Follow_up,16S,Plaque,V1-V2,Illumina,AGAGTTTGATCMTGGCTCAG,TGCTGCCTCCCGTAGGAGT,OralCavity,Teeth,Right,Upper,UpperRight,3,Paletal_Middle,,,,,,,,,,Gingivitis,,,Sample.516_S2_V2_UR3_Paletal
Sample.517.22517,,,EXP-22-BO2801,22517,ORL_UOB_2020,Birmingham_site_specific_sampling_study,,No,,06_10_2021,England,Birmingham,S2,,,,,,,,,,,,,None,None,None,2,Follow_up,16S,Plaque,V1-V2,Illumina,AGAGTTTGATCMTGGCTCAG,TGCTGCCTCCCGTAGGAGT,OralCavity,Teeth,Right,Upper,UpperRight,3,Paletal_Mesial,,,,,,,,,,Gingivitis,,,Sample.517_S2_V2_UR3_Paletal
Sample.518.22518,,,EXP-22-BO2801,22518,ORL_UOB_2020,Birmingham_site_specific_sampling_study,,No,,06_10_2021,England,Birmingham,S2,,,,,,,,,,,,,None,None,None,2,Follow_up,16S,Plaque,V1-V2,Illumina,AGAGTTTGATCMTGGCTCAG,TGCTGCCTCCCGTAGGAGT,OralCavity,Teeth,Right,Upper,UpperRight,2,Buccal_Distal,,,,,,,,,,Gingivitis,,,Sample.518_S2_V2_UR2_Buccal
Sample.519.22519,,,EXP-22-BO2801,22519,ORL_UOB_2020,Birmingham_site_specific_sampling_study,,No,,06_10_2021,England,Birmingham,S2,,,,,,,,,,,,,None,None,None,2,Follow_up,16S,Plaque,V1-V2,Illumina,AGAGTTTGATCMTGGCTCAG,TGCTGCCTCCCGTAGGAGT,OralCavity,Teeth,Right,Upper,UpperRight,2,Buccal_Middle,,,,,,,,,,Gingivitis,,,Sample.519_S2_V2_UR2_Buccal
Sample.520.22520,,,EXP-22-BO2801,22520,ORL_UOB_2020,Birmingham_site_specific_sampling_study,,No,,06_10_2021,England,Birmingham,S2,,,,,,,,,,,,,None,None,None,2,Follow_up,16S,Plaque,V1-V2,Illumina,AGAGTTTGATCMTGGCTCAG,TGCTGCCTCCCGTAGGAGT,OralCavity,Teeth,Right,Upper,UpperRight,2,Buccal_Mesial,,,,,,,,,,Gingivitis,,,Sample.520_S2_V2_UR2_Buccal
Sample.521.22521,,,EXP-22-BO2801,22521,ORL_UOB_2020,Birmingham_site_specific_sampling_study,,No,,06_10_2021,England,Birmingham,S2,,,,,,,,,,,,,None,None,None,2,Follow_up,16S,Plaque,V1-V2,Illumina,AGAGTTTGATCMTGGCTCAG,TGCTGCCTCCCGTAGGAGT,OralCavity,Teeth,Right,Upper,UpperRight,2,Paletal_Distal,,,,,,,,,,Gingivitis,,,Sample.521_S2_V2_UR2_Paletal
Sample.522.22522,,,EXP-22-BO2801,22522,ORL_UOB_2020,Birmingham_site_specific_sampling_study,,No,,06_10_2021,England,Birmingham,S2,,,,,,,,,,,,,None,None,None,2,Follow_up,16S,Plaque,V1-V2,Illumina,AGAGTTTGATCMTGGCTCAG,TGCTGCCTCCCGTAGGAGT,OralCavity,Teeth,Right,Upper,UpperRight,2,Paletal_Middle,,,,,,,,,,Gingivitis,,,Sample.522_S2_V2_UR2_Paletal
Sample.523.22523,,,EXP-22-BO2801,22523,ORL_UOB_2020,Birmingham_site_specific_sampling_study,,No,,06_10_2021,England,Birmingham,S2,,,,,,,,,,,,,None,None,None,2,Follow_up,16S,Plaque,V1-V2,Illumina,AGAGTTTGATCMTGGCTCAG,TGCTGCCTCCCGTAGGAGT,OralCavity,Teeth,Right,Upper,UpperRight,2,Paletal_Mesial,,,,,,,,,,Gingivitis,,,Sample.523_S2_V2_UR2_Paletal
Sample.524.22524,,,EXP-22-BO2801,22524,ORL_UOB_2020,Birmingham_site_specific_sampling_study,,No,,06_10_2021,England,Birmingham,S2,,,,,,,,,,,,,None,None,None,2,Follow_up,16S,Plaque,V1-V2,Illumina,AGAGTTTGATCMTGGCTCAG,TGCTGCCTCCCGTAGGAGT,OralCavity,Teeth,Right,Upper,UpperRight,1,Buccal_Distal,,,,,,,,,,Gingivitis,,,Sample.524_S2_V2_UR1_Buccal
Sample.525.22525,,,EXP-22-BO2801,22525,ORL_UOB_2020,Birmingham_site_specific_sampling_study,,No,,06_10_2021,England,Birmingham,S2,,,,,,,,,,,,,None,None,None,2,Follow_up,16S,Plaque,V1-V2,Illumina,AGAGTTTGATCMTGGCTCAG,TGCTGCCTCCCGTAGGAGT,OralCavity,Teeth,Right,Upper,UpperRight,1,Buccal_Middle,,,,,,,,,,Gingivitis,,,Sample.525_S2_V2_UR1_Buccal
Sample.526.22526,,,EXP-22-BO2801,22526,ORL_UOB_2020,Birmingham_site_specific_sampling_study,,No,,06_10_2021,England,Birmingham,S2,,,,,,,,,,,,,None,None,None,2,Follow_up,16S,Plaque,V1-V2,Illumina,AGAGTTTGATCMTGGCTCAG,TGCTGCCTCCCGTAGGAGT,OralCavity,Teeth,Right,Upper,UpperRight,1,Buccal_Mesial,,,,,,,,,,Gingivitis,,,Sample.526_S2_V2_UR1_Buccal
Sample.527.22527,,,EXP-22-BO2801,22527,ORL_UOB_2020,Birmingham_site_specific_sampling_study,,No,,06_10_2021,England,Birmingham,S2,,,,,,,,,,,,,None,None,None,2,Follow_up,16S,Plaque,V1-V2,Illumina,AGAGTTTGATCMTGGCTCAG,TGCTGCCTCCCGTAGGAGT,OralCavity,Teeth,Right,Upper,UpperRight,1,Paletal_Distal,,,,,,,,,,Gingivitis,,,Sample.527_S2_V2_UR1_Paletal
Sample.528.22528,,,EXP-22-BO2801,22528,ORL_UOB_2020,Birmingham_site_specific_sampling_study,,No,,06_10_2021,England,Birmingham,S2,,,,,,,,,,,,,None,None,None,2,Follow_up,16S,Plaque,V1-V2,Illumina,AGAGTTTGATCMTGGCTCAG,TGCTGCCTCCCGTAGGAGT,OralCavity,Teeth,Right,Upper,UpperRight,1,Paletal_Middle,,,,,,,,,,Gingivitis,,,Sample.528_S2_V2_UR1_Paletal
Sample.529.22529,,,EXP-22-BO2801,22529,ORL_UOB_2020,Birmingham_site_specific_sampling_study,,No,,06_10_2021,England,Birmingham,S2,,,,,,,,,,,,,None,None,None,2,Follow_up,16S,Plaque,V1-V2,Illumina,AGAGTTTGATCMTGGCTCAG,TGCTGCCTCCCGTAGGAGT,OralCavity,Teeth,Right,Upper,UpperRight,1,Paletal_Mesial,,,,,,,,,,Gingivitis,,,Sample.529_S2_V2_UR1_Paletal
Sample.530.22530,,,EXP-22-BO2801,22530,ORL_UOB_2020,Birmingham_site_specific_sampling_study,,No,,06_10_2021,England,Birmingham,S2,,,,,,,,,,,,,None,None,None,2,Follow_up,16S,Plaque,V1-V2,Illumina,AGAGTTTGATCMTGGCTCAG,TGCTGCCTCCCGTAGGAGT,OralCavity,Teeth,Left,Upper,UpperLeft,1,Buccal_Distal,,,,,,,,,,Gingivitis,,,Sample.530_S2_V2_UL1_Buccal
Sample.531.22531,,,EXP-22-BO2801,22531,ORL_UOB_2020,Birmingham_site_specific_sampling_study,,No,,06_10_2021,England,Birmingham,S2,,,,,,,,,,,,,None,None,None,2,Follow_up,16S,Plaque,V1-V2,Illumina,AGAGTTTGATCMTGGCTCAG,TGCTGCCTCCCGTAGGAGT,OralCavity,Teeth,Left,Upper,UpperLeft,1,Buccal_Middle,,,,,,,,,,Gingivitis,,,Sample.531_S2_V2_UL1_Buccal
Sample.532.22532,,,EXP-22-BO2801,22532,ORL_UOB_2020,Birmingham_site_specific_sampling_study,,No,,06_10_2021,England,Birmingham,S2,,,,,,,,,,,,,None,None,None,2,Follow_up,16S,Plaque,V1-V2,Illumina,AGAGTTTGATCMTGGCTCAG,TGCTGCCTCCCGTAGGAGT,OralCavity,Teeth,Left,Upper,UpperLeft,1,Buccal_Mesial,,,,,,,,,,Gingivitis,,,Sample.532_S2_V2_UL1_Buccal
Sample.533.22533,,,EXP-22-BO2801,22533,ORL_UOB_2020,Birmingham_site_specific_sampling_study,,No,,06_10_2021,England,Birmingham,S2,,,,,,,,,,,,,None,None,None,2,Follow_up,16S,Plaque,V1-V2,Illumina,AGAGTTTGATCMTGGCTCAG,TGCTGCCTCCCGTAGGAGT,OralCavity,Teeth,Left,Upper,UpperLeft,1,Paletal_Distal,,,,,,,,,,Gingivitis,,,Sample.533_S2_V2_UL1_Paletal
Sample.534.22534,,,EXP-22-BO2801,22534,ORL_UOB_2020,Birmingham_site_specific_sampling_study,,No,,06_10_2021,England,Birmingham,S2,,,,,,,,,,,,,None,None,None,2,Follow_up,16S,Plaque,V1-V2,Illumina,AGAGTTTGATCMTGGCTCAG,TGCTGCCTCCCGTAGGAGT,OralCavity,Teeth,Left,Upper,UpperLeft,1,Paletal_Middle,,,,,,,,,,Gingivitis,,,Sample.534_S2_V2_UL1_Paletal
Sample.535.22535,,,EXP-22-BO2801,22535,ORL_UOB_2020,Birmingham_site_specific_sampling_study,,No,,06_10_2021,England,Birmingham,S2,,,,,,,,,,,,,None,None,None,2,Follow_up,16S,Plaque,V1-V2,Illumina,AGAGTTTGATCMTGGCTCAG,TGCTGCCTCCCGTAGGAGT,OralCavity,Teeth,Left,Upper,UpperLeft,1,Paletal_Mesial,,,,,,,,,,Gingivitis,,,Sample.535_S2_V2_UL1_Paletal
Sample.536.22536,,,EXP-22-BO2801,22536,ORL_UOB_2020,Birmingham_site_specific_sampling_study,,No,,06_10_2021,England,Birmingham,S2,,,,,,,,,,,,,None,None,None,2,Follow_up,16S,Plaque,V1-V2,Illumina,AGAGTTTGATCMTGGCTCAG,TGCTGCCTCCCGTAGGAGT,OralCavity,Teeth,Left,Upper,UpperLeft,2,Buccal_Distal,,,,,,,,,,Gingivitis,,,Sample.536_S2_V2_UL2_Buccal
Sample.537.22537,,,EXP-22-BO2801,22537,ORL_UOB_2020,Birmingham_site_specific_sampling_study,,No,,06_10_2021,England,Birmingham,S2,,,,,,,,,,,,,None,None,None,2,Follow_up,16S,Plaque,V1-V2,Illumina,AGAGTTTGATCMTGGCTCAG,TGCTGCCTCCCGTAGGAGT,OralCavity,Teeth,Left,Upper,UpperLeft,2,Buccal_Middle,,,,,,,,,,Gingivitis,,,Sample.537_S2_V2_UL2_Buccal
Sample.538.22538,,,EXP-22-BO2801,22538,ORL_UOB_2020,Birmingham_site_specific_sampling_study,,No,,06_10_2021,England,Birmingham,S2,,,,,,,,,,,,,None,None,None,2,Follow_up,16S,Plaque,V1-V2,Illumina,AGAGTTTGATCMTGGCTCAG,TGCTGCCTCCCGTAGGAGT,OralCavity,Teeth,Left,Upper,UpperLeft,2,Buccal_Mesial,,,,,,,,,,Gingivitis,,,Sample.538_S2_V2_UL2_Buccal
Sample.539.22539,,,EXP-22-BO2801,22539,ORL_UOB_2020,Birmingham_site_specific_sampling_study,,No,,06_10_2021,England,Birmingham,S2,,,,,,,,,,,,,None,None,None,2,Follow_up,16S,Plaque,V1-V2,Illumina,AGAGTTTGATCMTGGCTCAG,TGCTGCCTCCCGTAGGAGT,OralCavity,Teeth,Left,Upper,UpperLeft,2,Paletal_Distal,,,,,,,,,,Gingivitis,,,Sample.539_S2_V2_UL2_Paletal
Sample.540.22540,,,EXP-22-BO2801,22540,ORL_UOB_2020,Birmingham_site_specific_sampling_study,,No,,06_10_2021,England,Birmingham,S2,,,,,,,,,,,,,None,None,None,2,Follow_up,16S,Plaque,V1-V2,Illumina,AGAGTTTGATCMTGGCTCAG,TGCTGCCTCCCGTAGGAGT,OralCavity,Teeth,Left,Upper,UpperLeft,2,Paletal_Middle,,,,,,,,,,Gingivitis,,,Sample.540_S2_V2_UL2_Paletal
Sample.541.22541,,,EXP-22-BO2801,22541,ORL_UOB_2020,Birmingham_site_specific_sampling_study,,No,,06_10_2021,England,Birmingham,S2,,,,,,,,,,,,,None,None,None,2,Follow_up,16S,Plaque,V1-V2,Illumina,AGAGTTTGATCMTGGCTCAG,TGCTGCCTCCCGTAGGAGT,OralCavity,Teeth,Left,Upper,UpperLeft,2,Paletal_Mesial,,,,,,,,,,Gingivitis,,,Sample.541_S2_V2_UL2_Paletal
Sample.542.22542,,,EXP-22-BO2801,22542,ORL_UOB_2020,Birmingham_site_specific_sampling_study,,No,,06_10_2021,England,Birmingham,S2,,,,,,,,,,,,,None,None,None,2,Follow_up,16S,Plaque,V1-V2,Illumina,AGAGTTTGATCMTGGCTCAG,TGCTGCCTCCCGTAGGAGT,OralCavity,Teeth,Left,Upper,UpperLeft,3,Buccal_Distal,,,,,,,,,,Gingivitis,,,Sample.542_S2_V2_UL3_Buccal
Sample.543.22543,,,EXP-22-BO2801,22543,ORL_UOB_2020,Birmingham_site_specific_sampling_study,,No,,06_10_2021,England,Birmingham,S2,,,,,,,,,,,,,None,None,None,2,Follow_up,16S,Plaque,V1-V2,Illumina,AGAGTTTGATCMTGGCTCAG,TGCTGCCTCCCGTAGGAGT,OralCavity,Teeth,Left,Upper,UpperLeft,3,Buccal_Middle,,,,,,,,,,Gingivitis,,,Sample.543_S2_V2_UL3_Buccal
Sample.544.22544,,,EXP-22-BO2801,22544,ORL_UOB_2020,Birmingham_site_specific_sampling_study,,No,,06_10_2021,England,Birmingham,S2,,,,,,,,,,,,,None,None,None,2,Follow_up,16S,Plaque,V1-V2,Illumina,AGAGTTTGATCMTGGCTCAG,TGCTGCCTCCCGTAGGAGT,OralCavity,Teeth,Left,Upper,UpperLeft,3,Buccal_Mesial,,,,,,,,,,Gingivitis,,,Sample.544_S2_V2_UL3_Buccal
Sample.545.22545,,,EXP-22-BO2801,22545,ORL_UOB_2020,Birmingham_site_specific_sampling_study,,No,,06_10_2021,England,Birmingham,S2,,,,,,,,,,,,,None,None,None,2,Follow_up,16S,Plaque,V1-V2,Illumina,AGAGTTTGATCMTGGCTCAG,TGCTGCCTCCCGTAGGAGT,OralCavity,Teeth,Left,Upper,UpperLeft,3,Paletal_Distal,,,,,,,,,,Gingivitis,,,Sample.545_S2_V2_UL3_Paletal
Sample.546.22546,,,EXP-22-BO2801,22546,ORL_UOB_2020,Birmingham_site_specific_sampling_study,,No,,06_10_2021,England,Birmingham,S2,,,,,,,,,,,,,None,None,None,2,Follow_up,16S,Plaque,V1-V2,Illumina,AGAGTTTGATCMTGGCTCAG,TGCTGCCTCCCGTAGGAGT,OralCavity,Teeth,Left,Upper,UpperLeft,3,Paletal_Middle,,,,,,,,,,Gingivitis,,,Sample.546_S2_V2_UL3_Paletal
Sample.547.22547,,,EXP-22-BO2801,22547,ORL_UOB_2020,Birmingham_site_specific_sampling_study,,No,,06_10_2021,England,Birmingham,S2,,,,,,,,,,,,,None,None,None,2,Follow_up,16S,Plaque,V1-V2,Illumina,AGAGTTTGATCMTGGCTCAG,TGCTGCCTCCCGTAGGAGT,OralCavity,Teeth,Left,Upper,UpperLeft,3,Paletal_Mesial,,,,,,,,,,Gingivitis,,,Sample.547_S2_V2_UL3_Paletal
Sample.548.22548,,,EXP-22-BO2801,22548,ORL_UOB_2020,Birmingham_site_specific_sampling_study,,No,,06_10_2021,England,Birmingham,S2,,,,,,,,,,,,,None,None,None,2,Follow_up,16S,Plaque,V1-V2,Illumina,AGAGTTTGATCMTGGCTCAG,TGCTGCCTCCCGTAGGAGT,OralCavity,Teeth,Left,Upper,UpperLeft,5,Buccal_Distal,,,,,,,,,,Gingivitis,,,Sample.548_S2_V2_UL5_Buccal
Sample.549.22549,,,EXP-22-BO2801,22549,ORL_UOB_2020,Birmingham_site_specific_sampling_study,,No,,06_10_2021,England,Birmingham,S2,,,,,,,,,,,,,None,None,None,2,Follow_up,16S,Plaque,V1-V2,Illumina,AGAGTTTGATCMTGGCTCAG,TGCTGCCTCCCGTAGGAGT,OralCavity,Teeth,Left,Upper,UpperLeft,5,Buccal_Middle,,,,,,,,,,Gingivitis,,,Sample.549_S2_V2_UL5_Buccal
Sample.550.22550,,,EXP-22-BO2801,22550,ORL_UOB_2020,Birmingham_site_specific_sampling_study,,No,,06_10_2021,England,Birmingham,S2,,,,,,,,,,,,,None,None,None,2,Follow_up,16S,Plaque,V1-V2,Illumina,AGAGTTTGATCMTGGCTCAG,TGCTGCCTCCCGTAGGAGT,OralCavity,Teeth,Left,Upper,UpperLeft,5,Buccal_Mesial,,,,,,,,,,Gingivitis,,,Sample.550_S2_V2_UL5_Buccal
Sample.551.22551,,,EXP-22-BO2801,22551,ORL_UOB_2020,Birmingham_site_specific_sampling_study,,No,,06_10_2021,England,Birmingham,S2,,,,,,,,,,,,,None,None,None,2,Follow_up,16S,Plaque,V1-V2,Illumina,AGAGTTTGATCMTGGCTCAG,TGCTGCCTCCCGTAGGAGT,OralCavity,Teeth,Left,Upper,UpperLeft,5,Paletal_Distal,,,,,,,,,,Gingivitis,,,Sample.551_S2_V2_UL5_Paletal
Sample.552.22552,,,EXP-22-BO2801,22552,ORL_UOB_2020,Birmingham_site_specific_sampling_study,,No,,06_10_2021,England,Birmingham,S2,,,,,,,,,,,,,None,None,None,2,Follow_up,16S,Plaque,V1-V2,Illumina,AGAGTTTGATCMTGGCTCAG,TGCTGCCTCCCGTAGGAGT,OralCavity,Teeth,Left,Upper,UpperLeft,5,Paletal_Middle,,,,,,,,,,Gingivitis,,,Sample.552_S2_V2_UL5_Paletal
Sample.553.22553,,,EXP-22-BO2801,22553,ORL_UOB_2020,Birmingham_site_specific_sampling_study,,No,,06_10_2021,England,Birmingham,S2,,,,,,,,,,,,,None,None,None,2,Follow_up,16S,Plaque,V1-V2,Illumina,AGAGTTTGATCMTGGCTCAG,TGCTGCCTCCCGTAGGAGT,OralCavity,Teeth,Left,Upper,UpperLeft,5,Paletal_Mesial,,,,,,,,,,Gingivitis,,,Sample.553_S2_V2_UL5_Paletal
Sample.554.22554,,,EXP-22-BO2801,22554,ORL_UOB_2020,Birmingham_site_specific_sampling_study,,No,,06_10_2021,England,Birmingham,S2,,,,,,,,,,,,,None,None,None,2,Follow_up,16S,Plaque,V1-V2,Illumina,AGAGTTTGATCMTGGCTCAG,TGCTGCCTCCCGTAGGAGT,OralCavity,Teeth,Left,Upper,UpperLeft,6,Buccal_Distal,,,,,,,,,,Gingivitis,,,Sample.554_S2_V2_UL6_Buccal
Sample.555.22555,,,EXP-22-BO2801,22555,ORL_UOB_2020,Birmingham_site_specific_sampling_study,,No,,06_10_2021,England,Birmingham,S2,,,,,,,,,,,,,None,None,None,2,Follow_up,16S,Plaque,V1-V2,Illumina,AGAGTTTGATCMTGGCTCAG,TGCTGCCTCCCGTAGGAGT,OralCavity,Teeth,Left,Upper,UpperLeft,6,Buccal_Middle,,,,,,,,,,Gingivitis,,,Sample.555_S2_V2_UL6_Buccal
Sample.556.22556,,,EXP-22-BO2801,22556,ORL_UOB_2020,Birmingham_site_specific_sampling_study,,No,,06_10_2021,England,Birmingham,S2,,,,,,,,,,,,,None,None,None,2,Follow_up,16S,Plaque,V1-V2,Illumina,AGAGTTTGATCMTGGCTCAG,TGCTGCCTCCCGTAGGAGT,OralCavity,Teeth,Left,Upper,UpperLeft,6,Buccal_Mesial,,,,,,,,,,Gingivitis,,,Sample.556_S2_V2_UL6_Buccal
Sample.557.22557,,,EXP-22-BO2801,22557,ORL_UOB_2020,Birmingham_site_specific_sampling_study,,No,,06_10_2021,England,Birmingham,S2,,,,,,,,,,,,,None,None,None,2,Follow_up,16S,Plaque,V1-V2,Illumina,AGAGTTTGATCMTGGCTCAG,TGCTGCCTCCCGTAGGAGT,OralCavity,Teeth,Left,Upper,UpperLeft,6,Paletal_Distal,,,,,,,,,,Gingivitis,,,Sample.557_S2_V2_UL6_Paletal
Sample.558.22558,,,EXP-22-BO2801,22558,ORL_UOB_2020,Birmingham_site_specific_sampling_study,,No,,06_10_2021,England,Birmingham,S2,,,,,,,,,,,,,None,None,None,2,Follow_up,16S,Plaque,V1-V2,Illumina,AGAGTTTGATCMTGGCTCAG,TGCTGCCTCCCGTAGGAGT,OralCavity,Teeth,Left,Upper,UpperLeft,6,Paletal_Middle,,,,,,,,,,Gingivitis,,,Sample.558_S2_V2_UL6_Paletal
Sample.559.22559,,,EXP-22-BO2801,22559,ORL_UOB_2020,Birmingham_site_specific_sampling_study,,No,,06_10_2021,England,Birmingham,S2,,,,,,,,,,,,,None,None,None,2,Follow_up,16S,Plaque,V1-V2,Illumina,AGAGTTTGATCMTGGCTCAG,TGCTGCCTCCCGTAGGAGT,OralCavity,Teeth,Left,Upper,UpperLeft,6,Paletal_Mesial,,,,,,,,,,Gingivitis,,,Sample.559_S2_V2_UL6_Paletal
Sample.560.22560,,,EXP-22-BO2801,22560,ORL_UOB_2020,Birmingham_site_specific_sampling_study,,No,,06_10_2021,England,Birmingham,S2,,,,,,,,,,,,,None,None,None,2,Follow_up,16S,Plaque,V1-V2,Illumina,AGAGTTTGATCMTGGCTCAG,TGCTGCCTCCCGTAGGAGT,OralCavity,Teeth,Left,Upper,UpperLeft,7,Buccal_Distal,,,,,,,,,,Gingivitis,,,Sample.560_S2_V2_UL7_Buccal
Sample.561.22561,,,EXP-22-BO2801,22561,ORL_UOB_2020,Birmingham_site_specific_sampling_study,,No,,06_10_2021,England,Birmingham,S2,,,,,,,,,,,,,None,None,None,2,Follow_up,16S,Plaque,V1-V2,Illumina,AGAGTTTGATCMTGGCTCAG,TGCTGCCTCCCGTAGGAGT,OralCavity,Teeth,Left,Upper,UpperLeft,7,Buccal_Middle,,,,,,,,,,Gingivitis,,,Sample.561_S2_V2_UL7_Buccal
Sample.562.22562,,,EXP-22-BO2801,22562,ORL_UOB_2020,Birmingham_site_specific_sampling_study,,No,,06_10_2021,England,Birmingham,S2,,,,,,,,,,,,,None,None,None,2,Follow_up,16S,Plaque,V1-V2,Illumina,AGAGTTTGATCMTGGCTCAG,TGCTGCCTCCCGTAGGAGT,OralCavity,Teeth,Left,Upper,UpperLeft,7,Buccal_Mesial,,,,,,,,,,Gingivitis,,,Sample.562_S2_V2_UL7_Buccal
Sample.563.22563,,,EXP-22-BO2801,22563,ORL_UOB_2020,Birmingham_site_specific_sampling_study,,No,,06_10_2021,England,Birmingham,S2,,,,,,,,,,,,,None,None,None,2,Follow_up,16S,Plaque,V1-V2,Illumina,AGAGTTTGATCMTGGCTCAG,TGCTGCCTCCCGTAGGAGT,OralCavity,Teeth,Left,Upper,UpperLeft,7,Paletal_Distal,,,,,,,,,,Gingivitis,,,Sample.563_S2_V2_UL7_Paletal
Sample.564.22564,,,EXP-22-BO2801,22564,ORL_UOB_2020,Birmingham_site_specific_sampling_study,,No,,06_10_2021,England,Birmingham,S2,,,,,,,,,,,,,None,None,None,2,Follow_up,16S,Plaque,V1-V2,Illumina,AGAGTTTGATCMTGGCTCAG,TGCTGCCTCCCGTAGGAGT,OralCavity,Teeth,Left,Upper,UpperLeft,7,Paletal_Middle,,,,,,,,,,Gingivitis,,,Sample.564_S2_V2_UL7_Paletal
Sample.565.22565,,,EXP-22-BO2801,22565,ORL_UOB_2020,Birmingham_site_specific_sampling_study,,No,,06_10_2021,England,Birmingham,S2,,,,,,,,,,,,,None,None,None,2,Follow_up,16S,Plaque,V1-V2,Illumina,AGAGTTTGATCMTGGCTCAG,TGCTGCCTCCCGTAGGAGT,OralCavity,Teeth,Left,Upper,UpperLeft,7,Paletal_Mesial,,,,,,,,,,Gingivitis,,,Sample.565_S2_V2_UL7_Paletal
Sample.566.22566,,,EXP-22-BO2801,22566,ORL_UOB_2020,Birmingham_site_specific_sampling_study,,Yes,NegativeControl,06_10_2021,England,Birmingham,S2,NA,NA,NA,NA,NA,NA,NA,NA,NA,NA,NA,NA,NA,NA,NA,NA,NA,16S,NA,V1-V2,Illumina,AGAGTTTGATCMTGGCTCAG,TGCTGCCTCCCGTAGGAGT,NA,NA,NA,NA,NA,NA,NA,NA,,,,,,,,,NA,,,Sample.566_NC_NC_NC_NC
Sample.567.22567,,,EXP-22-BO2801,22567,ORL_UOB_2020,Birmingham_site_specific_sampling_study,,No,,06_10_2021,England,Birmingham,S2,,,,,,,,,,,,,None,None,None,2,Follow_up,16S,Plaque,V1-V2,Illumina,AGAGTTTGATCMTGGCTCAG,TGCTGCCTCCCGTAGGAGT,OralCavity,Teeth,Right,Lower,LowerRight,6,Buccal_Distal,,,,,,,,,,Gingivitis,,,Sample.567_S2_V2_LR6_Buccal
Sample.568.22568,,,EXP-22-BO2801,22568,ORL_UOB_2020,Birmingham_site_specific_sampling_study,,No,,06_10_2021,England,Birmingham,S2,,,,,,,,,,,,,None,None,None,2,Follow_up,16S,Plaque,V1-V2,Illumina,AGAGTTTGATCMTGGCTCAG,TGCTGCCTCCCGTAGGAGT,OralCavity,Teeth,Right,Lower,LowerRight,6,Buccal_Middle,,,,,,,,,,Gingivitis,,,Sample.568_S2_V2_LR6_Buccal
Sample.569.22569,,,EXP-22-BO2801,22569,ORL_UOB_2020,Birmingham_site_specific_sampling_study,,No,,06_10_2021,England,Birmingham,S2,,,,,,,,,,,,,None,None,None,2,Follow_up,16S,Plaque,V1-V2,Illumina,AGAGTTTGATCMTGGCTCAG,TGCTGCCTCCCGTAGGAGT,OralCavity,Teeth,Right,Lower,LowerRight,6,Buccal_Mesial,,,,,,,,,,Gingivitis,,,Sample.569_S2_V2_LR6_Buccal
Sample.570.22570,,,EXP-22-BO2801,22570,ORL_UOB_2020,Birmingham_site_specific_sampling_study,,No,,06_10_2021,England,Birmingham,S2,,,,,,,,,,,,,None,None,None,2,Follow_up,16S,Plaque,V1-V2,Illumina,AGAGTTTGATCMTGGCTCAG,TGCTGCCTCCCGTAGGAGT,OralCavity,Teeth,Right,Lower,LowerRight,6,Paletal_Distal,,,,,,,,,,Gingivitis,,,Sample.570_S2_V2_LR6_Paletal
Sample.571.22571,,,EXP-22-BO2801,22571,ORL_UOB_2020,Birmingham_site_specific_sampling_study,,No,,06_10_2021,England,Birmingham,S2,,,,,,,,,,,,,None,None,None,2,Follow_up,16S,Plaque,V1-V2,Illumina,AGAGTTTGATCMTGGCTCAG,TGCTGCCTCCCGTAGGAGT,OralCavity,Teeth,Right,Lower,LowerRight,6,Paletal_Middle,,,,,,,,,,Gingivitis,,,Sample.571_S2_V2_LR6_Paletal
Sample.572.22572,,,EXP-22-BO2801,22572,ORL_UOB_2020,Birmingham_site_specific_sampling_study,,No,,06_10_2021,England,Birmingham,S2,,,,,,,,,,,,,None,None,None,2,Follow_up,16S,Plaque,V1-V2,Illumina,AGAGTTTGATCMTGGCTCAG,TGCTGCCTCCCGTAGGAGT,OralCavity,Teeth,Right,Lower,LowerRight,6,Paletal_Mesial,,,,,,,,,,Gingivitis,,,Sample.572_S2_V2_LR6_Paletal
Sample.573.22573,,,EXP-22-BO2801,22573,ORL_UOB_2020,Birmingham_site_specific_sampling_study,,No,,06_10_2021,England,Birmingham,S2,,,,,,,,,,,,,None,None,None,2,Follow_up,16S,Plaque,V1-V2,Illumina,AGAGTTTGATCMTGGCTCAG,TGCTGCCTCCCGTAGGAGT,OralCavity,Teeth,Right,Lower,LowerRight,5,Buccal_Distal,,,,,,,,,,Gingivitis,,,Sample.573_S2_V2_LR5_Buccal
Sample.574.22574,,,EXP-22-BO2801,22574,ORL_UOB_2020,Birmingham_site_specific_sampling_study,,No,,06_10_2021,England,Birmingham,S2,,,,,,,,,,,,,None,None,None,2,Follow_up,16S,Plaque,V1-V2,Illumina,AGAGTTTGATCMTGGCTCAG,TGCTGCCTCCCGTAGGAGT,OralCavity,Teeth,Right,Lower,LowerRight,5,Buccal_Middle,,,,,,,,,,Gingivitis,,,Sample.574_S2_V2_LR5_Buccal
Sample.575.22575,,,EXP-22-BO2801,22575,ORL_UOB_2020,Birmingham_site_specific_sampling_study,,No,,06_10_2021,England,Birmingham,S2,,,,,,,,,,,,,None,None,None,2,Follow_up,16S,Plaque,V1-V2,Illumina,AGAGTTTGATCMTGGCTCAG,TGCTGCCTCCCGTAGGAGT,OralCavity,Teeth,Right,Lower,LowerRight,5,Buccal_Mesial,,,,,,,,,,Gingivitis,,,Sample.575_S2_V2_LR5_Buccal
Sample.576.22576,,,EXP-22-BO2801,22576,ORL_UOB_2020,Birmingham_site_specific_sampling_study,,No,,06_10_2021,England,Birmingham,S2,,,,,,,,,,,,,None,None,None,2,Follow_up,16S,Plaque,V1-V2,Illumina,AGAGTTTGATCMTGGCTCAG,TGCTGCCTCCCGTAGGAGT,OralCavity,Teeth,Right,Lower,LowerRight,5,Paletal_Distal,,,,,,,,,,Gingivitis,,,Sample.576_S2_V2_LR5_Paletal
Sample.577.22577,,,EXP-22-BO2801,22577,ORL_UOB_2020,Birmingham_site_specific_sampling_study,,No,,06_10_2021,England,Birmingham,S2,,,,,,,,,,,,,None,None,None,2,Follow_up,16S,Plaque,V1-V2,Illumina,AGAGTTTGATCMTGGCTCAG,TGCTGCCTCCCGTAGGAGT,OralCavity,Teeth,Right,Lower,LowerRight,5,Paletal_Middle,,,,,,,,,,Gingivitis,,,Sample.577_S2_V2_LR5_Paletal
Sample.578.22578,,,EXP-22-BO2801,22578,ORL_UOB_2020,Birmingham_site_specific_sampling_study,,No,,06_10_2021,England,Birmingham,S2,,,,,,,,,,,,,None,None,None,2,Follow_up,16S,Plaque,V1-V2,Illumina,AGAGTTTGATCMTGGCTCAG,TGCTGCCTCCCGTAGGAGT,OralCavity,Teeth,Right,Lower,LowerRight,5,Paletal_Mesial,,,,,,,,,,Gingivitis,,,Sample.578_S2_V2_LR5_Paletal
Sample.579.22579,,,EXP-22-BO2801,22579,ORL_UOB_2020,Birmingham_site_specific_sampling_study,,No,,06_10_2021,England,Birmingham,S2,,,,,,,,,,,,,None,None,None,2,Follow_up,16S,Plaque,V1-V2,Illumina,AGAGTTTGATCMTGGCTCAG,TGCTGCCTCCCGTAGGAGT,OralCavity,Teeth,Right,Lower,LowerRight,4,Buccal_Distal,,,,,,,,,,Gingivitis,,,Sample.579_S2_V2_LR4_Buccal
Sample.580.22580,,,EXP-22-BO2801,22580,ORL_UOB_2020,Birmingham_site_specific_sampling_study,,No,,06_10_2021,England,Birmingham,S2,,,,,,,,,,,,,None,None,None,2,Follow_up,16S,Plaque,V1-V2,Illumina,AGAGTTTGATCMTGGCTCAG,TGCTGCCTCCCGTAGGAGT,OralCavity,Teeth,Right,Lower,LowerRight,4,Buccal_Middle,,,,,,,,,,Gingivitis,,,Sample.580_S2_V2_LR4_Buccal
Sample.581.22581,,,EXP-22-BO2801,22581,ORL_UOB_2020,Birmingham_site_specific_sampling_study,,No,,06_10_2021,England,Birmingham,S2,,,,,,,,,,,,,None,None,None,2,Follow_up,16S,Plaque,V1-V2,Illumina,AGAGTTTGATCMTGGCTCAG,TGCTGCCTCCCGTAGGAGT,OralCavity,Teeth,Right,Lower,LowerRight,4,Buccal_Mesial,,,,,,,,,,Gingivitis,,,Sample.581_S2_V2_LR4_Buccal
Sample.582.22582,,,EXP-22-BO2801,22582,ORL_UOB_2020,Birmingham_site_specific_sampling_study,,No,,06_10_2021,England,Birmingham,S2,,,,,,,,,,,,,None,None,None,2,Follow_up,16S,Plaque,V1-V2,Illumina,AGAGTTTGATCMTGGCTCAG,TGCTGCCTCCCGTAGGAGT,OralCavity,Teeth,Right,Lower,LowerRight,4,Paletal_Distal,,,,,,,,,,Gingivitis,,,Sample.582_S2_V2_LR4_Paletal
Sample.583.22583,,,EXP-22-BO2801,22583,ORL_UOB_2020,Birmingham_site_specific_sampling_study,,No,,06_10_2021,England,Birmingham,S2,,,,,,,,,,,,,None,None,None,2,Follow_up,16S,Plaque,V1-V2,Illumina,AGAGTTTGATCMTGGCTCAG,TGCTGCCTCCCGTAGGAGT,OralCavity,Teeth,Right,Lower,LowerRight,4,Paletal_Middle,,,,,,,,,,Gingivitis,,,Sample.583_S2_V2_LR4_Paletal
Sample.584.22584,,,EXP-22-BO2801,22584,ORL_UOB_2020,Birmingham_site_specific_sampling_study,,No,,06_10_2021,England,Birmingham,S2,,,,,,,,,,,,,None,None,None,2,Follow_up,16S,Plaque,V1-V2,Illumina,AGAGTTTGATCMTGGCTCAG,TGCTGCCTCCCGTAGGAGT,OralCavity,Teeth,Right,Lower,LowerRight,4,Paletal_Mesial,,,,,,,,,,Gingivitis,,,Sample.584_S2_V2_LR4_Paletal
Sample.585.22585,,,EXP-22-BO2801,22585,ORL_UOB_2020,Birmingham_site_specific_sampling_study,,No,,06_10_2021,England,Birmingham,S2,,,,,,,,,,,,,None,None,None,2,Follow_up,16S,Plaque,V1-V2,Illumina,AGAGTTTGATCMTGGCTCAG,TGCTGCCTCCCGTAGGAGT,OralCavity,Teeth,Right,Lower,LowerRight,3,Buccal_Distal,,,,,,,,,,Gingivitis,,,Sample.585_S2_V2_LR3_Buccal
Sample.586.22586,,,EXP-22-BO2801,22586,ORL_UOB_2020,Birmingham_site_specific_sampling_study,,No,,06_10_2021,England,Birmingham,S2,,,,,,,,,,,,,None,None,None,2,Follow_up,16S,Plaque,V1-V2,Illumina,AGAGTTTGATCMTGGCTCAG,TGCTGCCTCCCGTAGGAGT,OralCavity,Teeth,Right,Lower,LowerRight,3,Buccal_Middle,,,,,,,,,,Gingivitis,,,Sample.586_S2_V2_LR3_Buccal
Sample.587.22587,,,EXP-22-BO2801,22587,ORL_UOB_2020,Birmingham_site_specific_sampling_study,,No,,06_10_2021,England,Birmingham,S2,,,,,,,,,,,,,None,None,None,2,Follow_up,16S,Plaque,V1-V2,Illumina,AGAGTTTGATCMTGGCTCAG,TGCTGCCTCCCGTAGGAGT,OralCavity,Teeth,Right,Lower,LowerRight,3,Buccal_Mesial,,,,,,,,,,Gingivitis,,,Sample.587_S2_V2_LR3_Buccal
Sample.588.22588,,,EXP-22-BO2801,22588,ORL_UOB_2020,Birmingham_site_specific_sampling_study,,No,,06_10_2021,England,Birmingham,S2,,,,,,,,,,,,,None,None,None,2,Follow_up,16S,Plaque,V1-V2,Illumina,AGAGTTTGATCMTGGCTCAG,TGCTGCCTCCCGTAGGAGT,OralCavity,Teeth,Right,Lower,LowerRight,3,Paletal_Distal,,,,,,,,,,Gingivitis,,,Sample.588_S2_V2_LR3_Paletal
Sample.589.22589,,,EXP-22-BO2801,22589,ORL_UOB_2020,Birmingham_site_specific_sampling_study,,No,,06_10_2021,England,Birmingham,S2,,,,,,,,,,,,,None,None,None,2,Follow_up,16S,Plaque,V1-V2,Illumina,AGAGTTTGATCMTGGCTCAG,TGCTGCCTCCCGTAGGAGT,OralCavity,Teeth,Right,Lower,LowerRight,3,Paletal_Middle,,,,,,,,,,Gingivitis,,,Sample.589_S2_V2_LR3_Paletal
Sample.590.22590,,,EXP-22-BO2801,22590,ORL_UOB_2020,Birmingham_site_specific_sampling_study,,No,,06_10_2021,England,Birmingham,S2,,,,,,,,,,,,,None,None,None,2,Follow_up,16S,Plaque,V1-V2,Illumina,AGAGTTTGATCMTGGCTCAG,TGCTGCCTCCCGTAGGAGT,OralCavity,Teeth,Right,Lower,LowerRight,3,Paletal_Mesial,,,,,,,,,,Gingivitis,,,Sample.590_S2_V2_LR3_Paletal
Sample.591.22591,,,EXP-22-BO2801,22591,ORL_UOB_2020,Birmingham_site_specific_sampling_study,,No,,06_10_2021,England,Birmingham,S2,,,,,,,,,,,,,None,None,None,2,Follow_up,16S,Plaque,V1-V2,Illumina,AGAGTTTGATCMTGGCTCAG,TGCTGCCTCCCGTAGGAGT,OralCavity,Teeth,Right,Lower,LowerRight,2,Buccal_Distal,,,,,,,,,,Gingivitis,,,Sample.591_S2_V2_LR2_Buccal
Sample.592.22592,,,EXP-22-BO2801,22592,ORL_UOB_2020,Birmingham_site_specific_sampling_study,,No,,06_10_2021,England,Birmingham,S2,,,,,,,,,,,,,None,None,None,2,Follow_up,16S,Plaque,V1-V2,Illumina,AGAGTTTGATCMTGGCTCAG,TGCTGCCTCCCGTAGGAGT,OralCavity,Teeth,Right,Lower,LowerRight,2,Buccal_Middle,,,,,,,,,,Gingivitis,,,Sample.592_S2_V2_LR2_Buccal
Sample.593.22593,,,EXP-22-BO2801,22593,ORL_UOB_2020,Birmingham_site_specific_sampling_study,,No,,06_10_2021,England,Birmingham,S2,,,,,,,,,,,,,None,None,None,2,Follow_up,16S,Plaque,V1-V2,Illumina,AGAGTTTGATCMTGGCTCAG,TGCTGCCTCCCGTAGGAGT,OralCavity,Teeth,Right,Lower,LowerRight,2,Buccal_Mesial,,,,,,,,,,Gingivitis,,,Sample.593_S2_V2_LR2_Buccal
Sample.594.22594,,,EXP-22-BO2801,22594,ORL_UOB_2020,Birmingham_site_specific_sampling_study,,No,,06_10_2021,England,Birmingham,S2,,,,,,,,,,,,,None,None,None,2,Follow_up,16S,Plaque,V1-V2,Illumina,AGAGTTTGATCMTGGCTCAG,TGCTGCCTCCCGTAGGAGT,OralCavity,Teeth,Right,Lower,LowerRight,2,Paletal_Distal,,,,,,,,,,Gingivitis,,,Sample.594_S2_V2_LR2_Paletal
Sample.595.22595,,,EXP-22-BO2801,22595,ORL_UOB_2020,Birmingham_site_specific_sampling_study,,No,,06_10_2021,England,Birmingham,S2,,,,,,,,,,,,,None,None,None,2,Follow_up,16S,Plaque,V1-V2,Illumina,AGAGTTTGATCMTGGCTCAG,TGCTGCCTCCCGTAGGAGT,OralCavity,Teeth,Right,Lower,LowerRight,2,Paletal_Middle,,,,,,,,,,Gingivitis,,,Sample.595_S2_V2_LR2_Paletal
Sample.596.22596,,,EXP-22-BO2801,22596,ORL_UOB_2020,Birmingham_site_specific_sampling_study,,No,,06_10_2021,England,Birmingham,S2,,,,,,,,,,,,,None,None,None,2,Follow_up,16S,Plaque,V1-V2,Illumina,AGAGTTTGATCMTGGCTCAG,TGCTGCCTCCCGTAGGAGT,OralCavity,Teeth,Right,Lower,LowerRight,2,Paletal_Mesial,,,,,,,,,,Gingivitis,,,Sample.596_S2_V2_LR2_Paletal
Sample.597.22597,,,EXP-22-BO2801,22597,ORL_UOB_2020,Birmingham_site_specific_sampling_study,,No,,06_10_2021,England,Birmingham,S2,,,,,,,,,,,,,None,None,None,2,Follow_up,16S,Plaque,V1-V2,Illumina,AGAGTTTGATCMTGGCTCAG,TGCTGCCTCCCGTAGGAGT,OralCavity,Teeth,Right,Lower,LowerRight,1,Buccal_Distal,,,,,,,,,,Gingivitis,,,Sample.597_S2_V2_LR1_Buccal
Sample.598.22598,,,EXP-22-BO2801,22598,ORL_UOB_2020,Birmingham_site_specific_sampling_study,,No,,06_10_2021,England,Birmingham,S2,,,,,,,,,,,,,None,None,None,2,Follow_up,16S,Plaque,V1-V2,Illumina,AGAGTTTGATCMTGGCTCAG,TGCTGCCTCCCGTAGGAGT,OralCavity,Teeth,Right,Lower,LowerRight,1,Buccal_Middle,,,,,,,,,,Gingivitis,,,Sample.598_S2_V2_LR1_Buccal
Sample.599.22599,,,EXP-22-BO2801,22599,ORL_UOB_2020,Birmingham_site_specific_sampling_study,,No,,06_10_2021,England,Birmingham,S2,,,,,,,,,,,,,None,None,None,2,Follow_up,16S,Plaque,V1-V2,Illumina,AGAGTTTGATCMTGGCTCAG,TGCTGCCTCCCGTAGGAGT,OralCavity,Teeth,Right,Lower,LowerRight,1,Buccal_Mesial,,,,,,,,,,Gingivitis,,,Sample.599_S2_V2_LR1_Buccal
Sample.600.22600,,,EXP-22-BO2801,22600,ORL_UOB_2020,Birmingham_site_specific_sampling_study,,No,,06_10_2021,England,Birmingham,S2,,,,,,,,,,,,,None,None,None,2,Follow_up,16S,Plaque,V1-V2,Illumina,AGAGTTTGATCMTGGCTCAG,TGCTGCCTCCCGTAGGAGT,OralCavity,Teeth,Right,Lower,LowerRight,1,Paletal_Distal,,,,,,,,,,Gingivitis,,,Sample.600_S2_V2_LR1_Paletal
Sample.601.22601,,,EXP-22-BO2801,22601,ORL_UOB_2020,Birmingham_site_specific_sampling_study,,No,,06_10_2021,England,Birmingham,S2,,,,,,,,,,,,,None,None,None,2,Follow_up,16S,Plaque,V1-V2,Illumina,AGAGTTTGATCMTGGCTCAG,TGCTGCCTCCCGTAGGAGT,OralCavity,Teeth,Right,Lower,LowerRight,1,Paletal_Middle,,,,,,,,,,Gingivitis,,,Sample.601_S2_V2_LR1_Paletal
Sample.602.22602,,,EXP-22-BO2801,22602,ORL_UOB_2020,Birmingham_site_specific_sampling_study,,No,,06_10_2021,England,Birmingham,S2,,,,,,,,,,,,,None,None,None,2,Follow_up,16S,Plaque,V1-V2,Illumina,AGAGTTTGATCMTGGCTCAG,TGCTGCCTCCCGTAGGAGT,OralCavity,Teeth,Right,Lower,LowerRight,1,Paletal_Mesial,,,,,,,,,,Gingivitis,,,Sample.602_S2_V2_LR1_Paletal
Sample.603.22603,,,EXP-22-BO2801,22603,ORL_UOB_2020,Birmingham_site_specific_sampling_study,,No,,06_10_2021,England,Birmingham,S2,,,,,,,,,,,,,None,None,None,2,Follow_up,16S,Plaque,V1-V2,Illumina,AGAGTTTGATCMTGGCTCAG,TGCTGCCTCCCGTAGGAGT,OralCavity,Teeth,Left,Lower,LowerLeft,1,Buccal_Distal,,,,,,,,,,Gingivitis,,,Sample.603_S2_V2_LL1_Buccal
Sample.604.22604,,,EXP-22-BO2801,22604,ORL_UOB_2020,Birmingham_site_specific_sampling_study,,No,,06_10_2021,England,Birmingham,S2,,,,,,,,,,,,,None,None,None,2,Follow_up,16S,Plaque,V1-V2,Illumina,AGAGTTTGATCMTGGCTCAG,TGCTGCCTCCCGTAGGAGT,OralCavity,Teeth,Left,Lower,LowerLeft,1,Buccal_Middle,,,,,,,,,,Gingivitis,,,Sample.604_S2_V2_LL1_Buccal
Sample.605.22605,,,EXP-22-BO2801,22605,ORL_UOB_2020,Birmingham_site_specific_sampling_study,,No,,06_10_2021,England,Birmingham,S2,,,,,,,,,,,,,None,None,None,2,Follow_up,16S,Plaque,V1-V2,Illumina,AGAGTTTGATCMTGGCTCAG,TGCTGCCTCCCGTAGGAGT,OralCavity,Teeth,Left,Lower,LowerLeft,1,Buccal_Mesial,,,,,,,,,,Gingivitis,,,Sample.605_S2_V2_LL1_Buccal
Sample.606.22606,,,EXP-22-BO2801,22606,ORL_UOB_2020,Birmingham_site_specific_sampling_study,,No,,06_10_2021,England,Birmingham,S2,,,,,,,,,,,,,None,None,None,2,Follow_up,16S,Plaque,V1-V2,Illumina,AGAGTTTGATCMTGGCTCAG,TGCTGCCTCCCGTAGGAGT,OralCavity,Teeth,Left,Lower,LowerLeft,1,Paletal_Distal,,,,,,,,,,Gingivitis,,,Sample.606_S2_V2_LL1_Paletal
Sample.607.22607,,,EXP-22-BO2801,22607,ORL_UOB_2020,Birmingham_site_specific_sampling_study,,No,,06_10_2021,England,Birmingham,S2,,,,,,,,,,,,,None,None,None,2,Follow_up,16S,Plaque,V1-V2,Illumina,AGAGTTTGATCMTGGCTCAG,TGCTGCCTCCCGTAGGAGT,OralCavity,Teeth,Left,Lower,LowerLeft,1,Paletal_Middle,,,,,,,,,,Gingivitis,,,Sample.607_S2_V2_LL1_Paletal
Sample.608.22608,,,EXP-22-BO2801,22608,ORL_UOB_2020,Birmingham_site_specific_sampling_study,,No,,06_10_2021,England,Birmingham,S2,,,,,,,,,,,,,None,None,None,2,Follow_up,16S,Plaque,V1-V2,Illumina,AGAGTTTGATCMTGGCTCAG,TGCTGCCTCCCGTAGGAGT,OralCavity,Teeth,Left,Lower,LowerLeft,1,Paletal_Mesial,,,,,,,,,,Gingivitis,,,Sample.608_S2_V2_LL1_Paletal
Sample.609.22609,,,EXP-22-BO2801,22609,ORL_UOB_2020,Birmingham_site_specific_sampling_study,,No,,06_10_2021,England,Birmingham,S2,,,,,,,,,,,,,None,None,None,2,Follow_up,16S,Plaque,V1-V2,Illumina,AGAGTTTGATCMTGGCTCAG,TGCTGCCTCCCGTAGGAGT,OralCavity,Teeth,Left,Lower,LowerLeft,2,Buccal_Distal,,,,,,,,,,Gingivitis,,,Sample.609_S2_V2_LL2_Buccal
Sample.610.22610,,,EXP-22-BO2801,22610,ORL_UOB_2020,Birmingham_site_specific_sampling_study,,No,,06_10_2021,England,Birmingham,S2,,,,,,,,,,,,,None,None,None,2,Follow_up,16S,Plaque,V1-V2,Illumina,AGAGTTTGATCMTGGCTCAG,TGCTGCCTCCCGTAGGAGT,OralCavity,Teeth,Left,Lower,LowerLeft,2,Buccal_Middle,,,,,,,,,,Gingivitis,,,Sample.610_S2_V2_LL2_Buccal
Sample.611.22611,,,EXP-22-BO2801,22611,ORL_UOB_2020,Birmingham_site_specific_sampling_study,,No,,06_10_2021,England,Birmingham,S2,,,,,,,,,,,,,None,None,None,2,Follow_up,16S,Plaque,V1-V2,Illumina,AGAGTTTGATCMTGGCTCAG,TGCTGCCTCCCGTAGGAGT,OralCavity,Teeth,Left,Lower,LowerLeft,2,Buccal_Mesial,,,,,,,,,,Gingivitis,,,Sample.611_S2_V2_LL2_Buccal
Sample.612.22612,,,EXP-22-BO2801,22612,ORL_UOB_2020,Birmingham_site_specific_sampling_study,,No,,06_10_2021,England,Birmingham,S2,,,,,,,,,,,,,None,None,None,2,Follow_up,16S,Plaque,V1-V2,Illumina,AGAGTTTGATCMTGGCTCAG,TGCTGCCTCCCGTAGGAGT,OralCavity,Teeth,Left,Lower,LowerLeft,2,Paletal_Distal,,,,,,,,,,Gingivitis,,,Sample.612_S2_V2_LL2_Paletal
Sample.613.22613,,,EXP-22-BO2801,22613,ORL_UOB_2020,Birmingham_site_specific_sampling_study,,No,,06_10_2021,England,Birmingham,S2,,,,,,,,,,,,,None,None,None,2,Follow_up,16S,Plaque,V1-V2,Illumina,AGAGTTTGATCMTGGCTCAG,TGCTGCCTCCCGTAGGAGT,OralCavity,Teeth,Left,Lower,LowerLeft,2,Paletal_Middle,,,,,,,,,,Gingivitis,,,Sample.613_S2_V2_LL2_Paletal
Sample.614.22614,,,EXP-22-BO2801,22614,ORL_UOB_2020,Birmingham_site_specific_sampling_study,,No,,06_10_2021,England,Birmingham,S2,,,,,,,,,,,,,None,None,None,2,Follow_up,16S,Plaque,V1-V2,Illumina,AGAGTTTGATCMTGGCTCAG,TGCTGCCTCCCGTAGGAGT,OralCavity,Teeth,Left,Lower,LowerLeft,2,Paletal_Mesial,,,,,,,,,,Gingivitis,,,Sample.614_S2_V2_LL2_Paletal
Sample.615.22615,,,EXP-22-BO2801,22615,ORL_UOB_2020,Birmingham_site_specific_sampling_study,,No,,06_10_2021,England,Birmingham,S2,,,,,,,,,,,,,None,None,None,2,Follow_up,16S,Plaque,V1-V2,Illumina,AGAGTTTGATCMTGGCTCAG,TGCTGCCTCCCGTAGGAGT,OralCavity,Teeth,Left,Lower,LowerLeft,3,Buccal_Distal,,,,,,,,,,Gingivitis,,,Sample.615_S2_V2_LL3_Buccal
Sample.616.22616,,,EXP-22-BO2801,22616,ORL_UOB_2020,Birmingham_site_specific_sampling_study,,No,,06_10_2021,England,Birmingham,S2,,,,,,,,,,,,,None,None,None,2,Follow_up,16S,Plaque,V1-V2,Illumina,AGAGTTTGATCMTGGCTCAG,TGCTGCCTCCCGTAGGAGT,OralCavity,Teeth,Left,Lower,LowerLeft,3,Buccal_Middle,,,,,,,,,,Gingivitis,,,Sample.616_S2_V2_LL3_Buccal
Sample.617.22617,,,EXP-22-BO2801,22617,ORL_UOB_2020,Birmingham_site_specific_sampling_study,,No,,06_10_2021,England,Birmingham,S2,,,,,,,,,,,,,None,None,None,2,Follow_up,16S,Plaque,V1-V2,Illumina,AGAGTTTGATCMTGGCTCAG,TGCTGCCTCCCGTAGGAGT,OralCavity,Teeth,Left,Lower,LowerLeft,3,Buccal_Mesial,,,,,,,,,,Gingivitis,,,Sample.617_S2_V2_LL3_Buccal
Sample.618.22618,,,EXP-22-BO2801,22618,ORL_UOB_2020,Birmingham_site_specific_sampling_study,,No,,06_10_2021,England,Birmingham,S2,,,,,,,,,,,,,None,None,None,2,Follow_up,16S,Plaque,V1-V2,Illumina,AGAGTTTGATCMTGGCTCAG,TGCTGCCTCCCGTAGGAGT,OralCavity,Teeth,Left,Lower,LowerLeft,3,Paletal_Distal,,,,,,,,,,Gingivitis,,,Sample.618_S2_V2_LL3_Paletal
Sample.619.22619,,,EXP-22-BO2801,22619,ORL_UOB_2020,Birmingham_site_specific_sampling_study,,No,,06_10_2021,England,Birmingham,S2,,,,,,,,,,,,,None,None,None,2,Follow_up,16S,Plaque,V1-V2,Illumina,AGAGTTTGATCMTGGCTCAG,TGCTGCCTCCCGTAGGAGT,OralCavity,Teeth,Left,Lower,LowerLeft,3,Paletal_Middle,,,,,,,,,,Gingivitis,,,Sample.619_S2_V2_LL3_Paletal
Sample.620.22620,,,EXP-22-BO2801,22620,ORL_UOB_2020,Birmingham_site_specific_sampling_study,,No,,06_10_2021,England,Birmingham,S2,,,,,,,,,,,,,None,None,None,2,Follow_up,16S,Plaque,V1-V2,Illumina,AGAGTTTGATCMTGGCTCAG,TGCTGCCTCCCGTAGGAGT,OralCavity,Teeth,Left,Lower,LowerLeft,3,Paletal_Mesial,,,,,,,,,,Gingivitis,,,Sample.620_S2_V2_LL3_Paletal
Sample.621.22621,,,EXP-22-BO2801,22621,ORL_UOB_2020,Birmingham_site_specific_sampling_study,,No,,06_10_2021,England,Birmingham,S2,,,,,,,,,,,,,None,None,None,2,Follow_up,16S,Plaque,V1-V2,Illumina,AGAGTTTGATCMTGGCTCAG,TGCTGCCTCCCGTAGGAGT,OralCavity,Teeth,Left,Lower,LowerLeft,4,Buccal_Distal,,,,,,,,,,Gingivitis,,,Sample.621_S2_V2_LL4_Buccal
Sample.622.22622,,,EXP-22-BO2801,22622,ORL_UOB_2020,Birmingham_site_specific_sampling_study,,No,,06_10_2021,England,Birmingham,S2,,,,,,,,,,,,,None,None,None,2,Follow_up,16S,Plaque,V1-V2,Illumina,AGAGTTTGATCMTGGCTCAG,TGCTGCCTCCCGTAGGAGT,OralCavity,Teeth,Left,Lower,LowerLeft,4,Buccal_Middle,,,,,,,,,,Gingivitis,,,Sample.622_S2_V2_LL4_Buccal
Sample.623.22623,,,EXP-22-BO2801,22623,ORL_UOB_2020,Birmingham_site_specific_sampling_study,,No,,06_10_2021,England,Birmingham,S2,,,,,,,,,,,,,None,None,None,2,Follow_up,16S,Plaque,V1-V2,Illumina,AGAGTTTGATCMTGGCTCAG,TGCTGCCTCCCGTAGGAGT,OralCavity,Teeth,Left,Lower,LowerLeft,4,Buccal_Mesial,,,,,,,,,,Gingivitis,,,Sample.623_S2_V2_LL4_Buccal
Sample.624.22624,,,EXP-22-BO2801,22624,ORL_UOB_2020,Birmingham_site_specific_sampling_study,,No,,06_10_2021,England,Birmingham,S2,,,,,,,,,,,,,None,None,None,2,Follow_up,16S,Plaque,V1-V2,Illumina,AGAGTTTGATCMTGGCTCAG,TGCTGCCTCCCGTAGGAGT,OralCavity,Teeth,Left,Lower,LowerLeft,4,Paletal_Distal,,,,,,,,,,Gingivitis,,,Sample.624_S2_V2_LL4_Paletal
Sample.625.22625,,,EXP-22-BO2801,22625,ORL_UOB_2020,Birmingham_site_specific_sampling_study,,No,,06_10_2021,England,Birmingham,S2,,,,,,,,,,,,,None,None,None,2,Follow_up,16S,Plaque,V1-V2,Illumina,AGAGTTTGATCMTGGCTCAG,TGCTGCCTCCCGTAGGAGT,OralCavity,Teeth,Left,Lower,LowerLeft,4,Paletal_Middle,,,,,,,,,,Gingivitis,,,Sample.625_S2_V2_LL4_Paletal
Sample.626.22626,,,EXP-22-BO2801,22626,ORL_UOB_2020,Birmingham_site_specific_sampling_study,,No,,06_10_2021,England,Birmingham,S2,,,,,,,,,,,,,None,None,None,2,Follow_up,16S,Plaque,V1-V2,Illumina,AGAGTTTGATCMTGGCTCAG,TGCTGCCTCCCGTAGGAGT,OralCavity,Teeth,Left,Lower,LowerLeft,4,Paletal_Mesial,,,,,,,,,,Gingivitis,,,Sample.626_S2_V2_LL4_Paletal
Sample.627.22627,,,EXP-22-BO2801,22627,ORL_UOB_2020,Birmingham_site_specific_sampling_study,,No,,06_10_2021,England,Birmingham,S2,,,,,,,,,,,,,None,None,None,2,Follow_up,16S,Plaque,V1-V2,Illumina,AGAGTTTGATCMTGGCTCAG,TGCTGCCTCCCGTAGGAGT,OralCavity,Teeth,Left,Lower,LowerLeft,5,Buccal_Distal,,,,,,,,,,Gingivitis,,,Sample.627_S2_V2_LL5_Buccal
Sample.628.22628,,,EXP-22-BO2801,22628,ORL_UOB_2020,Birmingham_site_specific_sampling_study,,No,,06_10_2021,England,Birmingham,S2,,,,,,,,,,,,,None,None,None,2,Follow_up,16S,Plaque,V1-V2,Illumina,AGAGTTTGATCMTGGCTCAG,TGCTGCCTCCCGTAGGAGT,OralCavity,Teeth,Left,Lower,LowerLeft,5,Buccal_Middle,,,,,,,,,,Gingivitis,,,Sample.628_S2_V2_LL5_Buccal
Sample.629.22629,,,EXP-22-BO2801,22629,ORL_UOB_2020,Birmingham_site_specific_sampling_study,,No,,06_10_2021,England,Birmingham,S2,,,,,,,,,,,,,None,None,None,2,Follow_up,16S,Plaque,V1-V2,Illumina,AGAGTTTGATCMTGGCTCAG,TGCTGCCTCCCGTAGGAGT,OralCavity,Teeth,Left,Lower,LowerLeft,5,Buccal_Mesial,,,,,,,,,,Gingivitis,,,Sample.629_S2_V2_LL5_Buccal
Sample.630.22630,,,EXP-22-BO2801,22630,ORL_UOB_2020,Birmingham_site_specific_sampling_study,,No,,06_10_2021,England,Birmingham,S2,,,,,,,,,,,,,None,None,None,2,Follow_up,16S,Plaque,V1-V2,Illumina,AGAGTTTGATCMTGGCTCAG,TGCTGCCTCCCGTAGGAGT,OralCavity,Teeth,Left,Lower,LowerLeft,5,Paletal_Distal,,,,,,,,,,Gingivitis,,,Sample.630_S2_V2_LL5_Paletal
Sample.631.22631,,,EXP-22-BO2801,22631,ORL_UOB_2020,Birmingham_site_specific_sampling_study,,No,,06_10_2021,England,Birmingham,S2,,,,,,,,,,,,,None,None,None,2,Follow_up,16S,Plaque,V1-V2,Illumina,AGAGTTTGATCMTGGCTCAG,TGCTGCCTCCCGTAGGAGT,OralCavity,Teeth,Left,Lower,LowerLeft,5,Paletal_Middle,,,,,,,,,,Gingivitis,,,Sample.631_S2_V2_LL5_Paletal
Sample.632.22632,,,EXP-22-BO2801,22632,ORL_UOB_2020,Birmingham_site_specific_sampling_study,,No,,06_10_2021,England,Birmingham,S2,,,,,,,,,,,,,None,None,None,2,Follow_up,16S,Plaque,V1-V2,Illumina,AGAGTTTGATCMTGGCTCAG,TGCTGCCTCCCGTAGGAGT,OralCavity,Teeth,Left,Lower,LowerLeft,5,Paletal_Mesial,,,,,,,,,,Gingivitis,,,Sample.632_S2_V2_LL5_Paletal
Sample.633.22633,,,EXP-22-BO2801,22633,ORL_UOB_2020,Birmingham_site_specific_sampling_study,,No,,06_10_2021,England,Birmingham,S2,,,,,,,,,,,,,None,None,None,2,Follow_up,16S,Plaque,V1-V2,Illumina,AGAGTTTGATCMTGGCTCAG,TGCTGCCTCCCGTAGGAGT,OralCavity,Teeth,Left,Lower,LowerLeft,6,Buccal_Distal,,,,,,,,,,Gingivitis,,,Sample.633_S2_V2_LL6_Buccal
Sample.634.22634,,,EXP-22-BO2801,22634,ORL_UOB_2020,Birmingham_site_specific_sampling_study,,No,,06_10_2021,England,Birmingham,S2,,,,,,,,,,,,,None,None,None,2,Follow_up,16S,Plaque,V1-V2,Illumina,AGAGTTTGATCMTGGCTCAG,TGCTGCCTCCCGTAGGAGT,OralCavity,Teeth,Left,Lower,LowerLeft,6,Buccal_Middle,,,,,,,,,,Gingivitis,,,Sample.634_S2_V2_LL6_Buccal
Sample.635.22635,,,EXP-22-BO2801,22635,ORL_UOB_2020,Birmingham_site_specific_sampling_study,,No,,06_10_2021,England,Birmingham,S2,,,,,,,,,,,,,None,None,None,2,Follow_up,16S,Plaque,V1-V2,Illumina,AGAGTTTGATCMTGGCTCAG,TGCTGCCTCCCGTAGGAGT,OralCavity,Teeth,Left,Lower,LowerLeft,6,Buccal_Mesial,,,,,,,,,,Gingivitis,,,Sample.635_S2_V2_LL6_Buccal
Sample.636.22636,,,EXP-22-BO2801,22636,ORL_UOB_2020,Birmingham_site_specific_sampling_study,,No,,06_10_2021,England,Birmingham,S2,,,,,,,,,,,,,None,None,None,2,Follow_up,16S,Plaque,V1-V2,Illumina,AGAGTTTGATCMTGGCTCAG,TGCTGCCTCCCGTAGGAGT,OralCavity,Teeth,Left,Lower,LowerLeft,6,Paletal_Distal,,,,,,,,,,Gingivitis,,,Sample.636_S2_V2_LL6_Paletal
Sample.637.22637,,,EXP-22-BO2801,22637,ORL_UOB_2020,Birmingham_site_specific_sampling_study,,No,,06_10_2021,England,Birmingham,S2,,,,,,,,,,,,,None,None,None,2,Follow_up,16S,Plaque,V1-V2,Illumina,AGAGTTTGATCMTGGCTCAG,TGCTGCCTCCCGTAGGAGT,OralCavity,Teeth,Left,Lower,LowerLeft,6,Paletal_Middle,,,,,,,,,,Gingivitis,,,Sample.637_S2_V2_LL6_Paletal
Sample.638.22638,,,EXP-22-BO2801,22638,ORL_UOB_2020,Birmingham_site_specific_sampling_study,,No,,06_10_2021,England,Birmingham,S2,,,,,,,,,,,,,None,None,None,2,Follow_up,16S,Plaque,V1-V2,Illumina,AGAGTTTGATCMTGGCTCAG,TGCTGCCTCCCGTAGGAGT,OralCavity,Teeth,Left,Lower,LowerLeft,6,Paletal_Mesial,,,,,,,,,,Gingivitis,,,Sample.638_S2_V2_LL6_Paletal
Sample.639.22639,,,EXP-22-BO2801,22639,ORL_UOB_2020,Birmingham_site_specific_sampling_study,,No,,06_10_2021,England,Birmingham,S2,,,,,,,,,,,,,None,None,None,2,Follow_up,16S,Plaque,V1-V2,Illumina,AGAGTTTGATCMTGGCTCAG,TGCTGCCTCCCGTAGGAGT,OralCavity,Teeth,Left,Lower,LowerLeft,7,Buccal_Distal,,,,,,,,,,Gingivitis,,,Sample.639_S2_V2_LL7_Buccal
Sample.640.22640,,,EXP-22-BO2801,22640,ORL_UOB_2020,Birmingham_site_specific_sampling_study,,No,,06_10_2021,England,Birmingham,S2,,,,,,,,,,,,,None,None,None,2,Follow_up,16S,Plaque,V1-V2,Illumina,AGAGTTTGATCMTGGCTCAG,TGCTGCCTCCCGTAGGAGT,OralCavity,Teeth,Left,Lower,LowerLeft,7,Buccal_Middle,,,,,,,,,,Gingivitis,,,Sample.640_S2_V2_LL7_Buccal
Sample.641.22641,,,EXP-22-BO2801,22641,ORL_UOB_2020,Birmingham_site_specific_sampling_study,,No,,06_10_2021,England,Birmingham,S2,,,,,,,,,,,,,None,None,None,2,Follow_up,16S,Plaque,V1-V2,Illumina,AGAGTTTGATCMTGGCTCAG,TGCTGCCTCCCGTAGGAGT,OralCavity,Teeth,Left,Lower,LowerLeft,7,Buccal_Mesial,,,,,,,,,,Gingivitis,,,Sample.641_S2_V2_LL7_Buccal
Sample.642.22642,,,EXP-22-BO2801,22642,ORL_UOB_2020,Birmingham_site_specific_sampling_study,,No,,06_10_2021,England,Birmingham,S2,,,,,,,,,,,,,None,None,None,2,Follow_up,16S,Plaque,V1-V2,Illumina,AGAGTTTGATCMTGGCTCAG,TGCTGCCTCCCGTAGGAGT,OralCavity,Teeth,Left,Lower,LowerLeft,7,Paletal_Distal,,,,,,,,,,Gingivitis,,,Sample.642_S2_V2_LL7_Paletal
Sample.643.22643,,,EXP-22-BO2801,22643,ORL_UOB_2020,Birmingham_site_specific_sampling_study,,No,,06_10_2021,England,Birmingham,S2,,,,,,,,,,,,,None,None,None,2,Follow_up,16S,Plaque,V1-V2,Illumina,AGAGTTTGATCMTGGCTCAG,TGCTGCCTCCCGTAGGAGT,OralCavity,Teeth,Left,Lower,LowerLeft,7,Paletal_Middle,,,,,,,,,,Gingivitis,,,Sample.643_S2_V2_LL7_Paletal
Sample.644.22644,,,EXP-22-BO2801,22644,ORL_UOB_2020,Birmingham_site_specific_sampling_study,,No,,06_10_2021,England,Birmingham,S2,,,,,,,,,,,,,None,None,None,2,Follow_up,16S,Plaque,V1-V2,Illumina,AGAGTTTGATCMTGGCTCAG,TGCTGCCTCCCGTAGGAGT,OralCavity,Teeth,Left,Lower,LowerLeft,7,Paletal_Mesial,,,,,,,,,,Gingivitis,,,Sample.644_S2_V2_LL7_Paletal
Sample.645.22645,,,EXP-22-BO2801,22645,ORL_UOB_2020,Birmingham_site_specific_sampling_study,,Yes,NegativeControl,06_10_2021,England,Birmingham,NA,NA,NA,NA,NA,NA,NA,NA,NA,NA,NA,NA,NA,NA,NA,NA,NA,NA,16S,NA,V1-V2,Illumina,AGAGTTTGATCMTGGCTCAG,TGCTGCCTCCCGTAGGAGT,NA,NA,NA,NA,NA,NA,NA,NA,,,,,,,,,NA,,,Sample.645_NC_NC_NC_NC
