#SampleID,BarcodeSequence,LinkerPrimersequence,ELN,UnileverSampleID,UnileverStudyNumber,UnileverStudyName,ExternalStudyNumber,ControlSample,ControlID,SampleCollectionDate,SampleCollectionCountry,SampleCollectionCity,SubjectID,Age,Sex,Ethnicity,Product,ProductCode,ProductType,Timepoint,TimepointName,InvestigationType,SampleType,VariableRegion,SequencingPlatform,ForwardPrimer,ReversePrimer,Bodysite,SampleSite,SampleSide,SampleCollectionArea,SkinCondition,Corneometer,ImageCaptured,CollectionBufferVolume,QPCR_C.a(copies/mL),QPCR_S.e(copies/mL),NoOfBlackhead,NoOfWhitehead,NoOfPapule,NoOfPustule,TotalNoOfBlackheadWhiteheadPapulePustule,Description
A01,NA,NA,EXP-17-AH2892,A01,SKN-CLN-2629,TTAcneMicrobiome,NA,No,NA,30_11_2016,China,Shanghai,86,18,Female,Chinese,Cetaphil_cleanser_+_Cetaphil_moisturizer,NA,cleanser+moisturizer,1,Baseline,16S,BufferScrub,V1-V3,Illumina,AGAGTTTGATYMTGGCTCAG,ATTACCGCGGCTGCTGG,Head,Cheek,NA,5,Healthy,NA,Yes,3.5,7294.7,359.29,0,0,0,0,0,A01
A02,NA,NA,EXP-17-AH2892,A02,SKN-CLN-2629,TTAcneMicrobiome,NA,No,NA,30_11_2016,China,Shanghai,86,18,Female,Chinese,Cetaphil_cleanser_+_Cetaphil_moisturizer,NA,cleanser+moisturizer,1,Baseline,16S,BufferScrub,V1-V3,Illumina,AGAGTTTGATYMTGGCTCAG,ATTACCGCGGCTGCTGG,Head,Forehead,NA,5,Healthy,NA,Yes,3.6,19681.99,349.31,0,0,0,0,0,A02
A03,NA,NA,EXP-17-AH2892,A03,SKN-CLN-2629,TTAcneMicrobiome,NA,No,NA,28_12_2016,China,Shanghai,86,18,Female,Chinese,Cetaphil_cleanser_+_Cetaphil_moisturizer,NA,cleanser+moisturizer,2,Post treatment week 4,16S,BufferScrub,V1-V3,Illumina,AGAGTTTGATYMTGGCTCAG,ATTACCGCGGCTGCTGG,Head,Cheek,NA,5,Healthy,NA,Yes,3.6,9208.86,349.31,0,0,0,0,0,A03
A04,NA,NA,EXP-17-AH2892,A04,SKN-CLN-2629,TTAcneMicrobiome,NA,No,NA,28_12_2016,China,Shanghai,86,18,Female,Chinese,Cetaphil_cleanser_+_Cetaphil_moisturizer,NA,cleanser+moisturizer,2,Post treatment week 4,16S,BufferScrub,V1-V3,Illumina,AGAGTTTGATYMTGGCTCAG,ATTACCGCGGCTGCTGG,Head,Forehead,NA,5,Healthy,NA,Yes,3.8,28611.17,330.92,0,0,0,0,0,A04
A05,NA,NA,EXP-17-AH2892,A05,SKN-CLN-2629,TTAcneMicrobiome,NA,No,NA,04_01_2017,China,Shanghai,86,18,Female,Chinese,Cetaphil_cleanser_+_Cetaphil_moisturizer,NA,cleanser+moisturizer,3,Regression week 1,16S,BufferScrub,V1-V3,Illumina,AGAGTTTGATYMTGGCTCAG,ATTACCGCGGCTGCTGG,Head,Cheek,NA,5,Healthy,NA,Yes,3.8,39709.37,780.45,0,0,0,0,0,A05
A06,NA,NA,EXP-17-AH2892,A06,SKN-CLN-2629,TTAcneMicrobiome,NA,No,NA,04_01_2017,China,Shanghai,86,18,Female,Chinese,Cetaphil_cleanser_+_Cetaphil_moisturizer,NA,cleanser+moisturizer,3,Regression week 1,16S,BufferScrub,V1-V3,Illumina,AGAGTTTGATYMTGGCTCAG,ATTACCGCGGCTGCTGG,Head,Forehead,NA,5,Healthy,NA,Yes,3.8,27675.68,1168.2,0,0,0,0,0,A06
A07,NA,NA,EXP-17-AH2892,A07,SKN-CLN-2629,TTAcneMicrobiome,NA,No,NA,05_01_2017,China,Shanghai,174,22,Male,Chinese,Cetaphil_cleanser_+_Cetaphil_moisturizer,NA,cleanser+moisturizer,3,Regression week 1,16S,BufferScrub,V1-V3,Illumina,AGAGTTTGATYMTGGCTCAG,ATTACCGCGGCTGCTGG,Head,Cheek,NA,5,Acne,NA,Yes,3.8,41791.43,631.18,0,0,0,0,0,A07
A08,NA,NA,EXP-17-AH2892,A08,SKN-CLN-2629,TTAcneMicrobiome,NA,No,NA,05_01_2017,China,Shanghai,174,22,Male,Chinese,Cetaphil_cleanser_+_Cetaphil_moisturizer,NA,cleanser+moisturizer,3,Regression week 1,16S,BufferScrub,V1-V3,Illumina,AGAGTTTGATYMTGGCTCAG,ATTACCGCGGCTGCTGG,Head,Forehead,NA,5,Acne,NA,Yes,3.8,8890.13,703.01,0,0,0,0,0,A08
A09,NA,NA,EXP-17-AH2892,A09,SKN-CLN-2629,TTAcneMicrobiome,NA,No,NA,29_12_2016,China,Shanghai,174,22,Male,Chinese,KR164_cleanser_with_TT_+_Cetaphil_moisturizer,NA,cleanser+moisturizer,2,Post treatment week 4,16S,BufferScrub,V1-V3,Illumina,AGAGTTTGATYMTGGCTCAG,ATTACCGCGGCTGCTGG,Head,Cheek,NA,5,Acne,NA,Yes,3.8,6230.33,330.92,0,0,0,0,0,A09
A10,NA,NA,EXP-17-AH2892,A10,SKN-CLN-2629,TTAcneMicrobiome,NA,No,NA,29_11_2016,China,Shanghai,174,22,Male,Chinese,Cetaphil_cleanser_+_Cetaphil_moisturizer,NA,cleanser+moisturizer,1,Baseline,16S,BufferScrub,V1-V3,Illumina,AGAGTTTGATYMTGGCTCAG,ATTACCGCGGCTGCTGG,Head,Cheek,NA,5,Acne,NA,Yes,3.7,34247.49,7496.46,0,0,1,0,1,A10
A11,NA,NA,EXP-17-AH2892,A11,SKN-CLN-2629,TTAcneMicrobiome,NA,No,NA,29_12_2016,China,Shanghai,174,22,Male,Chinese,KR164_cleanser_with_TT_+_Cetaphil_moisturizer,NA,cleanser+moisturizer,2,Post treatment week 4,16S,BufferScrub,V1-V3,Illumina,AGAGTTTGATYMTGGCTCAG,ATTACCGCGGCTGCTGG,Head,Forehead,NA,5,Acne,NA,Yes,3.8,18540.22,330.92,0,0,1,0,1,A11
A12,NA,NA,EXP-17-AH2892,A12,SKN-CLN-2629,TTAcneMicrobiome,NA,No,NA,29_11_2016,China,Shanghai,174,22,Male,Chinese,Cetaphil_cleanser_+_Cetaphil_moisturizer,NA,cleanser+moisturizer,1,Baseline,16S,BufferScrub,V1-V3,Illumina,AGAGTTTGATYMTGGCTCAG,ATTACCGCGGCTGCTGG,Head,Forehead,NA,5,Acne,NA,Yes,3.9,41674.78,3915.74,0,1,1,0,2,A12
AA01,NA,NA,EXP-17-AH2892,AA01,SKN-CLN-2629,TTAcneMicrobiome,NA,No,NA,28_12_2016,China,Shanghai,252,19,Male,Chinese,Cetaphil_cleanser_+_Cetaphil_moisturizer,NA,cleanser+moisturizer,2,Post treatment week 4,16S,BufferScrub,V1-V3,Illumina,AGAGTTTGATYMTGGCTCAG,ATTACCGCGGCTGCTGG,Head,Forehead,NA,5,Healthy,NA,Yes,3.9,9346.55,322.44,0,0,0,0,0,AA01
AA02,NA,NA,EXP-17-AH2892,AA02,SKN-CLN-2629,TTAcneMicrobiome,NA,No,NA,04_01_2017,China,Shanghai,252,19,Male,Chinese,Cetaphil_cleanser_+_Cetaphil_moisturizer,NA,cleanser+moisturizer,3,Regression week 1,16S,BufferScrub,V1-V3,Illumina,AGAGTTTGATYMTGGCTCAG,ATTACCGCGGCTGCTGG,Head,Forehead,NA,5,Healthy,NA,Yes,3.7,8120.39,433.78,0,0,0,0,0,AA02
AA03,NA,NA,EXP-17-AH2892,AA03,SKN-CLN-2629,TTAcneMicrobiome,NA,No,NA,04_01_2017,China,Shanghai,252,19,Male,Chinese,Cetaphil_cleanser_+_Cetaphil_moisturizer,NA,cleanser+moisturizer,3,Regression week 1,16S,BufferScrub,V1-V3,Illumina,AGAGTTTGATYMTGGCTCAG,ATTACCGCGGCTGCTGG,Head,Cheek,NA,5,Healthy,NA,Yes,3.8,2595.03,330.92,0,0,0,0,0,AA03
AA04,NA,NA,EXP-17-AH2892,AA04,SKN-CLN-2629,TTAcneMicrobiome,NA,No,NA,30_11_2016,China,Shanghai,252,19,Male,Chinese,Cetaphil_cleanser_+_Cetaphil_moisturizer,NA,cleanser+moisturizer,1,Baseline,16S,BufferScrub,V1-V3,Illumina,AGAGTTTGATYMTGGCTCAG,ATTACCGCGGCTGCTGG,Head,Forehead,NA,5,Healthy,NA,Yes,3.5,5068.21,359.29,0,0,0,0,0,AA04
AA05,NA,NA,EXP-17-AH2892,AA05,SKN-CLN-2629,TTAcneMicrobiome,NA,No,NA,28_12_2016,China,Shanghai,252,19,Male,Chinese,Cetaphil_cleanser_+_Cetaphil_moisturizer,NA,cleanser+moisturizer,2,Post treatment week 4,16S,BufferScrub,V1-V3,Illumina,AGAGTTTGATYMTGGCTCAG,ATTACCGCGGCTGCTGG,Head,Cheek,NA,5,Healthy,NA,Yes,3.5,4445.37,631.49,0,0,0,0,0,AA05
AA06,NA,NA,EXP-17-AH2892,AA06,SKN-CLN-2629,TTAcneMicrobiome,NA,No,NA,30_11_2016,China,Shanghai,252,19,Male,Chinese,Cetaphil_cleanser_+_Cetaphil_moisturizer,NA,cleanser+moisturizer,1,Baseline,16S,BufferScrub,V1-V3,Illumina,AGAGTTTGATYMTGGCTCAG,ATTACCGCGGCTGCTGG,Head,Cheek,NA,5,Healthy,NA,Yes,3.6,2013.38,349.31,0,0,0,0,0,AA06
AA07,NA,NA,EXP-17-AH2892,AA07,SKN-CLN-2629,TTAcneMicrobiome,NA,No,NA,29_11_2016,China,Shanghai,192,27,Male,Chinese,Cetaphil_cleanser_+_Cetaphil_moisturizer,NA,cleanser+moisturizer,1,Baseline,16S,BufferScrub,V1-V3,Illumina,AGAGTTTGATYMTGGCTCAG,ATTACCGCGGCTGCTGG,Head,Cheek,NA,5,Acne,NA,Yes,3.7,57489.72,16711.2,0,0,1,0,1,AA07
AA08,NA,NA,EXP-17-AH2892,AA08,SKN-CLN-2629,TTAcneMicrobiome,NA,No,NA,29_12_2016,China,Shanghai,192,27,Male,Chinese,KR164_cleanser_with_TT_+_Cetaphil_moisturizer,NA,cleanser+moisturizer,2,Post treatment week 4,16S,BufferScrub,V1-V3,Illumina,AGAGTTTGATYMTGGCTCAG,ATTACCGCGGCTGCTGG,Head,Cheek,NA,5,Acne,NA,Yes,3.8,11145.67,2745.38,0,0,0,0,0,AA08
AA09,NA,NA,EXP-17-AH2892,AA09,SKN-CLN-2629,TTAcneMicrobiome,NA,No,NA,05_01_2017,China,Shanghai,192,27,Male,Chinese,Cetaphil_cleanser_+_Cetaphil_moisturizer,NA,cleanser+moisturizer,3,Regression week 1,16S,BufferScrub,V1-V3,Illumina,AGAGTTTGATYMTGGCTCAG,ATTACCGCGGCTGCTGG,Head,Cheek,NA,5,Acne,NA,Yes,3.8,16277.96,2359.47,0,0,0,0,0,AA09
B01,NA,NA,EXP-17-AH2892,B01,SKN-CLN-2629,TTAcneMicrobiome,NA,No,NA,29_11_2016,China,Shanghai,134,19,Male,Chinese,Cetaphil_cleanser_+_Cetaphil_moisturizer,NA,cleanser+moisturizer,1,Baseline,16S,BufferScrub,V1-V3,Illumina,AGAGTTTGATYMTGGCTCAG,ATTACCGCGGCTGCTGG,Head,Forehead,NA,5,Acne,NA,Yes,3.9,111907.92,126973.4,0,0,1,0,1,B01
B02,NA,NA,EXP-17-AH2892,B02,SKN-CLN-2629,TTAcneMicrobiome,NA,No,NA,05_01_2017,China,Shanghai,134,19,Male,Chinese,Cetaphil_cleanser_+_Cetaphil_moisturizer,NA,cleanser+moisturizer,3,Regression week 1,16S,BufferScrub,V1-V3,Illumina,AGAGTTTGATYMTGGCTCAG,ATTACCGCGGCTGCTGG,Head,Cheek,NA,5,Acne,NA,Yes,3.7,12193.11,10682.03,1,1,0,0,2,B02
B03,NA,NA,EXP-17-AH2892,B03,SKN-CLN-2629,TTAcneMicrobiome,NA,No,NA,29_12_2016,China,Shanghai,134,19,Male,Chinese,KR164_cleanser_with_TT_+_Cetaphil_moisturizer,NA,cleanser+moisturizer,2,Post treatment week 4,16S,BufferScrub,V1-V3,Illumina,AGAGTTTGATYMTGGCTCAG,ATTACCGCGGCTGCTGG,Head,Forehead,NA,5,Acne,NA,Yes,3.8,14081.92,19195.22,0,0,0,0,0,B03
B04,NA,NA,EXP-17-AH2892,B04,SKN-CLN-2629,TTAcneMicrobiome,NA,No,NA,05_01_2017,China,Shanghai,134,19,Male,Chinese,Cetaphil_cleanser_+_Cetaphil_moisturizer,NA,cleanser+moisturizer,3,Regression week 1,16S,BufferScrub,V1-V3,Illumina,AGAGTTTGATYMTGGCTCAG,ATTACCGCGGCTGCTGG,Head,Forehead,NA,5,Acne,NA,Yes,3.7,27794.2,6826.09,0,0,0,0,0,B04
B05,NA,NA,EXP-17-AH2892,B05,SKN-CLN-2629,TTAcneMicrobiome,NA,No,NA,29_11_2016,China,Shanghai,134,19,Male,Chinese,Cetaphil_cleanser_+_Cetaphil_moisturizer,NA,cleanser+moisturizer,1,Baseline,16S,BufferScrub,V1-V3,Illumina,AGAGTTTGATYMTGGCTCAG,ATTACCGCGGCTGCTGG,Head,Cheek,NA,5,Acne,NA,Yes,3.7,5241.46,7570.57,0,0,1,0,1,B05
B06,NA,NA,EXP-17-AH2892,B06,SKN-CLN-2629,TTAcneMicrobiome,NA,No,NA,29_12_2016,China,Shanghai,134,19,Male,Chinese,KR164_cleanser_with_TT_+_Cetaphil_moisturizer,NA,cleanser+moisturizer,2,Post treatment week 4,16S,BufferScrub,V1-V3,Illumina,AGAGTTTGATYMTGGCTCAG,ATTACCGCGGCTGCTGG,Head,Cheek,NA,5,Acne,NA,Yes,3.8,2653.7,865.33,1,0,0,0,1,B06
B07,NA,NA,EXP-17-AH2892,B07,SKN-CLN-2629,TTAcneMicrobiome,NA,No,NA,30_11_2016,China,Shanghai,87,19,Female,Chinese,Cetaphil_cleanser_+_Cetaphil_moisturizer,NA,cleanser+moisturizer,1,Baseline,16S,BufferScrub,V1-V3,Illumina,AGAGTTTGATYMTGGCTCAG,ATTACCGCGGCTGCTGG,Head,Cheek,NA,5,Healthy,NA,Yes,3.6,1412.93,349.31,0,0,0,0,0,B07
B08,NA,NA,EXP-17-AH2892,B08,SKN-CLN-2629,TTAcneMicrobiome,NA,No,NA,30_11_2016,China,Shanghai,87,19,Female,Chinese,Cetaphil_cleanser_+_Cetaphil_moisturizer,NA,cleanser+moisturizer,1,Baseline,16S,BufferScrub,V1-V3,Illumina,AGAGTTTGATYMTGGCTCAG,ATTACCGCGGCTGCTGG,Head,Forehead,NA,5,Healthy,NA,Yes,3.6,7414.33,851.89,0,0,0,0,0,B08
B09,NA,NA,EXP-17-AH2892,B09,SKN-CLN-2629,TTAcneMicrobiome,NA,No,NA,28_12_2016,China,Shanghai,87,19,Female,Chinese,Cetaphil_cleanser_+_Cetaphil_moisturizer,NA,cleanser+moisturizer,2,Post treatment week 4,16S,BufferScrub,V1-V3,Illumina,AGAGTTTGATYMTGGCTCAG,ATTACCGCGGCTGCTGG,Head,Cheek,NA,5,Healthy,NA,Yes,3.8,436.97,584.21,0,0,0,0,0,B09
B10,NA,NA,EXP-17-AH2892,B10,SKN-CLN-2629,TTAcneMicrobiome,NA,No,NA,28_12_2016,China,Shanghai,87,19,Female,Chinese,Cetaphil_cleanser_+_Cetaphil_moisturizer,NA,cleanser+moisturizer,2,Post treatment week 4,16S,BufferScrub,V1-V3,Illumina,AGAGTTTGATYMTGGCTCAG,ATTACCGCGGCTGCTGG,Head,Forehead,NA,5,Healthy,NA,Yes,3.8,1728.51,330.92,0,0,0,0,0,B10
B11,NA,NA,EXP-17-AH2892,B11,SKN-CLN-2629,TTAcneMicrobiome,NA,No,NA,04_01_2017,China,Shanghai,87,19,Female,Chinese,Cetaphil_cleanser_+_Cetaphil_moisturizer,NA,cleanser+moisturizer,3,Regression week 1,16S,BufferScrub,V1-V3,Illumina,AGAGTTTGATYMTGGCTCAG,ATTACCGCGGCTGCTGG,Head,Cheek,NA,5,Healthy,NA,Yes,3.8,2494.11,1352.72,0,0,0,0,0,B11
B12,NA,NA,EXP-17-AH2892,B12,SKN-CLN-2629,TTAcneMicrobiome,NA,No,NA,04_01_2017,China,Shanghai,87,19,Female,Chinese,Cetaphil_cleanser_+_Cetaphil_moisturizer,NA,cleanser+moisturizer,3,Regression week 1,16S,BufferScrub,V1-V3,Illumina,AGAGTTTGATYMTGGCTCAG,ATTACCGCGGCTGCTGG,Head,Forehead,NA,5,Healthy,NA,Yes,3.8,7921.29,330.92,0,0,0,0,0,B12
BB01,NA,NA,EXP-17-AH2892,BB01,SKN-CLN-2629,TTAcneMicrobiome,NA,No,NA,30_11_2016,China,Shanghai,194,27,Female,Chinese,Cetaphil_cleanser_+_Cetaphil_moisturizer,NA,cleanser+moisturizer,1,Baseline,16S,BufferScrub,V1-V3,Illumina,AGAGTTTGATYMTGGCTCAG,ATTACCGCGGCTGCTGG,Head,Forehead,NA,5,Healthy,NA,Yes,3.8,45740.24,7342.71,0,0,0,0,0,BB01
BB02,NA,NA,EXP-17-AH2892,BB02,SKN-CLN-2629,TTAcneMicrobiome,NA,No,NA,28_12_2016,China,Shanghai,194,27,Female,Chinese,Cetaphil_cleanser_+_Cetaphil_moisturizer,NA,cleanser+moisturizer,2,Post treatment week 4,16S,BufferScrub,V1-V3,Illumina,AGAGTTTGATYMTGGCTCAG,ATTACCGCGGCTGCTGG,Head,Cheek,NA,5,Healthy,NA,Yes,3.8,7662.91,1262.29,0,0,0,0,0,BB02
BB03,NA,NA,EXP-17-AH2892,BB03,SKN-CLN-2629,TTAcneMicrobiome,NA,No,NA,28_12_2016,China,Shanghai,194,27,Female,Chinese,Cetaphil_cleanser_+_Cetaphil_moisturizer,NA,cleanser+moisturizer,2,Post treatment week 4,16S,BufferScrub,V1-V3,Illumina,AGAGTTTGATYMTGGCTCAG,ATTACCGCGGCTGCTGG,Head,Forehead,NA,5,Healthy,NA,Yes,3.8,11413.47,8872.22,0,0,0,0,0,BB03
BB04,NA,NA,EXP-17-AH2892,BB04,SKN-CLN-2629,TTAcneMicrobiome,NA,No,NA,30_11_2016,China,Shanghai,194,27,Female,Chinese,Cetaphil_cleanser_+_Cetaphil_moisturizer,NA,cleanser+moisturizer,1,Baseline,16S,BufferScrub,V1-V3,Illumina,AGAGTTTGATYMTGGCTCAG,ATTACCGCGGCTGCTGG,Head,Cheek,NA,5,Healthy,NA,Yes,3.5,5451.14,3010.64,0,0,0,0,0,BB04
BB05,NA,NA,EXP-17-AH2892,BB05,SKN-CLN-2629,TTAcneMicrobiome,NA,No,NA,04_01_2017,China,Shanghai,194,27,Female,Chinese,Cetaphil_cleanser_+_Cetaphil_moisturizer,NA,cleanser+moisturizer,3,Regression week 1,16S,BufferScrub,V1-V3,Illumina,AGAGTTTGATYMTGGCTCAG,ATTACCGCGGCTGCTGG,Head,Forehead,NA,5,Healthy,NA,Yes,3.8,33182.82,5650.08,0,0,0,0,0,BB05
BB06,NA,NA,EXP-17-AH2892,BB06,SKN-CLN-2629,TTAcneMicrobiome,NA,No,NA,04_01_2017,China,Shanghai,194,27,Female,Chinese,Cetaphil_cleanser_+_Cetaphil_moisturizer,NA,cleanser+moisturizer,3,Regression week 1,16S,BufferScrub,V1-V3,Illumina,AGAGTTTGATYMTGGCTCAG,ATTACCGCGGCTGCTGG,Head,Cheek,NA,5,Healthy,NA,Yes,3.6,14344.17,1275.43,0,0,0,0,0,BB06
BB07,NA,NA,EXP-17-AH2892,BB07,SKN-CLN-2629,TTAcneMicrobiome,NA,No,NA,05_01_2017,China,Shanghai,52,22,Female,Chinese,Cetaphil_cleanser_+_Cetaphil_moisturizer,NA,cleanser+moisturizer,3,Regression week 1,16S,BufferScrub,V1-V3,Illumina,AGAGTTTGATYMTGGCTCAG,ATTACCGCGGCTGCTGG,Head,Cheek,NA,5,Acne,NA,Yes,3.5,7857.54,1318.31,0,0,1,0,1,BB07
BB08,NA,NA,EXP-17-AH2892,BB08,SKN-CLN-2629,TTAcneMicrobiome,NA,No,NA,29_12_2016,China,Shanghai,52,22,Female,Chinese,KR164_cleanser_with_TT_+_Cetaphil_moisturizer,NA,cleanser+moisturizer,2,Post treatment week 4,16S,BufferScrub,V1-V3,Illumina,AGAGTTTGATYMTGGCTCAG,ATTACCGCGGCTGCTGG,Head,Cheek,NA,5,Acne,NA,Yes,3.8,5980.04,330.92,0,0,1,0,1,BB08
BB09,NA,NA,EXP-17-AH2892,BB09,SKN-CLN-2629,TTAcneMicrobiome,NA,No,NA,29_11_2016,China,Shanghai,52,22,Female,Chinese,Cetaphil_cleanser_+_Cetaphil_moisturizer,NA,cleanser+moisturizer,1,Baseline,16S,BufferScrub,V1-V3,Illumina,AGAGTTTGATYMTGGCTCAG,ATTACCGCGGCTGCTGG,Head,Cheek,NA,5,Acne,NA,Yes,3.6,19726.63,349.31,0,0,1,0,1,BB09
C01,NA,NA,EXP-17-AH2892,C01,SKN-CLN-2629,TTAcneMicrobiome,NA,No,NA,05_01_2017,China,Shanghai,160,24,Female,Chinese,Cetaphil_cleanser_+_Cetaphil_moisturizer,NA,cleanser+moisturizer,3,Regression week 1,16S,BufferScrub,V1-V3,Illumina,AGAGTTTGATYMTGGCTCAG,ATTACCGCGGCTGCTGG,Head,Cheek,NA,5,Acne,NA,Yes,3.7,5176.53,5741.73,0,0,1,0,1,C01
C02,NA,NA,EXP-17-AH2892,C02,SKN-CLN-2629,TTAcneMicrobiome,NA,No,NA,29_11_2016,China,Shanghai,160,24,Female,Chinese,Cetaphil_cleanser_+_Cetaphil_moisturizer,NA,cleanser+moisturizer,1,Baseline,16S,BufferScrub,V1-V3,Illumina,AGAGTTTGATYMTGGCTCAG,ATTACCGCGGCTGCTGG,Head,Forehead,NA,5,Acne,NA,Yes,3.7,8514.76,339.86,0,0,1,0,1,C02
C03,NA,NA,EXP-17-AH2892,C03,SKN-CLN-2629,TTAcneMicrobiome,NA,No,NA,29_12_2016,China,Shanghai,160,24,Female,Chinese,KR164_cleanser_with_TT_+_Cetaphil_moisturizer,NA,cleanser+moisturizer,2,Post treatment week 4,16S,BufferScrub,V1-V3,Illumina,AGAGTTTGATYMTGGCTCAG,ATTACCGCGGCTGCTGG,Head,Forehead,NA,5,Acne,NA,Yes,3.8,1631.76,330.92,0,1,0,0,1,C03
C04,NA,NA,EXP-17-AH2892,C04,SKN-CLN-2629,TTAcneMicrobiome,NA,No,NA,29_11_2016,China,Shanghai,160,24,Female,Chinese,Cetaphil_cleanser_+_Cetaphil_moisturizer,NA,cleanser+moisturizer,1,Baseline,16S,BufferScrub,V1-V3,Illumina,AGAGTTTGATYMTGGCTCAG,ATTACCGCGGCTGCTGG,Head,Cheek,NA,5,Acne,NA,Yes,3.5,3158.7,359.29,0,0,1,0,1,C04
C05,NA,NA,EXP-17-AH2892,C05,SKN-CLN-2629,TTAcneMicrobiome,NA,No,NA,29_12_2016,China,Shanghai,160,24,Female,Chinese,KR164_cleanser_with_TT_+_Cetaphil_moisturizer,NA,cleanser+moisturizer,2,Post treatment week 4,16S,BufferScrub,V1-V3,Illumina,AGAGTTTGATYMTGGCTCAG,ATTACCGCGGCTGCTGG,Head,Cheek,NA,5,Acne,NA,Yes,3.8,3772.36,519.57,0,0,1,0,1,C05
C06,NA,NA,EXP-17-AH2892,C06,SKN-CLN-2629,TTAcneMicrobiome,NA,No,NA,05_01_2017,China,Shanghai,160,24,Female,Chinese,Cetaphil_cleanser_+_Cetaphil_moisturizer,NA,cleanser+moisturizer,3,Regression week 1,16S,BufferScrub,V1-V3,Illumina,AGAGTTTGATYMTGGCTCAG,ATTACCGCGGCTGCTGG,Head,Forehead,NA,5,Acne,NA,Yes,3.6,6940.44,1958.15,0,1,0,0,1,C06
C07,NA,NA,EXP-17-AH2892,C07,SKN-CLN-2629,TTAcneMicrobiome,NA,No,NA,30_11_2016,China,Shanghai,170,21,Female,Chinese,Cetaphil_cleanser_+_Cetaphil_moisturizer,NA,cleanser+moisturizer,1,Baseline,16S,BufferScrub,V1-V3,Illumina,AGAGTTTGATYMTGGCTCAG,ATTACCGCGGCTGCTGG,Head,Cheek,NA,5,Healthy,NA,Yes,3.7,2872.03,339.86,0,0,0,0,0,C07
C08,NA,NA,EXP-17-AH2892,C08,SKN-CLN-2629,TTAcneMicrobiome,NA,No,NA,30_11_2016,China,Shanghai,170,21,Female,Chinese,Cetaphil_cleanser_+_Cetaphil_moisturizer,NA,cleanser+moisturizer,1,Baseline,16S,BufferScrub,V1-V3,Illumina,AGAGTTTGATYMTGGCTCAG,ATTACCGCGGCTGCTGG,Head,Forehead,NA,5,Healthy,NA,Yes,3.5,3182.86,2899.4,0,0,0,0,0,C08
C09,NA,NA,EXP-17-AH2892,C09,SKN-CLN-2629,TTAcneMicrobiome,NA,No,NA,28_12_2016,China,Shanghai,170,21,Female,Chinese,Cetaphil_cleanser_+_Cetaphil_moisturizer,NA,cleanser+moisturizer,2,Post treatment week 4,16S,BufferScrub,V1-V3,Illumina,AGAGTTTGATYMTGGCTCAG,ATTACCGCGGCTGCTGG,Head,Forehead,NA,5,Healthy,NA,Yes,3.8,2151.78,330.92,0,0,0,0,0,C09
C10,NA,NA,EXP-17-AH2892,C10,SKN-CLN-2629,TTAcneMicrobiome,NA,No,NA,28_12_2016,China,Shanghai,170,21,Female,Chinese,Cetaphil_cleanser_+_Cetaphil_moisturizer,NA,cleanser+moisturizer,2,Post treatment week 4,16S,BufferScrub,V1-V3,Illumina,AGAGTTTGATYMTGGCTCAG,ATTACCGCGGCTGCTGG,Head,Cheek,NA,5,Healthy,NA,Yes,3.9,1154.55,322.44,0,0,0,0,0,C10
C11,NA,NA,EXP-17-AH2892,C11,SKN-CLN-2629,TTAcneMicrobiome,NA,No,NA,04_01_2017,China,Shanghai,170,21,Female,Chinese,Cetaphil_cleanser_+_Cetaphil_moisturizer,NA,cleanser+moisturizer,3,Regression week 1,16S,BufferScrub,V1-V3,Illumina,AGAGTTTGATYMTGGCTCAG,ATTACCGCGGCTGCTGG,Head,Cheek,NA,5,Healthy,NA,Yes,3.5,1768.04,359.29,0,0,0,0,0,C11
C12,NA,NA,EXP-17-AH2892,C12,SKN-CLN-2629,TTAcneMicrobiome,NA,No,NA,04_01_2017,China,Shanghai,170,21,Female,Chinese,Cetaphil_cleanser_+_Cetaphil_moisturizer,NA,cleanser+moisturizer,3,Regression week 1,16S,BufferScrub,V1-V3,Illumina,AGAGTTTGATYMTGGCTCAG,ATTACCGCGGCTGCTGG,Head,Forehead,NA,5,Healthy,NA,Yes,3.7,647.08,339.86,0,0,0,0,0,C12
CC01,NA,NA,EXP-17-AH2892,CC01,SKN-CLN-2629,TTAcneMicrobiome,NA,No,NA,05_01_2017,China,Shanghai,39,19,Female,Chinese,Cetaphil_cleanser_+_Cetaphil_moisturizer,NA,cleanser+moisturizer,3,Regression week 1,16S,BufferScrub,V1-V3,Illumina,AGAGTTTGATYMTGGCTCAG,ATTACCGCGGCTGCTGG,Head,Cheek,NA,5,Acne,NA,Yes,3.6,7892.28,559.38,0,0,1,0,1,CC01
CC02,NA,NA,EXP-17-AH2892,CC02,SKN-CLN-2629,TTAcneMicrobiome,NA,No,NA,29_12_2016,China,Shanghai,39,19,Female,Chinese,KR164_cleanser_with_TT_+_Cetaphil_moisturizer,NA,cleanser+moisturizer,2,Post treatment week 4,16S,BufferScrub,V1-V3,Illumina,AGAGTTTGATYMTGGCTCAG,ATTACCGCGGCTGCTGG,Head,Cheek,NA,5,Acne,NA,Yes,3.8,7769.72,1715.12,0,1,0,0,1,CC02
CC03,NA,NA,EXP-17-AH2892,CC03,SKN-CLN-2629,TTAcneMicrobiome,NA,No,NA,29_11_2016,China,Shanghai,39,19,Female,Chinese,Cetaphil_cleanser_+_Cetaphil_moisturizer,NA,cleanser+moisturizer,1,Baseline,16S,BufferScrub,V1-V3,Illumina,AGAGTTTGATYMTGGCTCAG,ATTACCGCGGCTGCTGG,Head,Cheek,NA,5,Acne,NA,Yes,3.7,16258.11,5694.05,0,0,1,0,1,CC03
CC04,NA,NA,EXP-17-AH2892,CC04,SKN-CLN-2629,TTAcneMicrobiome,NA,No,NA,29_12_2016,China,Shanghai,121,21,Female,Chinese,KR164_cleanser_with_TT_+_Cetaphil_moisturizer,NA,cleanser+moisturizer,2,Post treatment week 4,16S,BufferScrub,V1-V3,Illumina,AGAGTTTGATYMTGGCTCAG,ATTACCGCGGCTGCTGG,Head,Cheek,NA,5,Acne,NA,Yes,3.6,84322.94,5383.04,0,1,0,0,1,CC04
CC05,NA,NA,EXP-17-AH2892,CC05,SKN-CLN-2629,TTAcneMicrobiome,NA,No,NA,05_01_2017,China,Shanghai,121,21,Female,Chinese,Cetaphil_cleanser_+_Cetaphil_moisturizer,NA,cleanser+moisturizer,3,Regression week 1,16S,BufferScrub,V1-V3,Illumina,AGAGTTTGATYMTGGCTCAG,ATTACCGCGGCTGCTGG,Head,Cheek,NA,5,Acne,NA,Yes,3.5,25932.76,1965.77,0,1,0,0,1,CC05
CC06,NA,NA,EXP-17-AH2892,CC06,SKN-CLN-2629,TTAcneMicrobiome,NA,No,NA,29_11_2016,China,Shanghai,121,21,Female,Chinese,Cetaphil_cleanser_+_Cetaphil_moisturizer,NA,cleanser+moisturizer,1,Baseline,16S,BufferScrub,V1-V3,Illumina,AGAGTTTGATYMTGGCTCAG,ATTACCGCGGCTGCTGG,Head,Cheek,NA,5,Acne,NA,Yes,3.7,160786.81,8607,0,1,1,0,2,CC06
CC07,NA,NA,EXP-17-AH2892,CC07,SKN-CLN-2629,TTAcneMicrobiome,NA,No,NA,04_01_2017,China,Shanghai,220,23,Male,Chinese,Cetaphil_cleanser_+_Cetaphil_moisturizer,NA,cleanser+moisturizer,3,Regression week 1,16S,BufferScrub,V1-V3,Illumina,AGAGTTTGATYMTGGCTCAG,ATTACCGCGGCTGCTGG,Head,Forehead,NA,5,Healthy,NA,Yes,3.8,30119.68,330.92,0,0,0,0,0,CC07
CC08,NA,NA,EXP-17-AH2892,CC08,SKN-CLN-2629,TTAcneMicrobiome,NA,No,NA,04_01_2017,China,Shanghai,220,23,Male,Chinese,Cetaphil_cleanser_+_Cetaphil_moisturizer,NA,cleanser+moisturizer,3,Regression week 1,16S,BufferScrub,V1-V3,Illumina,AGAGTTTGATYMTGGCTCAG,ATTACCGCGGCTGCTGG,Head,Cheek,NA,5,Healthy,NA,Yes,3.8,9924.58,330.92,0,0,0,0,0,CC08
CC09,NA,NA,EXP-17-AH2892,CC09,SKN-CLN-2629,TTAcneMicrobiome,NA,No,NA,30_11_2016,China,Shanghai,220,23,Male,Chinese,Cetaphil_cleanser_+_Cetaphil_moisturizer,NA,cleanser+moisturizer,1,Baseline,16S,BufferScrub,V1-V3,Illumina,AGAGTTTGATYMTGGCTCAG,ATTACCGCGGCTGCTGG,Head,Forehead,NA,5,Healthy,NA,Yes,3.6,267294.29,640.01,0,0,0,0,0,CC09
CC10,NA,NA,EXP-17-AH2892,CC10,SKN-CLN-2629,TTAcneMicrobiome,NA,No,NA,28_12_2016,China,Shanghai,220,23,Male,Chinese,Cetaphil_cleanser_+_Cetaphil_moisturizer,NA,cleanser+moisturizer,2,Post treatment week 4,16S,BufferScrub,V1-V3,Illumina,AGAGTTTGATYMTGGCTCAG,ATTACCGCGGCTGCTGG,Head,Cheek,NA,5,Healthy,NA,Yes,3.8,15884.04,330.92,0,0,0,0,0,CC10
CC11,NA,NA,EXP-17-AH2892,CC11,SKN-CLN-2629,TTAcneMicrobiome,NA,No,NA,28_12_2016,China,Shanghai,220,23,Male,Chinese,Cetaphil_cleanser_+_Cetaphil_moisturizer,NA,cleanser+moisturizer,2,Post treatment week 4,16S,BufferScrub,V1-V3,Illumina,AGAGTTTGATYMTGGCTCAG,ATTACCGCGGCTGCTGG,Head,Forehead,NA,5,Healthy,NA,Yes,3.6,48726.49,349.31,0,0,0,0,0,CC11
CC12,NA,NA,EXP-17-AH2892,CC12,SKN-CLN-2629,TTAcneMicrobiome,NA,No,NA,30_11_2016,China,Shanghai,220,23,Male,Chinese,Cetaphil_cleanser_+_Cetaphil_moisturizer,NA,cleanser+moisturizer,1,Baseline,16S,BufferScrub,V1-V3,Illumina,AGAGTTTGATYMTGGCTCAG,ATTACCGCGGCTGCTGG,Head,Cheek,NA,5,Healthy,NA,Yes,3.5,90583.89,989.79,0,0,0,0,0,CC12
D01,NA,NA,EXP-17-AH2892,D01,SKN-CLN-2629,TTAcneMicrobiome,NA,No,NA,29_12_2016,China,Shanghai,201,26,Male,Chinese,KR164_cleanser_with_TT_+_Cetaphil_moisturizer,NA,cleanser+moisturizer,2,Post treatment week 4,16S,BufferScrub,V1-V3,Illumina,AGAGTTTGATYMTGGCTCAG,ATTACCGCGGCTGCTGG,Head,Cheek,NA,5,Acne,NA,Yes,3.7,4163.46,3091.5,0,1,0,0,1,D01
D02,NA,NA,EXP-17-AH2892,D02,SKN-CLN-2629,TTAcneMicrobiome,NA,No,NA,29_11_2016,China,Shanghai,201,26,Male,Chinese,Cetaphil_cleanser_+_Cetaphil_moisturizer,NA,cleanser+moisturizer,1,Baseline,16S,BufferScrub,V1-V3,Illumina,AGAGTTTGATYMTGGCTCAG,ATTACCGCGGCTGCTGG,Head,Forehead,NA,5,Acne,NA,Yes,3.7,2267.24,547.68,0,0,2,0,2,D02
D03,NA,NA,EXP-17-AH2892,D03,SKN-CLN-2629,TTAcneMicrobiome,NA,No,NA,29_12_2016,China,Shanghai,201,26,Male,Chinese,KR164_cleanser_with_TT_+_Cetaphil_moisturizer,NA,cleanser+moisturizer,2,Post treatment week 4,16S,BufferScrub,V1-V3,Illumina,AGAGTTTGATYMTGGCTCAG,ATTACCGCGGCTGCTGG,Head,Forehead,NA,5,Acne,NA,Yes,3.6,6770.21,349.31,0,0,0,0,0,D03
D04,NA,NA,EXP-17-AH2892,D04,SKN-CLN-2629,TTAcneMicrobiome,NA,No,NA,05_01_2017,China,Shanghai,201,26,Male,Chinese,Cetaphil_cleanser_+_Cetaphil_moisturizer,NA,cleanser+moisturizer,3,Regression week 1,16S,BufferScrub,V1-V3,Illumina,AGAGTTTGATYMTGGCTCAG,ATTACCGCGGCTGCTGG,Head,Cheek,NA,5,Acne,NA,Yes,3.8,6088.26,1151.05,0,0,1,0,1,D04
D05,NA,NA,EXP-17-AH2892,D05,SKN-CLN-2629,TTAcneMicrobiome,NA,No,NA,30_11_2016,China,Shanghai,215,26,Female,Chinese,Cetaphil_cleanser_+_Cetaphil_moisturizer,NA,cleanser+moisturizer,1,Baseline,16S,BufferScrub,V1-V3,Illumina,AGAGTTTGATYMTGGCTCAG,ATTACCGCGGCTGCTGG,Head,Forehead,NA,5,Healthy,NA,Yes,3.6,27711.6,1174.13,0,0,0,0,0,D05
D06,NA,NA,EXP-17-AH2892,D06,SKN-CLN-2629,TTAcneMicrobiome,NA,No,NA,30_11_2016,China,Shanghai,215,26,Female,Chinese,Cetaphil_cleanser_+_Cetaphil_moisturizer,NA,cleanser+moisturizer,1,Baseline,16S,BufferScrub,V1-V3,Illumina,AGAGTTTGATYMTGGCTCAG,ATTACCGCGGCTGCTGG,Head,Cheek,NA,5,Healthy,NA,Yes,3.6,2694.6,349.31,0,0,0,0,0,D06
D07,NA,NA,EXP-17-AH2892,D07,SKN-CLN-2629,TTAcneMicrobiome,NA,No,NA,29_11_2016,China,Shanghai,201,26,Male,Chinese,Cetaphil_cleanser_+_Cetaphil_moisturizer,NA,cleanser+moisturizer,1,Baseline,16S,BufferScrub,V1-V3,Illumina,AGAGTTTGATYMTGGCTCAG,ATTACCGCGGCTGCTGG,Head,Cheek,NA,5,Acne,NA,Yes,3.5,44391.11,22837.81,0,0,1,0,1,D07
D08,NA,NA,EXP-17-AH2892,D08,SKN-CLN-2629,TTAcneMicrobiome,NA,No,NA,05_01_2017,China,Shanghai,201,26,Male,Chinese,Cetaphil_cleanser_+_Cetaphil_moisturizer,NA,cleanser+moisturizer,3,Regression week 1,16S,BufferScrub,V1-V3,Illumina,AGAGTTTGATYMTGGCTCAG,ATTACCGCGGCTGCTGG,Head,Forehead,NA,5,Acne,NA,Yes,3.8,3510.05,955.54,0,0,0,0,0,D08
D09,NA,NA,EXP-17-AH2892,D09,SKN-CLN-2629,TTAcneMicrobiome,NA,No,NA,28_12_2016,China,Shanghai,215,26,Female,Chinese,Cetaphil_cleanser_+_Cetaphil_moisturizer,NA,cleanser+moisturizer,2,Post treatment week 4,16S,BufferScrub,V1-V3,Illumina,AGAGTTTGATYMTGGCTCAG,ATTACCGCGGCTGCTGG,Head,Cheek,NA,5,Healthy,NA,Yes,3.9,9967.53,444.36,0,0,0,0,0,D09
D10,NA,NA,EXP-17-AH2892,D10,SKN-CLN-2629,TTAcneMicrobiome,NA,No,NA,28_12_2016,China,Shanghai,215,26,Female,Chinese,Cetaphil_cleanser_+_Cetaphil_moisturizer,NA,cleanser+moisturizer,2,Post treatment week 4,16S,BufferScrub,V1-V3,Illumina,AGAGTTTGATYMTGGCTCAG,ATTACCGCGGCTGCTGG,Head,Forehead,NA,5,Healthy,NA,Yes,3.9,61904.4,17186.29,0,0,0,0,0,D10
D11,NA,NA,EXP-17-AH2892,D11,SKN-CLN-2629,TTAcneMicrobiome,NA,No,NA,04_01_2017,China,Shanghai,215,26,Female,Chinese,Cetaphil_cleanser_+_Cetaphil_moisturizer,NA,cleanser+moisturizer,3,Regression week 1,16S,BufferScrub,V1-V3,Illumina,AGAGTTTGATYMTGGCTCAG,ATTACCGCGGCTGCTGG,Head,Forehead,NA,5,Healthy,NA,Yes,3.6,92842.56,12218.65,0,0,0,0,0,D11
D12,NA,NA,EXP-17-AH2892,D12,SKN-CLN-2629,TTAcneMicrobiome,NA,No,NA,04_01_2017,China,Shanghai,215,26,Female,Chinese,Cetaphil_cleanser_+_Cetaphil_moisturizer,NA,cleanser+moisturizer,3,Regression week 1,16S,BufferScrub,V1-V3,Illumina,AGAGTTTGATYMTGGCTCAG,ATTACCGCGGCTGCTGG,Head,Cheek,NA,5,Healthy,NA,Yes,3,2979.35,419.17,0,0,0,0,0,D12
DD01,NA,NA,EXP-17-AH2892,DD01,SKN-CLN-2629,TTAcneMicrobiome,NA,No,NA,30_11_2016,China,Shanghai,191,26,Female,Chinese,Cetaphil_cleanser_+_Cetaphil_moisturizer,NA,cleanser+moisturizer,1,Baseline,16S,BufferScrub,V1-V3,Illumina,AGAGTTTGATYMTGGCTCAG,ATTACCGCGGCTGCTGG,Head,Cheek,NA,5,Healthy,NA,Yes,3.6,3805.69,559.72,0,0,0,0,0,DD01
DD02,NA,NA,EXP-17-AH2892,DD02,SKN-CLN-2629,TTAcneMicrobiome,NA,No,NA,30_11_2016,China,Shanghai,191,26,Female,Chinese,Cetaphil_cleanser_+_Cetaphil_moisturizer,NA,cleanser+moisturizer,1,Baseline,16S,BufferScrub,V1-V3,Illumina,AGAGTTTGATYMTGGCTCAG,ATTACCGCGGCTGCTGG,Head,Forehead,NA,5,Healthy,NA,Yes,3.7,8757.39,339.86,0,0,0,0,0,DD02
DD03,NA,NA,EXP-17-AH2892,DD03,SKN-CLN-2629,TTAcneMicrobiome,NA,No,NA,04_01_2017,China,Shanghai,191,26,Female,Chinese,Cetaphil_cleanser_+_Cetaphil_moisturizer,NA,cleanser+moisturizer,3,Regression week 1,16S,BufferScrub,V1-V3,Illumina,AGAGTTTGATYMTGGCTCAG,ATTACCGCGGCTGCTGG,Head,Forehead,NA,5,Healthy,NA,Yes,3.6,31505.29,4395,0,0,0,0,0,DD03
DD04,NA,NA,EXP-17-AH2892,DD04,SKN-CLN-2629,TTAcneMicrobiome,NA,No,NA,04_01_2017,China,Shanghai,191,26,Female,Chinese,Cetaphil_cleanser_+_Cetaphil_moisturizer,NA,cleanser+moisturizer,3,Regression week 1,16S,BufferScrub,V1-V3,Illumina,AGAGTTTGATYMTGGCTCAG,ATTACCGCGGCTGCTGG,Head,Cheek,NA,5,Healthy,NA,Yes,3.7,3019.99,1297.69,0,0,0,0,0,DD04
DD05,NA,NA,EXP-17-AH2892,DD05,SKN-CLN-2629,TTAcneMicrobiome,NA,No,NA,28_12_2016,China,Shanghai,191,26,Female,Chinese,Cetaphil_cleanser_+_Cetaphil_moisturizer,NA,cleanser+moisturizer,2,Post treatment week 4,16S,BufferScrub,V1-V3,Illumina,AGAGTTTGATYMTGGCTCAG,ATTACCGCGGCTGCTGG,Head,Forehead,NA,5,Healthy,NA,Yes,3.9,3847.29,492.42,0,0,0,0,0,DD05
DD06,NA,NA,EXP-17-AH2892,DD06,SKN-CLN-2629,TTAcneMicrobiome,NA,No,NA,28_12_2016,China,Shanghai,191,26,Female,Chinese,Cetaphil_cleanser_+_Cetaphil_moisturizer,NA,cleanser+moisturizer,2,Post treatment week 4,16S,BufferScrub,V1-V3,Illumina,AGAGTTTGATYMTGGCTCAG,ATTACCGCGGCTGCTGG,Head,Cheek,NA,5,Healthy,NA,Yes,3.9,2975.4,322.44,0,0,0,0,0,DD06
DD07,NA,NA,EXP-17-AH2892,DD07,SKN-CLN-2629,TTAcneMicrobiome,NA,No,NA,29_11_2016,China,Shanghai,202,25,Male,Chinese,Cetaphil_cleanser_+_Cetaphil_moisturizer,NA,cleanser+moisturizer,1,Baseline,16S,BufferScrub,V1-V3,Illumina,AGAGTTTGATYMTGGCTCAG,ATTACCGCGGCTGCTGG,Head,Cheek,NA,5,Acne,NA,Yes,3.7,218501.89,10662.72,0,0,1,0,1,DD07
DD08,NA,NA,EXP-17-AH2892,DD08,SKN-CLN-2629,TTAcneMicrobiome,NA,No,NA,29_12_2016,China,Shanghai,202,25,Male,Chinese,KR164_cleanser_with_TT_+_Cetaphil_moisturizer,NA,cleanser+moisturizer,2,Post treatment week 4,16S,BufferScrub,V1-V3,Illumina,AGAGTTTGATYMTGGCTCAG,ATTACCGCGGCTGCTGG,Head,Cheek,NA,5,Acne,NA,Yes,3.8,13613.38,966.04,0,0,0,0,0,DD08
DD09,NA,NA,EXP-17-AH2892,DD09,SKN-CLN-2629,TTAcneMicrobiome,NA,No,NA,05_01_2017,China,Shanghai,179,18,Male,Chinese,Cetaphil_cleanser_+_Cetaphil_moisturizer,NA,cleanser+moisturizer,3,Regression week 1,16S,BufferScrub,V1-V3,Illumina,AGAGTTTGATYMTGGCTCAG,ATTACCGCGGCTGCTGG,Head,Cheek,NA,5,Acne,NA,Yes,3.8,113017.67,26164.17,0,0,0,0,0,DD09
DD10,NA,NA,EXP-17-AH2892,DD10,SKN-CLN-2629,TTAcneMicrobiome,NA,No,NA,29_11_2016,China,Shanghai,179,18,Male,Chinese,Cetaphil_cleanser_+_Cetaphil_moisturizer,NA,cleanser+moisturizer,1,Baseline,16S,BufferScrub,V1-V3,Illumina,AGAGTTTGATYMTGGCTCAG,ATTACCGCGGCTGCTGG,Head,Cheek,NA,5,Acne,NA,Yes,3.6,209617.86,160820.92,0,0,1,0,1,DD10
DD11,NA,NA,EXP-17-AH2892,DD11,SKN-CLN-2629,TTAcneMicrobiome,NA,No,NA,29_12_2016,China,Shanghai,179,18,Male,Chinese,KR164_cleanser_with_TT_+_Cetaphil_moisturizer,NA,cleanser+moisturizer,2,Post treatment week 4,16S,BufferScrub,V1-V3,Illumina,AGAGTTTGATYMTGGCTCAG,ATTACCGCGGCTGCTGG,Head,Cheek,NA,5,Acne,NA,Yes,3.8,237566.2,27181.8,0,0,1,0,1,DD11
DD12,NA,NA,EXP-17-AH2892,DD12,SKN-CLN-2629,TTAcneMicrobiome,NA,No,NA,05_01_2017,China,Shanghai,202,25,Male,Chinese,Cetaphil_cleanser_+_Cetaphil_moisturizer,NA,cleanser+moisturizer,3,Regression week 1,16S,BufferScrub,V1-V3,Illumina,AGAGTTTGATYMTGGCTCAG,ATTACCGCGGCTGCTGG,Head,Cheek,NA,5,Acne,NA,Yes,3.6,48924.68,1201.36,0,1,0,0,1,DD12
E01,NA,NA,EXP-17-AH2892,E01,SKN-CLN-2629,TTAcneMicrobiome,NA,No,NA,29_11_2016,China,Shanghai,193,26,Female,Chinese,Cetaphil_cleanser_+_Cetaphil_moisturizer,NA,cleanser+moisturizer,1,Baseline,16S,BufferScrub,V1-V3,Illumina,AGAGTTTGATYMTGGCTCAG,ATTACCGCGGCTGCTGG,Head,Cheek,NA,5,Acne,NA,Yes,3.7,13781.38,663.27,0,0,1,0,1,E01
E02,NA,NA,EXP-17-AH2892,E02,SKN-CLN-2629,TTAcneMicrobiome,NA,No,NA,29_12_2016,China,Shanghai,193,26,Female,Chinese,KR164_cleanser_with_TT_+_Cetaphil_moisturizer,NA,cleanser+moisturizer,2,Post treatment week 4,16S,BufferScrub,V1-V3,Illumina,AGAGTTTGATYMTGGCTCAG,ATTACCGCGGCTGCTGG,Head,Forehead,NA,5,Acne,NA,Yes,3.8,28986.11,542.34,0,0,0,0,0,E02
E03,NA,NA,EXP-17-AH2892,E03,SKN-CLN-2629,TTAcneMicrobiome,NA,No,NA,29_12_2016,China,Shanghai,193,26,Female,Chinese,KR164_cleanser_with_TT_+_Cetaphil_moisturizer,NA,cleanser+moisturizer,2,Post treatment week 4,16S,BufferScrub,V1-V3,Illumina,AGAGTTTGATYMTGGCTCAG,ATTACCGCGGCTGCTGG,Head,Cheek,NA,5,Acne,NA,Yes,3.8,7175.93,330.92,0,0,0,0,0,E03
E04,NA,NA,EXP-17-AH2892,E04,SKN-CLN-2629,TTAcneMicrobiome,NA,No,NA,29_11_2016,China,Shanghai,193,26,Female,Chinese,Cetaphil_cleanser_+_Cetaphil_moisturizer,NA,cleanser+moisturizer,1,Baseline,16S,BufferScrub,V1-V3,Illumina,AGAGTTTGATYMTGGCTCAG,ATTACCGCGGCTGCTGG,Head,Forehead,NA,5,Acne,NA,Yes,3.5,226987.27,662.66,0,1,1,0,2,E04
E05,NA,NA,EXP-17-AH2892,E05,SKN-CLN-2629,TTAcneMicrobiome,NA,No,NA,05_01_2017,China,Shanghai,193,26,Female,Chinese,Cetaphil_cleanser_+_Cetaphil_moisturizer,NA,cleanser+moisturizer,3,Regression week 1,16S,BufferScrub,V1-V3,Illumina,AGAGTTTGATYMTGGCTCAG,ATTACCGCGGCTGCTGG,Head,Cheek,NA,5,Acne,NA,Yes,3.9,4798.17,442.73,0,0,0,0,0,E05
E06,NA,NA,EXP-17-AH2892,E06,SKN-CLN-2629,TTAcneMicrobiome,NA,No,NA,05_01_2017,China,Shanghai,193,26,Female,Chinese,Cetaphil_cleanser_+_Cetaphil_moisturizer,NA,cleanser+moisturizer,3,Regression week 1,16S,BufferScrub,V1-V3,Illumina,AGAGTTTGATYMTGGCTCAG,ATTACCGCGGCTGCTGG,Head,Forehead,NA,5,Acne,NA,Yes,3.7,54955.78,2487.64,0,0,0,0,0,E06
E07,NA,NA,EXP-17-AH2892,E07,SKN-CLN-2629,TTAcneMicrobiome,NA,No,NA,30_11_2016,China,Shanghai,250,30,Male,Chinese,Cetaphil_cleanser_+_Cetaphil_moisturizer,NA,cleanser+moisturizer,1,Baseline,16S,BufferScrub,V1-V3,Illumina,AGAGTTTGATYMTGGCTCAG,ATTACCGCGGCTGCTGG,Head,Cheek,NA,5,Healthy,NA,Yes,3.5,232458.64,10496.26,0,0,0,0,0,E07
E08,NA,NA,EXP-17-AH2892,E08,SKN-CLN-2629,TTAcneMicrobiome,NA,No,NA,30_11_2016,China,Shanghai,250,30,Male,Chinese,Cetaphil_cleanser_+_Cetaphil_moisturizer,NA,cleanser+moisturizer,1,Baseline,16S,BufferScrub,V1-V3,Illumina,AGAGTTTGATYMTGGCTCAG,ATTACCGCGGCTGCTGG,Head,Forehead,NA,5,Healthy,NA,Yes,3.6,312167.4,4246.18,0,0,0,0,0,E08
E09,NA,NA,EXP-17-AH2892,E09,SKN-CLN-2629,TTAcneMicrobiome,NA,No,NA,28_12_2016,China,Shanghai,250,30,Male,Chinese,Cetaphil_cleanser_+_Cetaphil_moisturizer,NA,cleanser+moisturizer,2,Post treatment week 4,16S,BufferScrub,V1-V3,Illumina,AGAGTTTGATYMTGGCTCAG,ATTACCGCGGCTGCTGG,Head,Cheek,NA,5,Healthy,NA,Yes,3.8,112836.59,3440.47,0,0,0,0,0,E09
E10,NA,NA,EXP-17-AH2892,E10,SKN-CLN-2629,TTAcneMicrobiome,NA,No,NA,04_01_2017,China,Shanghai,250,30,Male,Chinese,Cetaphil_cleanser_+_Cetaphil_moisturizer,NA,cleanser+moisturizer,3,Regression week 1,16S,BufferScrub,V1-V3,Illumina,AGAGTTTGATYMTGGCTCAG,ATTACCGCGGCTGCTGG,Head,Forehead,NA,5,Healthy,NA,Yes,3.8,98924.74,1672.18,0,0,0,0,0,E10
E11,NA,NA,EXP-17-AH2892,E11,SKN-CLN-2629,TTAcneMicrobiome,NA,No,NA,28_12_2016,China,Shanghai,250,30,Male,Chinese,Cetaphil_cleanser_+_Cetaphil_moisturizer,NA,cleanser+moisturizer,2,Post treatment week 4,16S,BufferScrub,V1-V3,Illumina,AGAGTTTGATYMTGGCTCAG,ATTACCGCGGCTGCTGG,Head,Forehead,NA,5,Healthy,NA,Yes,3.8,108732.12,814.96,0,0,0,0,0,E11
E12,NA,NA,EXP-17-AH2892,E12,SKN-CLN-2629,TTAcneMicrobiome,NA,No,NA,04_01_2017,China,Shanghai,250,30,Male,Chinese,Cetaphil_cleanser_+_Cetaphil_moisturizer,NA,cleanser+moisturizer,3,Regression week 1,16S,BufferScrub,V1-V3,Illumina,AGAGTTTGATYMTGGCTCAG,ATTACCGCGGCTGCTGG,Head,Cheek,NA,5,Healthy,NA,Yes,3.8,83866.59,1129.16,0,0,0,0,0,E12
EE01,NA,NA,EXP-17-AH2892,EE01,SKN-CLN-2629,TTAcneMicrobiome,NA,No,NA,28_12_2016,China,Shanghai,211,29,Male,Chinese,Cetaphil_cleanser_+_Cetaphil_moisturizer,NA,cleanser+moisturizer,2,Post treatment week 4,16S,BufferScrub,V1-V3,Illumina,AGAGTTTGATYMTGGCTCAG,ATTACCGCGGCTGCTGG,Head,Cheek,NA,5,Healthy,NA,Yes,3.9,52131.77,33164.19,0,0,0,0,0,EE01
EE02,NA,NA,EXP-17-AH2892,EE02,SKN-CLN-2629,TTAcneMicrobiome,NA,No,NA,30_11_2016,China,Shanghai,211,29,Male,Chinese,Cetaphil_cleanser_+_Cetaphil_moisturizer,NA,cleanser+moisturizer,1,Baseline,16S,BufferScrub,V1-V3,Illumina,AGAGTTTGATYMTGGCTCAG,ATTACCGCGGCTGCTGG,Head,Cheek,NA,5,Healthy,NA,Yes,3.6,117375.54,19245.36,0,0,0,0,0,EE02
EE03,NA,NA,EXP-17-AH2892,EE03,SKN-CLN-2629,TTAcneMicrobiome,NA,No,NA,04_01_2017,China,Shanghai,211,29,Male,Chinese,Cetaphil_cleanser_+_Cetaphil_moisturizer,NA,cleanser+moisturizer,3,Regression week 1,16S,BufferScrub,V1-V3,Illumina,AGAGTTTGATYMTGGCTCAG,ATTACCGCGGCTGCTGG,Head,Cheek,NA,5,Healthy,NA,Yes,3.8,77243.38,19944.57,0,0,0,0,0,EE03
EE04,NA,NA,EXP-17-AH2892,EE04,SKN-CLN-2629,TTAcneMicrobiome,NA,No,NA,28_12_2016,China,Shanghai,211,29,Male,Chinese,Cetaphil_cleanser_+_Cetaphil_moisturizer,NA,cleanser+moisturizer,2,Post treatment week 4,16S,BufferScrub,V1-V3,Illumina,AGAGTTTGATYMTGGCTCAG,ATTACCGCGGCTGCTGG,Head,Forehead,NA,5,Healthy,NA,Yes,3.6,38664.46,20383.15,0,0,0,0,0,EE04
EE05,NA,NA,EXP-17-AH2892,EE05,SKN-CLN-2629,TTAcneMicrobiome,NA,No,NA,30_11_2016,China,Shanghai,211,29,Male,Chinese,Cetaphil_cleanser_+_Cetaphil_moisturizer,NA,cleanser+moisturizer,1,Baseline,16S,BufferScrub,V1-V3,Illumina,AGAGTTTGATYMTGGCTCAG,ATTACCGCGGCTGCTGG,Head,Forehead,NA,5,Healthy,NA,Yes,3.5,44038.44,39218.09,0,0,0,0,0,EE05
EE06,NA,NA,EXP-17-AH2892,EE06,SKN-CLN-2629,TTAcneMicrobiome,NA,No,NA,04_01_2017,China,Shanghai,211,29,Male,Chinese,Cetaphil_cleanser_+_Cetaphil_moisturizer,NA,cleanser+moisturizer,3,Regression week 1,16S,BufferScrub,V1-V3,Illumina,AGAGTTTGATYMTGGCTCAG,ATTACCGCGGCTGCTGG,Head,Forehead,NA,5,Healthy,NA,Yes,3.7,12121.65,16288.12,0,0,0,0,0,EE06
EE07,NA,NA,EXP-17-AH2892,EE07,SKN-CLN-2629,TTAcneMicrobiome,NA,No,NA,29_11_2016,China,Shanghai,127,20,Female,Chinese,Cetaphil_cleanser_+_Cetaphil_moisturizer,NA,cleanser+moisturizer,1,Baseline,16S,BufferScrub,V1-V3,Illumina,AGAGTTTGATYMTGGCTCAG,ATTACCGCGGCTGCTGG,Head,Cheek,NA,5,Acne,NA,Yes,3.8,32351.42,6032.79,0,0,1,0,1,EE07
EE08,NA,NA,EXP-17-AH2892,EE08,SKN-CLN-2629,TTAcneMicrobiome,NA,No,NA,05_01_2017,China,Shanghai,127,20,Female,Chinese,Cetaphil_cleanser_+_Cetaphil_moisturizer,NA,cleanser+moisturizer,3,Regression week 1,16S,BufferScrub,V1-V3,Illumina,AGAGTTTGATYMTGGCTCAG,ATTACCGCGGCTGCTGG,Head,Cheek,NA,5,Acne,NA,Yes,3.8,36720.26,5565.34,1,0,0,0,1,EE08
EE09,NA,NA,EXP-17-AH2892,EE09,SKN-CLN-2629,TTAcneMicrobiome,NA,No,NA,29_12_2016,China,Shanghai,127,20,Female,Chinese,KR164_cleanser_with_TT_+_Cetaphil_moisturizer,NA,cleanser+moisturizer,2,Post treatment week 4,16S,BufferScrub,V1-V3,Illumina,AGAGTTTGATYMTGGCTCAG,ATTACCGCGGCTGCTGG,Head,Cheek,NA,5,Acne,NA,Yes,3.5,14961.61,3173.79,0,1,0,0,1,EE09
F01,NA,NA,EXP-17-AH2892,F01,SKN-CLN-2629,TTAcneMicrobiome,NA,No,NA,05_01_2017,China,Shanghai,198,27,Male,Chinese,Cetaphil_cleanser_+_Cetaphil_moisturizer,NA,cleanser+moisturizer,3,Regression week 1,16S,BufferScrub,V1-V3,Illumina,AGAGTTTGATYMTGGCTCAG,ATTACCGCGGCTGCTGG,Head,Forehead,NA,5,Acne,NA,Yes,3.8,11666.88,330.92,0,0,0,0,0,F01
F02,NA,NA,EXP-17-AH2892,F02,SKN-CLN-2629,TTAcneMicrobiome,NA,No,NA,29_11_2016,China,Shanghai,198,27,Male,Chinese,Cetaphil_cleanser_+_Cetaphil_moisturizer,NA,cleanser+moisturizer,1,Baseline,16S,BufferScrub,V1-V3,Illumina,AGAGTTTGATYMTGGCTCAG,ATTACCGCGGCTGCTGG,Head,Cheek,NA,5,Acne,NA,Yes,3.6,27518.51,349.31,0,1,1,0,2,F02
F03,NA,NA,EXP-17-AH2892,F03,SKN-CLN-2629,TTAcneMicrobiome,NA,No,NA,29_11_2016,China,Shanghai,198,27,Male,Chinese,Cetaphil_cleanser_+_Cetaphil_moisturizer,NA,cleanser+moisturizer,1,Baseline,16S,BufferScrub,V1-V3,Illumina,AGAGTTTGATYMTGGCTCAG,ATTACCGCGGCTGCTGG,Head,Forehead,NA,5,Acne,NA,Yes,3.7,83024.51,12711.78,0,0,1,0,1,F03
F04,NA,NA,EXP-17-AH2892,F04,SKN-CLN-2629,TTAcneMicrobiome,NA,No,NA,29_12_2016,China,Shanghai,198,27,Male,Chinese,KR164_cleanser_with_TT_+_Cetaphil_moisturizer,NA,cleanser+moisturizer,2,Post treatment week 4,16S,BufferScrub,V1-V3,Illumina,AGAGTTTGATYMTGGCTCAG,ATTACCGCGGCTGCTGG,Head,Cheek,NA,5,Acne,NA,Yes,3.8,17409.3,330.92,0,0,0,0,0,F04
F05,NA,NA,EXP-17-AH2892,F05,SKN-CLN-2629,TTAcneMicrobiome,NA,No,NA,29_12_2016,China,Shanghai,198,27,Male,Chinese,KR164_cleanser_with_TT_+_Cetaphil_moisturizer,NA,cleanser+moisturizer,2,Post treatment week 4,16S,BufferScrub,V1-V3,Illumina,AGAGTTTGATYMTGGCTCAG,ATTACCGCGGCTGCTGG,Head,Forehead,NA,5,Acne,NA,Yes,3.8,2645.84,330.92,1,0,0,0,1,F05
F06,NA,NA,EXP-17-AH2892,F06,SKN-CLN-2629,TTAcneMicrobiome,NA,No,NA,05_01_2017,China,Shanghai,198,27,Male,Chinese,Cetaphil_cleanser_+_Cetaphil_moisturizer,NA,cleanser+moisturizer,3,Regression week 1,16S,BufferScrub,V1-V3,Illumina,AGAGTTTGATYMTGGCTCAG,ATTACCGCGGCTGCTGG,Head,Cheek,NA,5,Acne,NA,Yes,3.8,35667.63,330.92,0,0,0,0,0,F06
F07,NA,NA,EXP-17-AH2892,F07,SKN-CLN-2629,TTAcneMicrobiome,NA,No,NA,30_11_2016,China,Shanghai,209,27,Male,Chinese,Cetaphil_cleanser_+_Cetaphil_moisturizer,NA,cleanser+moisturizer,1,Baseline,16S,BufferScrub,V1-V3,Illumina,AGAGTTTGATYMTGGCTCAG,ATTACCGCGGCTGCTGG,Head,Forehead,NA,5,Healthy,NA,Yes,3.4,3079.5,6105.07,0,0,0,0,0,F07
F08,NA,NA,EXP-17-AH2892,F08,SKN-CLN-2629,TTAcneMicrobiome,NA,No,NA,30_11_2016,China,Shanghai,209,27,Male,Chinese,Cetaphil_cleanser_+_Cetaphil_moisturizer,NA,cleanser+moisturizer,1,Baseline,16S,BufferScrub,V1-V3,Illumina,AGAGTTTGATYMTGGCTCAG,ATTACCGCGGCTGCTGG,Head,Cheek,NA,5,Healthy,NA,Yes,3.7,13189.82,6388.74,0,0,0,0,0,F08
F09,NA,NA,EXP-17-AH2892,F09,SKN-CLN-2629,TTAcneMicrobiome,NA,No,NA,04_01_2017,China,Shanghai,209,27,Male,Chinese,Cetaphil_cleanser_+_Cetaphil_moisturizer,NA,cleanser+moisturizer,3,Regression week 1,16S,BufferScrub,V1-V3,Illumina,AGAGTTTGATYMTGGCTCAG,ATTACCGCGGCTGCTGG,Head,Forehead,NA,5,Healthy,NA,Yes,3.7,6768.99,25248.78,0,0,0,0,0,F09
F10,NA,NA,EXP-17-AH2892,F10,SKN-CLN-2629,TTAcneMicrobiome,NA,No,NA,28_12_2016,China,Shanghai,209,27,Male,Chinese,Cetaphil_cleanser_+_Cetaphil_moisturizer,NA,cleanser+moisturizer,2,Post treatment week 4,16S,BufferScrub,V1-V3,Illumina,AGAGTTTGATYMTGGCTCAG,ATTACCGCGGCTGCTGG,Head,Forehead,NA,5,Healthy,NA,Yes,3.8,2292.3,9771.33,0,0,0,0,0,F10
F11,NA,NA,EXP-17-AH2892,F11,SKN-CLN-2629,TTAcneMicrobiome,NA,No,NA,04_01_2017,China,Shanghai,209,27,Male,Chinese,Cetaphil_cleanser_+_Cetaphil_moisturizer,NA,cleanser+moisturizer,3,Regression week 1,16S,BufferScrub,V1-V3,Illumina,AGAGTTTGATYMTGGCTCAG,ATTACCGCGGCTGCTGG,Head,Cheek,NA,5,Healthy,NA,Yes,3.8,82239.59,17768.7,0,0,0,0,0,F11
F12,NA,NA,EXP-17-AH2892,F12,SKN-CLN-2629,TTAcneMicrobiome,NA,No,NA,28_12_2016,China,Shanghai,209,27,Male,Chinese,Cetaphil_cleanser_+_Cetaphil_moisturizer,NA,cleanser+moisturizer,2,Post treatment week 4,16S,BufferScrub,V1-V3,Illumina,AGAGTTTGATYMTGGCTCAG,ATTACCGCGGCTGCTGG,Head,Cheek,NA,5,Healthy,NA,Yes,3.7,42306.58,33576.8,0,0,0,0,0,F12
G01,NA,NA,EXP-17-AH2892,G01,SKN-CLN-2629,TTAcneMicrobiome,NA,No,NA,29_11_2016,China,Shanghai,23,20,Male,Chinese,Cetaphil_cleanser_+_Cetaphil_moisturizer,NA,cleanser+moisturizer,1,Baseline,16S,BufferScrub,V1-V3,Illumina,AGAGTTTGATYMTGGCTCAG,ATTACCGCGGCTGCTGG,Head,Forehead,NA,5,Acne,NA,Yes,3.9,79564.45,8043.99,0,3,1,0,4,G01
G02,NA,NA,EXP-17-AH2892,G02,SKN-CLN-2629,TTAcneMicrobiome,NA,No,NA,29_11_2016,China,Shanghai,23,20,Male,Chinese,Cetaphil_cleanser_+_Cetaphil_moisturizer,NA,cleanser+moisturizer,1,Baseline,16S,BufferScrub,V1-V3,Illumina,AGAGTTTGATYMTGGCTCAG,ATTACCGCGGCTGCTGG,Head,Cheek,NA,5,Acne,NA,Yes,3.6,659493.06,2353.25,0,0,1,0,1,G02
G03,NA,NA,EXP-17-AH2892,G03,SKN-CLN-2629,TTAcneMicrobiome,NA,No,NA,29_12_2016,China,Shanghai,23,20,Male,Chinese,KR164_cleanser_with_TT_+_Cetaphil_moisturizer,NA,cleanser+moisturizer,2,Post treatment week 4,16S,BufferScrub,V1-V3,Illumina,AGAGTTTGATYMTGGCTCAG,ATTACCGCGGCTGCTGG,Head,Forehead,NA,5,Acne,NA,Yes,3.5,11515.87,1534.46,1,0,0,0,1,G03
G04,NA,NA,EXP-17-AH2892,G04,SKN-CLN-2629,TTAcneMicrobiome,NA,No,NA,29_12_2016,China,Shanghai,23,20,Male,Chinese,KR164_cleanser_with_TT_+_Cetaphil_moisturizer,NA,cleanser+moisturizer,2,Post treatment week 4,16S,BufferScrub,V1-V3,Illumina,AGAGTTTGATYMTGGCTCAG,ATTACCGCGGCTGCTGG,Head,Cheek,NA,5,Acne,NA,Yes,3.6,17893.75,349.31,0,1,0,0,1,G04
G05,NA,NA,EXP-17-AH2892,G05,SKN-CLN-2629,TTAcneMicrobiome,NA,No,NA,05_01_2017,China,Shanghai,23,20,Male,Chinese,Cetaphil_cleanser_+_Cetaphil_moisturizer,NA,cleanser+moisturizer,3,Regression week 1,16S,BufferScrub,V1-V3,Illumina,AGAGTTTGATYMTGGCTCAG,ATTACCGCGGCTGCTGG,Head,Forehead,NA,5,Acne,NA,Yes,3.8,12652.78,1299.74,1,0,0,0,1,G05
G06,NA,NA,EXP-17-AH2892,G06,SKN-CLN-2629,TTAcneMicrobiome,NA,No,NA,05_01_2017,China,Shanghai,23,20,Male,Chinese,Cetaphil_cleanser_+_Cetaphil_moisturizer,NA,cleanser+moisturizer,3,Regression week 1,16S,BufferScrub,V1-V3,Illumina,AGAGTTTGATYMTGGCTCAG,ATTACCGCGGCTGCTGG,Head,Cheek,NA,5,Acne,NA,Yes,3.8,23896.96,330.92,0,0,0,0,0,G06
G07,NA,NA,EXP-17-AH2892,G07,SKN-CLN-2629,TTAcneMicrobiome,NA,No,NA,30_11_2016,China,Shanghai,222,21,Female,Chinese,Cetaphil_cleanser_+_Cetaphil_moisturizer,NA,cleanser+moisturizer,1,Baseline,16S,BufferScrub,V1-V3,Illumina,AGAGTTTGATYMTGGCTCAG,ATTACCGCGGCTGCTGG,Head,Forehead,NA,5,Healthy,NA,Yes,3.8,5826.64,330.92,0,0,0,0,0,G07
G08,NA,NA,EXP-17-AH2892,G08,SKN-CLN-2629,TTAcneMicrobiome,NA,No,NA,28_12_2016,China,Shanghai,222,21,Female,Chinese,Cetaphil_cleanser_+_Cetaphil_moisturizer,NA,cleanser+moisturizer,2,Post treatment week 4,16S,BufferScrub,V1-V3,Illumina,AGAGTTTGATYMTGGCTCAG,ATTACCGCGGCTGCTGG,Head,Cheek,NA,5,Healthy,NA,Yes,3.9,5573.71,322.44,0,0,0,0,0,G08
G09,NA,NA,EXP-17-AH2892,G09,SKN-CLN-2629,TTAcneMicrobiome,NA,No,NA,04_01_2017,China,Shanghai,222,21,Female,Chinese,Cetaphil_cleanser_+_Cetaphil_moisturizer,NA,cleanser+moisturizer,3,Regression week 1,16S,BufferScrub,V1-V3,Illumina,AGAGTTTGATYMTGGCTCAG,ATTACCGCGGCTGCTGG,Head,Forehead,NA,5,Healthy,NA,Yes,3.5,7536.51,359.29,0,0,0,0,0,G09
G10,NA,NA,EXP-17-AH2892,G10,SKN-CLN-2629,TTAcneMicrobiome,NA,No,NA,30_11_2016,China,Shanghai,222,21,Female,Chinese,Cetaphil_cleanser_+_Cetaphil_moisturizer,NA,cleanser+moisturizer,1,Baseline,16S,BufferScrub,V1-V3,Illumina,AGAGTTTGATYMTGGCTCAG,ATTACCGCGGCTGCTGG,Head,Cheek,NA,5,Healthy,NA,Yes,3.5,5680.37,359.29,0,0,0,0,0,G10
G11,NA,NA,EXP-17-AH2892,G11,SKN-CLN-2629,TTAcneMicrobiome,NA,No,NA,04_01_2017,China,Shanghai,222,21,Female,Chinese,Cetaphil_cleanser_+_Cetaphil_moisturizer,NA,cleanser+moisturizer,3,Regression week 1,16S,BufferScrub,V1-V3,Illumina,AGAGTTTGATYMTGGCTCAG,ATTACCGCGGCTGCTGG,Head,Cheek,NA,5,Healthy,NA,Yes,3.7,5546.93,339.86,0,0,0,0,0,G11
G12,NA,NA,EXP-17-AH2892,G12,SKN-CLN-2629,TTAcneMicrobiome,NA,No,NA,28_12_2016,China,Shanghai,222,21,Female,Chinese,Cetaphil_cleanser_+_Cetaphil_moisturizer,NA,cleanser+moisturizer,2,Post treatment week 4,16S,BufferScrub,V1-V3,Illumina,AGAGTTTGATYMTGGCTCAG,ATTACCGCGGCTGCTGG,Head,Forehead,NA,5,Healthy,NA,Yes,3.5,8907.57,578.49,0,0,0,0,0,G12
H01,NA,NA,EXP-17-AH2892,H01,SKN-CLN-2629,TTAcneMicrobiome,NA,No,NA,04_01_2017,China,Shanghai,93,21,Female,Chinese,Cetaphil_cleanser_+_Cetaphil_moisturizer,NA,cleanser+moisturizer,3,Regression week 1,16S,BufferScrub,V1-V3,Illumina,AGAGTTTGATYMTGGCTCAG,ATTACCGCGGCTGCTGG,Head,Forehead,NA,5,Healthy,NA,Yes,3.8,34540.91,5253.07,0,0,0,0,0,H01
H02,NA,NA,EXP-17-AH2892,H02,SKN-CLN-2629,TTAcneMicrobiome,NA,No,NA,28_12_2016,China,Shanghai,93,21,Female,Chinese,Cetaphil_cleanser_+_Cetaphil_moisturizer,NA,cleanser+moisturizer,2,Post treatment week 4,16S,BufferScrub,V1-V3,Illumina,AGAGTTTGATYMTGGCTCAG,ATTACCGCGGCTGCTGG,Head,Cheek,NA,5,Healthy,NA,Yes,3.9,3817.01,322.44,0,0,0,0,0,H02
H03,NA,NA,EXP-17-AH2892,H03,SKN-CLN-2629,TTAcneMicrobiome,NA,No,NA,28_12_2016,China,Shanghai,93,21,Female,Chinese,Cetaphil_cleanser_+_Cetaphil_moisturizer,NA,cleanser+moisturizer,2,Post treatment week 4,16S,BufferScrub,V1-V3,Illumina,AGAGTTTGATYMTGGCTCAG,ATTACCGCGGCTGCTGG,Head,Forehead,NA,5,Healthy,NA,Yes,3.8,107964.53,9499.2,0,0,0,0,0,H03
H04,NA,NA,EXP-17-AH2892,H04,SKN-CLN-2629,TTAcneMicrobiome,NA,No,NA,30_11_2016,China,Shanghai,93,21,Female,Chinese,Cetaphil_cleanser_+_Cetaphil_moisturizer,NA,cleanser+moisturizer,1,Baseline,16S,BufferScrub,V1-V3,Illumina,AGAGTTTGATYMTGGCTCAG,ATTACCGCGGCTGCTGG,Head,Forehead,NA,5,Healthy,NA,Yes,3.9,377497.32,8147.27,0,0,0,0,0,H04
H05,NA,NA,EXP-17-AH2892,H05,SKN-CLN-2629,TTAcneMicrobiome,NA,No,NA,04_01_2017,China,Shanghai,93,21,Female,Chinese,Cetaphil_cleanser_+_Cetaphil_moisturizer,NA,cleanser+moisturizer,3,Regression week 1,16S,BufferScrub,V1-V3,Illumina,AGAGTTTGATYMTGGCTCAG,ATTACCGCGGCTGCTGG,Head,Cheek,NA,5,Healthy,NA,Yes,3.8,5263.86,491.82,0,0,0,0,0,H05
H06,NA,NA,EXP-17-AH2892,H06,SKN-CLN-2629,TTAcneMicrobiome,NA,No,NA,30_11_2016,China,Shanghai,93,21,Female,Chinese,Cetaphil_cleanser_+_Cetaphil_moisturizer,NA,cleanser+moisturizer,1,Baseline,16S,BufferScrub,V1-V3,Illumina,AGAGTTTGATYMTGGCTCAG,ATTACCGCGGCTGCTGG,Head,Cheek,NA,5,Healthy,NA,Yes,3.5,4733.59,359.29,0,0,0,0,0,H06
H07,NA,NA,EXP-17-AH2892,H07,SKN-CLN-2629,TTAcneMicrobiome,NA,No,NA,29_11_2016,China,Shanghai,48,21,Male,Chinese,Cetaphil_cleanser_+_Cetaphil_moisturizer,NA,cleanser+moisturizer,1,Baseline,16S,BufferScrub,V1-V3,Illumina,AGAGTTTGATYMTGGCTCAG,ATTACCGCGGCTGCTGG,Head,Forehead,NA,5,Acne,NA,Yes,3.2,20720.78,21415.64,2,0,1,0,3,H07
H08,NA,NA,EXP-17-AH2892,H08,SKN-CLN-2629,TTAcneMicrobiome,NA,No,NA,05_01_2017,China,Shanghai,48,21,Male,Chinese,Cetaphil_cleanser_+_Cetaphil_moisturizer,NA,cleanser+moisturizer,3,Regression week 1,16S,BufferScrub,V1-V3,Illumina,AGAGTTTGATYMTGGCTCAG,ATTACCGCGGCTGCTGG,Head,Cheek,NA,5,Acne,NA,Yes,3.8,30117.51,6357.24,0,0,1,0,1,H08
H09,NA,NA,EXP-17-AH2892,H09,SKN-CLN-2629,TTAcneMicrobiome,NA,No,NA,29_11_2016,China,Shanghai,48,21,Male,Chinese,Cetaphil_cleanser_+_Cetaphil_moisturizer,NA,cleanser+moisturizer,1,Baseline,16S,BufferScrub,V1-V3,Illumina,AGAGTTTGATYMTGGCTCAG,ATTACCGCGGCTGCTGG,Head,Cheek,NA,5,Acne,NA,Yes,3.6,187399.72,126627.33,0,0,1,0,1,H09
H10,NA,NA,EXP-17-AH2892,H10,SKN-CLN-2629,TTAcneMicrobiome,NA,No,NA,29_12_2016,China,Shanghai,48,21,Male,Chinese,KR164_cleanser_with_TT_+_Cetaphil_moisturizer,NA,cleanser+moisturizer,2,Post treatment week 4,16S,BufferScrub,V1-V3,Illumina,AGAGTTTGATYMTGGCTCAG,ATTACCGCGGCTGCTGG,Head,Cheek,NA,5,Acne,NA,Yes,3.9,61626.55,65196.5,0,0,1,0,1,H10
H11,NA,NA,EXP-17-AH2892,H11,SKN-CLN-2629,TTAcneMicrobiome,NA,No,NA,29_12_2016,China,Shanghai,48,21,Male,Chinese,KR164_cleanser_with_TT_+_Cetaphil_moisturizer,NA,cleanser+moisturizer,2,Post treatment week 4,16S,BufferScrub,V1-V3,Illumina,AGAGTTTGATYMTGGCTCAG,ATTACCGCGGCTGCTGG,Head,Forehead,NA,5,Acne,NA,Yes,3.9,33773.15,30513.12,1,0,2,0,3,H11
H12,NA,NA,EXP-17-AH2892,H12,SKN-CLN-2629,TTAcneMicrobiome,NA,No,NA,05_01_2017,China,Shanghai,48,21,Male,Chinese,Cetaphil_cleanser_+_Cetaphil_moisturizer,NA,cleanser+moisturizer,3,Regression week 1,16S,BufferScrub,V1-V3,Illumina,AGAGTTTGATYMTGGCTCAG,ATTACCGCGGCTGCTGG,Head,Forehead,NA,5,Acne,NA,Yes,3.6,10714.74,11302.24,1,0,1,0,2,H12
I01,NA,NA,EXP-17-AH2892,I01,SKN-CLN-2629,TTAcneMicrobiome,NA,No,NA,29_11_2016,China,Shanghai,120,26,Female,Chinese,Cetaphil_cleanser_+_Cetaphil_moisturizer,NA,cleanser+moisturizer,1,Baseline,16S,BufferScrub,V1-V3,Illumina,AGAGTTTGATYMTGGCTCAG,ATTACCGCGGCTGCTGG,Head,Cheek,NA,5,Acne,NA,Yes,3.6,91776.94,74907.31,0,0,1,0,1,I01
I02,NA,NA,EXP-17-AH2892,I02,SKN-CLN-2629,TTAcneMicrobiome,NA,No,NA,05_01_2017,China,Shanghai,120,26,Female,Chinese,Cetaphil_cleanser_+_Cetaphil_moisturizer,NA,cleanser+moisturizer,3,Regression week 1,16S,BufferScrub,V1-V3,Illumina,AGAGTTTGATYMTGGCTCAG,ATTACCGCGGCTGCTGG,Head,Forehead,NA,5,Acne,NA,Yes,3.7,28654.3,5272.09,0,0,0,0,0,I02
I03,NA,NA,EXP-17-AH2892,I03,SKN-CLN-2629,TTAcneMicrobiome,NA,No,NA,29_12_2016,China,Shanghai,120,26,Female,Chinese,KR164_cleanser_with_TT_+_Cetaphil_moisturizer,NA,cleanser+moisturizer,2,Post treatment week 4,16S,BufferScrub,V1-V3,Illumina,AGAGTTTGATYMTGGCTCAG,ATTACCGCGGCTGCTGG,Head,Forehead,NA,5,Acne,NA,Yes,3.6,31566.4,5405.88,0,0,0,0,0,I03
I04,NA,NA,EXP-17-AH2892,I04,SKN-CLN-2629,TTAcneMicrobiome,NA,No,NA,29_11_2016,China,Shanghai,120,26,Female,Chinese,Cetaphil_cleanser_+_Cetaphil_moisturizer,NA,cleanser+moisturizer,1,Baseline,16S,BufferScrub,V1-V3,Illumina,AGAGTTTGATYMTGGCTCAG,ATTACCGCGGCTGCTGG,Head,Forehead,NA,5,Acne,NA,Yes,3.8,35892.96,15816.82,0,0,1,0,1,I04
I05,NA,NA,EXP-17-AH2892,I05,SKN-CLN-2629,TTAcneMicrobiome,NA,No,NA,05_01_2017,China,Shanghai,120,26,Female,Chinese,Cetaphil_cleanser_+_Cetaphil_moisturizer,NA,cleanser+moisturizer,3,Regression week 1,16S,BufferScrub,V1-V3,Illumina,AGAGTTTGATYMTGGCTCAG,ATTACCGCGGCTGCTGG,Head,Cheek,NA,5,Acne,NA,Yes,3.6,30129.13,13025.74,0,0,1,0,1,I05
I06,NA,NA,EXP-17-AH2892,I06,SKN-CLN-2629,TTAcneMicrobiome,NA,No,NA,29_12_2016,China,Shanghai,120,26,Female,Chinese,KR164_cleanser_with_TT_+_Cetaphil_moisturizer,NA,cleanser+moisturizer,2,Post treatment week 4,16S,BufferScrub,V1-V3,Illumina,AGAGTTTGATYMTGGCTCAG,ATTACCGCGGCTGCTGG,Head,Cheek,NA,5,Acne,NA,Yes,3.5,42246.19,12393.64,0,0,1,0,1,I06
I07,NA,NA,EXP-17-AH2892,I07,SKN-CLN-2629,TTAcneMicrobiome,NA,No,NA,30_11_2016,China,Shanghai,260,20,Female,Chinese,Cetaphil_cleanser_+_Cetaphil_moisturizer,NA,cleanser+moisturizer,1,Baseline,16S,BufferScrub,V1-V3,Illumina,AGAGTTTGATYMTGGCTCAG,ATTACCGCGGCTGCTGG,Head,Forehead,NA,5,Healthy,NA,Yes,3.6,6038.25,150336.04,0,0,0,0,0,I07
I08,NA,NA,EXP-17-AH2892,I08,SKN-CLN-2629,TTAcneMicrobiome,NA,No,NA,30_11_2016,China,Shanghai,260,20,Female,Chinese,Cetaphil_cleanser_+_Cetaphil_moisturizer,NA,cleanser+moisturizer,1,Baseline,16S,BufferScrub,V1-V3,Illumina,AGAGTTTGATYMTGGCTCAG,ATTACCGCGGCTGCTGG,Head,Cheek,NA,5,Healthy,NA,Yes,3.9,351.03,2054.6,0,0,0,0,0,I08
I09,NA,NA,EXP-17-AH2892,I09,SKN-CLN-2629,TTAcneMicrobiome,NA,No,NA,28_12_2016,China,Shanghai,260,20,Female,Chinese,Cetaphil_cleanser_+_Cetaphil_moisturizer,NA,cleanser+moisturizer,2,Post treatment week 4,16S,BufferScrub,V1-V3,Illumina,AGAGTTTGATYMTGGCTCAG,ATTACCGCGGCTGCTGG,Head,Forehead,NA,5,Healthy,NA,Yes,3.8,957.04,10885.71,0,0,0,0,0,I09
I10,NA,NA,EXP-17-AH2892,I10,SKN-CLN-2629,TTAcneMicrobiome,NA,No,NA,28_12_2016,China,Shanghai,260,20,Female,Chinese,Cetaphil_cleanser_+_Cetaphil_moisturizer,NA,cleanser+moisturizer,2,Post treatment week 4,16S,BufferScrub,V1-V3,Illumina,AGAGTTTGATYMTGGCTCAG,ATTACCGCGGCTGCTGG,Head,Cheek,NA,5,Healthy,NA,Yes,3.8,534.68,7046.13,0,0,0,0,0,I10
I11,NA,NA,EXP-17-AH2892,I11,SKN-CLN-2629,TTAcneMicrobiome,NA,No,NA,04_01_2017,China,Shanghai,260,20,Female,Chinese,Cetaphil_cleanser_+_Cetaphil_moisturizer,NA,cleanser+moisturizer,3,Regression week 1,16S,BufferScrub,V1-V3,Illumina,AGAGTTTGATYMTGGCTCAG,ATTACCGCGGCTGCTGG,Head,Forehead,NA,5,Healthy,NA,Yes,3.6,1676.08,36947.21,0,0,0,0,0,I11
I12,NA,NA,EXP-17-AH2892,I12,SKN-CLN-2629,TTAcneMicrobiome,NA,No,NA,04_01_2017,China,Shanghai,260,20,Female,Chinese,Cetaphil_cleanser_+_Cetaphil_moisturizer,NA,cleanser+moisturizer,3,Regression week 1,16S,BufferScrub,V1-V3,Illumina,AGAGTTTGATYMTGGCTCAG,ATTACCGCGGCTGCTGG,Head,Cheek,NA,5,Healthy,NA,Yes,3.8,388.07,2574.49,0,0,0,0,0,I12
II01,NA,NA,EXP-17-AH2892,II01,SKN-CLN-2629,TTAcneMicrobiome,NA,No,NA,28_12_2016,China,Shanghai,231,18,Female,Chinese,Cetaphil_cleanser_+_Cetaphil_moisturizer,NA,cleanser+moisturizer,2,Post treatment week 4,16S,BufferScrub,V1-V3,Illumina,AGAGTTTGATYMTGGCTCAG,ATTACCGCGGCTGCTGG,Head,Forehead,NA,5,Healthy,NA,Yes,3.8,1963.01,1729.21,0,0,0,0,0,II01
II02,NA,NA,EXP-17-AH2892,II02,SKN-CLN-2629,TTAcneMicrobiome,NA,No,NA,28_12_2016,China,Shanghai,231,18,Female,Chinese,Cetaphil_cleanser_+_Cetaphil_moisturizer,NA,cleanser+moisturizer,2,Post treatment week 4,16S,BufferScrub,V1-V3,Illumina,AGAGTTTGATYMTGGCTCAG,ATTACCGCGGCTGCTGG,Head,Cheek,NA,5,Healthy,NA,Yes,3.7,1342.55,733.95,0,0,0,0,0,II02
II03,NA,NA,EXP-17-AH2892,II03,SKN-CLN-2629,TTAcneMicrobiome,NA,No,NA,30_11_2016,China,Shanghai,231,18,Female,Chinese,Cetaphil_cleanser_+_Cetaphil_moisturizer,NA,cleanser+moisturizer,1,Baseline,16S,BufferScrub,V1-V3,Illumina,AGAGTTTGATYMTGGCTCAG,ATTACCGCGGCTGCTGG,Head,Forehead,NA,5,Healthy,NA,Yes,3.9,995.54,1549.27,0,0,0,0,0,II03
II04,NA,NA,EXP-17-AH2892,II04,SKN-CLN-2629,TTAcneMicrobiome,NA,No,NA,30_11_2016,China,Shanghai,231,18,Female,Chinese,Cetaphil_cleanser_+_Cetaphil_moisturizer,NA,cleanser+moisturizer,1,Baseline,16S,BufferScrub,V1-V3,Illumina,AGAGTTTGATYMTGGCTCAG,ATTACCGCGGCTGCTGG,Head,Cheek,NA,5,Healthy,NA,Yes,3.6,928.78,349.31,0,0,0,0,0,II04
II05,NA,NA,EXP-17-AH2892,II05,SKN-CLN-2629,TTAcneMicrobiome,NA,No,NA,29_11_2016,China,Shanghai,11,21,Male,Chinese,Cetaphil_cleanser_+_Cetaphil_moisturizer,NA,cleanser+moisturizer,1,Baseline,16S,BufferScrub,V1-V3,Illumina,AGAGTTTGATYMTGGCTCAG,ATTACCGCGGCTGCTGG,Head,Forehead,NA,5,Acne,NA,Yes,3.9,390015.05,81926.69,NA,NA,NA,NA,NA,II05
II06,NA,NA,EXP-17-AH2892,II06,SKN-CLN-2629,TTAcneMicrobiome,NA,No,NA,29_11_2016,China,Shanghai,11,21,Male,Chinese,Cetaphil_cleanser_+_Cetaphil_moisturizer,NA,cleanser+moisturizer,1,Baseline,16S,BufferScrub,V1-V3,Illumina,AGAGTTTGATYMTGGCTCAG,ATTACCGCGGCTGCTGG,Head,Cheek,NA,5,Acne,NA,Yes,3.7,130587.36,29181.8,NA,NA,NA,NA,NA,II06
J01,NA,NA,EXP-17-AH2892,J01,SKN-CLN-2629,TTAcneMicrobiome,NA,No,NA,04_01_2017,China,Shanghai,247,23,Male,Chinese,Cetaphil_cleanser_+_Cetaphil_moisturizer,NA,cleanser+moisturizer,3,Regression week 1,16S,BufferScrub,V1-V3,Illumina,AGAGTTTGATYMTGGCTCAG,ATTACCGCGGCTGCTGG,Head,Cheek,NA,5,Healthy,NA,Yes,3.7,23833.5,3235.09,0,0,0,0,0,J01
J02,NA,NA,EXP-17-AH2892,J02,SKN-CLN-2629,TTAcneMicrobiome,NA,No,NA,04_01_2017,China,Shanghai,247,23,Male,Chinese,Cetaphil_cleanser_+_Cetaphil_moisturizer,NA,cleanser+moisturizer,3,Regression week 1,16S,BufferScrub,V1-V3,Illumina,AGAGTTTGATYMTGGCTCAG,ATTACCGCGGCTGCTGG,Head,Forehead,NA,5,Healthy,NA,Yes,3.8,13303.82,1965.84,0,0,0,0,0,J02
J03,NA,NA,EXP-17-AH2892,J03,SKN-CLN-2629,TTAcneMicrobiome,NA,No,NA,28_12_2016,China,Shanghai,247,23,Male,Chinese,Cetaphil_cleanser_+_Cetaphil_moisturizer,NA,cleanser+moisturizer,2,Post treatment week 4,16S,BufferScrub,V1-V3,Illumina,AGAGTTTGATYMTGGCTCAG,ATTACCGCGGCTGCTGG,Head,Cheek,NA,5,Healthy,NA,Yes,3.9,32376.28,3518.1,0,0,0,0,0,J03
J04,NA,NA,EXP-17-AH2892,J04,SKN-CLN-2629,TTAcneMicrobiome,NA,No,NA,30_11_2016,China,Shanghai,247,23,Male,Chinese,Cetaphil_cleanser_+_Cetaphil_moisturizer,NA,cleanser+moisturizer,1,Baseline,16S,BufferScrub,V1-V3,Illumina,AGAGTTTGATYMTGGCTCAG,ATTACCGCGGCTGCTGG,Head,Cheek,NA,5,Healthy,NA,Yes,3.6,35749.04,1588.82,0,0,0,0,0,J04
J05,NA,NA,EXP-17-AH2892,J05,SKN-CLN-2629,TTAcneMicrobiome,NA,No,NA,28_12_2016,China,Shanghai,247,23,Male,Chinese,Cetaphil_cleanser_+_Cetaphil_moisturizer,NA,cleanser+moisturizer,2,Post treatment week 4,16S,BufferScrub,V1-V3,Illumina,AGAGTTTGATYMTGGCTCAG,ATTACCGCGGCTGCTGG,Head,Forehead,NA,5,Healthy,NA,Yes,3.9,32317.73,2555.33,0,0,0,0,0,J05
J06,NA,NA,EXP-17-AH2892,J06,SKN-CLN-2629,TTAcneMicrobiome,NA,No,NA,30_11_2016,China,Shanghai,247,23,Male,Chinese,Cetaphil_cleanser_+_Cetaphil_moisturizer,NA,cleanser+moisturizer,1,Baseline,16S,BufferScrub,V1-V3,Illumina,AGAGTTTGATYMTGGCTCAG,ATTACCGCGGCTGCTGG,Head,Forehead,NA,5,Healthy,NA,Yes,1.9,46420.13,970.05,0,0,0,0,0,J06
J07,NA,NA,EXP-17-AH2892,J07,SKN-CLN-2629,TTAcneMicrobiome,NA,No,NA,29_12_2016,China,Shanghai,186,24,Female,Chinese,KR164_cleanser_with_TT_+_Cetaphil_moisturizer,NA,cleanser+moisturizer,2,Post treatment week 4,16S,BufferScrub,V1-V3,Illumina,AGAGTTTGATYMTGGCTCAG,ATTACCGCGGCTGCTGG,Head,Cheek,NA,5,Acne,NA,Yes,3.9,38847.97,2977.5,0,0,0,0,0,J07
J08,NA,NA,EXP-17-AH2892,J08,SKN-CLN-2629,TTAcneMicrobiome,NA,No,NA,29_12_2016,China,Shanghai,186,24,Female,Chinese,KR164_cleanser_with_TT_+_Cetaphil_moisturizer,NA,cleanser+moisturizer,2,Post treatment week 4,16S,BufferScrub,V1-V3,Illumina,AGAGTTTGATYMTGGCTCAG,ATTACCGCGGCTGCTGG,Head,Forehead,NA,5,Acne,NA,Yes,3.8,87551,6157.99,1,0,0,0,1,J08
J09,NA,NA,EXP-17-AH2892,J09,SKN-CLN-2629,TTAcneMicrobiome,NA,No,NA,05_01_2017,China,Shanghai,186,24,Female,Chinese,Cetaphil_cleanser_+_Cetaphil_moisturizer,NA,cleanser+moisturizer,3,Regression week 1,16S,BufferScrub,V1-V3,Illumina,AGAGTTTGATYMTGGCTCAG,ATTACCGCGGCTGCTGG,Head,Forehead,NA,5,Acne,NA,Yes,3.8,26454,5854,1,0,0,0,1,J09
J10,NA,NA,EXP-17-AH2892,J10,SKN-CLN-2629,TTAcneMicrobiome,NA,No,NA,29_11_2016,China,Shanghai,186,24,Female,Chinese,Cetaphil_cleanser_+_Cetaphil_moisturizer,NA,cleanser+moisturizer,1,Baseline,16S,BufferScrub,V1-V3,Illumina,AGAGTTTGATYMTGGCTCAG,ATTACCGCGGCTGCTGG,Head,Forehead,NA,5,Acne,NA,Yes,3.8,55403.79,3521.36,0,1,1,0,2,J10
J11,NA,NA,EXP-17-AH2892,J11,SKN-CLN-2629,TTAcneMicrobiome,NA,No,NA,29_11_2016,China,Shanghai,186,24,Female,Chinese,Cetaphil_cleanser_+_Cetaphil_moisturizer,NA,cleanser+moisturizer,1,Baseline,16S,BufferScrub,V1-V3,Illumina,AGAGTTTGATYMTGGCTCAG,ATTACCGCGGCTGCTGG,Head,Cheek,NA,5,Acne,NA,Yes,3.6,24799.44,1383.94,0,0,1,0,1,J11
J12,NA,NA,EXP-17-AH2892,J12,SKN-CLN-2629,TTAcneMicrobiome,NA,No,NA,05_01_2017,China,Shanghai,186,24,Female,Chinese,Cetaphil_cleanser_+_Cetaphil_moisturizer,NA,cleanser+moisturizer,3,Regression week 1,16S,BufferScrub,V1-V3,Illumina,AGAGTTTGATYMTGGCTCAG,ATTACCGCGGCTGCTGG,Head,Cheek,NA,5,Acne,NA,Yes,3.7,10077.77,1179.68,0,0,0,0,0,J12
JJ01,NA,NA,EXP-17-AH2892,JJ01,SKN-CLN-2629,TTAcneMicrobiome,NA,No,NA,30_11_2016,China,Shanghai,205,28,Male,Chinese,Cetaphil_cleanser_+_Cetaphil_moisturizer,NA,cleanser+moisturizer,1,Baseline,16S,BufferScrub,V1-V3,Illumina,AGAGTTTGATYMTGGCTCAG,ATTACCGCGGCTGCTGG,Head,Forehead,NA,5,Healthy,NA,Yes,3.9,67238.91,117741.31,0,0,0,0,0,JJ01
JJ02,NA,NA,EXP-17-AH2892,JJ02,SKN-CLN-2629,TTAcneMicrobiome,NA,No,NA,30_11_2016,China,Shanghai,205,28,Male,Chinese,Cetaphil_cleanser_+_Cetaphil_moisturizer,NA,cleanser+moisturizer,1,Baseline,16S,BufferScrub,V1-V3,Illumina,AGAGTTTGATYMTGGCTCAG,ATTACCGCGGCTGCTGG,Head,Cheek,NA,5,Healthy,NA,Yes,2,14360.28,4181.95,0,0,0,0,0,JJ02
JJ03,NA,NA,EXP-17-AH2892,JJ03,SKN-CLN-2629,TTAcneMicrobiome,NA,No,NA,30_11_2016,China,Shanghai,235,25,Female,Chinese,Cetaphil_cleanser_+_Cetaphil_moisturizer,NA,cleanser+moisturizer,1,Baseline,16S,BufferScrub,V1-V3,Illumina,AGAGTTTGATYMTGGCTCAG,ATTACCGCGGCTGCTGG,Head,Forehead,NA,5,Healthy,NA,Yes,3.6,9108.57,1544.38,0,0,0,0,0,JJ03
JJ04,NA,NA,EXP-17-AH2892,JJ04,SKN-CLN-2629,TTAcneMicrobiome,NA,No,NA,30_11_2016,China,Shanghai,235,25,Female,Chinese,Cetaphil_cleanser_+_Cetaphil_moisturizer,NA,cleanser+moisturizer,1,Baseline,16S,BufferScrub,V1-V3,Illumina,AGAGTTTGATYMTGGCTCAG,ATTACCGCGGCTGCTGG,Head,Cheek,NA,5,Healthy,NA,Yes,3.7,5126.82,339.86,0,0,0,0,0,JJ04
JJ05,NA,NA,EXP-17-AH2892,JJ05,SKN-CLN-2629,TTAcneMicrobiome,NA,No,NA,30_11_2016,China,Shanghai,233,26,Male,Chinese,Cetaphil_cleanser_+_Cetaphil_moisturizer,NA,cleanser+moisturizer,1,Baseline,16S,BufferScrub,V1-V3,Illumina,AGAGTTTGATYMTGGCTCAG,ATTACCGCGGCTGCTGG,Head,Cheek,NA,5,Healthy,NA,Yes,3.7,3058.12,339.86,0,0,0,0,0,JJ05
JJ06,NA,NA,EXP-17-AH2892,JJ06,SKN-CLN-2629,TTAcneMicrobiome,NA,No,NA,28_12_2016,China,Shanghai,233,26,Male,Chinese,Cetaphil_cleanser_+_Cetaphil_moisturizer,NA,cleanser+moisturizer,2,Post treatment week 4,16S,BufferScrub,V1-V3,Illumina,AGAGTTTGATYMTGGCTCAG,ATTACCGCGGCTGCTGG,Head,Forehead,NA,5,Healthy,NA,Yes,1.8,5113.22,3543.14,0,0,0,0,0,JJ06
JJ07,NA,NA,EXP-17-AH2892,JJ07,SKN-CLN-2629,TTAcneMicrobiome,NA,No,NA,30_11_2016,China,Shanghai,233,26,Male,Chinese,Cetaphil_cleanser_+_Cetaphil_moisturizer,NA,cleanser+moisturizer,1,Baseline,16S,BufferScrub,V1-V3,Illumina,AGAGTTTGATYMTGGCTCAG,ATTACCGCGGCTGCTGG,Head,Forehead,NA,5,Healthy,NA,Yes,3.5,9523.87,359.29,0,0,0,0,0,JJ07
JJ08,NA,NA,EXP-17-AH2892,JJ08,SKN-CLN-2629,TTAcneMicrobiome,NA,No,NA,28_12_2016,China,Shanghai,233,26,Male,Chinese,Cetaphil_cleanser_+_Cetaphil_moisturizer,NA,cleanser+moisturizer,2,Post treatment week 4,16S,BufferScrub,V1-V3,Illumina,AGAGTTTGATYMTGGCTCAG,ATTACCGCGGCTGCTGG,Head,Cheek,NA,5,Healthy,NA,Yes,3.8,1311.51,330.92,0,0,0,0,0,JJ08
JJ09,NA,NA,EXP-17-AH2892,JJ09,SKN-CLN-2629,TTAcneMicrobiome,NA,No,NA,30_11_2016,China,Shanghai,242,30,Male,Chinese,Cetaphil_cleanser_+_Cetaphil_moisturizer,NA,cleanser+moisturizer,1,Baseline,16S,BufferScrub,V1-V3,Illumina,AGAGTTTGATYMTGGCTCAG,ATTACCGCGGCTGCTGG,Head,Forehead,NA,5,Healthy,NA,Yes,3.4,12365.91,2031.9,0,0,0,0,0,JJ09
JJ10,NA,NA,EXP-17-AH2892,JJ10,SKN-CLN-2629,TTAcneMicrobiome,NA,No,NA,30_11_2016,China,Shanghai,242,30,Male,Chinese,Cetaphil_cleanser_+_Cetaphil_moisturizer,NA,cleanser+moisturizer,1,Baseline,16S,BufferScrub,V1-V3,Illumina,AGAGTTTGATYMTGGCTCAG,ATTACCGCGGCTGCTGG,Head,Cheek,NA,5,Healthy,NA,Yes,3.6,3513.36,479.68,0,0,0,0,0,JJ10
K01,NA,NA,EXP-17-AH2892,K01,SKN-CLN-2629,TTAcneMicrobiome,NA,No,NA,29_11_2016,China,Shanghai,154,18,Male,Chinese,Cetaphil_cleanser_+_Cetaphil_moisturizer,NA,cleanser+moisturizer,1,Baseline,16S,BufferScrub,V1-V3,Illumina,AGAGTTTGATYMTGGCTCAG,ATTACCGCGGCTGCTGG,Head,Cheek,NA,5,Acne,NA,Yes,3.9,292619.49,72760.95,0,0,2,0,2,K01
K02,NA,NA,EXP-17-AH2892,K02,SKN-CLN-2629,TTAcneMicrobiome,NA,No,NA,30_11_2016,China,Shanghai,255,22,Male,Chinese,Cetaphil_cleanser_+_Cetaphil_moisturizer,NA,cleanser+moisturizer,1,Baseline,16S,BufferScrub,V1-V3,Illumina,AGAGTTTGATYMTGGCTCAG,ATTACCGCGGCTGCTGG,Head,Forehead,NA,5,Healthy,NA,Yes,3.6,145698.79,349.31,0,0,0,0,0,K02
K03,NA,NA,EXP-17-AH2892,K03,SKN-CLN-2629,TTAcneMicrobiome,NA,No,NA,30_11_2016,China,Shanghai,255,22,Male,Chinese,Cetaphil_cleanser_+_Cetaphil_moisturizer,NA,cleanser+moisturizer,1,Baseline,16S,BufferScrub,V1-V3,Illumina,AGAGTTTGATYMTGGCTCAG,ATTACCGCGGCTGCTGG,Head,Cheek,NA,5,Healthy,NA,Yes,3.7,22631.5,838.78,0,0,0,0,0,K03
K04,NA,NA,EXP-17-AH2892,K04,SKN-CLN-2629,TTAcneMicrobiome,NA,No,NA,04_01_2017,China,Shanghai,255,22,Male,Chinese,Cetaphil_cleanser_+_Cetaphil_moisturizer,NA,cleanser+moisturizer,3,Regression week 1,16S,BufferScrub,V1-V3,Illumina,AGAGTTTGATYMTGGCTCAG,ATTACCGCGGCTGCTGG,Head,Cheek,NA,5,Healthy,NA,Yes,3.6,6117.74,349.31,0,0,0,0,0,K04
K05,NA,NA,EXP-17-AH2892,K05,SKN-CLN-2629,TTAcneMicrobiome,NA,No,NA,04_01_2017,China,Shanghai,255,22,Male,Chinese,Cetaphil_cleanser_+_Cetaphil_moisturizer,NA,cleanser+moisturizer,3,Regression week 1,16S,BufferScrub,V1-V3,Illumina,AGAGTTTGATYMTGGCTCAG,ATTACCGCGGCTGCTGG,Head,Forehead,NA,5,Healthy,NA,Yes,3.8,31139.51,330.92,0,0,0,0,0,K05
K06,NA,NA,EXP-17-AH2892,K06,SKN-CLN-2629,TTAcneMicrobiome,NA,No,NA,28_12_2016,China,Shanghai,255,22,Male,Chinese,Cetaphil_cleanser_+_Cetaphil_moisturizer,NA,cleanser+moisturizer,2,Post treatment week 4,16S,BufferScrub,V1-V3,Illumina,AGAGTTTGATYMTGGCTCAG,ATTACCGCGGCTGCTGG,Head,Cheek,NA,5,Healthy,NA,Yes,3.6,44475.56,900.1,0,0,0,0,0,K06
K07,NA,NA,EXP-17-AH2892,K07,SKN-CLN-2629,TTAcneMicrobiome,NA,No,NA,28_12_2016,China,Shanghai,255,22,Male,Chinese,Cetaphil_cleanser_+_Cetaphil_moisturizer,NA,cleanser+moisturizer,2,Post treatment week 4,16S,BufferScrub,V1-V3,Illumina,AGAGTTTGATYMTGGCTCAG,ATTACCGCGGCTGCTGG,Head,Forehead,NA,5,Healthy,NA,Yes,3.9,79231.1,1056.62,0,0,0,0,0,K07
KK01,NA,NA,EXP-17-AH2892,KK01,SKN-CLN-2629,TTAcneMicrobiome,NA,No,NA,29_12_2016,China,Shanghai,5,20,Female,Chinese,KR164_cleanser_with_TT_+_Cetaphil_moisturizer,NA,cleanser+moisturizer,2,Post treatment week 4,16S,BufferScrub,V1-V3,Illumina,AGAGTTTGATYMTGGCTCAG,ATTACCGCGGCTGCTGG,Head,Cheek,NA,5,Acne,NA,Yes,3.9,44563.63,2749.73,0,0,0,0,0,KK01
KK02,NA,NA,EXP-17-AH2892,KK02,SKN-CLN-2629,TTAcneMicrobiome,NA,No,NA,05_01_2017,China,Shanghai,5,20,Female,Chinese,Cetaphil_cleanser_+_Cetaphil_moisturizer,NA,cleanser+moisturizer,3,Regression week 1,16S,BufferScrub,V1-V3,Illumina,AGAGTTTGATYMTGGCTCAG,ATTACCGCGGCTGCTGG,Head,Cheek,NA,5,Acne,NA,Yes,3.8,40246.07,6620.08,0,0,0,0,0,KK02
KK03,NA,NA,EXP-17-AH2892,KK03,SKN-CLN-2629,TTAcneMicrobiome,NA,No,NA,29_11_2016,China,Shanghai,5,20,Female,Chinese,Cetaphil_cleanser_+_Cetaphil_moisturizer,NA,cleanser+moisturizer,1,Baseline,16S,BufferScrub,V1-V3,Illumina,AGAGTTTGATYMTGGCTCAG,ATTACCGCGGCTGCTGG,Head,Cheek,NA,5,Acne,NA,Yes,3.7,115086.74,10376.97,0,0,1,0,1,KK03
KK04,NA,NA,EXP-17-AH2892,KK04,SKN-CLN-2629,TTAcneMicrobiome,NA,No,NA,30_11_2016,China,Shanghai,253,19,Male,Chinese,Cetaphil_cleanser_+_Cetaphil_moisturizer,NA,cleanser+moisturizer,1,Baseline,16S,BufferScrub,V1-V3,Illumina,AGAGTTTGATYMTGGCTCAG,ATTACCGCGGCTGCTGG,Head,Cheek,NA,5,Healthy,NA,Yes,3.5,1364.61,359.29,0,0,0,0,0,KK04
KK05,NA,NA,EXP-17-AH2892,KK05,SKN-CLN-2629,TTAcneMicrobiome,NA,No,NA,30_11_2016,China,Shanghai,253,19,Male,Chinese,Cetaphil_cleanser_+_Cetaphil_moisturizer,NA,cleanser+moisturizer,1,Baseline,16S,BufferScrub,V1-V3,Illumina,AGAGTTTGATYMTGGCTCAG,ATTACCGCGGCTGCTGG,Head,Forehead,NA,5,Healthy,NA,Yes,3.5,1153.04,359.29,0,0,0,0,0,KK05
KK06,NA,NA,EXP-17-AH2892,KK06,SKN-CLN-2629,TTAcneMicrobiome,NA,No,NA,04_01_2017,China,Shanghai,253,19,Male,Chinese,Cetaphil_cleanser_+_Cetaphil_moisturizer,NA,cleanser+moisturizer,3,Regression week 1,16S,BufferScrub,V1-V3,Illumina,AGAGTTTGATYMTGGCTCAG,ATTACCGCGGCTGCTGG,Head,Forehead,NA,5,Healthy,NA,Yes,3.8,1061.99,4349.13,0,0,0,0,0,KK06
KK07,NA,NA,EXP-17-AH2892,KK07,SKN-CLN-2629,TTAcneMicrobiome,NA,No,NA,28_12_2016,China,Shanghai,253,19,Male,Chinese,Cetaphil_cleanser_+_Cetaphil_moisturizer,NA,cleanser+moisturizer,2,Post treatment week 4,16S,BufferScrub,V1-V3,Illumina,AGAGTTTGATYMTGGCTCAG,ATTACCGCGGCTGCTGG,Head,Forehead,NA,5,Healthy,NA,Yes,3.8,3357.25,330.92,0,0,0,0,0,KK07
KK08,NA,NA,EXP-17-AH2892,KK08,SKN-CLN-2629,TTAcneMicrobiome,NA,No,NA,04_01_2017,China,Shanghai,253,19,Male,Chinese,Cetaphil_cleanser_+_Cetaphil_moisturizer,NA,cleanser+moisturizer,3,Regression week 1,16S,BufferScrub,V1-V3,Illumina,AGAGTTTGATYMTGGCTCAG,ATTACCGCGGCTGCTGG,Head,Cheek,NA,5,Healthy,NA,Yes,3.5,1605.63,1070.4,0,0,0,0,0,KK08
KK09,NA,NA,EXP-17-AH2892,KK09,SKN-CLN-2629,TTAcneMicrobiome,NA,No,NA,28_12_2016,China,Shanghai,253,19,Male,Chinese,Cetaphil_cleanser_+_Cetaphil_moisturizer,NA,cleanser+moisturizer,2,Post treatment week 4,16S,BufferScrub,V1-V3,Illumina,AGAGTTTGATYMTGGCTCAG,ATTACCGCGGCTGCTGG,Head,Cheek,NA,5,Healthy,NA,Yes,3.8,3049.58,705.39,0,0,0,0,0,KK09
L01,NA,NA,EXP-17-AH2892,L01,SKN-CLN-2629,TTAcneMicrobiome,NA,No,NA,29_12_2016,China,Shanghai,9,22,Male,Chinese,KR164_cleanser_with_TT_+_Cetaphil_moisturizer,NA,cleanser+moisturizer,2,Post treatment week 4,16S,BufferScrub,V1-V3,Illumina,AGAGTTTGATYMTGGCTCAG,ATTACCGCGGCTGCTGG,Head,Cheek,NA,5,Acne,NA,Yes,3.7,192888.43,3027.89,0,0,1,0,1,L01
L02,NA,NA,EXP-17-AH2892,L02,SKN-CLN-2629,TTAcneMicrobiome,NA,No,NA,05_01_2017,China,Shanghai,9,22,Male,Chinese,Cetaphil_cleanser_+_Cetaphil_moisturizer,NA,cleanser+moisturizer,3,Regression week 1,16S,BufferScrub,V1-V3,Illumina,AGAGTTTGATYMTGGCTCAG,ATTACCGCGGCTGCTGG,Head,Cheek,NA,5,Acne,NA,Yes,3.8,63060.11,3596.82,0,0,0,0,0,L02
L03,NA,NA,EXP-17-AH2892,L03,SKN-CLN-2629,TTAcneMicrobiome,NA,No,NA,29_11_2016,China,Shanghai,9,22,Male,Chinese,Cetaphil_cleanser_+_Cetaphil_moisturizer,NA,cleanser+moisturizer,1,Baseline,16S,BufferScrub,V1-V3,Illumina,AGAGTTTGATYMTGGCTCAG,ATTACCGCGGCTGCTGG,Head,Cheek,NA,5,Acne,NA,Yes,4,214948.69,4213.86,0,0,2,0,2,L03
L04,NA,NA,EXP-17-AH2892,L04,SKN-CLN-2629,TTAcneMicrobiome,NA,No,NA,28_12_2016,China,Shanghai,228,30,Male,Chinese,Cetaphil_cleanser_+_Cetaphil_moisturizer,NA,cleanser+moisturizer,2,Post treatment week 4,16S,BufferScrub,V1-V3,Illumina,AGAGTTTGATYMTGGCTCAG,ATTACCGCGGCTGCTGG,Head,Forehead,NA,5,Healthy,NA,Yes,3.5,6074.91,13367.76,0,0,0,0,0,L04
L05,NA,NA,EXP-17-AH2892,L05,SKN-CLN-2629,TTAcneMicrobiome,NA,No,NA,30_11_2016,China,Shanghai,228,30,Male,Chinese,Cetaphil_cleanser_+_Cetaphil_moisturizer,NA,cleanser+moisturizer,1,Baseline,16S,BufferScrub,V1-V3,Illumina,AGAGTTTGATYMTGGCTCAG,ATTACCGCGGCTGCTGG,Head,Forehead,NA,5,Healthy,NA,Yes,3.6,12372.63,45741.81,0,0,0,0,0,L05
L06,NA,NA,EXP-17-AH2892,L06,SKN-CLN-2629,TTAcneMicrobiome,NA,No,NA,04_01_2017,China,Shanghai,228,30,Male,Chinese,Cetaphil_cleanser_+_Cetaphil_moisturizer,NA,cleanser+moisturizer,3,Regression week 1,16S,BufferScrub,V1-V3,Illumina,AGAGTTTGATYMTGGCTCAG,ATTACCGCGGCTGCTGG,Head,Forehead,NA,5,Healthy,NA,Yes,3.8,20262.54,14187.96,0,0,0,0,0,L06
L07,NA,NA,EXP-17-AH2892,L07,SKN-CLN-2629,TTAcneMicrobiome,NA,No,NA,04_01_2017,China,Shanghai,228,30,Male,Chinese,Cetaphil_cleanser_+_Cetaphil_moisturizer,NA,cleanser+moisturizer,3,Regression week 1,16S,BufferScrub,V1-V3,Illumina,AGAGTTTGATYMTGGCTCAG,ATTACCGCGGCTGCTGG,Head,Cheek,NA,5,Healthy,NA,Yes,3.7,62227.22,22967.18,0,0,0,0,0,L07
L08,NA,NA,EXP-17-AH2892,L08,SKN-CLN-2629,TTAcneMicrobiome,NA,No,NA,30_11_2016,China,Shanghai,228,30,Male,Chinese,Cetaphil_cleanser_+_Cetaphil_moisturizer,NA,cleanser+moisturizer,1,Baseline,16S,BufferScrub,V1-V3,Illumina,AGAGTTTGATYMTGGCTCAG,ATTACCGCGGCTGCTGG,Head,Cheek,NA,5,Healthy,NA,Yes,3.6,72719.93,74570.32,0,0,0,0,0,L08
L09,NA,NA,EXP-17-AH2892,L09,SKN-CLN-2629,TTAcneMicrobiome,NA,No,NA,28_12_2016,China,Shanghai,228,30,Male,Chinese,Cetaphil_cleanser_+_Cetaphil_moisturizer,NA,cleanser+moisturizer,2,Post treatment week 4,16S,BufferScrub,V1-V3,Illumina,AGAGTTTGATYMTGGCTCAG,ATTACCGCGGCTGCTGG,Head,Cheek,NA,5,Healthy,NA,Yes,3.8,7587.45,8280.33,0,0,0,0,0,L09
LL01,NA,NA,EXP-17-AH2892,LL01,SKN-CLN-2629,TTAcneMicrobiome,NA,No,NA,29_12_2016,China,Shanghai,21,26,Female,Chinese,KR164_cleanser_with_TT_+_Cetaphil_moisturizer,NA,cleanser+moisturizer,2,Post treatment week 4,16S,BufferScrub,V1-V3,Illumina,AGAGTTTGATYMTGGCTCAG,ATTACCGCGGCTGCTGG,Head,Forehead,NA,5,Acne,NA,Yes,3.8,8043.78,330.92,0,1,0,0,1,LL01
LL02,NA,NA,EXP-17-AH2892,LL02,SKN-CLN-2629,TTAcneMicrobiome,NA,No,NA,29_12_2016,China,Shanghai,21,26,Female,Chinese,KR164_cleanser_with_TT_+_Cetaphil_moisturizer,NA,cleanser+moisturizer,2,Post treatment week 4,16S,BufferScrub,V1-V3,Illumina,AGAGTTTGATYMTGGCTCAG,ATTACCGCGGCTGCTGG,Head,Cheek,NA,5,Acne,NA,Yes,3.8,16608.29,995.57,0,0,0,0,0,LL02
LL03,NA,NA,EXP-17-AH2892,LL03,SKN-CLN-2629,TTAcneMicrobiome,NA,No,NA,29_11_2016,China,Shanghai,21,26,Female,Chinese,Cetaphil_cleanser_+_Cetaphil_moisturizer,NA,cleanser+moisturizer,1,Baseline,16S,BufferScrub,V1-V3,Illumina,AGAGTTTGATYMTGGCTCAG,ATTACCGCGGCTGCTGG,Head,Cheek,NA,5,Acne,NA,Yes,3.5,39525.09,7579.56,0,0,1,0,1,LL03
LL04,NA,NA,EXP-17-AH2892,LL04,SKN-CLN-2629,TTAcneMicrobiome,NA,No,NA,29_11_2016,China,Shanghai,21,26,Female,Chinese,Cetaphil_cleanser_+_Cetaphil_moisturizer,NA,cleanser+moisturizer,1,Baseline,16S,BufferScrub,V1-V3,Illumina,AGAGTTTGATYMTGGCTCAG,ATTACCGCGGCTGCTGG,Head,Forehead,NA,5,Acne,NA,Yes,3.5,47057.2,9619.9,0,1,1,0,2,LL04
LL05,NA,NA,EXP-17-AH2892,LL05,SKN-CLN-2629,TTAcneMicrobiome,NA,No,NA,05_01_2017,China,Shanghai,21,26,Female,Chinese,Cetaphil_cleanser_+_Cetaphil_moisturizer,NA,cleanser+moisturizer,3,Regression week 1,16S,BufferScrub,V1-V3,Illumina,AGAGTTTGATYMTGGCTCAG,ATTACCGCGGCTGCTGG,Head,Forehead,NA,5,Acne,NA,Yes,3.6,6150.04,3321.88,0,1,0,0,1,LL05
LL06,NA,NA,EXP-17-AH2892,LL06,SKN-CLN-2629,TTAcneMicrobiome,NA,No,NA,30_11_2016,China,Shanghai,258,19,Male,Chinese,Cetaphil_cleanser_+_Cetaphil_moisturizer,NA,cleanser+moisturizer,1,Baseline,16S,BufferScrub,V1-V3,Illumina,AGAGTTTGATYMTGGCTCAG,ATTACCGCGGCTGCTGG,Head,Cheek,NA,5,Healthy,NA,Yes,3.5,38472.03,3470.84,0,0,0,0,0,LL06
LL07,NA,NA,EXP-17-AH2892,LL07,SKN-CLN-2629,TTAcneMicrobiome,NA,No,NA,28_12_2016,China,Shanghai,258,19,Male,Chinese,Cetaphil_cleanser_+_Cetaphil_moisturizer,NA,cleanser+moisturizer,2,Post treatment week 4,16S,BufferScrub,V1-V3,Illumina,AGAGTTTGATYMTGGCTCAG,ATTACCGCGGCTGCTGG,Head,Cheek,NA,5,Healthy,NA,Yes,3.8,94077.07,18717.72,0,0,0,0,0,LL07
LL08,NA,NA,EXP-17-AH2892,LL08,SKN-CLN-2629,TTAcneMicrobiome,NA,No,NA,28_12_2016,China,Shanghai,258,19,Male,Chinese,Cetaphil_cleanser_+_Cetaphil_moisturizer,NA,cleanser+moisturizer,2,Post treatment week 4,16S,BufferScrub,V1-V3,Illumina,AGAGTTTGATYMTGGCTCAG,ATTACCGCGGCTGCTGG,Head,Forehead,NA,5,Healthy,NA,Yes,3.6,39794.82,3284.81,0,0,0,0,0,LL08
LL09,NA,NA,EXP-17-AH2892,LL09,SKN-CLN-2629,TTAcneMicrobiome,NA,No,NA,04_01_2017,China,Shanghai,258,19,Male,Chinese,Cetaphil_cleanser_+_Cetaphil_moisturizer,NA,cleanser+moisturizer,3,Regression week 1,16S,BufferScrub,V1-V3,Illumina,AGAGTTTGATYMTGGCTCAG,ATTACCGCGGCTGCTGG,Head,Cheek,NA,5,Healthy,NA,Yes,3.8,35143.71,13361.14,0,0,0,0,0,LL09
LL10,NA,NA,EXP-17-AH2892,LL10,SKN-CLN-2629,TTAcneMicrobiome,NA,No,NA,04_01_2017,China,Shanghai,258,19,Male,Chinese,Cetaphil_cleanser_+_Cetaphil_moisturizer,NA,cleanser+moisturizer,3,Regression week 1,16S,BufferScrub,V1-V3,Illumina,AGAGTTTGATYMTGGCTCAG,ATTACCGCGGCTGCTGG,Head,Forehead,NA,5,Healthy,NA,Yes,3.8,93099.68,50727.37,0,0,0,0,0,LL10
LL11,NA,NA,EXP-17-AH2892,LL11,SKN-CLN-2629,TTAcneMicrobiome,NA,No,NA,30_11_2016,China,Shanghai,258,19,Male,Chinese,Cetaphil_cleanser_+_Cetaphil_moisturizer,NA,cleanser+moisturizer,1,Baseline,16S,BufferScrub,V1-V3,Illumina,AGAGTTTGATYMTGGCTCAG,ATTACCGCGGCTGCTGG,Head,Forehead,NA,5,Healthy,NA,Yes,3.4,31175.18,1289.44,0,0,0,0,0,LL11
M01,NA,NA,EXP-17-AH2892,M01,SKN-CLN-2629,TTAcneMicrobiome,NA,No,NA,30_11_2016,China,Shanghai,249,19,Male,Chinese,Cetaphil_cleanser_+_Cetaphil_moisturizer,NA,cleanser+moisturizer,1,Baseline,16S,BufferScrub,V1-V3,Illumina,AGAGTTTGATYMTGGCTCAG,ATTACCGCGGCTGCTGG,Head,Forehead,NA,5,Healthy,NA,Yes,3.7,5463.81,2463.8,0,0,0,0,0,M01
M02,NA,NA,EXP-17-AH2892,M02,SKN-CLN-2629,TTAcneMicrobiome,NA,No,NA,28_12_2016,China,Shanghai,249,19,Male,Chinese,Cetaphil_cleanser_+_Cetaphil_moisturizer,NA,cleanser+moisturizer,2,Post treatment week 4,16S,BufferScrub,V1-V3,Illumina,AGAGTTTGATYMTGGCTCAG,ATTACCGCGGCTGCTGG,Head,Cheek,NA,5,Healthy,NA,Yes,3.8,1120.18,190.39,0,0,0,0,0,M02
M03,NA,NA,EXP-17-AH2892,M03,SKN-CLN-2629,TTAcneMicrobiome,NA,No,NA,28_12_2016,China,Shanghai,249,19,Male,Chinese,Cetaphil_cleanser_+_Cetaphil_moisturizer,NA,cleanser+moisturizer,2,Post treatment week 4,16S,BufferScrub,V1-V3,Illumina,AGAGTTTGATYMTGGCTCAG,ATTACCGCGGCTGCTGG,Head,Forehead,NA,5,Healthy,NA,Yes,3.9,1515.14,110.09,0,0,0,0,0,M03
M04,NA,NA,EXP-17-AH2892,M04,SKN-CLN-2629,TTAcneMicrobiome,NA,No,NA,04_01_2017,China,Shanghai,249,19,Male,Chinese,Cetaphil_cleanser_+_Cetaphil_moisturizer,NA,cleanser+moisturizer,3,Regression week 1,16S,BufferScrub,V1-V3,Illumina,AGAGTTTGATYMTGGCTCAG,ATTACCGCGGCTGCTGG,Head,Cheek,NA,5,Healthy,NA,Yes,3.6,1777.11,1272.97,0,0,0,0,0,M04
M05,NA,NA,EXP-17-AH2892,M05,SKN-CLN-2629,TTAcneMicrobiome,NA,No,NA,30_11_2016,China,Shanghai,249,19,Male,Chinese,Cetaphil_cleanser_+_Cetaphil_moisturizer,NA,cleanser+moisturizer,1,Baseline,16S,BufferScrub,V1-V3,Illumina,AGAGTTTGATYMTGGCTCAG,ATTACCGCGGCTGCTGG,Head,Cheek,NA,5,Healthy,NA,Yes,3.5,4786.16,1067.93,0,0,0,0,0,M05
M06,NA,NA,EXP-17-AH2892,M06,SKN-CLN-2629,TTAcneMicrobiome,NA,No,NA,04_01_2017,China,Shanghai,249,19,Male,Chinese,Cetaphil_cleanser_+_Cetaphil_moisturizer,NA,cleanser+moisturizer,3,Regression week 1,16S,BufferScrub,V1-V3,Illumina,AGAGTTTGATYMTGGCTCAG,ATTACCGCGGCTGCTGG,Head,Forehead,NA,5,Healthy,NA,Yes,3.8,5812.66,603.32,0,0,0,0,0,M06
M07,NA,NA,EXP-17-AH2892,M07,SKN-CLN-2629,TTAcneMicrobiome,NA,No,NA,29_11_2016,China,Shanghai,77,28,Female,Chinese,Cetaphil_cleanser_+_Cetaphil_moisturizer,NA,cleanser+moisturizer,1,Baseline,16S,BufferScrub,V1-V3,Illumina,AGAGTTTGATYMTGGCTCAG,ATTACCGCGGCTGCTGG,Head,Cheek,NA,5,Acne,NA,Yes,3.5,1200.6,36539.86,0,0,1,0,1,M07
M08,NA,NA,EXP-17-AH2892,M08,SKN-CLN-2629,TTAcneMicrobiome,NA,No,NA,29_12_2016,China,Shanghai,77,28,Female,Chinese,KR164_cleanser_with_TT_+_Cetaphil_moisturizer,NA,cleanser+moisturizer,2,Post treatment week 4,16S,BufferScrub,V1-V3,Illumina,AGAGTTTGATYMTGGCTCAG,ATTACCGCGGCTGCTGG,Head,Cheek,NA,5,Acne,NA,Yes,3.8,4312.91,3911.3,1,0,0,0,1,M08
M09,NA,NA,EXP-17-AH2892,M09,SKN-CLN-2629,TTAcneMicrobiome,NA,No,NA,05_01_2017,China,Shanghai,77,28,Female,Chinese,Cetaphil_cleanser_+_Cetaphil_moisturizer,NA,cleanser+moisturizer,3,Regression week 1,16S,BufferScrub,V1-V3,Illumina,AGAGTTTGATYMTGGCTCAG,ATTACCGCGGCTGCTGG,Head,Cheek,NA,5,Acne,NA,Yes,3.6,2050.99,900.79,1,0,0,0,1,M09
N01,NA,NA,EXP-17-AH2892,N01,SKN-CLN-2629,TTAcneMicrobiome,NA,No,NA,30_11_2016,China,Shanghai,244,23,Male,Chinese,Cetaphil_cleanser_+_Cetaphil_moisturizer,NA,cleanser+moisturizer,1,Baseline,16S,BufferScrub,V1-V3,Illumina,AGAGTTTGATYMTGGCTCAG,ATTACCGCGGCTGCTGG,Head,Forehead,NA,5,Healthy,NA,Yes,3.5,917588.06,133282.74,0,0,0,0,0,N01
N02,NA,NA,EXP-17-AH2892,N02,SKN-CLN-2629,TTAcneMicrobiome,NA,No,NA,30_11_2016,China,Shanghai,244,23,Male,Chinese,Cetaphil_cleanser_+_Cetaphil_moisturizer,NA,cleanser+moisturizer,1,Baseline,16S,BufferScrub,V1-V3,Illumina,AGAGTTTGATYMTGGCTCAG,ATTACCGCGGCTGCTGG,Head,Cheek,NA,5,Healthy,NA,Yes,3.5,36935.84,12424.24,0,0,0,0,0,N02
N03,NA,NA,EXP-17-AH2892,N03,SKN-CLN-2629,TTAcneMicrobiome,NA,No,NA,04_01_2017,China,Shanghai,244,23,Male,Chinese,Cetaphil_cleanser_+_Cetaphil_moisturizer,NA,cleanser+moisturizer,3,Regression week 1,16S,BufferScrub,V1-V3,Illumina,AGAGTTTGATYMTGGCTCAG,ATTACCGCGGCTGCTGG,Head,Forehead,NA,5,Healthy,NA,Yes,3.7,44559.91,20817.91,0,0,0,0,0,N03
N04,NA,NA,EXP-17-AH2892,N04,SKN-CLN-2629,TTAcneMicrobiome,NA,No,NA,04_01_2017,China,Shanghai,244,23,Male,Chinese,Cetaphil_cleanser_+_Cetaphil_moisturizer,NA,cleanser+moisturizer,3,Regression week 1,16S,BufferScrub,V1-V3,Illumina,AGAGTTTGATYMTGGCTCAG,ATTACCGCGGCTGCTGG,Head,Cheek,NA,5,Healthy,NA,Yes,3.8,44358.47,3880.93,0,0,0,0,0,N04
N05,NA,NA,EXP-17-AH2892,N05,SKN-CLN-2629,TTAcneMicrobiome,NA,No,NA,28_12_2016,China,Shanghai,244,23,Male,Chinese,Cetaphil_cleanser_+_Cetaphil_moisturizer,NA,cleanser+moisturizer,2,Post treatment week 4,16S,BufferScrub,V1-V3,Illumina,AGAGTTTGATYMTGGCTCAG,ATTACCGCGGCTGCTGG,Head,Forehead,NA,5,Healthy,NA,Yes,3.6,46758.85,57974.61,0,0,0,0,0,N05
N06,NA,NA,EXP-17-AH2892,N06,SKN-CLN-2629,TTAcneMicrobiome,NA,No,NA,28_12_2016,China,Shanghai,244,23,Male,Chinese,Cetaphil_cleanser_+_Cetaphil_moisturizer,NA,cleanser+moisturizer,2,Post treatment week 4,16S,BufferScrub,V1-V3,Illumina,AGAGTTTGATYMTGGCTCAG,ATTACCGCGGCTGCTGG,Head,Cheek,NA,5,Healthy,NA,Yes,3.5,12504.91,3057.59,0,0,0,0,0,N06
N07,NA,NA,EXP-17-AH2892,N07,SKN-CLN-2629,TTAcneMicrobiome,NA,No,NA,29_11_2016,China,Shanghai,53,24,Female,Chinese,Cetaphil_cleanser_+_Cetaphil_moisturizer,NA,cleanser+moisturizer,1,Baseline,16S,BufferScrub,V1-V3,Illumina,AGAGTTTGATYMTGGCTCAG,ATTACCGCGGCTGCTGG,Head,Cheek,NA,5,Acne,NA,Yes,3.8,37784.38,253.43,0,0,1,0,1,N07
N08,NA,NA,EXP-17-AH2892,N08,SKN-CLN-2629,TTAcneMicrobiome,NA,No,NA,05_01_2017,China,Shanghai,53,24,Female,Chinese,Cetaphil_cleanser_+_Cetaphil_moisturizer,NA,cleanser+moisturizer,3,Regression week 1,16S,BufferScrub,V1-V3,Illumina,AGAGTTTGATYMTGGCTCAG,ATTACCGCGGCTGCTGG,Head,Cheek,NA,5,Acne,NA,Yes,3.6,14003.07,280.83,0,0,0,0,0,N08
N09,NA,NA,EXP-17-AH2892,N09,SKN-CLN-2629,TTAcneMicrobiome,NA,No,NA,29_12_2016,China,Shanghai,53,24,Female,Chinese,KR164_cleanser_with_TT_+_Cetaphil_moisturizer,NA,cleanser+moisturizer,2,Post treatment week 4,16S,BufferScrub,V1-V3,Illumina,AGAGTTTGATYMTGGCTCAG,ATTACCGCGGCTGCTGG,Head,Cheek,NA,5,Acne,NA,Yes,3.8,11265.8,33.09,0,1,0,0,1,N09
P01,NA,NA,EXP-17-AH2892,P01,SKN-CLN-2629,TTAcneMicrobiome,NA,No,NA,29_12_2016,China,Shanghai,195,23,Male,Chinese,KR164_cleanser_with_TT_+_Cetaphil_moisturizer,NA,cleanser+moisturizer,2,Post treatment week 4,16S,BufferScrub,V1-V3,Illumina,AGAGTTTGATYMTGGCTCAG,ATTACCGCGGCTGCTGG,Head,Cheek,NA,5,Acne,NA,Yes,3.8,21233.95,5682.45,1,0,1,0,2,P01
P02,NA,NA,EXP-17-AH2892,P02,SKN-CLN-2629,TTAcneMicrobiome,NA,No,NA,29_11_2016,China,Shanghai,195,23,Male,Chinese,Cetaphil_cleanser_+_Cetaphil_moisturizer,NA,cleanser+moisturizer,1,Baseline,16S,BufferScrub,V1-V3,Illumina,AGAGTTTGATYMTGGCTCAG,ATTACCGCGGCTGCTGG,Head,Cheek,NA,5,Acne,NA,Yes,3.9,270273.06,26185.08,2,1,1,0,4,P02
P03,NA,NA,EXP-17-AH2892,P03,SKN-CLN-2629,TTAcneMicrobiome,NA,No,NA,05_01_2017,China,Shanghai,195,23,Male,Chinese,Cetaphil_cleanser_+_Cetaphil_moisturizer,NA,cleanser+moisturizer,3,Regression week 1,16S,BufferScrub,V1-V3,Illumina,AGAGTTTGATYMTGGCTCAG,ATTACCGCGGCTGCTGG,Head,Cheek,NA,5,Acne,NA,Yes,3.8,22090.11,11981,1,0,1,0,2,P03
P04,NA,NA,EXP-17-AH2892,P04,SKN-CLN-2629,TTAcneMicrobiome,NA,No,NA,29_12_2016,China,Shanghai,15,21,Male,Chinese,KR164_cleanser_with_TT_+_Cetaphil_moisturizer,NA,cleanser+moisturizer,2,Post treatment week 4,16S,BufferScrub,V1-V3,Illumina,AGAGTTTGATYMTGGCTCAG,ATTACCGCGGCTGCTGG,Head,Cheek,NA,5,Acne,NA,Yes,3.8,28618.79,4812.46,0,0,2,0,2,P04
P05,NA,NA,EXP-17-AH2892,P05,SKN-CLN-2629,TTAcneMicrobiome,NA,No,NA,29_11_2016,China,Shanghai,15,21,Male,Chinese,Cetaphil_cleanser_+_Cetaphil_moisturizer,NA,cleanser+moisturizer,1,Baseline,16S,BufferScrub,V1-V3,Illumina,AGAGTTTGATYMTGGCTCAG,ATTACCGCGGCTGCTGG,Head,Cheek,NA,5,Acne,NA,Yes,3.7,107619,35082.53,0,1,1,0,2,P05
P06,NA,NA,EXP-17-AH2892,P06,SKN-CLN-2629,TTAcneMicrobiome,NA,No,NA,05_01_2017,China,Shanghai,15,21,Male,Chinese,Cetaphil_cleanser_+_Cetaphil_moisturizer,NA,cleanser+moisturizer,3,Regression week 1,16S,BufferScrub,V1-V3,Illumina,AGAGTTTGATYMTGGCTCAG,ATTACCGCGGCTGCTGG,Head,Cheek,NA,5,Acne,NA,Yes,3.7,34535.49,36788.01,0,1,0,0,1,P06
P07,NA,NA,EXP-17-AH2892,P07,SKN-CLN-2629,TTAcneMicrobiome,NA,No,NA,04_01_2017,China,Shanghai,216,30,Female,Chinese,Cetaphil_cleanser_+_Cetaphil_moisturizer,NA,cleanser+moisturizer,3,Regression week 1,16S,BufferScrub,V1-V3,Illumina,AGAGTTTGATYMTGGCTCAG,ATTACCGCGGCTGCTGG,Head,Forehead,NA,5,Healthy,NA,Yes,3.9,3939.35,10344.15,0,0,0,0,0,P07
P08,NA,NA,EXP-17-AH2892,P08,SKN-CLN-2629,TTAcneMicrobiome,NA,No,NA,04_01_2017,China,Shanghai,216,30,Female,Chinese,Cetaphil_cleanser_+_Cetaphil_moisturizer,NA,cleanser+moisturizer,3,Regression week 1,16S,BufferScrub,V1-V3,Illumina,AGAGTTTGATYMTGGCTCAG,ATTACCGCGGCTGCTGG,Head,Cheek,NA,5,Healthy,NA,Yes,3.8,1642.34,65.21,0,0,0,0,0,P08
P09,NA,NA,EXP-17-AH2892,P09,SKN-CLN-2629,TTAcneMicrobiome,NA,No,NA,28_12_2016,China,Shanghai,216,30,Female,Chinese,Cetaphil_cleanser_+_Cetaphil_moisturizer,NA,cleanser+moisturizer,2,Post treatment week 4,16S,BufferScrub,V1-V3,Illumina,AGAGTTTGATYMTGGCTCAG,ATTACCGCGGCTGCTGG,Head,Cheek,NA,5,Healthy,NA,Yes,3.8,5966.5,798.32,0,0,0,0,0,P09
P10,NA,NA,EXP-17-AH2892,P10,SKN-CLN-2629,TTAcneMicrobiome,NA,No,NA,30_11_2016,China,Shanghai,216,30,Female,Chinese,Cetaphil_cleanser_+_Cetaphil_moisturizer,NA,cleanser+moisturizer,1,Baseline,16S,BufferScrub,V1-V3,Illumina,AGAGTTTGATYMTGGCTCAG,ATTACCGCGGCTGCTGG,Head,Forehead,NA,5,Healthy,NA,Yes,3.6,7164.6,3810,0,0,0,0,0,P10
P11,NA,NA,EXP-17-AH2892,P11,SKN-CLN-2629,TTAcneMicrobiome,NA,No,NA,30_11_2016,China,Shanghai,216,30,Female,Chinese,Cetaphil_cleanser_+_Cetaphil_moisturizer,NA,cleanser+moisturizer,1,Baseline,16S,BufferScrub,V1-V3,Illumina,AGAGTTTGATYMTGGCTCAG,ATTACCGCGGCTGCTGG,Head,Cheek,NA,5,Healthy,NA,Yes,3.5,2076.47,218.59,0,0,0,0,0,P11
P12,NA,NA,EXP-17-AH2892,P12,SKN-CLN-2629,TTAcneMicrobiome,NA,No,NA,28_12_2016,China,Shanghai,216,30,Female,Chinese,Cetaphil_cleanser_+_Cetaphil_moisturizer,NA,cleanser+moisturizer,2,Post treatment week 4,16S,BufferScrub,V1-V3,Illumina,AGAGTTTGATYMTGGCTCAG,ATTACCGCGGCTGCTGG,Head,Forehead,NA,5,Healthy,NA,Yes,2,2849,2842.48,0,0,0,0,0,P12
Q01,NA,NA,EXP-17-AH2892,Q01,SKN-CLN-2629,TTAcneMicrobiome,NA,No,NA,28_12_2016,China,Shanghai,246,23,Female,Chinese,Cetaphil_cleanser_+_Cetaphil_moisturizer,NA,cleanser+moisturizer,2,Post treatment week 4,16S,BufferScrub,V1-V3,Illumina,AGAGTTTGATYMTGGCTCAG,ATTACCGCGGCTGCTGG,Head,Forehead,NA,5,Healthy,NA,Yes,3.6,1780.46,136.86,0,0,0,0,0,Q01
Q02,NA,NA,EXP-17-AH2892,Q02,SKN-CLN-2629,TTAcneMicrobiome,NA,No,NA,30_11_2016,China,Shanghai,246,23,Female,Chinese,Cetaphil_cleanser_+_Cetaphil_moisturizer,NA,cleanser+moisturizer,1,Baseline,16S,BufferScrub,V1-V3,Illumina,AGAGTTTGATYMTGGCTCAG,ATTACCGCGGCTGCTGG,Head,Cheek,NA,5,Healthy,NA,Yes,3.9,4152.64,76.01,0,0,0,0,0,Q02
Q03,NA,NA,EXP-17-AH2892,Q03,SKN-CLN-2629,TTAcneMicrobiome,NA,No,NA,28_12_2016,China,Shanghai,246,23,Female,Chinese,Cetaphil_cleanser_+_Cetaphil_moisturizer,NA,cleanser+moisturizer,2,Post treatment week 4,16S,BufferScrub,V1-V3,Illumina,AGAGTTTGATYMTGGCTCAG,ATTACCGCGGCTGCTGG,Head,Cheek,NA,5,Healthy,NA,Yes,3.8,3485.76,156.05,0,0,0,0,0,Q03
Q04,NA,NA,EXP-17-AH2892,Q04,SKN-CLN-2629,TTAcneMicrobiome,NA,No,NA,04_01_2017,China,Shanghai,246,23,Female,Chinese,Cetaphil_cleanser_+_Cetaphil_moisturizer,NA,cleanser+moisturizer,3,Regression week 1,16S,BufferScrub,V1-V3,Illumina,AGAGTTTGATYMTGGCTCAG,ATTACCGCGGCTGCTGG,Head,Cheek,NA,5,Healthy,NA,Yes,3.6,9814.58,376.25,0,0,0,0,0,Q04
Q05,NA,NA,EXP-17-AH2892,Q05,SKN-CLN-2629,TTAcneMicrobiome,NA,No,NA,30_11_2016,China,Shanghai,246,23,Female,Chinese,Cetaphil_cleanser_+_Cetaphil_moisturizer,NA,cleanser+moisturizer,1,Baseline,16S,BufferScrub,V1-V3,Illumina,AGAGTTTGATYMTGGCTCAG,ATTACCGCGGCTGCTGG,Head,Forehead,NA,5,Healthy,NA,Yes,3.6,2712.31,34.93,0,0,0,0,0,Q05
Q06,NA,NA,EXP-17-AH2892,Q06,SKN-CLN-2629,TTAcneMicrobiome,NA,No,NA,04_01_2017,China,Shanghai,246,23,Female,Chinese,Cetaphil_cleanser_+_Cetaphil_moisturizer,NA,cleanser+moisturizer,3,Regression week 1,16S,BufferScrub,V1-V3,Illumina,AGAGTTTGATYMTGGCTCAG,ATTACCGCGGCTGCTGG,Head,Forehead,NA,5,Healthy,NA,Yes,3.8,4811.18,33.09,0,0,0,0,0,Q06
Q07,NA,NA,EXP-17-AH2892,Q07,SKN-CLN-2629,TTAcneMicrobiome,NA,No,NA,29_11_2016,China,Shanghai,133,29,Male,Chinese,Cetaphil_cleanser_+_Cetaphil_moisturizer,NA,cleanser+moisturizer,1,Baseline,16S,BufferScrub,V1-V3,Illumina,AGAGTTTGATYMTGGCTCAG,ATTACCGCGGCTGCTGG,Head,Forehead,NA,5,Acne,NA,Yes,3.5,174233.99,31635.29,0,0,1,0,1,Q07
Q08,NA,NA,EXP-17-AH2892,Q08,SKN-CLN-2629,TTAcneMicrobiome,NA,No,NA,05_01_2017,China,Shanghai,133,29,Male,Chinese,Cetaphil_cleanser_+_Cetaphil_moisturizer,NA,cleanser+moisturizer,3,Regression week 1,16S,BufferScrub,V1-V3,Illumina,AGAGTTTGATYMTGGCTCAG,ATTACCGCGGCTGCTGG,Head,Forehead,NA,5,Acne,NA,Yes,3.8,61185.67,7881.37,0,0,0,0,0,Q08
Q09,NA,NA,EXP-17-AH2892,Q09,SKN-CLN-2629,TTAcneMicrobiome,NA,No,NA,05_01_2017,China,Shanghai,133,29,Male,Chinese,Cetaphil_cleanser_+_Cetaphil_moisturizer,NA,cleanser+moisturizer,3,Regression week 1,16S,BufferScrub,V1-V3,Illumina,AGAGTTTGATYMTGGCTCAG,ATTACCGCGGCTGCTGG,Head,Cheek,NA,5,Acne,NA,Yes,3.6,14074.79,861.97,0,0,1,0,1,Q09
Q10,NA,NA,EXP-17-AH2892,Q10,SKN-CLN-2629,TTAcneMicrobiome,NA,No,NA,29_12_2016,China,Shanghai,133,29,Male,Chinese,KR164_cleanser_with_TT_+_Cetaphil_moisturizer,NA,cleanser+moisturizer,2,Post treatment week 4,16S,BufferScrub,V1-V3,Illumina,AGAGTTTGATYMTGGCTCAG,ATTACCGCGGCTGCTGG,Head,Cheek,NA,5,Acne,NA,Yes,3.5,43223.66,1254.96,0,0,1,0,1,Q10
Q11,NA,NA,EXP-17-AH2892,Q11,SKN-CLN-2629,TTAcneMicrobiome,NA,No,NA,29_11_2016,China,Shanghai,133,29,Male,Chinese,Cetaphil_cleanser_+_Cetaphil_moisturizer,NA,cleanser+moisturizer,1,Baseline,16S,BufferScrub,V1-V3,Illumina,AGAGTTTGATYMTGGCTCAG,ATTACCGCGGCTGCTGG,Head,Cheek,NA,5,Acne,NA,Yes,3.6,37243.82,2817.18,0,0,1,0,1,Q11
Q12,NA,NA,EXP-17-AH2892,Q12,SKN-CLN-2629,TTAcneMicrobiome,NA,No,NA,29_12_2016,China,Shanghai,133,29,Male,Chinese,KR164_cleanser_with_TT_+_Cetaphil_moisturizer,NA,cleanser+moisturizer,2,Post treatment week 4,16S,BufferScrub,V1-V3,Illumina,AGAGTTTGATYMTGGCTCAG,ATTACCGCGGCTGCTGG,Head,Forehead,NA,5,Acne,NA,Yes,3.9,23356.64,942.24,1,0,0,0,1,Q12
R01,NA,NA,EXP-17-AH2892,R01,SKN-CLN-2629,TTAcneMicrobiome,NA,No,NA,29_11_2016,China,Shanghai,137,19,Female,Chinese,Cetaphil_cleanser_+_Cetaphil_moisturizer,NA,cleanser+moisturizer,1,Baseline,16S,BufferScrub,V1-V3,Illumina,AGAGTTTGATYMTGGCTCAG,ATTACCGCGGCTGCTGG,Head,Cheek,NA,5,Acne,NA,Yes,3.7,27834.01,2547.34,0,0,1,0,1,R01
R02,NA,NA,EXP-17-AH2892,R02,SKN-CLN-2629,TTAcneMicrobiome,NA,No,NA,29_11_2016,China,Shanghai,137,19,Female,Chinese,Cetaphil_cleanser_+_Cetaphil_moisturizer,NA,cleanser+moisturizer,1,Baseline,16S,BufferScrub,V1-V3,Illumina,AGAGTTTGATYMTGGCTCAG,ATTACCGCGGCTGCTGG,Head,Forehead,NA,5,Acne,NA,Yes,3.8,127795.92,13067.51,0,0,1,0,1,R02
R03,NA,NA,EXP-17-AH2892,R03,SKN-CLN-2629,TTAcneMicrobiome,NA,No,NA,29_12_2016,China,Shanghai,137,19,Female,Chinese,KR164_cleanser_with_TT_+_Cetaphil_moisturizer,NA,cleanser+moisturizer,2,Post treatment week 4,16S,BufferScrub,V1-V3,Illumina,AGAGTTTGATYMTGGCTCAG,ATTACCGCGGCTGCTGG,Head,Forehead,NA,5,Acne,NA,Yes,3.8,295453.54,5239.63,0,0,0,0,0,R03
R04,NA,NA,EXP-17-AH2892,R04,SKN-CLN-2629,TTAcneMicrobiome,NA,No,NA,29_12_2016,China,Shanghai,137,19,Female,Chinese,KR164_cleanser_with_TT_+_Cetaphil_moisturizer,NA,cleanser+moisturizer,2,Post treatment week 4,16S,BufferScrub,V1-V3,Illumina,AGAGTTTGATYMTGGCTCAG,ATTACCGCGGCTGCTGG,Head,Cheek,NA,5,Acne,NA,Yes,3.8,28757.46,660.66,0,0,0,0,0,R04
R05,NA,NA,EXP-17-AH2892,R05,SKN-CLN-2629,TTAcneMicrobiome,NA,No,NA,05_01_2017,China,Shanghai,137,19,Female,Chinese,Cetaphil_cleanser_+_Cetaphil_moisturizer,NA,cleanser+moisturizer,3,Regression week 1,16S,BufferScrub,V1-V3,Illumina,AGAGTTTGATYMTGGCTCAG,ATTACCGCGGCTGCTGG,Head,Cheek,NA,5,Acne,NA,Yes,3.8,38396.59,1173.76,0,0,0,0,0,R05
R06,NA,NA,EXP-17-AH2892,R06,SKN-CLN-2629,TTAcneMicrobiome,NA,No,NA,05_01_2017,China,Shanghai,137,19,Female,Chinese,Cetaphil_cleanser_+_Cetaphil_moisturizer,NA,cleanser+moisturizer,3,Regression week 1,16S,BufferScrub,V1-V3,Illumina,AGAGTTTGATYMTGGCTCAG,ATTACCGCGGCTGCTGG,Head,Forehead,NA,5,Acne,NA,Yes,3.7,87335.18,2576.82,0,0,0,0,0,R06
R07,NA,NA,EXP-17-AH2892,R07,SKN-CLN-2629,TTAcneMicrobiome,NA,No,NA,04_01_2017,China,Shanghai,257,21,Male,Chinese,Cetaphil_cleanser_+_Cetaphil_moisturizer,NA,cleanser+moisturizer,3,Regression week 1,16S,BufferScrub,V1-V3,Illumina,AGAGTTTGATYMTGGCTCAG,ATTACCGCGGCTGCTGG,Head,Cheek,NA,5,Healthy,NA,Yes,3.8,19175.63,522.75,0,0,0,0,0,R07
R08,NA,NA,EXP-17-AH2892,R08,SKN-CLN-2629,TTAcneMicrobiome,NA,No,NA,04_01_2017,China,Shanghai,257,21,Male,Chinese,Cetaphil_cleanser_+_Cetaphil_moisturizer,NA,cleanser+moisturizer,3,Regression week 1,16S,BufferScrub,V1-V3,Illumina,AGAGTTTGATYMTGGCTCAG,ATTACCGCGGCTGCTGG,Head,Forehead,NA,5,Healthy,NA,Yes,2,44226.53,579.03,0,0,0,0,0,R08
R09,NA,NA,EXP-17-AH2892,R09,SKN-CLN-2629,TTAcneMicrobiome,NA,No,NA,28_12_2016,China,Shanghai,257,21,Male,Chinese,Cetaphil_cleanser_+_Cetaphil_moisturizer,NA,cleanser+moisturizer,2,Post treatment week 4,16S,BufferScrub,V1-V3,Illumina,AGAGTTTGATYMTGGCTCAG,ATTACCGCGGCTGCTGG,Head,Cheek,NA,5,Healthy,NA,Yes,3.7,37287.24,33.99,0,0,0,0,0,R09
R10,NA,NA,EXP-17-AH2892,R10,SKN-CLN-2629,TTAcneMicrobiome,NA,No,NA,30_11_2016,China,Shanghai,257,21,Male,Chinese,Cetaphil_cleanser_+_Cetaphil_moisturizer,NA,cleanser+moisturizer,1,Baseline,16S,BufferScrub,V1-V3,Illumina,AGAGTTTGATYMTGGCTCAG,ATTACCGCGGCTGCTGG,Head,Forehead,NA,5,Healthy,NA,Yes,3.5,151865.33,531.8,0,0,0,0,0,R10
R11,NA,NA,EXP-17-AH2892,R11,SKN-CLN-2629,TTAcneMicrobiome,NA,No,NA,28_12_2016,China,Shanghai,257,21,Male,Chinese,Cetaphil_cleanser_+_Cetaphil_moisturizer,NA,cleanser+moisturizer,2,Post treatment week 4,16S,BufferScrub,V1-V3,Illumina,AGAGTTTGATYMTGGCTCAG,ATTACCGCGGCTGCTGG,Head,Forehead,NA,5,Healthy,NA,Yes,3.6,36490.76,426.11,0,0,0,0,0,R11
R12,NA,NA,EXP-17-AH2892,R12,SKN-CLN-2629,TTAcneMicrobiome,NA,No,NA,30_11_2016,China,Shanghai,257,21,Male,Chinese,Cetaphil_cleanser_+_Cetaphil_moisturizer,NA,cleanser+moisturizer,1,Baseline,16S,BufferScrub,V1-V3,Illumina,AGAGTTTGATYMTGGCTCAG,ATTACCGCGGCTGCTGG,Head,Cheek,NA,5,Healthy,NA,Yes,3.5,73477.06,560.74,0,0,0,0,0,R12
S01,NA,NA,EXP-17-AH2892,S01,SKN-CLN-2629,TTAcneMicrobiome,NA,No,NA,30_11_2016,China,Shanghai,210,20,Male,Chinese,Cetaphil_cleanser_+_Cetaphil_moisturizer,NA,cleanser+moisturizer,1,Baseline,16S,BufferScrub,V1-V3,Illumina,AGAGTTTGATYMTGGCTCAG,ATTACCGCGGCTGCTGG,Head,Cheek,NA,5,Healthy,NA,Yes,3.6,23959.97,2937.32,0,0,0,0,0,S01
S02,NA,NA,EXP-17-AH2892,S02,SKN-CLN-2629,TTAcneMicrobiome,NA,No,NA,04_01_2017,China,Shanghai,210,20,Male,Chinese,Cetaphil_cleanser_+_Cetaphil_moisturizer,NA,cleanser+moisturizer,3,Regression week 1,16S,BufferScrub,V1-V3,Illumina,AGAGTTTGATYMTGGCTCAG,ATTACCGCGGCTGCTGG,Head,Cheek,NA,5,Healthy,NA,Yes,3.6,4742.74,2027.56,0,0,0,0,0,S02
S03,NA,NA,EXP-17-AH2892,S03,SKN-CLN-2629,TTAcneMicrobiome,NA,No,NA,28_12_2016,China,Shanghai,210,20,Male,Chinese,Cetaphil_cleanser_+_Cetaphil_moisturizer,NA,cleanser+moisturizer,2,Post treatment week 4,16S,BufferScrub,V1-V3,Illumina,AGAGTTTGATYMTGGCTCAG,ATTACCGCGGCTGCTGG,Head,Forehead,NA,5,Healthy,NA,Yes,3.9,15328.32,2357.97,0,0,0,0,0,S03
S04,NA,NA,EXP-17-AH2892,S04,SKN-CLN-2629,TTAcneMicrobiome,NA,No,NA,30_11_2016,China,Shanghai,210,20,Male,Chinese,Cetaphil_cleanser_+_Cetaphil_moisturizer,NA,cleanser+moisturizer,1,Baseline,16S,BufferScrub,V1-V3,Illumina,AGAGTTTGATYMTGGCTCAG,ATTACCGCGGCTGCTGG,Head,Forehead,NA,5,Healthy,NA,Yes,3.7,12972,2397.26,0,0,0,0,0,S04
S05,NA,NA,EXP-17-AH2892,S05,SKN-CLN-2629,TTAcneMicrobiome,NA,No,NA,04_01_2017,China,Shanghai,210,20,Male,Chinese,Cetaphil_cleanser_+_Cetaphil_moisturizer,NA,cleanser+moisturizer,3,Regression week 1,16S,BufferScrub,V1-V3,Illumina,AGAGTTTGATYMTGGCTCAG,ATTACCGCGGCTGCTGG,Head,Forehead,NA,5,Healthy,NA,Yes,3.7,9067.81,4235.64,0,0,0,0,0,S05
S06,NA,NA,EXP-17-AH2892,S06,SKN-CLN-2629,TTAcneMicrobiome,NA,No,NA,28_12_2016,China,Shanghai,210,20,Male,Chinese,Cetaphil_cleanser_+_Cetaphil_moisturizer,NA,cleanser+moisturizer,2,Post treatment week 4,16S,BufferScrub,V1-V3,Illumina,AGAGTTTGATYMTGGCTCAG,ATTACCGCGGCTGCTGG,Head,Cheek,NA,5,Healthy,NA,Yes,3.8,10794.3,2723.13,0,0,0,0,0,S06
S07,NA,NA,EXP-17-AH2892,S07,SKN-CLN-2629,TTAcneMicrobiome,NA,No,NA,29_12_2016,China,Shanghai,129,29,Female,Chinese,KR164_cleanser_with_TT_+_Cetaphil_moisturizer,NA,cleanser+moisturizer,2,Post treatment week 4,16S,BufferScrub,V1-V3,Illumina,AGAGTTTGATYMTGGCTCAG,ATTACCGCGGCTGCTGG,Head,Forehead,NA,5,Acne,NA,Yes,3.8,11775.68,2448.45,0,0,0,0,0,S07
S08,NA,NA,EXP-17-AH2892,S08,SKN-CLN-2629,TTAcneMicrobiome,NA,No,NA,05_01_2017,China,Shanghai,129,29,Female,Chinese,Cetaphil_cleanser_+_Cetaphil_moisturizer,NA,cleanser+moisturizer,3,Regression week 1,16S,BufferScrub,V1-V3,Illumina,AGAGTTTGATYMTGGCTCAG,ATTACCGCGGCTGCTGG,Head,Forehead,NA,5,Acne,NA,Yes,3.5,6046.53,3935.39,0,0,0,0,0,S08
S09,NA,NA,EXP-17-AH2892,S09,SKN-CLN-2629,TTAcneMicrobiome,NA,No,NA,29_12_2016,China,Shanghai,129,29,Female,Chinese,KR164_cleanser_with_TT_+_Cetaphil_moisturizer,NA,cleanser+moisturizer,2,Post treatment week 4,16S,BufferScrub,V1-V3,Illumina,AGAGTTTGATYMTGGCTCAG,ATTACCGCGGCTGCTGG,Head,Cheek,NA,5,Acne,NA,Yes,3,5167.42,1558.53,0,0,0,0,0,S09
S10,NA,NA,EXP-17-AH2892,S10,SKN-CLN-2629,TTAcneMicrobiome,NA,No,NA,05_01_2017,China,Shanghai,129,29,Female,Chinese,Cetaphil_cleanser_+_Cetaphil_moisturizer,NA,cleanser+moisturizer,3,Regression week 1,16S,BufferScrub,V1-V3,Illumina,AGAGTTTGATYMTGGCTCAG,ATTACCGCGGCTGCTGG,Head,Cheek,NA,5,Acne,NA,Yes,3.6,8868.72,4069.44,0,0,0,0,0,S10
S11,NA,NA,EXP-17-AH2892,S11,SKN-CLN-2629,TTAcneMicrobiome,NA,No,NA,29_11_2016,China,Shanghai,129,29,Female,Chinese,Cetaphil_cleanser_+_Cetaphil_moisturizer,NA,cleanser+moisturizer,1,Baseline,16S,BufferScrub,V1-V3,Illumina,AGAGTTTGATYMTGGCTCAG,ATTACCGCGGCTGCTGG,Head,Cheek,NA,5,Acne,NA,Yes,3.8,12106.89,90053.04,0,0,2,0,2,S11
S12,NA,NA,EXP-17-AH2892,S12,SKN-CLN-2629,TTAcneMicrobiome,NA,No,NA,29_11_2016,China,Shanghai,129,29,Female,Chinese,Cetaphil_cleanser_+_Cetaphil_moisturizer,NA,cleanser+moisturizer,1,Baseline,16S,BufferScrub,V1-V3,Illumina,AGAGTTTGATYMTGGCTCAG,ATTACCGCGGCTGCTGG,Head,Forehead,NA,5,Acne,NA,Yes,3.7,15987.24,30168.7,0,0,1,0,1,S12
T01,NA,NA,EXP-17-AH2892,T01,SKN-CLN-2629,TTAcneMicrobiome,NA,No,NA,29_11_2016,China,Shanghai,153,29,Male,Chinese,Cetaphil_cleanser_+_Cetaphil_moisturizer,NA,cleanser+moisturizer,1,Baseline,16S,BufferScrub,V1-V3,Illumina,AGAGTTTGATYMTGGCTCAG,ATTACCGCGGCTGCTGG,Head,Forehead,NA,5,Acne,NA,Yes,3.8,1425.07,153.93,1,0,1,0,2,T01
T02,NA,NA,EXP-17-AH2892,T02,SKN-CLN-2629,TTAcneMicrobiome,NA,No,NA,05_01_2017,China,Shanghai,153,29,Male,Chinese,Cetaphil_cleanser_+_Cetaphil_moisturizer,NA,cleanser+moisturizer,3,Regression week 1,16S,BufferScrub,V1-V3,Illumina,AGAGTTTGATYMTGGCTCAG,ATTACCGCGGCTGCTGG,Head,Cheek,NA,5,Acne,NA,Yes,3.7,1851.85,292.22,0,1,0,0,1,T02
T03,NA,NA,EXP-17-AH2892,T03,SKN-CLN-2629,TTAcneMicrobiome,NA,No,NA,05_01_2017,China,Shanghai,153,29,Male,Chinese,Cetaphil_cleanser_+_Cetaphil_moisturizer,NA,cleanser+moisturizer,3,Regression week 1,16S,BufferScrub,V1-V3,Illumina,AGAGTTTGATYMTGGCTCAG,ATTACCGCGGCTGCTGG,Head,Forehead,NA,5,Acne,NA,Yes,3.9,1887.21,32.24,1,0,0,0,1,T03
T04,NA,NA,EXP-17-AH2892,T04,SKN-CLN-2629,TTAcneMicrobiome,NA,No,NA,29_12_2016,China,Shanghai,153,29,Male,Chinese,KR164_cleanser_with_TT_+_Cetaphil_moisturizer,NA,cleanser+moisturizer,2,Post treatment week 4,16S,BufferScrub,V1-V3,Illumina,AGAGTTTGATYMTGGCTCAG,ATTACCGCGGCTGCTGG,Head,Forehead,NA,5,Acne,NA,Yes,3.9,3232.55,113.49,1,0,0,0,1,T04
T05,NA,NA,EXP-17-AH2892,T05,SKN-CLN-2629,TTAcneMicrobiome,NA,No,NA,29_11_2016,China,Shanghai,153,29,Male,Chinese,Cetaphil_cleanser_+_Cetaphil_moisturizer,NA,cleanser+moisturizer,1,Baseline,16S,BufferScrub,V1-V3,Illumina,AGAGTTTGATYMTGGCTCAG,ATTACCGCGGCTGCTGG,Head,Cheek,NA,5,Acne,NA,Yes,3.7,1724.99,391.96,0,0,1,0,1,T05
T06,NA,NA,EXP-17-AH2892,T06,SKN-CLN-2629,TTAcneMicrobiome,NA,No,NA,29_12_2016,China,Shanghai,153,29,Male,Chinese,KR164_cleanser_with_TT_+_Cetaphil_moisturizer,NA,cleanser+moisturizer,2,Post treatment week 4,16S,BufferScrub,V1-V3,Illumina,AGAGTTTGATYMTGGCTCAG,ATTACCGCGGCTGCTGG,Head,Cheek,NA,5,Acne,NA,Yes,3.7,1099.36,55.38,0,1,0,0,1,T06
T07,NA,NA,EXP-17-AH2892,T07,SKN-CLN-2629,TTAcneMicrobiome,NA,No,NA,04_01_2017,China,Shanghai,230,27,Female,Chinese,Cetaphil_cleanser_+_Cetaphil_moisturizer,NA,cleanser+moisturizer,3,Regression week 1,16S,BufferScrub,V1-V3,Illumina,AGAGTTTGATYMTGGCTCAG,ATTACCGCGGCTGCTGG,Head,Forehead,NA,5,Healthy,NA,Yes,3.6,7368.32,1673.25,0,0,0,0,0,T07
T08,NA,NA,EXP-17-AH2892,T08,SKN-CLN-2629,TTAcneMicrobiome,NA,No,NA,30_11_2016,China,Shanghai,230,27,Female,Chinese,Cetaphil_cleanser_+_Cetaphil_moisturizer,NA,cleanser+moisturizer,1,Baseline,16S,BufferScrub,V1-V3,Illumina,AGAGTTTGATYMTGGCTCAG,ATTACCGCGGCTGCTGG,Head,Forehead,NA,5,Healthy,NA,Yes,3.7,4557.8,965.84,0,0,0,0,0,T08
T09,NA,NA,EXP-17-AH2892,T09,SKN-CLN-2629,TTAcneMicrobiome,NA,No,NA,28_12_2016,China,Shanghai,230,27,Female,Chinese,Cetaphil_cleanser_+_Cetaphil_moisturizer,NA,cleanser+moisturizer,2,Post treatment week 4,16S,BufferScrub,V1-V3,Illumina,AGAGTTTGATYMTGGCTCAG,ATTACCGCGGCTGCTGG,Head,Forehead,NA,5,Healthy,NA,Yes,3.7,4131.15,980.57,0,0,0,0,0,T09
T10,NA,NA,EXP-17-AH2892,T10,SKN-CLN-2629,TTAcneMicrobiome,NA,No,NA,28_12_2016,China,Shanghai,230,27,Female,Chinese,Cetaphil_cleanser_+_Cetaphil_moisturizer,NA,cleanser+moisturizer,2,Post treatment week 4,16S,BufferScrub,V1-V3,Illumina,AGAGTTTGATYMTGGCTCAG,ATTACCGCGGCTGCTGG,Head,Cheek,NA,5,Healthy,NA,Yes,3.8,11749.57,1541.59,0,0,0,0,0,T10
T11,NA,NA,EXP-17-AH2892,T11,SKN-CLN-2629,TTAcneMicrobiome,NA,No,NA,04_01_2017,China,Shanghai,230,27,Female,Chinese,Cetaphil_cleanser_+_Cetaphil_moisturizer,NA,cleanser+moisturizer,3,Regression week 1,16S,BufferScrub,V1-V3,Illumina,AGAGTTTGATYMTGGCTCAG,ATTACCGCGGCTGCTGG,Head,Cheek,NA,5,Healthy,NA,Yes,3.6,2949.17,570.26,0,0,0,0,0,T11
T12,NA,NA,EXP-17-AH2892,T12,SKN-CLN-2629,TTAcneMicrobiome,NA,No,NA,30_11_2016,China,Shanghai,230,27,Female,Chinese,Cetaphil_cleanser_+_Cetaphil_moisturizer,NA,cleanser+moisturizer,1,Baseline,16S,BufferScrub,V1-V3,Illumina,AGAGTTTGATYMTGGCTCAG,ATTACCGCGGCTGCTGG,Head,Cheek,NA,5,Healthy,NA,Yes,3.6,5200.29,901.19,0,0,0,0,0,T12
U01,NA,NA,EXP-17-AH2892,U01,SKN-CLN-2629,TTAcneMicrobiome,NA,No,NA,05_01_2017,China,Shanghai,81,21,Female,Chinese,Cetaphil_cleanser_+_Cetaphil_moisturizer,NA,cleanser+moisturizer,3,Regression week 1,16S,BufferScrub,V1-V3,Illumina,AGAGTTTGATYMTGGCTCAG,ATTACCGCGGCTGCTGG,Head,Cheek,NA,5,Acne,NA,Yes,3.6,29747.11,138.06,0,0,0,0,0,U01
U02,NA,NA,EXP-17-AH2892,U02,SKN-CLN-2629,TTAcneMicrobiome,NA,No,NA,29_11_2016,China,Shanghai,81,21,Female,Chinese,Cetaphil_cleanser_+_Cetaphil_moisturizer,NA,cleanser+moisturizer,1,Baseline,16S,BufferScrub,V1-V3,Illumina,AGAGTTTGATYMTGGCTCAG,ATTACCGCGGCTGCTGG,Head,Cheek,NA,5,Acne,NA,Yes,3.7,87828.51,1475.41,0,0,1,0,1,U02
U03,NA,NA,EXP-17-AH2892,U03,SKN-CLN-2629,TTAcneMicrobiome,NA,No,NA,29_12_2016,China,Shanghai,81,21,Female,Chinese,KR164_cleanser_with_TT_+_Cetaphil_moisturizer,NA,cleanser+moisturizer,2,Post treatment week 4,16S,BufferScrub,V1-V3,Illumina,AGAGTTTGATYMTGGCTCAG,ATTACCGCGGCTGCTGG,Head,Cheek,NA,5,Acne,NA,Yes,3.8,34539.34,166.51,0,0,0,0,0,U03
U04,NA,NA,EXP-17-AH2892,U04,SKN-CLN-2629,TTAcneMicrobiome,NA,No,NA,29_11_2016,China,Shanghai,81,21,Female,Chinese,Cetaphil_cleanser_+_Cetaphil_moisturizer,NA,cleanser+moisturizer,1,Baseline,16S,BufferScrub,V1-V3,Illumina,AGAGTTTGATYMTGGCTCAG,ATTACCGCGGCTGCTGG,Head,Forehead,NA,5,Acne,NA,Yes,3.5,171022.53,650.07,0,0,2,0,2,U04
U05,NA,NA,EXP-17-AH2892,U05,SKN-CLN-2629,TTAcneMicrobiome,NA,No,NA,05_01_2017,China,Shanghai,81,21,Female,Chinese,Cetaphil_cleanser_+_Cetaphil_moisturizer,NA,cleanser+moisturizer,3,Regression week 1,16S,BufferScrub,V1-V3,Illumina,AGAGTTTGATYMTGGCTCAG,ATTACCGCGGCTGCTGG,Head,Forehead,NA,5,Acne,NA,Yes,3.6,92405.76,592.1,0,0,1,0,1,U05
U06,NA,NA,EXP-17-AH2892,U06,SKN-CLN-2629,TTAcneMicrobiome,NA,No,NA,29_12_2016,China,Shanghai,81,21,Female,Chinese,KR164_cleanser_with_TT_+_Cetaphil_moisturizer,NA,cleanser+moisturizer,2,Post treatment week 4,16S,BufferScrub,V1-V3,Illumina,AGAGTTTGATYMTGGCTCAG,ATTACCGCGGCTGCTGG,Head,Forehead,NA,5,Acne,NA,Yes,3.9,76886.26,454.97,0,0,2,0,2,U06
U07,NA,NA,EXP-17-AH2892,U07,SKN-CLN-2629,TTAcneMicrobiome,NA,No,NA,28_12_2016,China,Shanghai,212,29,Female,Chinese,Cetaphil_cleanser_+_Cetaphil_moisturizer,NA,cleanser+moisturizer,2,Post treatment week 4,16S,BufferScrub,V1-V3,Illumina,AGAGTTTGATYMTGGCTCAG,ATTACCGCGGCTGCTGG,Head,Cheek,NA,5,Healthy,NA,Yes,3.8,6027.74,33.09,0,0,0,0,0,U07
U08,NA,NA,EXP-17-AH2892,U08,SKN-CLN-2629,TTAcneMicrobiome,NA,No,NA,28_12_2016,China,Shanghai,212,29,Female,Chinese,Cetaphil_cleanser_+_Cetaphil_moisturizer,NA,cleanser+moisturizer,2,Post treatment week 4,16S,BufferScrub,V1-V3,Illumina,AGAGTTTGATYMTGGCTCAG,ATTACCGCGGCTGCTGG,Head,Forehead,NA,5,Healthy,NA,Yes,3.8,70688.17,714.53,0,0,0,0,0,U08
U09,NA,NA,EXP-17-AH2892,U09,SKN-CLN-2629,TTAcneMicrobiome,NA,No,NA,04_01_2017,China,Shanghai,212,29,Female,Chinese,Cetaphil_cleanser_+_Cetaphil_moisturizer,NA,cleanser+moisturizer,3,Regression week 1,16S,BufferScrub,V1-V3,Illumina,AGAGTTTGATYMTGGCTCAG,ATTACCGCGGCTGCTGG,Head,Cheek,NA,5,Healthy,NA,Yes,3.8,12280.84,334.12,0,0,0,0,0,U09
U10,NA,NA,EXP-17-AH2892,U10,SKN-CLN-2629,TTAcneMicrobiome,NA,No,NA,04_01_2017,China,Shanghai,212,29,Female,Chinese,Cetaphil_cleanser_+_Cetaphil_moisturizer,NA,cleanser+moisturizer,3,Regression week 1,16S,BufferScrub,V1-V3,Illumina,AGAGTTTGATYMTGGCTCAG,ATTACCGCGGCTGCTGG,Head,Forehead,NA,5,Healthy,NA,Yes,3.6,128353.17,3939.75,0,0,0,0,0,U10
U11,NA,NA,EXP-17-AH2892,U11,SKN-CLN-2629,TTAcneMicrobiome,NA,No,NA,30_11_2016,China,Shanghai,212,29,Female,Chinese,Cetaphil_cleanser_+_Cetaphil_moisturizer,NA,cleanser+moisturizer,1,Baseline,16S,BufferScrub,V1-V3,Illumina,AGAGTTTGATYMTGGCTCAG,ATTACCGCGGCTGCTGG,Head,Cheek,NA,5,Healthy,NA,Yes,3.8,15139.32,619.3,0,0,0,0,0,U11
U12,NA,NA,EXP-17-AH2892,U12,SKN-CLN-2629,TTAcneMicrobiome,NA,No,NA,30_11_2016,China,Shanghai,212,29,Female,Chinese,Cetaphil_cleanser_+_Cetaphil_moisturizer,NA,cleanser+moisturizer,1,Baseline,16S,BufferScrub,V1-V3,Illumina,AGAGTTTGATYMTGGCTCAG,ATTACCGCGGCTGCTGG,Head,Forehead,NA,5,Healthy,NA,Yes,3.6,246525.79,6346.44,0,0,0,0,0,U12
V01,NA,NA,EXP-17-AH2892,V01,SKN-CLN-2629,TTAcneMicrobiome,NA,No,NA,29_12_2016,China,Shanghai,29,20,Female,Chinese,KR164_cleanser_with_TT_+_Cetaphil_moisturizer,NA,cleanser+moisturizer,2,Post treatment week 4,16S,BufferScrub,V1-V3,Illumina,AGAGTTTGATYMTGGCTCAG,ATTACCGCGGCTGCTGG,Head,Forehead,NA,5,Acne,NA,Yes,3.8,47724.21,18990.13,1,1,0,0,2,V01
V02,NA,NA,EXP-17-AH2892,V02,SKN-CLN-2629,TTAcneMicrobiome,NA,No,NA,29_11_2016,China,Shanghai,29,20,Female,Chinese,Cetaphil_cleanser_+_Cetaphil_moisturizer,NA,cleanser+moisturizer,1,Baseline,16S,BufferScrub,V1-V3,Illumina,AGAGTTTGATYMTGGCTCAG,ATTACCGCGGCTGCTGG,Head,Cheek,NA,5,Acne,NA,Yes,3.5,765329.47,12643.14,0,0,1,0,1,V02
V03,NA,NA,EXP-17-AH2892,V03,SKN-CLN-2629,TTAcneMicrobiome,NA,No,NA,05_01_2017,China,Shanghai,29,20,Female,Chinese,Cetaphil_cleanser_+_Cetaphil_moisturizer,NA,cleanser+moisturizer,3,Regression week 1,16S,BufferScrub,V1-V3,Illumina,AGAGTTTGATYMTGGCTCAG,ATTACCGCGGCTGCTGG,Head,Forehead,NA,5,Acne,NA,Yes,3.8,15617.07,8782.74,1,0,1,0,2,V03
V04,NA,NA,EXP-17-AH2892,V04,SKN-CLN-2629,TTAcneMicrobiome,NA,No,NA,05_01_2017,China,Shanghai,29,20,Female,Chinese,Cetaphil_cleanser_+_Cetaphil_moisturizer,NA,cleanser+moisturizer,3,Regression week 1,16S,BufferScrub,V1-V3,Illumina,AGAGTTTGATYMTGGCTCAG,ATTACCGCGGCTGCTGG,Head,Cheek,NA,5,Acne,NA,Yes,3.5,36591.09,1347.67,0,0,1,0,1,V04
V05,NA,NA,EXP-17-AH2892,V05,SKN-CLN-2629,TTAcneMicrobiome,NA,No,NA,29_11_2016,China,Shanghai,29,20,Female,Chinese,Cetaphil_cleanser_+_Cetaphil_moisturizer,NA,cleanser+moisturizer,1,Baseline,16S,BufferScrub,V1-V3,Illumina,AGAGTTTGATYMTGGCTCAG,ATTACCGCGGCTGCTGG,Head,Forehead,NA,5,Acne,NA,Yes,3.9,71602.5,14285.05,NA,NA,NA,NA,NA,V05
V06,NA,NA,EXP-17-AH2892,V06,SKN-CLN-2629,TTAcneMicrobiome,NA,No,NA,30_11_2016,China,Shanghai,214,19,Female,Chinese,Cetaphil_cleanser_+_Cetaphil_moisturizer,NA,cleanser+moisturizer,1,Baseline,16S,BufferScrub,V1-V3,Illumina,AGAGTTTGATYMTGGCTCAG,ATTACCGCGGCTGCTGG,Head,Cheek,NA,5,Healthy,NA,Yes,3.5,13130.9,3795.47,0,0,0,0,0,V06
V07,NA,NA,EXP-17-AH2892,V07,SKN-CLN-2629,TTAcneMicrobiome,NA,No,NA,04_01_2017,China,Shanghai,214,19,Female,Chinese,Cetaphil_cleanser_+_Cetaphil_moisturizer,NA,cleanser+moisturizer,3,Regression week 1,16S,BufferScrub,V1-V3,Illumina,AGAGTTTGATYMTGGCTCAG,ATTACCGCGGCTGCTGG,Head,Forehead,NA,5,Healthy,NA,Yes,3.8,11824.34,37820.11,0,0,0,0,0,V07
V08,NA,NA,EXP-17-AH2892,V08,SKN-CLN-2629,TTAcneMicrobiome,NA,No,NA,28_12_2016,China,Shanghai,214,19,Female,Chinese,Cetaphil_cleanser_+_Cetaphil_moisturizer,NA,cleanser+moisturizer,2,Post treatment week 4,16S,BufferScrub,V1-V3,Illumina,AGAGTTTGATYMTGGCTCAG,ATTACCGCGGCTGCTGG,Head,Forehead,NA,5,Healthy,NA,Yes,3.8,12256,7641.53,0,0,0,0,0,V08
V09,NA,NA,EXP-17-AH2892,V09,SKN-CLN-2629,TTAcneMicrobiome,NA,No,NA,04_01_2017,China,Shanghai,214,19,Female,Chinese,Cetaphil_cleanser_+_Cetaphil_moisturizer,NA,cleanser+moisturizer,3,Regression week 1,16S,BufferScrub,V1-V3,Illumina,AGAGTTTGATYMTGGCTCAG,ATTACCGCGGCTGCTGG,Head,Cheek,NA,5,Healthy,NA,Yes,3.6,8385.08,3515.42,0,0,0,0,0,V09
V10,NA,NA,EXP-17-AH2892,V10,SKN-CLN-2629,TTAcneMicrobiome,NA,No,NA,28_12_2016,China,Shanghai,214,19,Female,Chinese,Cetaphil_cleanser_+_Cetaphil_moisturizer,NA,cleanser+moisturizer,2,Post treatment week 4,16S,BufferScrub,V1-V3,Illumina,AGAGTTTGATYMTGGCTCAG,ATTACCGCGGCTGCTGG,Head,Cheek,NA,5,Healthy,NA,Yes,3.8,9609.5,382.03,0,0,0,0,0,V10
V11,NA,NA,EXP-17-AH2892,V11,SKN-CLN-2629,TTAcneMicrobiome,NA,No,NA,30_11_2016,China,Shanghai,214,19,Female,Chinese,Cetaphil_cleanser_+_Cetaphil_moisturizer,NA,cleanser+moisturizer,1,Baseline,16S,BufferScrub,V1-V3,Illumina,AGAGTTTGATYMTGGCTCAG,ATTACCGCGGCTGCTGG,Head,Forehead,NA,5,Healthy,NA,Yes,3.5,22050.01,99442.66,0,0,0,0,0,V11
W01,NA,NA,EXP-17-AH2892,W01,SKN-CLN-2629,TTAcneMicrobiome,NA,No,NA,05_01_2017,China,Shanghai,8,29,Female,Chinese,Cetaphil_cleanser_+_Cetaphil_moisturizer,NA,cleanser+moisturizer,3,Regression week 1,16S,BufferScrub,V1-V3,Illumina,AGAGTTTGATYMTGGCTCAG,ATTACCGCGGCTGCTGG,Head,Cheek,NA,5,Acne,NA,Yes,3.5,1734.39,479.6,0,0,0,0,0,W01
W02,NA,NA,EXP-17-AH2892,W02,SKN-CLN-2629,TTAcneMicrobiome,NA,No,NA,05_01_2017,China,Shanghai,8,29,Female,Chinese,Cetaphil_cleanser_+_Cetaphil_moisturizer,NA,cleanser+moisturizer,3,Regression week 1,16S,BufferScrub,V1-V3,Illumina,AGAGTTTGATYMTGGCTCAG,ATTACCGCGGCTGCTGG,Head,Forehead,NA,5,Acne,NA,Yes,3.7,77459.31,18870.01,0,0,1,0,1,W02
W03,NA,NA,EXP-17-AH2892,W03,SKN-CLN-2629,TTAcneMicrobiome,NA,No,NA,29_11_2016,China,Shanghai,8,29,Female,Chinese,Cetaphil_cleanser_+_Cetaphil_moisturizer,NA,cleanser+moisturizer,1,Baseline,16S,BufferScrub,V1-V3,Illumina,AGAGTTTGATYMTGGCTCAG,ATTACCGCGGCTGCTGG,Head,Cheek,NA,5,Acne,NA,Yes,3.7,33728.08,17506.23,0,0,1,0,1,W03
W04,NA,NA,EXP-17-AH2892,W04,SKN-CLN-2629,TTAcneMicrobiome,NA,No,NA,29_12_2016,China,Shanghai,8,29,Female,Chinese,KR164_cleanser_with_TT_+_Cetaphil_moisturizer,NA,cleanser+moisturizer,2,Post treatment week 4,16S,BufferScrub,V1-V3,Illumina,AGAGTTTGATYMTGGCTCAG,ATTACCGCGGCTGCTGG,Head,Cheek,NA,5,Acne,NA,Yes,3.6,4659.64,6127.97,0,0,0,0,0,W04
W05,NA,NA,EXP-17-AH2892,W05,SKN-CLN-2629,TTAcneMicrobiome,NA,No,NA,29_11_2016,China,Shanghai,8,29,Female,Chinese,Cetaphil_cleanser_+_Cetaphil_moisturizer,NA,cleanser+moisturizer,1,Baseline,16S,BufferScrub,V1-V3,Illumina,AGAGTTTGATYMTGGCTCAG,ATTACCGCGGCTGCTGG,Head,Forehead,NA,5,Acne,NA,Yes,3.6,90852.46,3111.17,1,0,1,0,2,W05
W06,NA,NA,EXP-17-AH2892,W06,SKN-CLN-2629,TTAcneMicrobiome,NA,No,NA,30_11_2016,China,Shanghai,236,26,Female,Chinese,Cetaphil_cleanser_+_Cetaphil_moisturizer,NA,cleanser+moisturizer,1,Baseline,16S,BufferScrub,V1-V3,Illumina,AGAGTTTGATYMTGGCTCAG,ATTACCGCGGCTGCTGG,Head,Forehead,NA,5,Healthy,NA,Yes,3.6,21584.82,943.63,0,0,0,0,0,W06
W07,NA,NA,EXP-17-AH2892,W07,SKN-CLN-2629,TTAcneMicrobiome,NA,No,NA,30_11_2016,China,Shanghai,236,26,Female,Chinese,Cetaphil_cleanser_+_Cetaphil_moisturizer,NA,cleanser+moisturizer,1,Baseline,16S,BufferScrub,V1-V3,Illumina,AGAGTTTGATYMTGGCTCAG,ATTACCGCGGCTGCTGG,Head,Cheek,NA,5,Healthy,NA,Yes,3.7,12260.74,2035.58,0,0,0,0,0,W07
W08,NA,NA,EXP-17-AH2892,W08,SKN-CLN-2629,TTAcneMicrobiome,NA,No,NA,28_12_2016,China,Shanghai,236,26,Female,Chinese,Cetaphil_cleanser_+_Cetaphil_moisturizer,NA,cleanser+moisturizer,2,Post treatment week 4,16S,BufferScrub,V1-V3,Illumina,AGAGTTTGATYMTGGCTCAG,ATTACCGCGGCTGCTGG,Head,Cheek,NA,5,Healthy,NA,Yes,3.8,3355.11,542.61,0,0,0,0,0,W08
W09,NA,NA,EXP-17-AH2892,W09,SKN-CLN-2629,TTAcneMicrobiome,NA,No,NA,04_01_2017,China,Shanghai,236,26,Female,Chinese,Cetaphil_cleanser_+_Cetaphil_moisturizer,NA,cleanser+moisturizer,3,Regression week 1,16S,BufferScrub,V1-V3,Illumina,AGAGTTTGATYMTGGCTCAG,ATTACCGCGGCTGCTGG,Head,Forehead,NA,5,Healthy,NA,Yes,3.5,7167.17,1234.64,0,0,0,0,0,W09
W10,NA,NA,EXP-17-AH2892,W10,SKN-CLN-2629,TTAcneMicrobiome,NA,No,NA,28_12_2016,China,Shanghai,236,26,Female,Chinese,Cetaphil_cleanser_+_Cetaphil_moisturizer,NA,cleanser+moisturizer,2,Post treatment week 4,16S,BufferScrub,V1-V3,Illumina,AGAGTTTGATYMTGGCTCAG,ATTACCGCGGCTGCTGG,Head,Forehead,NA,5,Healthy,NA,Yes,3.9,2857.46,588.08,0,0,0,0,0,W10
W11,NA,NA,EXP-17-AH2892,W11,SKN-CLN-2629,TTAcneMicrobiome,NA,No,NA,04_01_2017,China,Shanghai,236,26,Female,Chinese,Cetaphil_cleanser_+_Cetaphil_moisturizer,NA,cleanser+moisturizer,3,Regression week 1,16S,BufferScrub,V1-V3,Illumina,AGAGTTTGATYMTGGCTCAG,ATTACCGCGGCTGCTGG,Head,Cheek,NA,5,Healthy,NA,Yes,3.6,1530.32,496.15,0,0,0,0,0,W11
X01,NA,NA,EXP-17-AH2892,X01,SKN-CLN-2629,TTAcneMicrobiome,NA,No,NA,28_12_2016,China,Shanghai,245,26,Male,Chinese,Cetaphil_cleanser_+_Cetaphil_moisturizer,NA,cleanser+moisturizer,2,Post treatment week 4,16S,BufferScrub,V1-V3,Illumina,AGAGTTTGATYMTGGCTCAG,ATTACCGCGGCTGCTGG,Head,Cheek,NA,5,Healthy,NA,Yes,3.7,105637.15,1918,0,0,0,0,0,X01
X02,NA,NA,EXP-17-AH2892,X02,SKN-CLN-2629,TTAcneMicrobiome,NA,No,NA,30_11_2016,China,Shanghai,245,26,Male,Chinese,Cetaphil_cleanser_+_Cetaphil_moisturizer,NA,cleanser+moisturizer,1,Baseline,16S,BufferScrub,V1-V3,Illumina,AGAGTTTGATYMTGGCTCAG,ATTACCGCGGCTGCTGG,Head,Forehead,NA,5,Healthy,NA,Yes,2.9,433047.84,140466.5,0,0,0,0,0,X02
X03,NA,NA,EXP-17-AH2892,X03,SKN-CLN-2629,TTAcneMicrobiome,NA,No,NA,28_12_2016,China,Shanghai,245,26,Male,Chinese,Cetaphil_cleanser_+_Cetaphil_moisturizer,NA,cleanser+moisturizer,2,Post treatment week 4,16S,BufferScrub,V1-V3,Illumina,AGAGTTTGATYMTGGCTCAG,ATTACCGCGGCTGCTGG,Head,Forehead,NA,5,Healthy,NA,Yes,3.5,218174.39,25203.26,0,0,0,0,0,X03
X04,NA,NA,EXP-17-AH2892,X04,SKN-CLN-2629,TTAcneMicrobiome,NA,No,NA,04_01_2017,China,Shanghai,245,26,Male,Chinese,Cetaphil_cleanser_+_Cetaphil_moisturizer,NA,cleanser+moisturizer,3,Regression week 1,16S,BufferScrub,V1-V3,Illumina,AGAGTTTGATYMTGGCTCAG,ATTACCGCGGCTGCTGG,Head,Cheek,NA,5,Healthy,NA,Yes,3.8,517059.42,33952.03,0,0,0,0,0,X04
X05,NA,NA,EXP-17-AH2892,X05,SKN-CLN-2629,TTAcneMicrobiome,NA,No,NA,30_11_2016,China,Shanghai,245,26,Male,Chinese,Cetaphil_cleanser_+_Cetaphil_moisturizer,NA,cleanser+moisturizer,1,Baseline,16S,BufferScrub,V1-V3,Illumina,AGAGTTTGATYMTGGCTCAG,ATTACCGCGGCTGCTGG,Head,Cheek,NA,5,Healthy,NA,Yes,3.6,51429,2987.03,0,0,0,0,0,X05
X06,NA,NA,EXP-17-AH2892,X06,SKN-CLN-2629,TTAcneMicrobiome,NA,No,NA,04_01_2017,China,Shanghai,245,26,Male,Chinese,Cetaphil_cleanser_+_Cetaphil_moisturizer,NA,cleanser+moisturizer,3,Regression week 1,16S,BufferScrub,V1-V3,Illumina,AGAGTTTGATYMTGGCTCAG,ATTACCGCGGCTGCTGG,Head,Forehead,NA,5,Healthy,NA,Yes,3.8,522256.28,196180.29,0,0,0,0,0,X06
X07,NA,NA,EXP-17-AH2892,X07,SKN-CLN-2629,TTAcneMicrobiome,NA,No,NA,29_11_2016,China,Shanghai,65,25,Male,Chinese,Cetaphil_cleanser_+_Cetaphil_moisturizer,NA,cleanser+moisturizer,1,Baseline,16S,BufferScrub,V1-V3,Illumina,AGAGTTTGATYMTGGCTCAG,ATTACCGCGGCTGCTGG,Head,Cheek,NA,5,Acne,NA,Yes,3.8,1040.11,133.93,0,0,1,0,1,X07
X08,NA,NA,EXP-17-AH2892,X08,SKN-CLN-2629,TTAcneMicrobiome,NA,No,NA,05_01_2017,China,Shanghai,65,25,Male,Chinese,Cetaphil_cleanser_+_Cetaphil_moisturizer,NA,cleanser+moisturizer,3,Regression week 1,16S,BufferScrub,V1-V3,Illumina,AGAGTTTGATYMTGGCTCAG,ATTACCGCGGCTGCTGG,Head,Cheek,NA,5,Acne,NA,Yes,3.6,817.14,119.58,0,0,1,0,1,X08
X09,NA,NA,EXP-17-AH2892,X09,SKN-CLN-2629,TTAcneMicrobiome,NA,No,NA,29_12_2016,China,Shanghai,65,25,Male,Chinese,KR164_cleanser_with_TT_+_Cetaphil_moisturizer,NA,cleanser+moisturizer,2,Post treatment week 4,16S,BufferScrub,V1-V3,Illumina,AGAGTTTGATYMTGGCTCAG,ATTACCGCGGCTGCTGG,Head,Cheek,NA,5,Acne,NA,Yes,3.6,699.56,112.71,0,0,1,0,1,X09
Y01,NA,NA,EXP-17-AH2892,Y01,SKN-CLN-2629,TTAcneMicrobiome,NA,No,NA,28_12_2016,China,Shanghai,219,30,Female,Chinese,Cetaphil_cleanser_+_Cetaphil_moisturizer,NA,cleanser+moisturizer,2,Post treatment week 4,16S,BufferScrub,V1-V3,Illumina,AGAGTTTGATYMTGGCTCAG,ATTACCGCGGCTGCTGG,Head,Forehead,NA,5,Healthy,NA,Yes,3.5,1996,143.79,0,0,0,0,0,Y01
Y02,NA,NA,EXP-17-AH2892,Y02,SKN-CLN-2629,TTAcneMicrobiome,NA,No,NA,28_12_2016,China,Shanghai,219,30,Female,Chinese,Cetaphil_cleanser_+_Cetaphil_moisturizer,NA,cleanser+moisturizer,2,Post treatment week 4,16S,BufferScrub,V1-V3,Illumina,AGAGTTTGATYMTGGCTCAG,ATTACCGCGGCTGCTGG,Head,Cheek,NA,5,Healthy,NA,Yes,3.7,2835.46,121.81,0,0,0,0,0,Y02
Y03,NA,NA,EXP-17-AH2892,Y03,SKN-CLN-2629,TTAcneMicrobiome,NA,No,NA,04_01_2017,China,Shanghai,219,30,Female,Chinese,Cetaphil_cleanser_+_Cetaphil_moisturizer,NA,cleanser+moisturizer,3,Regression week 1,16S,BufferScrub,V1-V3,Illumina,AGAGTTTGATYMTGGCTCAG,ATTACCGCGGCTGCTGG,Head,Cheek,NA,5,Healthy,NA,Yes,3.7,3570.96,97.95,0,0,0,0,0,Y03
Y04,NA,NA,EXP-17-AH2892,Y04,SKN-CLN-2629,TTAcneMicrobiome,NA,No,NA,30_11_2016,China,Shanghai,219,30,Female,Chinese,Cetaphil_cleanser_+_Cetaphil_moisturizer,NA,cleanser+moisturizer,1,Baseline,16S,BufferScrub,V1-V3,Illumina,AGAGTTTGATYMTGGCTCAG,ATTACCGCGGCTGCTGG,Head,Cheek,NA,5,Healthy,NA,Yes,3.7,3183.18,53.16,0,0,0,0,0,Y04
Y05,NA,NA,EXP-17-AH2892,Y05,SKN-CLN-2629,TTAcneMicrobiome,NA,No,NA,30_11_2016,China,Shanghai,219,30,Female,Chinese,Cetaphil_cleanser_+_Cetaphil_moisturizer,NA,cleanser+moisturizer,1,Baseline,16S,BufferScrub,V1-V3,Illumina,AGAGTTTGATYMTGGCTCAG,ATTACCGCGGCTGCTGG,Head,Forehead,NA,5,Healthy,NA,Yes,3.8,3472.53,200.82,0,0,0,0,0,Y05
Y06,NA,NA,EXP-17-AH2892,Y06,SKN-CLN-2629,TTAcneMicrobiome,NA,No,NA,04_01_2017,China,Shanghai,219,30,Female,Chinese,Cetaphil_cleanser_+_Cetaphil_moisturizer,NA,cleanser+moisturizer,3,Regression week 1,16S,BufferScrub,V1-V3,Illumina,AGAGTTTGATYMTGGCTCAG,ATTACCGCGGCTGCTGG,Head,Forehead,NA,5,Healthy,NA,Yes,3.8,1970.28,124.75,0,0,0,0,0,Y06
Y07,NA,NA,EXP-17-AH2892,Y07,SKN-CLN-2629,TTAcneMicrobiome,NA,No,NA,29_11_2016,China,Shanghai,199,25,Male,Chinese,Cetaphil_cleanser_+_Cetaphil_moisturizer,NA,cleanser+moisturizer,1,Baseline,16S,BufferScrub,V1-V3,Illumina,AGAGTTTGATYMTGGCTCAG,ATTACCGCGGCTGCTGG,Head,Cheek,NA,5,Acne,NA,Yes,3.7,65866.22,88674.66,0,0,1,0,1,Y07
Y08,NA,NA,EXP-17-AH2892,Y08,SKN-CLN-2629,TTAcneMicrobiome,NA,No,NA,29_12_2016,China,Shanghai,199,25,Male,Chinese,KR164_cleanser_with_TT_+_Cetaphil_moisturizer,NA,cleanser+moisturizer,2,Post treatment week 4,16S,BufferScrub,V1-V3,Illumina,AGAGTTTGATYMTGGCTCAG,ATTACCGCGGCTGCTGG,Head,Cheek,NA,5,Acne,NA,Yes,3.9,81479.97,17646.03,0,1,0,0,1,Y08
Y09,NA,NA,EXP-17-AH2892,Y09,SKN-CLN-2629,TTAcneMicrobiome,NA,No,NA,05_01_2017,China,Shanghai,199,25,Male,Chinese,Cetaphil_cleanser_+_Cetaphil_moisturizer,NA,cleanser+moisturizer,3,Regression week 1,16S,BufferScrub,V1-V3,Illumina,AGAGTTTGATYMTGGCTCAG,ATTACCGCGGCTGCTGG,Head,Cheek,NA,5,Acne,NA,Yes,3.6,54753.71,18786.81,0,1,1,0,2,Y09
Z01,NA,NA,EXP-17-AH2892,Z01,SKN-CLN-2629,TTAcneMicrobiome,NA,No,NA,30_11_2016,China,Shanghai,221,27,Female,Chinese,Cetaphil_cleanser_+_Cetaphil_moisturizer,NA,cleanser+moisturizer,1,Baseline,16S,BufferScrub,V1-V3,Illumina,AGAGTTTGATYMTGGCTCAG,ATTACCGCGGCTGCTGG,Head,Cheek,NA,5,Healthy,NA,Yes,3.7,2885.31,221.78,0,0,0,0,0,Z01
Z02,NA,NA,EXP-17-AH2892,Z02,SKN-CLN-2629,TTAcneMicrobiome,NA,No,NA,28_12_2016,China,Shanghai,221,27,Female,Chinese,Cetaphil_cleanser_+_Cetaphil_moisturizer,NA,cleanser+moisturizer,2,Post treatment week 4,16S,BufferScrub,V1-V3,Illumina,AGAGTTTGATYMTGGCTCAG,ATTACCGCGGCTGCTGG,Head,Forehead,NA,5,Healthy,NA,Yes,3.6,1831.85,1312.58,0,0,0,0,0,Z02
Z03,NA,NA,EXP-17-AH2892,Z03,SKN-CLN-2629,TTAcneMicrobiome,NA,No,NA,30_11_2016,China,Shanghai,221,27,Female,Chinese,Cetaphil_cleanser_+_Cetaphil_moisturizer,NA,cleanser+moisturizer,1,Baseline,16S,BufferScrub,V1-V3,Illumina,AGAGTTTGATYMTGGCTCAG,ATTACCGCGGCTGCTGG,Head,Forehead,NA,5,Healthy,NA,Yes,3.5,3776.76,510.8,0,0,0,0,0,Z03
Z04,NA,NA,EXP-17-AH2892,Z04,SKN-CLN-2629,TTAcneMicrobiome,NA,No,NA,04_01_2017,China,Shanghai,221,27,Female,Chinese,Cetaphil_cleanser_+_Cetaphil_moisturizer,NA,cleanser+moisturizer,3,Regression week 1,16S,BufferScrub,V1-V3,Illumina,AGAGTTTGATYMTGGCTCAG,ATTACCGCGGCTGCTGG,Head,Cheek,NA,5,Healthy,NA,Yes,3.7,865.31,33.99,0,0,0,0,0,Z04
Z05,NA,NA,EXP-17-AH2892,Z05,SKN-CLN-2629,TTAcneMicrobiome,NA,No,NA,04_01_2017,China,Shanghai,221,27,Female,Chinese,Cetaphil_cleanser_+_Cetaphil_moisturizer,NA,cleanser+moisturizer,3,Regression week 1,16S,BufferScrub,V1-V3,Illumina,AGAGTTTGATYMTGGCTCAG,ATTACCGCGGCTGCTGG,Head,Forehead,NA,5,Healthy,NA,Yes,3.8,4022.46,4191.95,0,0,0,0,0,Z05
Z06,NA,NA,EXP-17-AH2892,Z06,SKN-CLN-2629,TTAcneMicrobiome,NA,No,NA,28_12_2016,China,Shanghai,221,27,Female,Chinese,Cetaphil_cleanser_+_Cetaphil_moisturizer,NA,cleanser+moisturizer,2,Post treatment week 4,16S,BufferScrub,V1-V3,Illumina,AGAGTTTGATYMTGGCTCAG,ATTACCGCGGCTGCTGG,Head,Cheek,NA,5,Healthy,NA,Yes,3.6,2805.49,305.04,0,0,0,0,0,Z06
Z07,NA,NA,EXP-17-AH2892,Z07,SKN-CLN-2629,TTAcneMicrobiome,NA,No,NA,29_12_2016,China,Shanghai,22,26,Female,Chinese,KR164_cleanser_with_TT_+_Cetaphil_moisturizer,NA,cleanser+moisturizer,2,Post treatment week 4,16S,BufferScrub,V1-V3,Illumina,AGAGTTTGATYMTGGCTCAG,ATTACCGCGGCTGCTGG,Head,Cheek,NA,5,Acne,NA,Yes,3.8,61139.12,7921.67,0,0,0,0,0,Z07
Z08,NA,NA,EXP-17-AH2892,Z08,SKN-CLN-2629,TTAcneMicrobiome,NA,No,NA,05_01_2017,China,Shanghai,22,26,Female,Chinese,Cetaphil_cleanser_+_Cetaphil_moisturizer,NA,cleanser+moisturizer,3,Regression week 1,16S,BufferScrub,V1-V3,Illumina,AGAGTTTGATYMTGGCTCAG,ATTACCGCGGCTGCTGG,Head,Cheek,NA,5,Acne,NA,Yes,3.8,77313.83,19810.88,0,0,0,0,0,Z08
Z09,NA,NA,EXP-17-AH2892,Z09,SKN-CLN-2629,TTAcneMicrobiome,NA,No,NA,29_11_2016,China,Shanghai,22,26,Female,Chinese,Cetaphil_cleanser_+_Cetaphil_moisturizer,NA,cleanser+moisturizer,1,Baseline,16S,BufferScrub,V1-V3,Illumina,AGAGTTTGATYMTGGCTCAG,ATTACCGCGGCTGCTGG,Head,Cheek,NA,5,Acne,NA,Yes,3.7,1792773.01,271056.64,0,0,1,0,1,Z09
FF01,NA,NA,EXP-17-AH2892,FF01,SKN-CLN-2629,TTAcneMicrobiome,NA,Yes,PositiveControl,NA,China,Shanghai,NA,NA,NA,NA,NA,NA,NA,NA,NA,NA,NA,V1-V3,Illumina,AGAGTTTGATYMTGGCTCAG,ATTACCGCGGCTGCTGG,NA,NA,NA,NA,NA,NA,NA,NA,NA,NA,NA,NA,NA,NA,NA,Positive_control
FF02,NA,NA,EXP-17-AH2892,FF02,SKN-CLN-2629,TTAcneMicrobiome,NA,Yes,NegativeControl,NA,China,Shanghai,NA,NA,NA,NA,NA,NA,NA,NA,NA,NA,NA,V1-V3,Illumina,AGAGTTTGATYMTGGCTCAG,ATTACCGCGGCTGCTGG,NA,NA,NA,NA,NA,NA,NA,NA,NA,NA,NA,NA,NA,NA,NA,Negative_control
